name,level,status,province,district,division,location,constituency,county,email,latitude,longitude
ACK EMMANUEL PRI,PRIMARY SCHOOL,PRIVATE,RIFT VALLEY,KOIBATEK,ESAGERI,ELDAMA RAVINE,KABIMOI,BOMET,,0.03,35.78
GREENVIEW PRI SCH,PRIMARY SCHOOL,PRIVATE,RIFT VALLEY,KOIBATEK,ESAGERI,ELDAMA RAVINE,SABATIA,VIHIGA,,0.02,35.79
NESWIN DAYSTAR PRI,PRIMARY SCHOOL,PRIVATE,RIFT VALLEY,KOIBATEK,ESAGERI,ELDAMA RAVINE,SABATIA,VIHIGA,,0,35.75
JONACH CHRISTIAN ACADEMY PRI,PRIMARY SCHOOL,PRIVATE,RIFT VALLEY,KEIYO,CHEPKORIO,KEIYO SOUTH,MARICHOR,BOMET,,0.35,35.58
ST TERESA PRI,PRIMARY SCHOOL,PRIVATE,RIFT VALLEY,KOIBATEK,ESAGERI,ELDAMA RAVINE,SABATIA,VIHIGA,,-0.02,35.79
SIKINWO ACADEMY PRI,PRIMARY SCHOOL,PRIVATE,RIFT VALLEY,KEIYO,CHEPKORIO,KEIYO SOUTH,NYARU,BOMET,,0.34,35.56
ST MARY'S PAROCHIAL PRI,PRIMARY SCHOOL,PRIVATE,RIFT VALLEY,KOIBATEK,ESAGERI,ELDAMA RAVINE,KIPLOMBE,BOMET,,-0.02,35.81
KAPSERERE HIGHLAND ACADEMY,PRIMARY SCHOOL,PRIVATE,RIFT VALLEY,KEIYO,CHEPKORIO,KEIYO SOUTH,MARICHOR,BOMET,,0.36,35.55
CRESCENT ACADEMY PRI,PRIMARY SCHOOL,PRIVATE,RIFT VALLEY,KOIBATEK,ESAGERI,ELDAMA RAVINE,KIPTOIM,UNKNOWN,,0.04,35.84
BRAIN HARVESTERS PR,PRIMARY SCHOOL,PRIVATE,RIFT VALLEY,KOIBATEK,MUMBERES,ELDAMA RAVINE,LEMBUS-MOSOP,BOMET,,0.06,35.54
EMMANUEL ACADEMY PRI SCH,PRIMARY SCHOOL,PRIVATE,RIFT VALLEY,KOIBATEK,MUMBERES,ELDAMA RAVINE,MUMBERES,UNKNOWN,,0,35.57
NYASITA ACADEMY,PRIMARY SCHOOL,PRIVATE,RIFT VALLEY,TRANS MARA,KILGORIS,KILGORIS,OSINONI,UNKNOWN,,-1.01,34.85
BETLA ACADEMY PRI,PRIMARY SCHOOL,PRIVATE,RIFT VALLEY,KOIBATEK,ELDAMA RAVINE,ELDAMA RAVINE,LEMBUS CENTRAL,BOMET,,0.06,35.65
ARISE AND SHINE ACADEMY,PRIMARY SCHOOL,PRIVATE,RIFT VALLEY,TRANS MARA,KILGORIS,KILGORIS,OLOIBORSOITO,NAROK,,-0.99,34.92
TRANSMARA HILLSPRINGS ACADEMY,PRIMARY SCHOOL,PRIVATE,RIFT VALLEY,TRANS MARA,KILGORIS,KILGORIS,POROKO,BOMET,,-0.96,34.89
GREEN ANGELS JUNIOR PRI SCH,PRIMARY SCHOOL,PRIVATE,RIFT VALLEY,LAIKIPIA,NYAHURURU,LAIKIPIA WEST,NYAHURURU,LAIKIPIA,,0.04,36.38
FAITH JUNIOR PRI,PRIMARY SCHOOL,PRIVATE,RIFT VALLEY,LAIKIPIA,NYAHURURU,LAIKIPIA WEST,NYAHURURU,LAIKIPIA,,0.04,36.38
ZIWANI JUINIOR ACADEMY PRI SCH,PRIMARY SCHOOL,PRIVATE,RIFT VALLEY,LAIKIPIA,NYAHURURU,LAIKIPIA WEST,NYAHURURU,LAIKIPIA,,0.04,36.39
OASIS PRI SCH,PRIMARY SCHOOL,PRIVATE,RIFT VALLEY,LAIKIPIA,NYAHURURU,LAIKIPIA WEST,TOWNSHIP,TRANS NZOIA,,0.04,36.38
ST MICHAEL JUNIOR ACADEMY PRI SCH,PRIMARY SCHOOL,PRIVATE,RIFT VALLEY,LAIKIPIA,NYAHURURU,LAIKIPIA WEST,MUTITU,KITUI,,0.03,36.41
SUNSHINE MORNING STAR ACADEMY PRI SCH,PRIMARY SCHOOL,PRIVATE,RIFT VALLEY,LAIKIPIA,NYAHURURU,LAIKIPIA WEST,MUTITU,KITUI,,0.04,36.42
FALLING WATERS ACADEMY PRI SCH,PRIMARY SCHOOL,PRIVATE,RIFT VALLEY,LAIKIPIA,NYAHURURU,LAIKIPIA WEST,NYAHURURU,LAIKIPIA,,0.04,36.36
HEKIMA ACADEMY,PRIMARY SCHOOL,PRIVATE,RIFT VALLEY,TRANS MARA,PIRRAR,KILGORIS,KAPUNE,NYANZA,,-0.94,35
KINGS JUNIOR PRI,PRIMARY SCHOOL,PRIVATE,RIFT VALLEY,LAIKIPIA,NYAHURURU,LAIKIPIA WEST,NYAHURURU,LAIKIPIA,,0.03,36.34
NEW LIFE ACADEMY PRI SCH,PRIMARY SCHOOL,PRIVATE,RIFT VALLEY,LAIKIPIA,NYAHURURU,LAIKIPIA WEST,NYAHURURU,LAIKIPIA,,0.03,36.36
WORLD HOPE ACADEMY PRI SCH,PRIMARY SCHOOL,PRIVATE,RIFT VALLEY,LAIKIPIA,NYAHURURU,LAIKIPIA WEST,NYAHURURU,LAIKIPIA,,0.02,36.36
ST PAULS' ACADEMY PRI SCH,PRIMARY SCHOOL,PRIVATE,RIFT VALLEY,LAIKIPIA,NYAHURURU,LAIKIPIA WEST,NYAHURURU,LAIKIPIA,,0.04,36.36
NENKAI ACADEMY PRI,PRIMARY SCHOOL,PRIVATE,RIFT VALLEY,TRANS MARA,KEIYAN,KILGORIS,ENOOSANE,NAROK,,-1.02,34.73
SAMUEL KAMANDE MWAURA PRI SCH,PRIMARY SCHOOL,PRIVATE,RIFT VALLEY,LAIKIPIA,NYAHURURU,LAIKIPIA WEST,NYAHURURU,LAIKIPIA,,0.04,36.36
KEENS ENOOSAEN ACADEMY PRI,PRIMARY SCHOOL,PRIVATE,RIFT VALLEY,TRANS MARA,KEIYAN,KILGORIS,ENOOSANE,NAROK,,-1.02,34.72
JOHN PAUL II PRI SCH,PRIMARY SCHOOL,PRIVATE,RIFT VALLEY,LAIKIPIA,NYAHURURU,LAIKIPIA WEST,NYAHURURU,LAIKIPIA,,0.03,36.35
EWASO NYIRO ELITE 'B' PRI SCH,PRIMARY SCHOOL,PRIVATE,RIFT VALLEY,LAIKIPIA,NYAHURURU,LAIKIPIA WEST,NYAHURURU,LAIKIPIA,,0.04,36.35
ST PAULS NYAHURURU ACADEMY PRI SCH,PRIMARY SCHOOL,PRIVATE,RIFT VALLEY,LAIKIPIA,NYAHURURU,LAIKIPIA WEST,MAINA,NYANDARUA,,0.06,36.36
VALEY VIEW ACADEMY PRI SCH,PRIMARY SCHOOL,PRIVATE,RIFT VALLEY,LAIKIPIA,NYAHURURU,LAIKIPIA WEST,IGWAMITI,NYANDARUA,,0.04,36.32
HEROES PRI SCH,PRIMARY SCHOOL,PRIVATE,RIFT VALLEY,LAIKIPIA,NYAHURURU,LAIKIPIA WEST,IGWAMITI,NYANDARUA,,0.06,36.31
NYAHURURU VICTORY ACADEMY PRI SCH,PRIMARY SCHOOL,PRIVATE,RIFT VALLEY,LAIKIPIA,NYAHURURU,LAIKIPIA WEST,IGWAMITI,NYANDARUA,,0.04,36.33
INDONYO PRI,PRIMARY SCHOOL,PRIVATE,RIFT VALLEY,TRANS MARA,KEIYAN,KILGORIS,MASURURA,NYANZA,,-1.14,34.64
KERETO DAY ACADEMY PRI,PRIMARY SCHOOL,PRIVATE,RIFT VALLEY,TRANS MARA,KEIYAN,KILGORIS,NKARARO,NAROK,,-1.08,34.75
MUMMY'S JUNIOR PRI SCH,PRIMARY SCHOOL,PRIVATE,RIFT VALLEY,LAIKIPIA,NYAHURURU,LAIKIPIA WEST,IGWAMITI,NYANDARUA,,0.02,36.28
BETHAS ACADEMY,PRIMARY SCHOOL,PRIVATE,RIFT VALLEY,TRANS MARA,KEIYAN,KILGORIS,ENOOSANE,NAROK,,-1.02,34.74
JUPITER ACADEMY PRI SCH,PRIMARY SCHOOL,PRIVATE,RIFT VALLEY,LAIKIPIA,NYAHURURU,LAIKIPIA WEST,MAINA,NYANDARUA,,0.05,36.35
MARAWAY ACADEMY,PRIMARY SCHOOL,PRIVATE,RIFT VALLEY,NAROK,OSUPUKO,NAROK SOUTH,LOWER MELILI,NAROK,,-1.15,35.75
BETHLEHEM MISSION ACA. PRI SCH,PRIMARY SCHOOL,PRIVATE,RIFT VALLEY,BOMET,NDANAI,SOTIK,KAPKELEI,KERICHO,,-0.81,35.14
KIRICHA JUNIOR ACA. PRI SCH,PRIMARY SCHOOL,PRIVATE,RIFT VALLEY,BOMET,NDANAI,SOTIK,KAPKELEI,KERICHO,,-0.79,35.16
SIGORIAN ACA.PRI SCH,PRIMARY SCHOOL,PRIVATE,RIFT VALLEY,BOMET,NDANAI,SOTIK,KAPKELEI,KERICHO,,-0.81,35.16
TUMAINI ACA.PRI,PRIMARY SCHOOL,PRIVATE,RIFT VALLEY,BOMET,SIONGIROI,CHEPALUNGU,BINGWA,WEST POKOT,,-0.88,35.17
EMMANUEL ACADEMY PRI SCH,PRIMARY SCHOOL,PRIVATE,RIFT VALLEY,BOMET,NDANAI,SOTIK,KAPKELEI,KERICHO,,-0.83,35.14
BETHEL ACADEMY PRI SCH,PRIMARY SCHOOL,PRIVATE,RIFT VALLEY,BOMET,NDANAI,SOTIK,KAPKELEI,KERICHO,,-0.83,35.14
EXODUS JUNIOR ACADEMY PRI SCH,PRIMARY SCHOOL,PRIVATE,RIFT VALLEY,BOMET,NDANAI,SOTIK,NDANAI,BOMET,,-0.85,35.13
HOLY FAMILY MONTESORI-SIONGIROI PRI SCH,PRIMARY SCHOOL,PRIVATE,RIFT VALLEY,BOMET,SIONGIROI,CHEPALUNGU,SIONGIROI,BOMET,,-0.9,35.21
ST. THERESA'S PRI SCH,PRIMARY SCHOOL,PRIVATE,RIFT VALLEY,BOMET,NDANAI,SOTIK,NDANAI,BOMET,,-0.84,35.1
NDANAI TOWNSHIP PRI SCH,PRIMARY SCHOOL,PRIVATE,RIFT VALLEY,BOMET,NDANAI,SOTIK,NDANAI,BOMET,,-0.84,35.1
GOOWILL ACADEMY PRI SCH,PRIMARY SCHOOL,PRIVATE,RIFT VALLEY,BOMET,SIONGIROI,CHEPALUNGU,SIONGIROI,BOMET,,-0.91,35.21
KOISUNGUR ACADEMY,PRIMARY SCHOOL,PRIVATE,RIFT VALLEY,KEIYO,KAMARINY,KEIYO NORTH,IRONG,BOMET,,0.68,35.5
KAMUNGEI CHRISTIAN PRI SCH,PRIMARY SCHOOL,PRIVATE,RIFT VALLEY,BOMET,SIONGIROI,CHEPALUNGU,SIONGIROI,BOMET,,-0.94,35.22
KATALEL ACADEMY,PRIMARY SCHOOL,PRIVATE,RIFT VALLEY,KEIYO,KAMARINY,KEIYO NORTH,IRONG,BOMET,,0.64,35.47
CHERIBO JUNIOR ACADEMY PRI SCH,PRIMARY SCHOOL,PRIVATE,RIFT VALLEY,BOMET,NDANAI,SOTIK,NDANAI,BOMET,,-0.86,35.11
OUR LADY OF PEACE KAPLOMBOI PRI SCH,PRIMARY SCHOOL,PRIVATE,RIFT VALLEY,BOMET,NDANAI,SOTIK,ABOSI,NYAMIRA,,-0.87,35.08
CHEBUNYO CHRISTIAN PRI SCH,PRIMARY SCHOOL,PRIVATE,RIFT VALLEY,BOMET,SIONGIROI,CHEPALUNGU,CHEBUNYO,WEST POKOT,,-0.96,35.19
HERO ACADEMY PRI SCH,PRIMARY SCHOOL,PRIVATE,RIFT VALLEY,KOIBATEK,EMINING,MOGOTIO,KOIBOS SOI,UASIN GISHU,,0.3,35.92
SACHANGWAN ACA. PRI SCH,PRIMARY SCHOOL,PRIVATE,RIFT VALLEY,BOMET,NDANAI,SOTIK,ABOSI,NYAMIRA,,-0.89,35.07
KIMUGUL CHRISTIAN ACADEMY,PRIMARY SCHOOL,PRIVATE,RIFT VALLEY,BOMET,NDANAI,SOTIK,ABOSI,NYAMIRA,,-0.89,35.09
LOBOTIET CHRISTIAN PRI SCH,PRIMARY SCHOOL,PRIVATE,RIFT VALLEY,BOMET,SIONGIROI,CHEPALUNGU,CHEBUNYO,WEST POKOT,,-0.94,35.16
GOOD SHEPHERD ACA. PRI SCH,PRIMARY SCHOOL,PRIVATE,RIFT VALLEY,BOMET,SIONGIROI,CHEPALUNGU,CHEBUNYO,WEST POKOT,,-0.92,35.2
INFORLAN ACA. PRI SCH,PRIMARY SCHOOL,PRIVATE,RIFT VALLEY,BOMET,SIONGIROI,CHEPALUNGU,BINGWA,WEST POKOT,,-0.85,35.17
OASIS HILLSIDE ACADEMY,PRIMARY SCHOOL,PRIVATE,RIFT VALLEY,KOIBATEK,EMINING,MOGOTIO,EMINING,BARINGO,,0.13,35.86
ST. PETER'S MONTESSORI JUNIOR ACA. PRI SCH,PRIMARY SCHOOL,PRIVATE,RIFT VALLEY,BOMET,SIONGIROI,CHEPALUNGU,BINGWA,WEST POKOT,,-0.85,35.16
MAJOR CHEPKWONY VISION ACA. PRI SCH,PRIMARY SCHOOL,PRIVATE,RIFT VALLEY,BOMET,SIGOR,CHEPALUNGU,SIGOR,WEST POKOT,,-0.92,35.3
RAMA ACA. PRI SCH,PRIMARY SCHOOL,PRIVATE,RIFT VALLEY,BOMET,SIGOR,CHEPALUNGU,SIGOR,WEST POKOT,,-0.94,35.29
SOY ACADEMY PRI SCH,PRIMARY SCHOOL,PRIVATE,RIFT VALLEY,KOIBATEK,EMINING,MOGOTIO,EMINING,BARINGO,,0.14,35.9
MERRYLN JUNIOR ACADEMY PRI,PRIMARY SCHOOL,PRIVATE,RIFT VALLEY,NAROK,OLOLUNGA,NAROK SOUTH,OLKIRIANE,KAJIADO,,-1.15,35.75
SHANKOE ACADEMY PRI,PRIMARY SCHOOL,PRIVATE,RIFT VALLEY,TRANS MARA,KILGORIS,KILGORIS,SHANKOE,KAJIADO,,-0.98,34.8
OLKINYEI JUNIOR ACADEMY PRI,PRIMARY SCHOOL,PRIVATE,RIFT VALLEY,TRANS MARA,KILGORIS,KILGORIS,SHANKOE,KAJIADO,,-0.96,34.8
OLDONYO RASHA SDA PRI,PRIMARY SCHOOL,PRIVATE,RIFT VALLEY,NAROK,OSUPUKO,NAROK SOUTH,OLENKULUO,KAJIADO,,-1.23,35.79
KENEWA PRECIOUS ACADEMY PRI SCH,PRIMARY SCHOOL,PRIVATE,RIFT VALLEY,KOIBATEK,TORONGO,ELDAMA RAVINE,TORONGO,TRANS NZOIA,,0.17,35.62
ST. LUKES ACADEMY PRI,PRIMARY SCHOOL,PRIVATE,RIFT VALLEY,TRANS MARA,PIRRAR,KILGORIS,NJIPSHIP,WEST POKOT,,-0.91,35.06
MAYIAN ACADEMY PRI,PRIMARY SCHOOL,PRIVATE,RIFT VALLEY,NAROK,OSUPUKO,NAROK SOUTH,NAROOSURA,NAROK,,-1.54,35.84
ST. CLAIRE GIRLS BOARDING & MIXED DAY PRI,PRIMARY SCHOOL,PRIVATE,RIFT VALLEY,NAROK,OSUPUKO,NAROK SOUTH,NAROOSURA,NAROK,,-1.54,35.86
ISOKON ACADEMY PRI,PRIMARY SCHOOL,PRIVATE,RIFT VALLEY,TRANS MARA,LOLGORIAN,KILGORIS,OLORIEN,LAIKIPIA,,-1.31,34.87
ST. MARYS ACADEMY PRI,PRIMARY SCHOOL,PRIVATE,RIFT VALLEY,TRANS MARA,LOLGORIAN,KILGORIS,OLDONYO OROK,KAJIADO,,-1.34,34.79
SIMBOLEI JNR ACADEMY,PRIMARY SCHOOL,PRIVATE,RIFT VALLEY,KEIYO,TAMBACH,KEIYO NORTH,KAMOGICH,WEST POKOT,,0.64,35.52
MARANATHA ACADEMY (MOYOI),PRIMARY SCHOOL,PRIVATE,RIFT VALLEY,TRANS MARA,LOLGORIAN,KILGORIS,MOYOI,WEST POKOT,,-1.23,34.8
KINYOR YESU ACADEMY,PRIMARY SCHOOL,PRIVATE,RIFT VALLEY,TRANS MARA,LOLGORIAN,KILGORIS,MOYOI,WEST POKOT,,-1.23,34.8
GIDEM ACADEMY PRI SCH,PRIMARY SCHOOL,PRIVATE,RIFT VALLEY,KOIBATEK,ELDAMA RAVINE,ELDAMA RAVINE,RAVINE,BARINGO,,0.11,35.82
SUNRISE ACADEMY,PRIMARY SCHOOL,PRIVATE,RIFT VALLEY,KEIYO,KAMARINY,KEIYO NORTH,IRONG,BOMET,,0.67,35.51
SOMONIK ACADEMY PRI SCH,PRIMARY SCHOOL,PRIVATE,RIFT VALLEY,KOIBATEK,ELDAMA RAVINE,ELDAMA RAVINE,SAOS/KIBIAS,BOMET,,0.12,35.83
FATHER KAISER MEMORIAL ACADEMY,PRIMARY SCHOOL,PRIVATE,RIFT VALLEY,TRANS MARA,LOLGORIAN,KILGORIS,MOYOI,WEST POKOT,,-1.23,34.8
ANGATA ACADEMY PRI SCH,PRIMARY SCHOOL,PRIVATE,RIFT VALLEY,TRANS MARA,LOLGORIAN,KILGORIS,ANGATA,KAJIADO,,-1.37,34.78
ANGATA BARRIKOI MARANATHA ACADEMY,PRIMARY SCHOOL,PRIVATE,RIFT VALLEY,TRANS MARA,LOLGORIAN,KILGORIS,ANGATA,KAJIADO,,-1.37,34.77
LISI ACADEMY PRI,PRIMARY SCHOOL,PRIVATE,RIFT VALLEY,KOIBATEK,ELDAMA RAVINE,ELDAMA RAVINE,ELDAMA RAVINE,BARINGO,,0.04,35.75
IMMACULATE MOTHER PAROCHIAL PRI SCH,PRIMARY SCHOOL,PRIVATE,RIFT VALLEY,KOIBATEK,ELDAMA RAVINE,ELDAMA RAVINE,ELDAMA RAVINE,BARINGO,,0.06,35.73
BETHANY ACADEMY PRI,PRIMARY SCHOOL,PRIVATE,RIFT VALLEY,KOIBATEK,ELDAMA RAVINE,ELDAMA RAVINE,ELDAMA RAVINE,BARINGO,,0.05,35.72
GREENVIEW ACADEMY PRI,PRIMARY SCHOOL,PRIVATE,RIFT VALLEY,KOIBATEK,ELDAMA RAVINE,ELDAMA RAVINE,ELDAMA RAVINE,BARINGO,,0.05,35.73
ST. PETERS MONTESSORI PRI,PRIMARY SCHOOL,PRIVATE,RIFT VALLEY,TRANS MARA,KIRINDONI,KILGORIS,MURKAN,TRANS NZOIA,,-1.05,35.06
DIKIRR ACADEMY,PRIMARY SCHOOL,PRIVATE,RIFT VALLEY,TRANS MARA,KIRINDONI,KILGORIS,EMURUA DIKIRR,NAROK,,-1.01,35.11
HOPE ACADEMY PRI,PRIMARY SCHOOL,PRIVATE,RIFT VALLEY,NAROK,MARA,NAROK SOUTH,SIANA,NAROK,,-1.51,35.34
KENYA FLOURSPAR PRI,PRIMARY SCHOOL,PRIVATE,RIFT VALLEY,KEIYO,SOY,KEIYO SOUTH,SOY,UASIN GISHU,,0.32,35.64
SOTIN ACA. PRI SCH,PRIMARY SCHOOL,PRIVATE,RIFT VALLEY,BOMET,NDANAI,SOTIK,GELEGELE,BARINGO,,-0.85,35.07
OLBUTYO SUNRISE ACADEMY PRI SCH,PRIMARY SCHOOL,PRIVATE,RIFT VALLEY,BOMET,SIONGIROI,CHEPALUNGU,KONGASIS,KERICHO,,-0.85,35.27
BRIGHT ACADEMY PR,PRIMARY SCHOOL,PRIVATE,NAIROBI,NAIROBI,STAREHE,MATHARE,STAREHE,NAIROBI,,-1.26,36.85
ZASA ACADEMY PRI SCH,PRIMARY SCHOOL,PRIVATE,RIFT VALLEY,BOMET,SIONGIROI,CHEPALUNGU,MAKIMENY,TRANS NZOIA,,-0.84,35.2
KABOSON RIVER VIEW ACADEMY PRI SCH,PRIMARY SCHOOL,PRIVATE,RIFT VALLEY,BOMET,SIGOR,CHEPALUNGU,KABOSON,BOMET,,-0.99,35.26
MOGOTIO LITTLE FRIENDS ACADEMY,PRIMARY SCHOOL,PRIVATE,RIFT VALLEY,KOIBATEK,MOGOTIO,MOGOTIO,LEMBUS MOGOTIO,BARINGO,,-0.02,35.96
KIRAM ACADEMY PRI,PRIMARY SCHOOL,PRIVATE,RIFT VALLEY,KOIBATEK,MOGOTIO,MOGOTIO,LEMBUS MOGOTIO,BARINGO,,-0.03,35.96
EDEN ACA. PRI SCH,PRIMARY SCHOOL,PRIVATE,RIFT VALLEY,BOMET,SIONGIROI,CHEPALUNGU,SIONGIROI,BOMET,,-0.9,35.25
IMARA ACA. PRI SCH,PRIMARY SCHOOL,PRIVATE,RIFT VALLEY,BOMET,SIONGIROI,CHEPALUNGU,SIONGIROI,BOMET,,-0.89,35.21
NOAH'S ARK ACADEMY PRI SCH,PRIMARY SCHOOL,PRIVATE,RIFT VALLEY,BOMET,SIGOR,CHEPALUNGU,KAPKESOSIO,TRANS NZOIA,,-0.88,35.28
CHEPKOK VISIONS PRI,PRIMARY SCHOOL,PRIVATE,RIFT VALLEY,KOIBATEK,MOGOTIO,MOGOTIO,KAPKECHUI,KERICHO,,0.05,36.01
GREENBELLS JUNIOR ACADEMY PRI,PRIMARY SCHOOL,PRIVATE,RIFT VALLEY,KOIBATEK,MOGOTIO,MOGOTIO,KOIBOS,UASIN GISHU,,0.27,36.05
"ST. PETER,S ACA. PRI SCH",PRIMARY SCHOOL,PRIVATE,RIFT VALLEY,BOMET,LONGISA,BOMET,CHEBOIN,BOMET,,-0.82,35.37
LAKO ACA. PRI SCH,PRIMARY SCHOOL,PRIVATE,RIFT VALLEY,BOMET,LONGISA,BOMET,KEMBU,NYAMIRA,,-0.82,35.4
DAMSIDE ACA. PRI SCH,PRIMARY SCHOOL,PRIVATE,RIFT VALLEY,BOMET,LONGISA,BOMET,KEMBU,NYAMIRA,,-0.82,35.4
VISION OPENER ACA. PRI SCH,PRIMARY SCHOOL,PRIVATE,RIFT VALLEY,BOMET,LONGISA,BOMET,KEMBU,NYAMIRA,,-0.8,35.43
ST. ANTONY MONTESSORI PRI SCH,PRIMARY SCHOOL,PRIVATE,RIFT VALLEY,BOMET,LONGISA,BOMET,TEGAT,TRANS NZOIA,,-0.79,35.45
ST. CATHERINE TEGAT AC. PRI SCH,PRIMARY SCHOOL,PRIVATE,RIFT VALLEY,BOMET,LONGISA,BOMET,TEGAT,TRANS NZOIA,,-0.78,35.45
KIPKIPYOSIT ACA. PRI SCH,PRIMARY SCHOOL,PRIVATE,RIFT VALLEY,BOMET,LONGISA,BOMET,TEGAT,TRANS NZOIA,,-0.77,35.48
AFLOSA JUNIOR ACDEMY PRI SCH,PRIMARY SCHOOL,PRIVATE,RIFT VALLEY,BOMET,LONGISA,BOMET,KAPKIMOLWA,TRANS NZOIA,,-0.9,35.41
FOUNTAIN GATE ACADEMY PRI SCH,PRIMARY SCHOOL,PRIVATE,RIFT VALLEY,BOMET,LONGISA,BOMET,KIPLABOTWA,TRANS NZOIA,,-0.94,35.42
SOT ACADEMY PRI SCH,PRIMARY SCHOOL,PRIVATE,RIFT VALLEY,BOMET,LONGISA,BOMET,CHEBOIN,BOMET,,-0.86,35.39
ST. PHILLIPS ACADEMY PRI SCH,PRIMARY SCHOOL,PRIVATE,RIFT VALLEY,BOMET,LONGISA,BOMET,KEMBU,NYAMIRA,,-0.83,35.44
ST. ANDREWS AITONG PRI,PRIMARY SCHOOL,PRIVATE,RIFT VALLEY,NAROK,MARA,NAROK SOUTH,AITONG,NAROK,,-1.19,35.25
OLKIMATARE PRI,PRIMARY SCHOOL,PRIVATE,RIFT VALLEY,NAROK,OLOLUNGA,NAROK SOUTH,LEMEK,NAROK,,-1.16,35.24
CHEMANER VISIONARY ACADEMY PRI SCH,PRIMARY SCHOOL,PRIVATE,RIFT VALLEY,BOMET,LONGISA,BOMET,CHEMANER,BOMET,,-0.8,35.49
REHOBOTH ACADEMY PRI SCH,PRIMARY SCHOOL,PRIVATE,EASTERN,MACHAKOS,MAVOKO,KATANI,KATHIANI,MACHAKOS,,-1.4,36.95
ST. THERESA'S ACADEMY PRI SCH,PRIMARY SCHOOL,PRIVATE,RIFT VALLEY,BOMET,LONGISA,BOMET,CHEMANER,BOMET,,-0.8,35.49
ASIANTE ACADEMY,PRIMARY SCHOOL,PRIVATE,RIFT VALLEY,BARINGO,MOCHONGOI,BARINGO CENTRAL,MOCHONGOI,BARINGO,,0.32,36.23
NURU JUNIOR ACADEMY PRI SCH,PRIMARY SCHOOL,PRIVATE,RIFT VALLEY,BOMET,LONGISA,BOMET,KIMUNCHUL,TRANS NZOIA,,-0.81,35.51
WINNER'S ACADEMY PRI SCH,PRIMARY SCHOOL,PRIVATE,RIFT VALLEY,BOMET,LONGISA,BOMET,KIMUNCHUL,TRANS NZOIA,,-0.78,35.51
SACRED HEART ACADEMY PRI,PRIMARY SCHOOL,PRIVATE,RIFT VALLEY,KEIYO,KAMARINY,KEIYO NORTH,IRONG,BOMET,,0.68,35.5
SOGOO TOWNSHIP PRI,PRIMARY SCHOOL,PRIVATE,RIFT VALLEY,NAROK,MULOT,NAROK SOUTH,SOGOO,BOMET,,-0.83,35.58
SOGOO JNR ACADEMY,PRIMARY SCHOOL,PRIVATE,RIFT VALLEY,NAROK,MULOT,NAROK SOUTH,SOGOO,BOMET,,-0.84,35.58
SIGITO BOARDING ACADEMY PRI SCH,PRIMARY SCHOOL,PRIVATE,RIFT VALLEY,BOMET,BOMET CENTRAL,BOMET,MERIGI,LAIKIPIA,,-0.77,35.4
NKARONI MERCY ACADEMY,PRIMARY SCHOOL,PRIVATE,RIFT VALLEY,NAROK,MULOT,NAROK SOUTH,SOGOO,BOMET,,-0.84,35.63
BREDALS JUNIOR ACADEMY PRI SCH,PRIMARY SCHOOL,PRIVATE,RIFT VALLEY,BOMET,BOMET CENTRAL,BOMET,MERIGI,LAIKIPIA,,-0.78,35.41
KIMOGORO TF JNR ACADEMY PRI,PRIMARY SCHOOL,PRIVATE,RIFT VALLEY,NAROK,MULOT,NAROK SOUTH,SOGOO,BOMET,,-0.86,35.59
SALABA ACADEMY PRI,PRIMARY SCHOOL,PRIVATE,RIFT VALLEY,KEIYO,KAMARINY,KEIYO NORTH,IRONG,BOMET,,0.65,35.48
ILMOTIOOK ST PAUL ACADEMY PRI,PRIMARY SCHOOL,PRIVATE,RIFT VALLEY,NAROK,MULOT,NAROK SOUTH,ILMOTIOK,LAIKIPIA,,-0.86,35.52
STARLIGHT ACADEMY PRI,PRIMARY SCHOOL,PRIVATE,RIFT VALLEY,NAROK,MULOT,NAROK SOUTH,ILMOTIOK,LAIKIPIA,,-0.86,35.52
TOGONDA PRI SCH,PRIMARY SCHOOL,PRIVATE,RIFT VALLEY,BOMET,BOMET CENTRAL,BOMET,KIROMWOK,TRANS NZOIA,,-0.77,35.45
MENET ACADEMY PRI SCH,PRIMARY SCHOOL,PRIVATE,RIFT VALLEY,BOMET,BOMET CENTRAL,BOMET,KIROMWOK,TRANS NZOIA,,-0.76,35.45
KAPKOMOL HIGH FIELD ACADEMY PRI,PRIMARY SCHOOL,PRIVATE,RIFT VALLEY,KEIYO,KAMARINY,KEIYO NORTH,MUTEI,TRANS NZOIA,,0.61,35.49
OLALA JUNIOR ACADEMY PRI,PRIMARY SCHOOL,PRIVATE,RIFT VALLEY,NAROK,MULOT,NAROK SOUTH,MULOT,NAROK,,-0.9,35.49
VICTORY EDUCATIONAL CENTRE PRIMARY,PRIMARY SCHOOL,PRIVATE,RIFT VALLEY,KEIYO,KAMARINY,KEIYO NORTH,MUTEI,TRANS NZOIA,,0.57,35.48
DAVSI ACADEMY PRI SCH,PRIMARY SCHOOL,PRIVATE,RIFT VALLEY,BOMET,BOMET CENTRAL,BOMET,KIROMWOK,TRANS NZOIA,,-0.74,35.43
ST PETERS ACADEMY PR,PRIMARY SCHOOL,PRIVATE,RIFT VALLEY,KEIYO,KAMARINY,KEIYO NORTH,MUTEI,TRANS NZOIA,,0.53,35.5
OLMEKENYU HILLSIDE ACADEMY,PRIMARY SCHOOL,PRIVATE,RIFT VALLEY,NAROK,OLOLUNGA,NAROK SOUTH,OLASHAPANI,KAJIADO,,-0.83,35.67
MATEMU JNR ACADEMY,PRIMARY SCHOOL,PRIVATE,RIFT VALLEY,NAROK,OLOLUNGA,NAROK SOUTH,OLASHAPANI,KAJIADO,,-0.84,35.66
ST BRIGIDS ACADEMY,PRIMARY SCHOOL,PRIVATE,RIFT VALLEY,KEIYO,CHEPKORIO,KEIYO SOUTH,KAPTARAKWA,TRANS NZOIA,,0.47,35.55
CHRIST THE KING ACADEMY,PRIMARY SCHOOL,PRIVATE,RIFT VALLEY,TRANS MARA,KILGORIS,KILGORIS,OLOLCHAN,KAJIADO,,-1,34.87
LEPOLOS VICTORY ACADEMY,PRIMARY SCHOOL,PRIVATE,RIFT VALLEY,TRANS MARA,KILGORIS,KILGORIS,OLOLCHAN,KAJIADO,,-1,34.87
KILGORIS ACADEMY PRI,PRIMARY SCHOOL,PRIVATE,RIFT VALLEY,TRANS MARA,KILGORIS,KILGORIS,OLOLCHAN,KAJIADO,,-0.99,34.87
SANKALE ACADEMY PRI,PRIMARY SCHOOL,PRIVATE,RIFT VALLEY,TRANS MARA,KILGORIS,KILGORIS,OLOIBORSOITO,NAROK,,-1,34.88
OLEKISEREMA ACADEMY PRI,PRIMARY SCHOOL,PRIVATE,RIFT VALLEY,TRANS MARA,KILGORIS,KILGORIS,POROKO,BOMET,,-0.93,34.86
ST JOANS ACADEMY PRI,PRIMARY SCHOOL,PRIVATE,RIFT VALLEY,KEIYO,CHEPKORIO,KEIYO SOUTH,MOSOP,NANDI,,0.4,35.48
ACK ST MARTINS' PRIMARY,PRIMARY SCHOOL,PRIVATE,EASTERN,KITUI,CENTRAL - KITUI,TOWNSHIP,KITUI CENTRAL,KITUI,,-1.36,38.01
ST MICHAELS' PRIMARY,PRIMARY SCHOOL,PRIVATE,EASTERN,KITUI,CENTRAL - KITUI,TOWNSHIP,KITUI CENTRAL,KITUI,,-1.37,38.01
KITUI SDA PRI SCH,PRIMARY SCHOOL,PRIVATE,EASTERN,KITUI,CENTRAL - KITUI,TOWNSHIP,KITUI CENTRAL,KITUI,,-1.37,38.02
STELLAMARIS ACA,PRIMARY SCHOOL,PRIVATE,EASTERN,KITUI,CENTRAL - KITUI,KYANGWITHIA EAST,KITUI CENTRAL,KITUI,,-1.33,38.04
HAVENTON ACA PRI SCH,PRIMARY SCHOOL,PRIVATE,EASTERN,MACHAKOS,MASINGA,KITHYOKO,MASINGA,MACHAKOS,,-1.05,37.84
EMCO ACA,PRIMARY SCHOOL,PRIVATE,EASTERN,KITUI,CENTRAL - KITUI,KYANGWITHIA EAST,KITUI CENTRAL,KITUI,,-1.32,38.02
UNITY EDUCATIONAL PRIMARY,PRIMARY SCHOOL,PRIVATE,EASTERN,MACHAKOS,MATUNGULU,KYANZAVI,KANGUNDO,MACHAKOS,,-1.15,37.3
SAN DAMIANO BOARDING PRIMARY,PRIMARY SCHOOL,PRIVATE,EASTERN,MACHAKOS,MATUNGULU,KYANZAVI,KANGUNDO,MACHAKOS,,-1.09,37.24
LAVERNA DAY AND BOARDING PRIMARY,PRIMARY SCHOOL,PRIVATE,EASTERN,MACHAKOS,MATUNGULU,KYANZAVI,KANGUNDO,MACHAKOS,,-1.09,37.24
DARUBINI ACADEMY PRIMARY,PRIMARY SCHOOL,PRIVATE,EASTERN,MACHAKOS,MATUNGULU,KYANZAVI,KANGUNDO,MACHAKOS,,-1.08,37.25
LUSAM GLORIOUS PRIMARY,PRIMARY SCHOOL,PRIVATE,EASTERN,MACHAKOS,MATUNGULU,KYANZAVI,KANGUNDO,MACHAKOS,,-1.08,37.25
SAMBURU COMMUNITY SCH - PRI,PRIMARY SCHOOL,PRIVATE,EASTERN,ISIOLO,CENTRAL - ISIOLO,NGARE MARA,ISIOLO NORTH,ISIOLO,,0.56,37.51
TITO PRI SCH,PRIMARY SCHOOL,PRIVATE,EASTERN,MACHAKOS,NDITHINI,NDITHINI,MASINGA,MACHAKOS,,-0.93,37.33
GLORIA PRI SCH,PRIMARY SCHOOL,PRIVATE,EASTERN,ISIOLO,CENTRAL - ISIOLO,CENTRAL,ISIOLO NORTH,ISIOLO,,0.34,37.57
LIONS ACADEMY PRI,PRIMARY SCHOOL,PRIVATE,EASTERN,ISIOLO,CENTRAL - ISIOLO,CENTRAL,ISIOLO NORTH,ISIOLO,,0.34,37.57
UPPER HILL PRI SCH,PRIMARY SCHOOL,PRIVATE,EASTERN,ISIOLO,CENTRAL - ISIOLO,CENTRAL,ISIOLO NORTH,ISIOLO,,0.34,37.57
ST JOSEPH PRIMARY,PRIMARY SCHOOL,PRIVATE,EASTERN,MACHAKOS,MATUNGULU,KYELENI,KANGUNDO,MACHAKOS,,-1.11,37.2
DADACHABASA MADRASSA,PRIMARY SCHOOL,PRIVATE,EASTERN,ISIOLO,MERTI,YAMICHA,ISIOLO NORTH,ISIOLO,,1.31,38.97
JOY ACA PRI SCH,PRIMARY SCHOOL,PRIVATE,EASTERN,MACHAKOS,MASINGA,MASINGA,MASINGA,MACHAKOS,,-0.97,37.6
MENTORS ACADEMY PRIMARY SCH,PRIMARY SCHOOL,PRIVATE,EASTERN,MACHAKOS,KALAMA,KALAMA,MACHAKOS TOWN,MACHAKOS,,-1.57,37.33
NDOVOINI HOME FOR PHY. DISABLED,PRIMARY SCHOOL,PRIVATE,EASTERN,MACHAKOS,NDITHINI,MANANJA,MASINGA,MACHAKOS,,-0.88,37.31
WONI COMPLEX ACADEMY PRIMARY,PRIMARY SCHOOL,PRIVATE,EASTERN,MACHAKOS,MASINGA,MASINGA,MASINGA,MACHAKOS,,-0.97,37.6
ZION JUNIOR ACADEMY PRIMRY,PRIMARY SCHOOL,PRIVATE,EASTERN,MACHAKOS,MASINGA,MASINGA,MASINGA,MACHAKOS,,-0.94,37.67
ST. PETER'S PRI SCH,PRIMARY SCHOOL,PRIVATE,EASTERN,MACHAKOS,MASINGA,EKALAKALA,MASINGA,MACHAKOS,,-0.97,37.47
MAGODO COMPLEX PRI SCH,PRIMARY SCHOOL,PRIVATE,EASTERN,MACHAKOS,KANGUNDO,KIVAANI,KANGUNDO,MACHAKOS,,-1.35,37.39
MATUU ESTATE ACADEMY,PRIMARY SCHOOL,PRIVATE,EASTERN,MACHAKOS,MATUNGULU,KOMA ROCK,KANGUNDO,MACHAKOS,,-1.22,37.24
KANGUNDO JUNIOR ACADEMY PRIMARY,PRIMARY SCHOOL,PRIVATE,EASTERN,MACHAKOS,MATUNGULU,TALA,KANGUNDO,MACHAKOS,,-1.27,37.33
TALA ACADEMY PRIMARY,PRIMARY SCHOOL,PRIVATE,EASTERN,MACHAKOS,MATUNGULU,TALA,KANGUNDO,MACHAKOS,,-1.27,37.33
KIVAA KINGS ACADEMY PRIMARY SCH,PRIMARY SCHOOL,PRIVATE,EASTERN,MACHAKOS,MASINGA,KIVAA,MASINGA,MACHAKOS,,-0.86,37.7
BROOKVIEW ACADEMY,PRIMARY SCHOOL,PRIVATE,EASTERN,MACHAKOS,MATUNGULU,TALA,KANGUNDO,MACHAKOS,,-1.26,37.32
NICE VIEW ACADEMY,PRIMARY SCHOOL,PRIVATE,EASTERN,MACHAKOS,MATUNGULU,TALA,KANGUNDO,MACHAKOS,,-1.27,37.3
SALETI MUSLIM MADRASSA,PRIMARY SCHOOL,PRIVATE,EASTERN,ISIOLO,MERTI,KORBESA,ISIOLO NORTH,ISIOLO,,1.2,38.75
SYOMUTWA BETHEL PRIMARY,PRIMARY SCHOOL,PRIVATE,EASTERN,KITUI,MUTONGUNI,MUSENGO,KITUI WEST,KITUI,,-1.15,38.01
JOSE PRIMARY SCH,PRIMARY SCHOOL,PRIVATE,EASTERN,KITUI,MATINYANI,MATINYANI,KITUI WEST,KITUI,,-1.3,38
NGULUNI COUNTRYSIDE EDUCATION CENTRE  PRIMARY,PRIMARY SCHOOL,PRIVATE,EASTERN,MACHAKOS,MATUNGULU,NGULUNI,KANGUNDO,MACHAKOS,,-1.27,37.29
MAMA DARLENE CHILDRENS CENTRE PRIMARY,PRIMARY SCHOOL,PRIVATE,EASTERN,MACHAKOS,MATUNGULU,NGULUNI,KANGUNDO,MACHAKOS,,-1.27,37.28
BRIDGE EDUCATION CENTRE PRIMARY,PRIMARY SCHOOL,PRIVATE,EASTERN,MACHAKOS,MATUNGULU,NGULUNI,KANGUNDO,MACHAKOS,,-1.28,37.28
KANANS PRIMARY,PRIMARY SCHOOL,PRIVATE,EASTERN,MACHAKOS,MATUNGULU,NGULUNI,KANGUNDO,MACHAKOS,,-1.28,37.28
ST CHARLES PRIMARY,PRIMARY SCHOOL,PRIVATE,EASTERN,MACHAKOS,MATUNGULU,KOMA ROCK,KANGUNDO,MACHAKOS,,-1.28,37.17
KWAKEN PRIMARY SCH,PRIMARY SCHOOL,PRIVATE,EASTERN,MACHAKOS,MATUNGULU,KOMA ROCK,KANGUNDO,MACHAKOS,,-1.24,37.13
ALFA MACUS PRIMARY,PRIMARY SCHOOL,PRIVATE,EASTERN,MACHAKOS,MATUNGULU,KOMA ROCK,KITUI WEST,KITUI,,-1.27,37.11
HIGHVISION PRI SCH,PRIMARY SCHOOL,PRIVATE,EASTERN,ISIOLO,CENTRAL - ISIOLO,ISIOLO EAST,ISIOLO NORTH,ISIOLO,,0.34,37.58
NEW ERA PRI SCH,PRIMARY SCHOOL,PRIVATE,EASTERN,ISIOLO,CENTRAL - ISIOLO,ISIOLO EAST,ISIOLO NORTH,ISIOLO,,0.34,37.58
LITTLE ANGLES PRI SCH,PRIMARY SCHOOL,PRIVATE,EASTERN,ISIOLO,CENTRAL - ISIOLO,ISIOLO EAST,ISIOLO NORTH,ISIOLO,,0.34,37.58
ISIOLO HEKIMA PRI SCH,PRIMARY SCHOOL,PRIVATE,EASTERN,ISIOLO,CENTRAL - ISIOLO,ISIOLO EAST,ISIOLO NORTH,ISIOLO,,0.34,37.58
SHIELD ACADEMY - PRI,PRIMARY SCHOOL,PRIVATE,EASTERN,ISIOLO,CENTRAL - ISIOLO,ISIOLO EAST,ISIOLO NORTH,ISIOLO,,0.35,37.59
ISIOLO SUNRISE ACADEMY - PRI,PRIMARY SCHOOL,PRIVATE,EASTERN,ISIOLO,CENTRAL - ISIOLO,ISIOLO EAST,ISIOLO NORTH,ISIOLO,,0.36,37.59
M.C.K. HIGHWAY ACADEMY - PRI,PRIMARY SCHOOL,PRIVATE,EASTERN,ISIOLO,CENTRAL - ISIOLO,ISIOLO EAST,ISIOLO NORTH,ISIOLO,,0.35,37.59
ST. MARYS OF LORETO PRI  SCH - ISIOLO,PRIMARY SCHOOL,PRIVATE,EASTERN,ISIOLO,CENTRAL - ISIOLO,ISIOLO EAST,ISIOLO NORTH,ISIOLO,,0.37,37.59
BISHOP DANNE PRIMARY,PRIMARY SCHOOL,PRIVATE,EASTERN,KITUI,MUTONGUNI,KAUWI,KITUI WEST,KITUI,,-1.23,37.91
KABATI VICTORY PRIMARY,PRIMARY SCHOOL,PRIVATE,EASTERN,KITUI,MUTONGUNI,KAUWI,KITUI WEST,KITUI,,-1.23,37.91
TREASURE ACAD PRY,PRIMARY SCHOOL,PRIVATE,EASTERN,MAKUENI,KISAU,WAITA,MBOONI,MAKUENI,,-1.61,37.57
KINGAATHUNI PRY SCH,PRIMARY SCHOOL,PRIVATE,EASTERN,MAKUENI,KISAU,WAIA,MBOONI,MAKUENI,,-1.66,37.58
MATUNGWA M ACADEMY PRY,PRIMARY SCHOOL,PRIVATE,EASTERN,MAKUENI,TULIMANI,KALAWANI,MBOONI,MAKUENI,,-1.59,37.44
KITHAAYONI PRY,PRIMARY SCHOOL,PRIVATE,EASTERN,MAKUENI,TULIMANI,KALAWNI,MBOONI,MAKUENI,,-1.59,37.4
ST JOACHIMS ACADEMY,PRIMARY SCHOOL,PRIVATE,EASTERN,MAKUENI,MBOONI,MBOONI,MBOONI,MAKUENI,,-1.66,37.44
IMANI JUNIOR ACADEMY,PRIMARY SCHOOL,PRIVATE,RIFT VALLEY,NANDI SOUTH,KAPTUMO,ALDAI,KOYO,NAROK,,0.04,35.07
GREEMLANDS ACADEMY,PRIMARY SCHOOL,PRIVATE,RIFT VALLEY,NANDI SOUTH,ALDAI,ALDAI,BONJOGE,UNKNOWN,,0.12,34.91
WINNERS CHOICE ACADEMY,PRIMARY SCHOOL,PRIVATE,RIFT VALLEY,NANDI SOUTH,ALDAI,ALDAI,KEMELOI,TRANS NZOIA,,0.13,34.92
ELITE ACADEMY,PRIMARY SCHOOL,PRIVATE,RIFT VALLEY,NANDI SOUTH,KAPTUMO,ALDAI,KOYO,NAROK,,0.04,35.05
KAPSABIT ACADEMY,PRIMARY SCHOOL,PRIVATE,RIFT VALLEY,NANDI SOUTH,KAPTUMO,ALDAI,KOYO,NAROK,,0.05,35.05
MEMA EDUCATION CENTRE,PRIMARY SCHOOL,PRIVATE,RIFT VALLEY,NANDI SOUTH,ALDAI,ALDAI,NDURIO,NYANDARUA,,0.06,34.99
NANDI HILLS HIGHVIEW PRI,PRIMARY SCHOOL,PRIVATE,RIFT VALLEY,NANDI SOUTH,NANDI HILLS,TINDERET,CHEBARUS,BOMET,,0.06,35.2
SUENI JUNIOR ACEDEMY PRIMARY,PRIMARY SCHOOL,PRIVATE,CENTRAL,KIAMBU,KIKUYU,KINOO,KABETE,KIAMBU,,-1.25,36.69
SOON BIG BRAIN ACADEMY PRI,PRIMARY SCHOOL,PRIVATE,CENTRAL,KIAMBU,KIKUYU,KINOO,KABETE,KIAMBU,,-1.25,36.69
JEDDY VISION PRI,PRIMARY SCHOOL,PRIVATE,CENTRAL,KIAMBU,KIKUYU,KINOO,KABETE,KIAMBU,,-1.25,36.69
SATHYA SAI PRIMARY SCHOOL,PRIMARY SCHOOL,PRIVATE,CENTRAL,KIAMBU,KIKUYU,KINOO,KABETE,KIAMBU,,-1.25,36.7
UTHIRU GENESIS PRIMARY SCHOOL,PRIMARY SCHOOL,PRIVATE,CENTRAL,KIAMBU,KIKUYU,KINOO,KABETE,KIAMBU,,-1.25,36.7
CEDAR GROOVE UPPER PRIMARY,PRIMARY SCHOOL,PRIVATE,CENTRAL,KIAMBU,KIKUYU,KINOO,KABETE,KIAMBU,,-1.25,36.7
STELLY PRIMARY,PRIMARY SCHOOL,PRIVATE,CENTRAL,KIAMBU,KIKUYU,KINOO,KABETE,KIAMBU,,-1.26,36.71
ACACIA GREEN ACADEMY PRI,PRIMARY SCHOOL,PRIVATE,CENTRAL,KIAMBU,KIKUYU,KINOO,KABETE,KIAMBU,,-1.25,36.72
CEDAR GROOVE  LOWER PRIMARY,PRIMARY SCHOOL,PRIVATE,CENTRAL,KIAMBU,KIKUYU,KINOO,KABETE,KIAMBU,,-1.26,36.72
ALSAN JUNIOR ACADEMY PRIMARY,PRIMARY SCHOOL,PRIVATE,CENTRAL,KIAMBU,KIKUYU,KINOO,KABETE,KIAMBU,,-1.26,36.72
FIRST BORN CHRISTIAN CENTRE LOWER PRIMARY,PRIMARY SCHOOL,PRIVATE,CENTRAL,KIAMBU,KIKUYU,KINOO,KABETE,KIAMBU,,-1.25,36.69
FIRST BORN CHRSITIAN CENTRE PRIMARY,PRIMARY SCHOOL,PRIVATE,CENTRAL,KIAMBU,KIKUYU,KINOO,KABETE,KIAMBU,,-1.25,36.69
ST. PETER'S ELITE PRI SCH,PRIMARY SCHOOL,PRIVATE,CENTRAL,KIAMBU,KIKUYU,MUGUGA,KABETE,KIAMBU,,-1.23,36.67
SPRINGHILL SCHOOL,PRIMARY SCHOOL,PRIVATE,CENTRAL,KIAMBU,KIKUYU,KIKUYU,KABETE,KIAMBU,,-1.25,36.66
GREEN GARDEN  PRIMARY,PRIMARY SCHOOL,PRIVATE,CENTRAL,KIAMBU,KIKUYU,KIKUYU,KABETE,KIAMBU,,-1.25,36.66
RIVERSIDE ACADEMY,PRIMARY SCHOOL,PRIVATE,RIFT VALLEY,NANDI SOUTH,NANDI HILLS,TINDERET,KIPSEBWO,TRANS NZOIA,,0.14,35.16
GOLDEN HEIGHTS PRIMARY,PRIMARY SCHOOL,PRIVATE,CENTRAL,KIAMBU,KIKUYU,KINOO,KABETE,KIAMBU,,-1.27,36.67
GREAT VISION ACADEMY PRIMARY,PRIMARY SCHOOL,PRIVATE,CENTRAL,KIAMBU,KIKUYU,KINOO,KABETE,KIAMBU,,-1.27,36.68
HILL VIEW EDUCATION CENTRE,PRIMARY SCHOOL,PRIVATE,RIFT VALLEY,NANDI SOUTH,NANDI HILLS,TINDERET,KAPCHORUA,TRANS NZOIA,,0.11,35.31
GREEN GARDEN PRIMARY,PRIMARY SCHOOL,PRIVATE,CENTRAL,KIAMBU,KIKUYU,KARAI,KABETE,KIAMBU,,-1.27,36.66
SHALOM JUNIOR ACADEMY PRIMARY,PRIMARY SCHOOL,PRIVATE,CENTRAL,KIAMBU,KIKUYU,KARAI,KABETE,KIAMBU,,-1.28,36.65
SILVERBECK ACADEMY,PRIMARY SCHOOL,PRIVATE,CENTRAL,KIAMBU,KIKUYU,KARAI,KABETE,KIAMBU,,-1.28,36.65
BERSHEBA PRIMARY,PRIMARY SCHOOL,PRIVATE,CENTRAL,KIAMBU,KIKUYU,KARAI,KABETE,KIAMBU,,-1.28,36.65
SUMMIT VINE ACADEMY PRIMARY,PRIMARY SCHOOL,PRIVATE,CENTRAL,KIAMBU,KIKUYU,KARAI,KABETE,KIAMBU,,-1.28,36.64
ST. LILIAN ACADEMY PRIMARY,PRIMARY SCHOOL,PRIVATE,CENTRAL,KIAMBU,KIKUYU,KARAI,KABETE,KIAMBU,,-1.27,36.64
KING SOLOMON PRIMARY,PRIMARY SCHOOL,PRIVATE,CENTRAL,KIAMBU,KIKUYU,KARAI,KABETE,KIAMBU,,-1.27,36.64
ST STEPHEN ACADEMY,PRIMARY SCHOOL,PRIVATE,RIFT VALLEY,NANDI SOUTH,OL'LESSOS,TINDERET,SIWO,WEST POKOT,,0.19,35.21
JUDA & JOY PRIMARY SCH,PRIMARY SCHOOL,PRIVATE,CENTRAL,KIAMBU,KIKUYU,KARAI,KABETE,KIAMBU,,-1.27,36.64
ST THERESA'S PRI NDUROTO,PRIMARY SCHOOL,PRIVATE,RIFT VALLEY,NANDI SOUTH,OL'LESSOS,TINDERET,CHEPKUNYUK,TRANS NZOIA,,0.18,35.23
FR. CALVIN CAREY EDUCATION CENTRE PRIMARY,PRIMARY SCHOOL,PRIVATE,CENTRAL,KIAMBU,KIKUYU,KARAI,KABETE,KIAMBU,,-1.27,36.64
THE BRILLIANT PRIMARY SCHOOL,PRIMARY SCHOOL,PRIVATE,CENTRAL,KIAMBU,KIKUYU,KARAI,KABETE,KIAMBU,,-1.28,36.64
ST CHRISTOPHER'S MONTESSORI LELWAK PRI,PRIMARY SCHOOL,PRIVATE,RIFT VALLEY,NANDI SOUTH,OL'LESSOS,TINDERET,LELWAK,WEST POKOT,,0.18,35.24
GREEN LANE ACADEMY PRIMARY,PRIMARY SCHOOL,PRIVATE,CENTRAL,KIAMBU,KIKUYU,KARAI,KABETE,KIAMBU,,-1.28,36.63
EMMANUEL JUNIOR ACADEMY PRIMARY,PRIMARY SCHOOL,PRIVATE,CENTRAL,KIAMBU,KIKUYU,KARAI,KABETE,KIAMBU,,-1.28,36.63
ST.VERONICA I.L.C,PRIMARY SCHOOL,PRIVATE,CENTRAL,KIAMBU,KIKUYU,KARAI,KABETE,KIAMBU,,-1.28,36.62
WAMERE WANENE PRIMARY SCHOOL,PRIMARY SCHOOL,PRIVATE,CENTRAL,KIAMBU,KIKUYU,KARAI,KABETE,KIAMBU,,-1.28,36.61
LA'UNICA JUNIOR PRIMARY,PRIMARY SCHOOL,PRIVATE,CENTRAL,KIAMBU,KIKUYU,KARAI,KABETE,KIAMBU,,-1.28,36.61
GOOD SHEPHERD PRIMARY,PRIMARY SCHOOL,PRIVATE,CENTRAL,KIAMBU,KIKUYU,KARAI,KABETE,KIAMBU,,-1.27,36.6
VICTORY ACADEMY PRIMARY,PRIMARY SCHOOL,PRIVATE,CENTRAL,KIAMBU,KIKUYU,KABETE,KABETE,KIAMBU,,-1.23,36.74
SAMNEL PRIMARY,PRIMARY SCHOOL,PRIVATE,CENTRAL,KIAMBU,KIKUYU,NYATHUNA,KABETE,KIAMBU,,-1.22,36.75
ROMANS JUNIOR ACADEMY PRY,PRIMARY SCHOOL,PRIVATE,CENTRAL,KIAMBU,LARI,KIRENGA,LARI,KIAMBU,,-0.99,36.65
PREBLO ACADEMY,PRIMARY SCHOOL,PRIVATE,CENTRAL,KIAMBU,GITHUNGURI,IKINU,GITHUNGURI,KIAMBU,,-1.09,36.79
KIAMBU HILCREST PRI ACADEMY,PRIMARY SCHOOL,PRIVATE,CENTRAL,KIAMBU,KIAMBAA,WAGUTHU,KIAMBAA,KIAMBU,,-1.16,36.78
A.C.K ST JAMES ACADEMY PRI,PRIMARY SCHOOL,PRIVATE,CENTRAL,KIAMBU,KIAMBAA,RIABAI,KIAMBAA,KIAMBU,,-1.17,36.83
CIANDA PRI SCH,PRIMARY SCHOOL,PRIVATE,CENTRAL,KIAMBU,KIAMBAA,CIANDA,KIAMBAA,KIAMBU,,-1.15,36.77
WARATHO HIGHRISE ACADEMY,PRIMARY SCHOOL,PRIVATE,CENTRAL,KIAMBU,GITHUNGURI,IKINU,GITHUNGURI,KIAMBU,,-1.11,36.79
KIAMBAA BRIGHT STAR JNR ACADEMY,PRIMARY SCHOOL,PRIVATE,CENTRAL,KIAMBU,KIAMBAA,KIAMBAA,KIAMBAA,KIAMBU,,-1.16,36.76
KAROBA JNR ACADEMY,PRIMARY SCHOOL,PRIVATE,CENTRAL,KIAMBU,GITHUNGURI,GITHIGA,GITHUNGURI,KIAMBU,,-1.09,36.73
ST ANNE JNR ACADEMY,PRIMARY SCHOOL,PRIVATE,CENTRAL,KIAMBU,KIAMBAA,KIAMBAA,KIAMBAA,KIAMBU,,-1.16,36.76
CREATIVE FAITH ACADEMY,PRIMARY SCHOOL,PRIVATE,CENTRAL,KIAMBU,GITHUNGURI,GITHIGA,GITHUNGURI,KIAMBU,,-1.09,36.74
KIRIGITI PRIME ACADEMY PRI,PRIMARY SCHOOL,PRIVATE,CENTRAL,KIAMBU,KIAMBAA,RIABAI,KIAMBAA,KIAMBU,,-1.17,36.84
UPPER HILL ACADEMY,PRIMARY SCHOOL,PRIVATE,CENTRAL,KIAMBU,KIAMBAA,KIAMBAA,KIAMBAA,KIAMBU,,-1.17,36.75
GITUTU ACADEMY,PRIMARY SCHOOL,PRIVATE,CENTRAL,KIAMBU,GITHUNGURI,GITHIGA,GITHUNGURI,KIAMBU,,-1.09,36.75
KARURI MSINGI BORA ACADEMY,PRIMARY SCHOOL,PRIVATE,CENTRAL,KIAMBU,KIAMBAA,KIAMBAA,KIAMBAA,KIAMBU,,-1.18,36.75
GATHAITHI SUNRISE ACADEMY PRI,PRIMARY SCHOOL,PRIVATE,CENTRAL,KIAMBU,GITHUNGURI,GITHIGA,GITHUNGURI,KIAMBU,,-1.09,36.76
KARURI MSINGI BORA PRIMARY,PRIMARY SCHOOL,PRIVATE,CENTRAL,KIAMBU,KIAMBAA,KIAMBAA,KIAMBAA,KIAMBU,,-1.18,36.75
EFFORT JNR ACADEMY PRI,PRIMARY SCHOOL,PRIVATE,CENTRAL,KIAMBU,GITHUNGURI,IKINU,GITHUNGURI,KIAMBU,,-1.1,36.77
LAUREATE PRIMARY SCHOOL,PRIMARY SCHOOL,PRIVATE,CENTRAL,KIAMBU,KIAMBAA,KIAMBAA S/AREA,KIAMBAA,KIAMBU,,-1.2,36.84
GREEN SHARPENER ACADEMY,PRIMARY SCHOOL,PRIVATE,CENTRAL,KIAMBU,GITHUNGURI,GITHIGA,GITHUNGURI,KIAMBU,,-1.08,36.75
LONGONOT ACADEMY SCH,PRIMARY SCHOOL,PRIVATE,CENTRAL,KIAMBU,LARI,GITITHIA,LARI,KIAMBU,,-1.05,36.63
ACK THINDIGWA PRIMARY,PRIMARY SCHOOL,PRIVATE,CENTRAL,KIAMBU,KIAMBAA,KIAMBAA S/AREA,KIAMBAA,KIAMBU,,-1.21,36.85
THINDIGWA PRIMARY,PRIMARY SCHOOL,PRIVATE,CENTRAL,KIAMBU,KIAMBAA,KIAMBAA S/AREA,KIAMBAA,KIAMBU,,-1.21,36.84
PCEA GITHIGA ACADEMY,PRIMARY SCHOOL,PRIVATE,CENTRAL,KIAMBU,GITHUNGURI,GITHIGA,GITHUNGURI,KIAMBU,,-1.08,36.74
FGCK SALOME ACADEMY,PRIMARY SCHOOL,PRIVATE,CENTRAL,KIAMBU,LARI,LARI,LARI,KIAMBU,,-1.02,36.65
GOOD SHERPHERED PRI SCH,PRIMARY SCHOOL,PRIVATE,CENTRAL,KIAMBU,KIAMBAA,CIANDA,KIAMBAA,KIAMBU,,-1.14,36.76
NEW KIAMBU ROAD PRIMARY,PRIMARY SCHOOL,PRIVATE,CENTRAL,KIAMBU,KIAMBAA,KIAMBAA S/AREA,KIAMBAA,KIAMBU,,-1.2,36.83
THE ACADEMIC GIANT SCHOOL,PRIMARY SCHOOL,PRIVATE,CENTRAL,KIAMBU,GITHUNGURI,GITHIGA,GITHUNGURI,KIAMBU,,-1.08,36.72
ST PETER AND ANTHONY ACADEMY,PRIMARY SCHOOL,PRIVATE,CENTRAL,KIAMBU,KIAMBAA,CIANDA,KIAMBAA,KIAMBU,,-1.14,36.75
MICOTEM CHRISTIAN SCHOOL,PRIMARY SCHOOL,PRIVATE,CENTRAL,KIAMBU,KIAMBAA,KIAMBAA S/AREA,KIAMBAA,KIAMBU,,-1.2,36.83
WESTEND VALLEY ACADEMY,PRIMARY SCHOOL,PRIVATE,CENTRAL,KIAMBU,KIAMBAA,CIANDA,KIAMBAA,KIAMBU,,-1.15,36.75
MARY TIMES PRI SCH,PRIMARY SCHOOL,PRIVATE,CENTRAL,KIAMBU,KIAMBAA,CIANDA,KIAMBAA,KIAMBU,,-1.14,36.75
TUMAINI LA WATOTO (CDC) PRIMARY,PRIMARY SCHOOL,PRIVATE,CENTRAL,KIAMBU,KIAMBAA,KAMITI,KIAMBAA,KIAMBU,,-1.17,36.87
ST JOE'S ACADEMY UPLANDS,PRIMARY SCHOOL,PRIVATE,CENTRAL,KIAMBU,LARI,KIRENGA,LARI,KIAMBU,,-1.04,36.63
HADAH JUNIOR ACADEMY,PRIMARY SCHOOL,PRIVATE,CENTRAL,KIAMBU,GITHUNGURI,GITHIGA,GITHUNGURI,KIAMBU,,-1.06,36.68
MARION FARMHOUSE SCHOOL,PRIMARY SCHOOL,PRIVATE,CENTRAL,KIAMBU,KIAMBAA,KAMITI,KIAMBAA,KIAMBU,,-1.15,36.86
WAKI ACADEMY,PRIMARY SCHOOL,PRIVATE,CENTRAL,KIAMBU,LARI,KIRENGA,LARI,KIAMBU,,-1.03,36.63
JOS MARY JUNIOR ACADEMY,PRIMARY SCHOOL,PRIVATE,CENTRAL,KIAMBU,GITHUNGURI,GITHIGA,GITHUNGURI,KIAMBU,,-1.06,36.68
PONYWAYS ACADEMY,PRIMARY SCHOOL,PRIVATE,CENTRAL,KIAMBU,KIAMBAA,KAMITI,KIAMBAA,KIAMBU,,-1.16,36.88
KAREN ACDADEMY PRI SCH,PRIMARY SCHOOL,PRIVATE,CENTRAL,KIAMBU,KIAMBAA,KIAMBAA,KIAMBAA,KIAMBU,,-1.16,36.75
GREEN COTAGE ACADEMY,PRIMARY SCHOOL,PRIVATE,CENTRAL,KIAMBU,KIAMBAA,KIAMBAA S/AREA,KIAMBAA,KIAMBU,,-1.18,36.89
MUGUMOINI JNR ACADEMY,PRIMARY SCHOOL,PRIVATE,CENTRAL,KIAMBU,KIAMBAA,KIAMBAA,KIAMBAA,KIAMBU,,-1.16,36.75
YOUNG VICTORS ACADEMY,PRIMARY SCHOOL,PRIVATE,CENTRAL,KIAMBU,KIAMBAA,KIAMBAA,KIAMBAA,KIAMBU,,-1.17,36.75
LARI HILLS ACADEMY,PRIMARY SCHOOL,PRIVATE,CENTRAL,KIAMBU,LARI,KIRENGA,LARI,KIAMBU,,-1,36.63
PYRETHRUM ACADEMY,PRIMARY SCHOOL,PRIVATE,CENTRAL,KIAMBU,GITHUNGURI,GITHIGA,GITHUNGURI,KIAMBU,,-1.06,36.71
REACH THE CHILDREN PRIMARY,PRIMARY SCHOOL,PRIVATE,CENTRAL,KIAMBU,KIAMBAA,KIAMBAA S/AREA,KIAMBAA,KIAMBU,,-1.18,36.88
STEMA ACADEMY PRIMARY,PRIMARY SCHOOL,PRIVATE,CENTRAL,KIAMBU,KIAMBAA,KIAMBAA S/AREA,KIAMBAA,KIAMBU,,-1.19,36.89
CHANTILLY PRI SCH,PRIMARY SCHOOL,PRIVATE,CENTRAL,KIAMBU,KIAMBAA,KIAMBAA,KIAMBAA,KIAMBU,,-1.19,36.78
JEDIPAH ACADEMY,PRIMARY SCHOOL,PRIVATE,CENTRAL,KIAMBU,GITHUNGURI,GITHIGA,GITHUNGURI,KIAMBU,,-1.06,36.72
INSIGHT PREPARATORY PRIMARY,PRIMARY SCHOOL,PRIVATE,CENTRAL,KIAMBU,KIAMBAA,KAMITI,KIAMBAA,KIAMBU,,-1.16,36.89
MARIA IMMACULATA E.C PRIMARY,PRIMARY SCHOOL,PRIVATE,CENTRAL,KIAMBU,KIAMBAA,KIAMBAA S/AREA,KIAMBAA,KIAMBU,,-1.19,36.89
STARWA ACADEMY,PRIMARY SCHOOL,PRIVATE,CENTRAL,KIAMBU,KIAMBAA,WAGUTHU,KIAMBAA,KIAMBU,,-1.19,36.79
NEW HOPE PREPARATORY,PRIMARY SCHOOL,PRIVATE,CENTRAL,KIAMBU,GITHUNGURI,GITHIGA,GITHUNGURI,KIAMBU,,-1.06,36.72
ST PAULS ACADEMY,PRIMARY SCHOOL,PRIVATE,CENTRAL,KIAMBU,LARI,KIJABE,LARI,KIAMBU,,-0.98,36.63
KIAMBU ST JUDES SCHOOL,PRIMARY SCHOOL,PRIVATE,CENTRAL,KIAMBU,KIAMBAA,RIABAI,KIAMBAA,KIAMBU,,-1.16,36.82
PCEA GITWE PRIMARY,PRIMARY SCHOOL,PRIVATE,CENTRAL,KIAMBU,GITHUNGURI,GITHIGA,GITHUNGURI,KIAMBU,,-1.06,36.74
RIFT VALLEY ACADEMY PRI,PRIMARY SCHOOL,PRIVATE,CENTRAL,KIAMBU,LARI,KIJABE,LARI,KIAMBU,,-0.94,36.59
SACRED HEART HIGH SCHOOL KIAMBU,PRIMARY SCHOOL,PRIVATE,CENTRAL,KIAMBU,KIAMBAA,NDUMBERI,KIAMBAA,KIAMBU,,-1.15,36.81
GRATHER ACADEMY,PRIMARY SCHOOL,PRIVATE,CENTRAL,KIAMBU,GITHUNGURI,GITHUNGURI,GITHUNGURI,KIAMBU,,-1.06,36.77
SUPER KID JNR ACADEMY,PRIMARY SCHOOL,PRIVATE,CENTRAL,KIAMBU,KIAMBAA,RIABAI,KIAMBAA,KIAMBU,,-1.16,36.82
VALLEY CREST PRIMARY,PRIMARY SCHOOL,PRIVATE,CENTRAL,KIAMBU,KIKUYU,MUGUGA,KABETE,KIAMBU,,-1.23,36.68
SOUTH MUCATHA PRIMARY JNR ACADEMY,PRIMARY SCHOOL,PRIVATE,CENTRAL,KIAMBU,KIAMBAA,KIAMBAA,KIAMBAA,KIAMBU,,-1.2,36.78
GITHUNGURI BRIDGEWAY PREP SCH,PRIMARY SCHOOL,PRIVATE,CENTRAL,KIAMBU,GITHUNGURI,GITHUNGURI,GITHUNGURI,KIAMBU,,-1.06,36.77
NJAMBI ACADEMY,PRIMARY SCHOOL,PRIVATE,CENTRAL,KIAMBU,KIAMBAA,KIAMBAA,KIAMBAA,KIAMBU,,-1.2,36.78
GATEWAY PRI SCHOOL,PRIMARY SCHOOL,PRIVATE,CENTRAL,KIAMBU,GITHUNGURI,GITHUNGURI,GITHUNGURI,KIAMBU,,-1.06,36.77
SUPERLAND VALLEY B PRI SCH,PRIMARY SCHOOL,PRIVATE,CENTRAL,KIAMBU,LARI,KINALE,LARI,KIAMBU,,-0.9,36.62
RED APPLE ACADEMY,PRIMARY SCHOOL,PRIVATE,CENTRAL,KIAMBU,KIAMBAA,RUAKA,KIAMBAA,KIAMBU,,-1.21,36.78
KAHUNIRA JUNIOR ACADEMY,PRIMARY SCHOOL,PRIVATE,CENTRAL,KIAMBU,GITHUNGURI,GITHUNGURI,GITHUNGURI,KIAMBU,,-1.05,36.76
SIMMOGA VALLEY PRIMARY SCH,PRIMARY SCHOOL,PRIVATE,CENTRAL,KIAMBU,KIAMBAA,RUAKA,KIAMBAA,KIAMBU,,-1.21,36.78
MONPHINE ACADEMY PRY,PRIMARY SCHOOL,PRIVATE,CENTRAL,KIAMBU,LARI,KINALE,LARI,KIAMBU,,-0.9,36.64
MARY NYANJEGA ACADEMY,PRIMARY SCHOOL,PRIVATE,CENTRAL,KIAMBU,KIKUYU,MUGUGA,KABETE,KIAMBU,,-1.23,36.69
JUNEL PRIMARY,PRIMARY SCHOOL,PRIVATE,CENTRAL,KIAMBU,KIKUYU,MUGUGA,KABETE,KIAMBU,,-1.24,36.71
ACK ST PAULS NJORO ACADEMY,PRIMARY SCHOOL,PRIVATE,CENTRAL,KIAMBU,KIAMBAA,KIAMBAA,KIAMBAA,KIAMBU,,-1.2,36.77
GACIO JUNIOR ACADEMY,PRIMARY SCHOOL,PRIVATE,CENTRAL,KIAMBU,KIKUYU,KABETE,KABETE,KIAMBU,,-1.24,36.72
KAKA JUNIORS ACADEMY,PRIMARY SCHOOL,PRIVATE,CENTRAL,KIAMBU,LARI,KINALE,LARI,KIAMBU,,-0.88,36.59
KABETE KINGS ACADEMY PRIMARY,PRIMARY SCHOOL,PRIVATE,CENTRAL,KIAMBU,KIKUYU,KABETE,KABETE,KIAMBU,,-1.24,36.73
MUKORE ACADEMY,PRIMARY SCHOOL,PRIVATE,CENTRAL,KIAMBU,GITHUNGURI,GITHUNGURI,GITHUNGURI,KIAMBU,,-1.06,36.78
BENCA JUNIOR ACADEMY,PRIMARY SCHOOL,PRIVATE,CENTRAL,KIAMBU,LARI,KAMAE,LARI,KIAMBU,,-0.86,36.61
ROSA JOY ACA,PRIMARY SCHOOL,PRIVATE,CENTRAL,KIAMBU,KIAMBAA,RUAKA,KIAMBAA,KIAMBU,,-1.19,36.75
BLESSED ACA,PRIMARY SCHOOL,PRIVATE,CENTRAL,KIAMBU,KIAMBAA,KIAMBAA,KIAMBAA,KIAMBU,,-1.2,36.78
KINGSMEAD JNR ACA,PRIMARY SCHOOL,PRIVATE,CENTRAL,KIAMBU,KIAMBAA,RUAKA,KIAMBAA,KIAMBU,,-1.2,36.76
RAMOS VISION ACADEMY,PRIMARY SCHOOL,PRIVATE,CENTRAL,KIAMBU,GITHUNGURI,GITHUNGURI,GITHUNGURI,KIAMBU,,-1.05,36.79
SPRINGS JNR ACADEMY,PRIMARY SCHOOL,PRIVATE,CENTRAL,KIAMBU,KIKUYU,KABETE,KABETE,KIAMBU,,-1.23,36.7
BRIGHT VISION ACADEMY,PRIMARY SCHOOL,PRIVATE,CENTRAL,KIAMBU,KIKUYU,KABETE,KABETE,KIAMBU,,-1.22,36.7
WAKA DAYSPRING ACADEMY PRI,PRIMARY SCHOOL,PRIVATE,CENTRAL,KIAMBU,LARI,KAMAE,LARI,KIAMBU,,-0.83,36.61
MAVICH PRIMARY SCH,PRIMARY SCHOOL,PRIVATE,CENTRAL,KIAMBU,KIAMBAA,KIHARA,KIAMBAA,KIAMBU,,-1.22,36.78
REVIVAL MISSIONS CENTRE,PRIMARY SCHOOL,PRIVATE,CENTRAL,KIAMBU,KIKUYU,KABETE,KABETE,KIAMBU,,-1.22,36.71
NYOTA PRI SCH,PRIMARY SCHOOL,PRIVATE,CENTRAL,KIAMBU,KIAMBAA,KIHARA,KIAMBAA,KIAMBU,,-1.22,36.78
WANJO ACADEMY PRI,PRIMARY SCHOOL,PRIVATE,CENTRAL,KIAMBU,GITHUNGURI,GITHUNGURI,GITHUNGURI,KIAMBU,,-1.07,36.76
MOONLIGHT SCHOOL,PRIMARY SCHOOL,PRIVATE,CENTRAL,KIAMBU,KIKUYU,KABETE,KABETE,KIAMBU,,-1.22,36.7
ST RUTH ACA,PRIMARY SCHOOL,PRIVATE,CENTRAL,KIAMBU,KIAMBAA,KIHARA,KIAMBAA,KIAMBU,,-1.22,36.77
BLOSSOMS JNR SCHOOL,PRIMARY SCHOOL,PRIVATE,CENTRAL,KIAMBU,KIKUYU,KABETE,KABETE,KIAMBU,,-1.22,36.7
ISANA PRI,PRIMARY SCHOOL,PRIVATE,CENTRAL,KIAMBU,KIAMBAA,KIHARA,KIAMBAA,KIAMBU,,-1.22,36.78
KIRAGU MIRACLE ACADEMY,PRIMARY SCHOOL,PRIVATE,CENTRAL,KIAMBU,GITHUNGURI,GITHUNGURI,GITHUNGURI,KIAMBU,,-1.09,36.79
FAITH JNR ACADEMY PRI SCH,PRIMARY SCHOOL,PRIVATE,CENTRAL,KIAMBU,KIAMBAA,KIHARA,KIAMBAA,KIAMBU,,-1.22,36.78
HILL OF VISION ACADEMY,PRIMARY SCHOOL,PRIVATE,CENTRAL,KIAMBU,KIKUYU,KABETE,KABETE,KIAMBU,,-1.21,36.69
GIACHUMI ACADEMY,PRIMARY SCHOOL,PRIVATE,CENTRAL,KIAMBU,GITHUNGURI,GITHUNGURI,GITHUNGURI,KIAMBU,,-1.07,36.76
WINSONG COTTAGE PRI SCH,PRIMARY SCHOOL,PRIVATE,CENTRAL,KIAMBU,KIAMBAA,KIHARA,KIAMBAA,KIAMBU,,-1.22,36.78
MALGUTA ACADEMY,PRIMARY SCHOOL,PRIVATE,CENTRAL,KIAMBU,KIAMBAA,KIHARA,KIAMBAA,KIAMBU,,-1.22,36.77
NEW HOPE KIAIRIA PRI,PRIMARY SCHOOL,PRIVATE,CENTRAL,KIAMBU,GITHUNGURI,GITHUNGURI,GITHUNGURI,KIAMBU,,-1.08,36.8
FRECAN SCHOOL,PRIMARY SCHOOL,PRIVATE,CENTRAL,KIAMBU,KIKUYU,KABETE,KABETE,KIAMBU,,-1.21,36.69
ANGELIC PREPARATORY,PRIMARY SCHOOL,PRIVATE,CENTRAL,KIAMBU,KIAMBAA,KIHARA,KIAMBAA,KIAMBU,,-1.22,36.77
NEW GENERATION SCHOOL,PRIMARY SCHOOL,PRIVATE,CENTRAL,KIAMBU,KIKUYU,KABETE,KABETE,KIAMBU,,-1.21,36.7
ST MUNGA PRI SCH,PRIMARY SCHOOL,PRIVATE,CENTRAL,KIAMBU,KIAMBAA,KIHARA,KIAMBAA,KIAMBU,,-1.22,36.77
VICTORY ACADEMY PRIMARY,PRIMARY SCHOOL,PRIVATE,CENTRAL,KIAMBU,KIKUYU,KABETE,KABETE,KIAMBU,,-1.21,36.7
GOODHOPE PRI SCH,PRIMARY SCHOOL,PRIVATE,CENTRAL,KIAMBU,KIAMBAA,KIHARA,KIAMBAA,KIAMBU,,-1.22,36.77
ST MICHAEL PRI SCH,PRIMARY SCHOOL,PRIVATE,CENTRAL,KIAMBU,KIAMBAA,KIHARA,KIAMBAA,KIAMBU,,-1.22,36.77
EARLY LERNERS PRIMARY,PRIMARY SCHOOL,PRIVATE,CENTRAL,KIAMBU,KIAMBAA,KIHARA,KIAMBAA,KIAMBU,,-1.22,36.77
LESSOS EDUCATION CENTRE PRI,PRIMARY SCHOOL,PRIVATE,RIFT VALLEY,NANDI SOUTH,OL'LESSOS,TINDERET,OL'LESSOS,NANDI,,0.21,35.3
HOLY FAMILY ACADEMY,PRIMARY SCHOOL,PRIVATE,RIFT VALLEY,NANDI SOUTH,OL'LESSOS,TINDERET,SOCHOI,BOMET,,0.21,35.31
ST EDWARDS PRIMARY SCHOOL,PRIMARY SCHOOL,PRIVATE,CENTRAL,KIAMBU,KIKUYU,KARAI,KABETE,KIAMBU,,-1.27,36.61
GREAT VISION PRIMARY,PRIMARY SCHOOL,PRIVATE,CENTRAL,KIAMBU,KIKUYU,KARAI,KABETE,KIAMBU,,-1.24,36.62
CHEMASAI PREPARATORY PRI,PRIMARY SCHOOL,PRIVATE,RIFT VALLEY,NANDI SOUTH,OL'LESSOS,TINDERET,KOILOT,TRANS NZOIA,,0.14,35.31
MOTHER'S LOVE PRIMARY,PRIMARY SCHOOL,PRIVATE,CENTRAL,KIAMBU,KIKUYU,KARAI,KABETE,KIAMBU,,-1.24,36.61
PENTAGON ACADEMY,PRIMARY SCHOOL,PRIVATE,RIFT VALLEY,NANDI SOUTH,OL'LESSOS,TINDERET,KOILOT,TRANS NZOIA,,0.16,35.31
STEVELAND ACADEMY PRIMARY,PRIMARY SCHOOL,PRIVATE,CENTRAL,KIAMBU,KIKUYU,KARAI,KABETE,KIAMBU,,-1.23,36.62
ST THOMAS PREPARATORY PRI KAMALEL,PRIMARY SCHOOL,PRIVATE,RIFT VALLEY,NANDI SOUTH,OL'LESSOS,TINDERET,KOILOT,TRANS NZOIA,,0.17,35.27
AIC KAMANGU PRIMARY,PRIMARY SCHOOL,PRIVATE,CENTRAL,KIAMBU,KIKUYU,KARAI,KABETE,KIAMBU,,-1.24,36.6
ST JOHNS ACADEMY KOILOT,PRIMARY SCHOOL,PRIVATE,RIFT VALLEY,NANDI SOUTH,OL'LESSOS,TINDERET,KOILOT,TRANS NZOIA,,0.18,35.31
PINE VIEW PRIMARY,PRIMARY SCHOOL,PRIVATE,CENTRAL,KIAMBU,KIKUYU,KIKUYU,KABETE,KIAMBU,,-1.2,36.65
WHITE ROCK PRI,PRIMARY SCHOOL,PRIVATE,RIFT VALLEY,NANDI SOUTH,OL'LESSOS,TINDERET,SOCHOI,BOMET,,0.2,35.32
AIC SOCHOI ACADEMY,PRIMARY SCHOOL,PRIVATE,RIFT VALLEY,NANDI SOUTH,OL'LESSOS,TINDERET,SOCHOI,BOMET,,0.19,35.35
NDERI SACRED HEART ACADEMY PRIMARY,PRIMARY SCHOOL,PRIVATE,CENTRAL,KIAMBU,KIKUYU,KIKUYU,KABETE,KIAMBU,,-1.22,36.65
GLANN PRIMARY,PRIMARY SCHOOL,PRIVATE,CENTRAL,KIAMBU,KIKUYU,KIKUYU,KABETE,KIAMBU,,-1.22,36.65
GRACIOUS PRIMARY,PRIMARY SCHOOL,PRIVATE,CENTRAL,KIAMBU,KIKUYU,KIKUYU,KABETE,KIAMBU,,-1.21,36.66
MUGUGA ELITE SCHOOL,PRIMARY SCHOOL,PRIVATE,CENTRAL,KIAMBU,KIKUYU,MUGUGA,KABETE,KIAMBU,,-1.19,36.65
GRIFFINS ACADEMY,PRIMARY SCHOOL,PRIVATE,RIFT VALLEY,NANDI SOUTH,KAPTUMO,EMGWEN,KABOI,TRANS NZOIA,,0.13,35.12
JUSTUS GICHEHA PRIMARY,PRIMARY SCHOOL,PRIVATE,CENTRAL,KIAMBU,KIKUYU,MUGUGA,KABETE,KIAMBU,,-1.18,36.65
MUGUGA COMPLEX ACADEMY,PRIMARY SCHOOL,PRIVATE,CENTRAL,KIAMBU,KIKUYU,KIKUYU,KABETE,KIAMBU,,-1.2,36.65
SITE VIEW PRIMARY SCHOOL,PRIMARY SCHOOL,PRIVATE,CENTRAL,KIAMBU,KIKUYU,KIKUYU,KABETE,KIAMBU,,-1.18,36.64
KEN ACADEMY PRIMARY,PRIMARY SCHOOL,PRIVATE,CENTRAL,KIAMBU,KIKUYU,KIKUYU,KABETE,KIAMBU,,-1.17,36.63
BLOOMINGTON EDUCATION CENTRE PRI,PRIMARY SCHOOL,PRIVATE,RIFT VALLEY,NANDI SOUTH,KAPTUMO,EMGWEN,KABOI,TRANS NZOIA,,0.11,35.09
ST SALOME PRIMARY,PRIMARY SCHOOL,PRIVATE,CENTRAL,KIAMBU,KIKUYU,KIKUYU,KABETE,KIAMBU,,-1.19,36.63
ST LAWRENCE ACADEMY,PRIMARY SCHOOL,PRIVATE,RIFT VALLEY,NANDI SOUTH,KAPTUMO,ALDAI,KAPTUMO,BARINGO,,0.06,35.1
MUGUGA HERITAGE LOWER PRIMARY,PRIMARY SCHOOL,PRIVATE,CENTRAL,KIAMBU,KIKUYU,MUGUGA,KABETE,KIAMBU,,-1.19,36.65
MWALO HEADWAY ACADEMY,PRIMARY SCHOOL,PRIVATE,RIFT VALLEY,NANDI SOUTH,KAPTUMO,ALDAI,KAPTUMO,BARINGO,,0.08,35.08
TINY TOONS PRIMARY,PRIMARY SCHOOL,PRIVATE,CENTRAL,KIAMBU,KIKUYU,MUGUGA,KABETE,KIAMBU,,-1.2,36.65
ST JOSEPH PRIMARY,PRIMARY SCHOOL,PRIVATE,CENTRAL,KIAMBU,KIKUYU,MUGUGA,KABETE,KIAMBU,,-1.2,36.66
ST LILIAN ACADEMY PRIMARY,PRIMARY SCHOOL,PRIVATE,CENTRAL,KIAMBU,KIKUYU,MUGUGA,KABETE,KIAMBU,,-1.2,36.67
SERINE COTTAGE PRIMARY,PRIMARY SCHOOL,PRIVATE,CENTRAL,KIAMBU,KIKUYU,MUGUGA,KABETE,KIAMBU,,-1.21,36.67
VALENCE SCHOOL PRIMARY,PRIMARY SCHOOL,PRIVATE,CENTRAL,KIAMBU,KIKUYU,KABETE,KABETE,KIAMBU,,-1.22,36.73
LITTLE ANGELS ACADEMY,PRIMARY SCHOOL,PRIVATE,RIFT VALLEY,NANDI SOUTH,KAPTUMO,ALDAI,KAPTUMO,BARINGO,,0.06,35.07
ST HELLEN PRIMARY,PRIMARY SCHOOL,PRIVATE,CENTRAL,KIAMBU,KIKUYU,KABETE,KABETE,KIAMBU,,-1.22,36.73
ACK ST. PETERS KIGANJO ACADEMY PRI SCH,PRIMARY SCHOOL,PRIVATE,CENTRAL,THIKA,MUNICIPALITY,THIKA MUNICIPALITY,JUJA,KIAMBU,,-1.08,37.1
JAMAA HIGHWAY ACADEMY  PRI SCH,PRIMARY SCHOOL,PRIVATE,CENTRAL,THIKA,MUNICIPALITY,THIKA MUNICIPALITY,JUJA,KIAMBU,,-1.08,37.1
TESTIMONY JUNIOR PRI.SCH,PRIMARY SCHOOL,PRIVATE,CENTRAL,THIKA,MUNICIPALITY,THIKA MUNICIPALITY,JUJA,KIAMBU,,-1.08,37.11
ST. PETERS' JUJA PRI. SCH,PRIMARY SCHOOL,PRIVATE,CENTRAL,THIKA,RUIRU,JUJA,JUJA,KIAMBU,,-1.11,37.01
NGUWA ACADEMY-PRY,PRIMARY SCHOOL,PRIVATE,CENTRAL,NYERI,TETU,AGUTHI,TETU,NYERI,,-0.48,37.01
WOODLAND ACADEMY PRI.,PRIMARY SCHOOL,PRIVATE,CENTRAL,THIKA,RUIRU,JUJA,JUJA,KIAMBU,,-1.08,36.99
EN-HAKKORE ACADEMY-PRY,PRIMARY SCHOOL,PRIVATE,CENTRAL,NYERI,TETU,GAAKI,TETU,NYERI,,-0.46,36.99
RIDGES ACADEMY PRI,PRIMARY SCHOOL,PRIVATE,CENTRAL,THIKA,RUIRU,JUJA,JUJA,KIAMBU,,-1.1,37.01
MAKENA PRI SCH,PRIMARY SCHOOL,PRIVATE,CENTRAL,THIKA,RUIRU,JUJA,JUJA,KIAMBU,,-1.1,37.01
APEX CHILDREN'S CENTRE  PRI,PRIMARY SCHOOL,PRIVATE,CENTRAL,THIKA,RUIRU,JUJA,JUJA,KIAMBU,,-1.12,37.01
PCEA KIAWAITHANJI PRY,PRIMARY SCHOOL,PRIVATE,CENTRAL,NYERI,TETU,GAAKI,TETU,NYERI,,-0.48,36.99
MANYATTA ACADEMY SCH,PRIMARY SCHOOL,PRIVATE,CENTRAL,THIKA,RUIRU,JUJA,JUJA,KIAMBU,,-1.12,37.02
THE BEACH ACADEMY PRI SCH.,PRIMARY SCHOOL,PRIVATE,CENTRAL,THIKA,RUIRU,RUIRU,JUJA,KIAMBU,,-1.12,36.98
HIGHWAY VIEW ACADEMY PRI SCH,PRIMARY SCHOOL,PRIVATE,CENTRAL,THIKA,RUIRU,RUIRU,JUJA,KIAMBU,,-1.13,36.98
CAPSTONE ACADEMY PRI SCH,PRIMARY SCHOOL,PRIVATE,CENTRAL,THIKA,RUIRU,RUIRU,JUJA,KIAMBU,,-1.13,36.98
WANKAN ACADEMY PRI,PRIMARY SCHOOL,PRIVATE,CENTRAL,THIKA,RUIRU,RUIRU,JUJA,KIAMBU,,-1.14,36.97
ROSEWOOD ACADEMY-PRY,PRIMARY SCHOOL,PRIVATE,CENTRAL,NYERI,TETU,TETU,TETU,NYERI,,-0.45,36.88
BETHLEHEM ACADEMY PRI SCH,PRIMARY SCHOOL,PRIVATE,CENTRAL,THIKA,RUIRU,RUIRU,JUJA,KIAMBU,,-1.14,36.99
SHAMA ACADEMY-PRY,PRIMARY SCHOOL,PRIVATE,CENTRAL,NYERI,TETU,TETU,TETU,NYERI,,-0.43,36.88
EMA DAY CARE,PRIMARY SCHOOL,PRIVATE,CENTRAL,THIKA,RUIRU,RUIRU,JUJA,KIAMBU,,-1.14,36.99
PRAIRIES PRI.,PRIMARY SCHOOL,PRIVATE,CENTRAL,THIKA,RUIRU,RUIRU,JUJA,KIAMBU,,-1.14,37
SUNSET ACADEMY-PRY,PRIMARY SCHOOL,PRIVATE,CENTRAL,NYERI,TETU,TETU,TETU,NYERI,,-0.44,36.89
EBENEZER CHRISTIAN ACADEMY PRI SCH,PRIMARY SCHOOL,PRIVATE,CENTRAL,THIKA,RUIRU,RUIRU,JUJA,KIAMBU,,-1.14,37.01
OLYMPIC JUNIOR ACADEMY-PRY,PRIMARY SCHOOL,PRIVATE,CENTRAL,NYERI,TETU,TETU,TETU,NYERI,,-0.44,36.86
ST. PAUL'S JUNIOR ACADEMY PRI SCH,PRIMARY SCHOOL,PRIVATE,CENTRAL,THIKA,RUIRU,RUIRU,JUJA,KIAMBU,,-1.16,37.04
CHARGIN ACADEMY-PRY,PRIMARY SCHOOL,PRIVATE,CENTRAL,NYERI,TETU,TETU,TETU,NYERI,,-0.43,36.86
EUNIKIM B JUNIOR PRI,PRIMARY SCHOOL,PRIVATE,CENTRAL,THIKA,RUIRU,RUIRU,JUJA,KIAMBU,,-1.15,37.01
THE PRIME PRI SCH,PRIMARY SCHOOL,PRIVATE,CENTRAL,THIKA,RUIRU,RUIRU,JUJA,KIAMBU,,-1.14,36.99
ST. KELVIN ACADEMY PRI,PRIMARY SCHOOL,PRIVATE,CENTRAL,THIKA,RUIRU,RUIRU,JUJA,KIAMBU,,-1.14,36.98
ST. JULIA PRI SCH,PRIMARY SCHOOL,PRIVATE,CENTRAL,THIKA,RUIRU,RUIRU,JUJA,KIAMBU,,-1.14,36.98
CHRISTIAN CHURCH INTERNATIONAL ACADEMY PRI SCH,PRIMARY SCHOOL,PRIVATE,CENTRAL,THIKA,RUIRU,RUIRU,JUJA,KIAMBU,,-1.14,36.97
JUJA PREPARATORY PRI. SCH,PRIMARY SCHOOL,PRIVATE,CENTRAL,THIKA,RUIRU,JUJA,JUJA,KIAMBU,,-1.12,37
HIGHWAY VIEW ACADEMY PRI,PRIMARY SCHOOL,PRIVATE,CENTRAL,THIKA,RUIRU,RUIRU,JUJA,KIAMBU,,-1.13,36.98
NYERI HILL ACA.PRY,PRIMARY SCHOOL,PRIVATE,CENTRAL,NYERI,TETU,MAHOYA,TETU,NYERI,,-0.41,36.89
RISE & SHINE PRI SCH,PRIMARY SCHOOL,PRIVATE,CENTRAL,THIKA,RUIRU,RUIRU,JUJA,KIAMBU,,-1.14,37.02
WOODLAND ACADEMY - PRI,PRIMARY SCHOOL,PRIVATE,CENTRAL,THIKA,RUIRU,RUIRU,JUJA,KIAMBU,,-1.14,36.99
FLORA MODEL PRY,PRIMARY SCHOOL,PRIVATE,CENTRAL,NYERI,TETU,MAHOYA,TETU,NYERI,,-0.41,36.89
CAMP DAVID JUNIOR PRI SCH,PRIMARY SCHOOL,PRIVATE,CENTRAL,THIKA,MUNICIPALITY,THIKA MUNICIPALITY,JUJA,KIAMBU,,-1.06,37.11
ROSKA ACADEMY PRI,PRIMARY SCHOOL,PRIVATE,CENTRAL,THIKA,MUNICIPALITY,THIKA MUNICIPALITY,JUJA,KIAMBU,,-1.05,37.08
ST.PAUL'S-KIGANJO PRI SCH,PRIMARY SCHOOL,PRIVATE,CENTRAL,THIKA,MUNICIPALITY,THIKA MUNICIPALITY,JUJA,KIAMBU,,-1.08,37.1
HUHOINI UNDUGU ACA PRI,PRIMARY SCHOOL,PRIVATE,CENTRAL,NYERI,MATHIRA,NGORANO,MATHIRA,NYERI,,-0.42,37.07
GOODWISH SCHOOL,PRIMARY SCHOOL,PRIVATE,CENTRAL,THIKA,MUNICIPALITY - THIKA,THIKA MUNICIPALITY,JUJA,KIAMBU,,-1.05,37.09
VALLEY GARDENS ACA PRY,PRIMARY SCHOOL,PRIVATE,CENTRAL,NYERI,TETU,AGUTHI,TETU,NYERI,,-0.51,37.04
BISHOP GATIMU MUTATHINI PRI,PRIMARY SCHOOL,PRIVATE,CENTRAL,NYERI,TETU,GAAKI,TETU,NYERI,,-0.47,36.98
AIC NDERU PRI,PRIMARY SCHOOL,PRIVATE,CENTRAL,KIAMBU,LIMURU,NDEIYA,LIMURU,KIAMBU,,-1.14,36.6
ST.DAVID'S PRI SCH,PRIMARY SCHOOL,PRIVATE,CENTRAL,THIKA,MUNICIPALITY,THIKA MUNICIPALITY,JUJA,KIAMBU,,-1.04,37.08
BISHOP NJUGUNA ACADEMY  PRI SCH,PRIMARY SCHOOL,PRIVATE,CENTRAL,THIKA,MUNICIPALITY,THIKA MUNICIPALITY,JUJA,KIAMBU,,-1.04,37.09
JEAN-CORNEL PRI,PRIMARY SCHOOL,PRIVATE,CENTRAL,KIAMBU,LIMURU,RIRONI,LIMURU,KIAMBU,,-1.16,36.62
BEST WISHES ACADEMY PRI,PRIMARY SCHOOL,PRIVATE,CENTRAL,KIAMBU,LARI,KAMBURU,LARI,KIAMBU,,-1.03,36.73
ST JOSEPH KIBISOMN ACADEMY,PRIMARY SCHOOL,PRIVATE,RIFT VALLEY,NANDI SOUTH,ALDAI,ALDAI,MUGEN,BOMET,,0.06,34.86
KAMAHIA MODEL PRI SCH,PRIMARY SCHOOL,PRIVATE,CENTRAL,KIAMBU,LARI,KAMBURU,LARI,KIAMBU,,-1.03,36.71
ST PANTELEMON KIMEREK ACADEMY,PRIMARY SCHOOL,PRIVATE,RIFT VALLEY,NANDI SOUTH,ALDAI,ALDAI,MUGEN,BOMET,,0.05,34.88
AHADI JUNIOR ACADEMY PRI,PRIMARY SCHOOL,PRIVATE,CENTRAL,KIAMBU,LARI,KAMBURU,LARI,KIAMBU,,-1.02,36.7
LUCY MATESON PRY,PRIMARY SCHOOL,PRIVATE,CENTRAL,KIAMBU,LARI,KAMBURU,LARI,KIAMBU,,-1.01,36.71
GRACIOUS SCHOOL PRIMARY,PRIMARY SCHOOL,PRIVATE,CENTRAL,KIAMBU,KIKUYU,KABETE,KABETE,KIAMBU,,-1.21,36.7
KAMBURU PRI,PRIMARY SCHOOL,PRIVATE,CENTRAL,KIAMBU,LARI,KAMBURU,LARI,KIAMBU,,-1.02,36.74
ACK RIVERSIDE PREPARATORY SCH,PRIMARY SCHOOL,PRIVATE,CENTRAL,KIAMBU,GITHUNGURI,KOMOTHAI,GITHUNGURI,KIAMBU,,-1.06,36.83
NAROK ADVENTIST PRI SCH,PRIMARY SCHOOL,PRIVATE,RIFT VALLEY,NAROK,CENTRAL - NAROK,NAROK NORTH,LOWER MELILI,NAROK,,-1.08,35.87
ST PHILLIPS KIHARA ACADEMY,PRIMARY SCHOOL,PRIVATE,CENTRAL,KIAMBU,KIAMBAA,KIHARA,KIAMBAA,KIAMBU,,-1.21,36.76
ST PETERS ACADEMY,PRIMARY SCHOOL,PRIVATE,RIFT VALLEY,NAROK,CENTRAL - NAROK,NAROK NORTH,LOWER MELILI,NAROK,,-1.08,35.88
HIGHBRIDGES ACADEMY,PRIMARY SCHOOL,PRIVATE,CENTRAL,KIAMBU,KIAMBAA,KIHARA,KIAMBAA,KIAMBU,,-1.19,36.73
WAKA ACADEMY PRI,PRIMARY SCHOOL,PRIVATE,CENTRAL,KIAMBU,KIAMBAA,KIHARA,KIAMBAA,KIAMBU,,-1.21,36.75
NANNYS JUNIOR SCHOOL- PRIMARY,PRIMARY SCHOOL,PRIVATE,CENTRAL,KIAMBU,KIKUYU,NYATHUNA,KABETE,KIAMBU,,-1.2,36.72
PEN ELITE ACADEMY PRI,PRIMARY SCHOOL,PRIVATE,CENTRAL,KIAMBU,LARI,GATAMAIYU,LARI,KIAMBU,,-1.03,36.78
ST AUGUSTINE CATHOLIC PRI KIAMBURURU,PRIMARY SCHOOL,PRIVATE,CENTRAL,KIAMBU,GITHUNGURI,KOMOTHAI,GITHUNGURI,KIAMBU,,-1.04,36.81
ST JOSEPH RICHETTI PRI SCH,PRIMARY SCHOOL,PRIVATE,CENTRAL,KIAMBU,KIAMBAA,KIAMBAA,KIAMBAA,KIAMBU,,-1.17,36.76
BRIDGEWAY SCHOOL,PRIMARY SCHOOL,PRIVATE,CENTRAL,KIAMBU,KIKUYU,NYATHUNA,KABETE,KIAMBU,,-1.19,36.7
HARMONY PRI NAROK,PRIMARY SCHOOL,PRIVATE,RIFT VALLEY,NAROK,CENTRAL - NAROK,NAROK NORTH,LOWER MELILI,NAROK,,-1.09,35.88
JUVYA JNR ACA,PRIMARY SCHOOL,PRIVATE,CENTRAL,KIAMBU,KIAMBAA,KIHARA,KIAMBAA,KIAMBU,,-1.21,36.78
ST PAULS ACADEMY KIBOSWA,PRIMARY SCHOOL,PRIVATE,RIFT VALLEY,NANDI SOUTH,ALDAI,ALDAI,TERIK,TRANS NZOIA,,-0.02,34.75
WISDOM POT SCH,PRIMARY SCHOOL,PRIVATE,CENTRAL,KIAMBU,KIAMBAA,KIHARA,KIAMBAA,KIAMBU,,-1.21,36.77
A.I.C GIKUNI ACADEMY,PRIMARY SCHOOL,PRIVATE,CENTRAL,KIAMBU,KIKUYU,NYATHUNA,KABETE,KIAMBU,,-1.19,36.7
GLORY LAND ACADEMY,PRIMARY SCHOOL,PRIVATE,CENTRAL,KIAMBU,KIAMBAA,KIHARA,KIAMBAA,KIAMBU,,-1.21,36.76
KANGEMA JUNIOR ACADEMY,PRIMARY SCHOOL,PRIVATE,CENTRAL,KIAMBU,KIKUYU,NYATHUNA,KABETE,KIAMBU,,-1.19,36.7
KIRURI ACA PRI,PRIMARY SCHOOL,PRIVATE,CENTRAL,KIAMBU,LARI,GATAMAIYU,LARI,KIAMBU,,-1.01,36.77
WHITE COTTAGE SCH,PRIMARY SCHOOL,PRIVATE,CENTRAL,KIAMBU,KIAMBAA,KIHARA,KIAMBAA,KIAMBU,,-1.22,36.76
ST. PETERS NDUNYU ACADEMY PRI,PRIMARY SCHOOL,PRIVATE,CENTRAL,KIAMBU,KIKUYU,KABETE,KABETE,KIAMBU,,-1.21,36.71
LIGHT HOUSE ACADEMY,PRIMARY SCHOOL,PRIVATE,RIFT VALLEY,NAROK,CENTRAL - NAROK,NAROK NORTH,LOWER MELILI,NAROK,,-1.08,35.86
MITCGA PRI SCH,PRIMARY SCHOOL,PRIVATE,CENTRAL,KIAMBU,KIAMBAA,KIHARA,KIAMBAA,KIAMBU,,-1.21,36.75
KOLOCH BAPTIST ACADEMY,PRIMARY SCHOOL,PRIVATE,RIFT VALLEY,NANDI SOUTH,ALDAI,ALDAI,KEMELOI,TRANS NZOIA,,0.09,34.88
SACRED OASIS PREPARATORY PRI,PRIMARY SCHOOL,PRIVATE,CENTRAL,KIAMBU,KIKUYU,NYATHUNA,KABETE,KIAMBU,,-1.18,36.68
KAIRI HILLS ACADEMY,PRIMARY SCHOOL,PRIVATE,CENTRAL,KIAMBU,GITHUNGURI,NGEWA,GITHUNGURI,KIAMBU,,-1.08,36.83
LEGACY PRI SCH,PRIMARY SCHOOL,PRIVATE,RIFT VALLEY,NAROK,CENTRAL - NAROK,NAROK NORTH,LOWER MELILI,NAROK,,-1.07,35.87
MONI-JUNIOR PRI SCH,PRIMARY SCHOOL,PRIVATE,CENTRAL,KIAMBU,KIAMBAA,KIHARA,KIAMBAA,KIAMBU,,-1.21,36.75
NAROK JUNIOR ACADEMY,PRIMARY SCHOOL,PRIVATE,RIFT VALLEY,NAROK,CENTRAL - NAROK,NAROK NORTH,LOWER MELILI,NAROK,,-1.08,35.87
GOOD FOUNDATION ACADEMY PRI,PRIMARY SCHOOL,PRIVATE,CENTRAL,KIAMBU,KIKUYU,KINOO,KABETE,KIAMBU,,-1.25,36.7
SANJO PRI SCH,PRIMARY SCHOOL,PRIVATE,CENTRAL,KIAMBU,LARI,GATAMAIYU,LARI,KIAMBU,,-1,36.75
WINAFURAHA PRI SCH,PRIMARY SCHOOL,PRIVATE,CENTRAL,KIAMBU,KIAMBAA,KIHARA,KIAMBAA,KIAMBU,,-1.21,36.74
THE PINK ROSES ACADEMY,PRIMARY SCHOOL,PRIVATE,CENTRAL,KIAMBU,GITHUNGURI,NGEWA,GITHUNGURI,KIAMBU,,-1.09,36.84
ST EDGAR PRI SCH,PRIMARY SCHOOL,PRIVATE,CENTRAL,KIAMBU,KIKUYU,KINOO,KABETE,KIAMBU,,-1.26,36.72
ALOE VERA PRI SCH,PRIMARY SCHOOL,PRIVATE,CENTRAL,KIAMBU,KIAMBAA,KIHARA,KIAMBAA,KIAMBU,,-1.19,36.73
CEDAR GROVE JUNIOR ACADEMY - PRI,PRIMARY SCHOOL,PRIVATE,CENTRAL,KIAMBU,KIKUYU,KINOO,KABETE,KIAMBU,,-1.26,36.72
HANJET VISION ACADEMY,PRIMARY SCHOOL,PRIVATE,CENTRAL,KIAMBU,GITHUNGURI,NGEWA,GITHUNGURI,KIAMBU,,-1.1,36.85
ST MATHEW JUNIOR SCHOOL,PRIMARY SCHOOL,PRIVATE,CENTRAL,THIKA,RUIRU,RUIRU,JUJA,KIAMBU,,-1.22,36.94
SALAMU ACADEMY,PRIMARY SCHOOL,PRIVATE,RIFT VALLEY,NANDI SOUTH,ALDAI,ALDAI,KEMELOI,TRANS NZOIA,,0.13,34.89
JUWAWA PRI SCH,PRIMARY SCHOOL,PRIVATE,CENTRAL,KIAMBU,KIAMBAA,RUAKA,KIAMBAA,KIAMBU,,-1.2,36.76
PRECIOUS SITE ACADEMY PRI SCH,PRIMARY SCHOOL,PRIVATE,CENTRAL,KIAMBU,LARI,GATAMAIYU,LARI,KIAMBU,,-1,36.71
SIFA PRI SCH,PRIMARY SCHOOL,PRIVATE,CENTRAL,KIAMBU,KIAMBAA,RUAKA,KIAMBAA,KIAMBU,,-1.2,36.76
PILU ACADEMY,PRIMARY SCHOOL,PRIVATE,CENTRAL,KIAMBU,GITHUNGURI,NGEWA,GITHUNGURI,KIAMBU,,-1.1,36.87
ECOLE ALEXANDRA,PRIMARY SCHOOL,PRIVATE,CENTRAL,KIAMBU,LIMURU,LIMURU,LIMURU,KIAMBU,,-1.11,36.64
NAROK CHURCH OF CHRIST ACADEMY,PRIMARY SCHOOL,PRIVATE,RIFT VALLEY,NAROK,CENTRAL - NAROK,NAROK NORTH,LOWER MELILI,NAROK,,-1.08,35.87
OUR LADY OF PEACE PRI,PRIMARY SCHOOL,PRIVATE,RIFT VALLEY,NANDI SOUTH,NANDI HILLS,TINDERET,KAPLELMET,TRANS NZOIA,,0.11,35.18
ECLAT PREMIER PRI SCH,PRIMARY SCHOOL,PRIVATE,CENTRAL,KIAMBU,LARI,NYANDUMA,LARI,KIAMBU,,-0.99,36.76
ACK ST ANDREWS PRI,PRIMARY SCHOOL,PRIVATE,CENTRAL,KIAMBU,LIMURU,LIMURU,LIMURU,KIAMBU,,-1.11,36.64
NANDI HILLS HIGHVIEW ACADEMY,PRIMARY SCHOOL,PRIVATE,RIFT VALLEY,NANDI SOUTH,NANDI HILLS,TINDERET,CHEBARUS,BOMET,,0.1,35.18
GRACE PRIMARY SCHOOL,PRIMARY SCHOOL,PRIVATE,CENTRAL,KIAMBU,LIMURU,LIMURU,LIMURU,KIAMBU,,-1.11,36.64
ANDUS ACADEMY,PRIMARY SCHOOL,PRIVATE,CENTRAL,KIAMBU,GITHUNGURI,KOMOTHAI,GITHUNGURI,KIAMBU,,-1.07,36.86
KIPRIRIA HILLS ACADEMY,PRIMARY SCHOOL,PRIVATE,RIFT VALLEY,NANDI SOUTH,NANDI HILLS,TINDERET,KAPLELMET,TRANS NZOIA,,0.1,35.18
GRACE ACADEMY PRI,PRIMARY SCHOOL,PRIVATE,CENTRAL,KIAMBU,LARI,NYANDUMA,LARI,KIAMBU,,-0.99,36.76
ST STEPHENS PRI SCH,PRIMARY SCHOOL,PRIVATE,CENTRAL,KIAMBU,LIMURU,LIMURU,LIMURU,KIAMBU,,-1.1,36.64
NEEMA JUNIOR ACADEMY,PRIMARY SCHOOL,PRIVATE,CENTRAL,KIAMBU,GITHUNGURI,KOMOTHAI,GITHUNGURI,KIAMBU,,-1.05,36.86
ST TERESA PRI SCH,PRIMARY SCHOOL,PRIVATE,CENTRAL,KIAMBU,LARI,NYANDUMA,LARI,KIAMBU,,-0.98,36.75
JOSSY PRI SCH,PRIMARY SCHOOL,PRIVATE,CENTRAL,KIAMBU,LIMURU,LIMURU,LIMURU,KIAMBU,,-1.1,36.63
WARIU JUNIOR ACADEMY,PRIMARY SCHOOL,PRIVATE,CENTRAL,KIAMBU,GITHUNGURI,KOMOTHAI,GITHUNGURI,KIAMBU,,-1.05,36.87
FURAHA  PRI SCH,PRIMARY SCHOOL,PRIVATE,CENTRAL,KIAMBU,LIMURU,LIMURU,LIMURU,KIAMBU,,-1.09,36.63
CANNAN ACADEMY PRI SCH,PRIMARY SCHOOL,PRIVATE,CENTRAL,KIAMBU,LARI,NYANDUMA,LARI,KIAMBU,,-0.97,36.72
AUNTIE MAGGIE PREP SCH,PRIMARY SCHOOL,PRIVATE,CENTRAL,KIAMBU,GITHUNGURI,KOMOTHAI,GITHUNGURI,KIAMBU,,-1.04,36.86
PCEA RWAMBOGO PRI SCH,PRIMARY SCHOOL,PRIVATE,CENTRAL,KIAMBU,LIMURU,LIMURU,LIMURU,KIAMBU,,-1.08,36.63
FRARET PREPARATORY,PRIMARY SCHOOL,PRIVATE,CENTRAL,KIAMBU,GITHUNGURI,KOMOTHAI,GITHUNGURI,KIAMBU,,-1.06,36.84
KIMENDE PRESTIGE ACADEMY PRI,PRIMARY SCHOOL,PRIVATE,CENTRAL,KIAMBU,LARI,KIJABE,LARI,KIAMBU,,-0.98,36.63
HILLCREST JUNIOR ACADEMY PRIMARY,PRIMARY SCHOOL,PRIVATE,CENTRAL,KIAMBU,KIAMBAA,KIAMBAA S/AREA,KIAMBAA,KIAMBU,,-1.17,36.82
ST. PETER AND PAUL CATHOLIC  PRIMARY,PRIMARY SCHOOL,PRIVATE,CENTRAL,KIAMBU,KIAMBAA,KIAMBAA S/AREA,KIAMBAA,KIAMBU,,-1.17,36.82
IDEAL PREP SCH,PRIMARY SCHOOL,PRIVATE,CENTRAL,KIAMBU,GITHUNGURI,KOMOTHAI,GITHUNGURI,KIAMBU,,-1.05,36.82
LIMURU METHODIST PRI SCH,PRIMARY SCHOOL,PRIVATE,CENTRAL,KIAMBU,LIMURU,KARAMBAINI,LIMURU,KIAMBU,,-1.11,36.65
UNCLE MUSA,PRIMARY SCHOOL,PRIVATE,CENTRAL,KIAMBU,GITHUNGURI,KOMOTHAI,GITHUNGURI,KIAMBU,,-1.04,36.83
ACK NYATHUNA PRI,PRIMARY SCHOOL,PRIVATE,CENTRAL,KIAMBU,KIKUYU,NYATHUNA,KABETE,KIAMBU,,-1.18,36.68
KING DAVID ACA,PRIMARY SCHOOL,PRIVATE,CENTRAL,KIAMBU,KIKUYU,NYATHUNA,KABETE,KIAMBU,,-1.18,36.68
GLORY DAVEST JNR ACADEMY,PRIMARY SCHOOL,PRIVATE,CENTRAL,KIAMBU,GITHUNGURI,KOMOTHAI,GITHUNGURI,KIAMBU,,-1.03,36.83
COMEJUU PREMIER ACADEMY,PRIMARY SCHOOL,PRIVATE,CENTRAL,KIAMBU,GITHUNGURI,KOMOTHAI,GITHUNGURI,KIAMBU,,-1.03,36.83
A.C.K SAINT PETERS ACADEMY,PRIMARY SCHOOL,PRIVATE,CENTRAL,KIAMBU,KIAMBAA,NDUMBERI,KIAMBAA,KIAMBU,,-1.15,36.8
KARURI MSINGI BORA ACADEMY,PRIMARY SCHOOL,PRIVATE,CENTRAL,KIAMBU,KIAMBAA,KIAMBAA,KIAMBAA,KIAMBU,,-1.18,36.75
PLEASANT VIEW SCHOOL LTD,PRIMARY SCHOOL,PRIVATE,CENTRAL,KIAMBU,GITHUNGURI,KOMOTHAI,GITHUNGURI,KIAMBU,,-1.01,36.81
ST JOSEPHS THE WORKER PRIMARY,PRIMARY SCHOOL,PRIVATE,CENTRAL,KIAMBU,KIAMBAA,TING'ANG'A,KIAMBAA,KIAMBU,,-1.13,36.82
PLEASANT VIEW SCHOOL,PRIMARY SCHOOL,PRIVATE,CENTRAL,KIAMBU,GITHUNGURI,KOMOTHAI,GITHUNGURI,KIAMBU,,-1.02,36.81
AUNTDAY JUNIOR ACADEMY PRY,PRIMARY SCHOOL,PRIVATE,CENTRAL,KIAMBU,KIAMBAA,TING'ANG'A,KIAMBAA,KIAMBU,,-1.13,36.81
ONDIRI JUNIOR ACADEMY PRIMARY,PRIMARY SCHOOL,PRIVATE,CENTRAL,KIAMBU,KIKUYU,MUGUGA,KABETE,KIAMBU,,-1.24,36.66
NICHE ACADEMY PRIMARY,PRIMARY SCHOOL,PRIVATE,CENTRAL,KIAMBU,KIKUYU,MUGUGA,KABETE,KIAMBU,,-1.23,36.67
VANTAGE PRIMARY SCHOOL,PRIMARY SCHOOL,PRIVATE,CENTRAL,KIAMBU,KIKUYU,MUGUGA,KABETE,KIAMBU,,-1.23,36.67
ACK KANJAI ACADEMY,PRIMARY SCHOOL,PRIVATE,CENTRAL,KIAMBU,GITHUNGURI,GITHUNGURI,GITHUNGURI,KIAMBU,,-1.06,36.8
ENYA JUNIOR PRIMARY,PRIMARY SCHOOL,PRIVATE,CENTRAL,KIAMBU,KIKUYU,MUGUGA,KABETE,KIAMBU,,-1.24,36.68
JOHANNA ACADEMY PRI SCH,PRIMARY SCHOOL,PRIVATE,CENTRAL,KIAMBU,GITHUNGURI,NGEWA,GITHUNGURI,KIAMBU,,-1.08,36.85
KAGA ACADEMY PRIMARY,PRIMARY SCHOOL,PRIVATE,CENTRAL,KIAMBU,KIKUYU,KINOO,KABETE,KIAMBU,,-1.25,36.69
CERI ACADEMY,PRIMARY SCHOOL,PRIVATE,CENTRAL,KIAMBU,KIAMBAA,WAGUTHU,KIAMBAA,KIAMBU,,-1.16,36.79
ST EMMANUEL PRI,PRIMARY SCHOOL,PRIVATE,CENTRAL,KIAMBU,LIMURU,NDEIYA,LIMURU,KIAMBU,,-1.16,36.59
ST. JOHN'S HIGH VISION ACADEMY,PRIMARY SCHOOL,PRIVATE,CENTRAL,THIKA,MUNICIPALITY,THIKA MUNICIPALITY,JUJA,KIAMBU,,-1.04,37.08
BENVER ACADEMY,PRIMARY SCHOOL,PRIVATE,CENTRAL,KIAMBU,LIMURU,NDEIYA,LIMURU,KIAMBU,,-1.18,36.6
PCEA ELIJAH KAGIRI PRI SCH,PRIMARY SCHOOL,PRIVATE,CENTRAL,THIKA,MUNICIPALITY,THIKA MUNICIPALITY,JUJA,KIAMBU,,-1.04,37.08
PARK HILL ACADEMY,PRIMARY SCHOOL,PRIVATE,CENTRAL,KIAMBU,LIMURU,NDEIYA,LIMURU,KIAMBU,,-1.2,36.6
LUMUKE ACADEMY,PRIMARY SCHOOL,PRIVATE,CENTRAL,KIAMBU,KIKUYU,KIKUYU,KABETE,KIAMBU,,-1.18,36.61
JEREMY ACADEMY,PRIMARY SCHOOL,PRIVATE,CENTRAL,KIAMBU,LIMURU,RIRONI,LIMURU,KIAMBU,,-1.16,36.65
HAPPY HOURS PRI SCH,PRIMARY SCHOOL,PRIVATE,CENTRAL,THIKA,MUNICIPALITY,THIKA MUNICIPALITY,JUJA,KIAMBU,,-1.04,37.07
ST MARYS JUNIOR ACADEMY,PRIMARY SCHOOL,PRIVATE,CENTRAL,KIAMBU,LIMURU,LIMURU,LIMURU,KIAMBU,,-1.12,36.63
VINEYARD PRI,PRIMARY SCHOOL,PRIVATE,CENTRAL,KIAMBU,LIMURU,RIRONI,LIMURU,KIAMBU,,-1.15,36.64
THIKA PENTAGON ACADEMY PRI SCH,PRIMARY SCHOOL,PRIVATE,CENTRAL,THIKA,MUNICIPALITY,THIKA MUNICIPALITY,JUJA,KIAMBU,,-1.07,37.08
HOPE ACADEMY,PRIMARY SCHOOL,PRIVATE,CENTRAL,KIAMBU,LIMURU,RIRONI,LIMURU,KIAMBU,,-1.16,36.65
MTUME ANDREW PRI SCH,PRIMARY SCHOOL,PRIVATE,CENTRAL,THIKA,MUNICIPALITY,THIKA MUNICIPALITY,JUJA,KIAMBU,,-1.06,37.08
ST.GEORGES ACADEMY PRI SCH,PRIMARY SCHOOL,PRIVATE,CENTRAL,THIKA,MUNICIPALITY,THIKA MUNICIPALITY,JUJA,KIAMBU,,-1.04,37.05
EARLY BIRD PRI,PRIMARY SCHOOL,PRIVATE,CENTRAL,KIAMBU,LIMURU,NGECHA,LIMURU,KIAMBU,,-1.17,36.67
BRIGHT FUTURE  PRI  SCH,PRIMARY SCHOOL,PRIVATE,CENTRAL,THIKA,MUNICIPALITY,THIKA MUNICIPALITY,JUJA,KIAMBU,,-1.04,37.04
HENJAM ACADEMY  PRI SCH,PRIMARY SCHOOL,PRIVATE,CENTRAL,THIKA,MUNICIPALITY,THIKA MUNICIPALITY,JUJA,KIAMBU,,-1.04,37.05
VALLEY VIEW PREPARATORY PRI SCH.,PRIMARY SCHOOL,PRIVATE,CENTRAL,KIAMBU,LIMURU,NGECHA,LIMURU,KIAMBU,,-1.16,36.67
MARY HILL ACADEMY,PRIMARY SCHOOL,PRIVATE,CENTRAL,KIAMBU,LIMURU,NGECHA,LIMURU,KIAMBU,,-1.16,36.67
ATUMWO PRI SCH,PRIMARY SCHOOL,PRIVATE,CENTRAL,THIKA,MUNICIPALITY,THIKA MUNICIPALITY,JUJA,KIAMBU,,-1.05,37.08
AUTO EXCEL  PRI SCH,PRIMARY SCHOOL,PRIVATE,CENTRAL,THIKA,MUNICIPALITY,THIKA MUNICIPALITY,JUJA,KIAMBU,,-1.05,37.08
ST ERNEST PRI SCH,PRIMARY SCHOOL,PRIVATE,CENTRAL,KIAMBU,LIMURU,TIGONI,LIMURU,KIAMBU,,-1.15,36.68
JONATHAN MEMORIAL ACADEMY PRI,PRIMARY SCHOOL,PRIVATE,CENTRAL,KIAMBU,KIKUYU,NYATHUNA,KABETE,KIAMBU,,-1.18,36.71
THIKA EDUCATION COMPLEX PRI SCH,PRIMARY SCHOOL,PRIVATE,CENTRAL,THIKA,MUNICIPALITY,THIKA MUNICIPALITY,JUJA,KIAMBU,,-1.04,37.09
TIGONI BAPTIST PRI,PRIMARY SCHOOL,PRIVATE,CENTRAL,KIAMBU,LIMURU,KARAMBAINI,LIMURU,KIAMBU,,-1.12,36.68
VICTOR'S PRI SCH,PRIMARY SCHOOL,PRIVATE,CENTRAL,THIKA,MUNICIPALITY,THIKA MUNICIPALITY,JUJA,KIAMBU,,-1.06,37.11
REV.MAANZO AIC ACADEMY PRI SCH,PRIMARY SCHOOL,PRIVATE,CENTRAL,THIKA,MUNICIPALITY,THIKA MUNICIPALITY,JUJA,KIAMBU,,-1.06,37.1
LIMURU INT. SCHOOL,PRIMARY SCHOOL,PRIVATE,CENTRAL,KIAMBU,LIMURU,TIGONI,LIMURU,KIAMBU,,-1.15,36.69
P.C.E.A DR. NGOIMA MEMORIAL SCH,PRIMARY SCHOOL,PRIVATE,CENTRAL,THIKA,MUNICIPALITY,THIKA MUNICIPALITY,JUJA,KIAMBU,,-1.05,37.11
ST.LUKES CHURCH ACADEMY  PRI SCH,PRIMARY SCHOOL,PRIVATE,CENTRAL,THIKA,MUNICIPALITY,THIKA MUNICIPALITY,JUJA,KIAMBU,,-1.05,37.1
GRAMABE ACADEMY,PRIMARY SCHOOL,PRIVATE,CENTRAL,KIAMBU,LIMURU,TIGONI,LIMURU,KIAMBU,,-1.15,36.67
ST. MANASSEH ACADEMY PRI SCH,PRIMARY SCHOOL,PRIVATE,CENTRAL,THIKA,MUNICIPALITY,THIKA MUNICIPALITY,JUJA,KIAMBU,,-1.06,37.1
ST. MARKS PRI,PRIMARY SCHOOL,PRIVATE,CENTRAL,THIKA,MUNICIPALITY,THIKA MUNICIPALITY,JUJA,KIAMBU,,-1.06,37.1
ESSY JUNIOR ACADEMY (PRI),PRIMARY SCHOOL,PRIVATE,CENTRAL,THIKA,MUNICIPALITY,THIKA MUNICIPALITY,JUJA,KIAMBU,,-1.05,37.1
KANVALE ACADEMY PRI,PRIMARY SCHOOL,PRIVATE,CENTRAL,KIAMBU,LIMURU,TIGONI,LIMURU,KIAMBU,,-1.13,36.69
ST. DAVIDS PLAINSVIEW ACADEMY  PRI SCH,PRIMARY SCHOOL,PRIVATE,CENTRAL,THIKA,MUNICIPALITY,THIKA MUNICIPALITY,JUJA,KIAMBU,,-1.05,37.1
ST JOSEPHINE ACADEMY  PRI SCH,PRIMARY SCHOOL,PRIVATE,CENTRAL,THIKA,MUNICIPALITY,THIKA MUNICIPALITY,JUJA,KIAMBU,,-1.05,37.1
PRIMROSE PRI SCH,PRIMARY SCHOOL,PRIVATE,CENTRAL,THIKA,MUNICIPALITY,THIKA MUNICIPALITY,JUJA,KIAMBU,,-1.05,37.1
HADAH JUNIOR ACADEMY,PRIMARY SCHOOL,PRIVATE,CENTRAL,KIAMBU,LIMURU,KARAMBAINI,LIMURU,KIAMBU,,-1.09,36.68
NEW BAMBINI PRI. SCH.,PRIMARY SCHOOL,PRIVATE,CENTRAL,THIKA,MUNICIPALITY,THIKA MUNICIPALITY,JUJA,KIAMBU,,-1.04,37.1
ST. MARTIN MEMORIAL PRI SCH,PRIMARY SCHOOL,PRIVATE,CENTRAL,THIKA,MUNICIPALITY,THIKA MUNICIPALITY,JUJA,KIAMBU,,-1.07,37.15
BROOKHILL SCHOOL,PRIMARY SCHOOL,PRIVATE,CENTRAL,KIAMBU,LIMURU,KARAMBAINI,LIMURU,KIAMBU,,-1.11,36.71
THIKA PRIME JUNIOR PRI SCH,PRIMARY SCHOOL,PRIVATE,CENTRAL,THIKA,MUNICIPALITY,THIKA MUNICIPALITY,JUJA,KIAMBU,,-1.06,37.15
RIARA RIDGE,PRIMARY SCHOOL,PRIVATE,CENTRAL,KIAMBU,LIMURU,KARAMBAINI,LIMURU,KIAMBU,,-1.11,36.71
THIKA BELLHOUSE ACADEMY PRI.SCH,PRIMARY SCHOOL,PRIVATE,CENTRAL,THIKA,MUNICIPALITY,THIKA MUNICIPALITY,JUJA,KIAMBU,,-1.05,37.14
ACK EMMANUEL PRI,PRIMARY SCHOOL,PRIVATE,CENTRAL,KIAMBU,LIMURU,KARAMBAINI,LIMURU,KIAMBU,,-1.13,36.72
ALLAMANO CHILDREN'S HOME,PRIMARY SCHOOL,PRIVATE,CENTRAL,KIAMBU,LIMURU,KARAMBAINI,LIMURU,KIAMBU,,-1.13,36.72
HEIGHT JUNIOR ACADEMY PRI.,PRIMARY SCHOOL,PRIVATE,CENTRAL,THIKA,MUNICIPALITY,THIKA MUNICIPALITY,JUJA,KIAMBU,,-1.06,37.13
FLAME TREE PRI. SCH.,PRIMARY SCHOOL,PRIVATE,CENTRAL,THIKA,MUNICIPALITY,THIKA MUNICIPALITY,JUJA,KIAMBU,,-1.05,37.13
HOLY ROSARY PRI,PRIMARY SCHOOL,PRIVATE,CENTRAL,KIAMBU,GITHUNGURI,IKINU,GITHUNGURI,KIAMBU,,-1.1,36.8
STEPPING STONES PREPARATORY PRI. SCH.,PRIMARY SCHOOL,PRIVATE,CENTRAL,THIKA,MUNICIPALITY,THIKA MUNICIPALITY,JUJA,KIAMBU,,-1.06,37.12
ZAKAWA PRI SCH,PRIMARY SCHOOL,PRIVATE,CENTRAL,THIKA,MUNICIPALITY,THIKA MUNICIPALITY,JUJA,KIAMBU,,-1.07,37.09
ST SUSAN ACADEMY,PRIMARY SCHOOL,PRIVATE,CENTRAL,KIAMBU,GITHUNGURI,IKINU,GITHUNGURI,KIAMBU,,-1.1,36.82
BEGINNERS PRI SCH,PRIMARY SCHOOL,PRIVATE,CENTRAL,THIKA,MUNICIPALITY,THIKA MUNICIPALITY,JUJA,KIAMBU,,-1.07,37.09
GLORY HILL ACADEMY,PRIMARY SCHOOL,PRIVATE,CENTRAL,KIAMBU,GITHUNGURI,NGEWA,GITHUNGURI,KIAMBU,,-1.1,36.83
GREENVALE PREPARATORY,PRIMARY SCHOOL,PRIVATE,CENTRAL,KIAMBU,GITHUNGURI,IKINU,GITHUNGURI,KIAMBU,,-1.1,36.79
MWANGAZA VISIONARY ACADEMY PRI SCH,PRIMARY SCHOOL,PRIVATE,COAST,KWALE,MATUGA,TSIMBA,MATUGA,KWALE,,-4.19,39.54
ABUBAKARI PRI  SCH,PRIMARY SCHOOL,PRIVATE,COAST,KWALE,MATUGA,WAA,MATUGA,KWALE,,-4.18,39.56
CHAFISI BAPTIST ACADEMY,PRIMARY SCHOOL,PRIVATE,COAST,MALINDI,MALINDI,GEDE,MALINDI,KILIFI,,-3.33,40.01
CREEZANS ACADEMY,PRIMARY SCHOOL,PRIVATE,COAST,MALINDI,MALINDI,WATAMU,MALINDI,KILIFI,,-3.33,40.01
INDI ACADEMY,PRIMARY SCHOOL,PRIVATE,COAST,MALINDI,MALINDI,WATAMU,MALINDI,KILIFI,,-3.35,40.02
VISION OF HOPE ACADEMY PRI SCH,PRIMARY SCHOOL,PRIVATE,COAST,KWALE,MATUGA,WAA,MATUGA,KWALE,,-4.17,39.57
BETHANY JUNIOR ACADEMY,PRIMARY SCHOOL,PRIVATE,COAST,MALINDI,MALINDI,WATAMU,MALINDI,KILIFI,,-3.35,40.01
GAKALE ACADEMY PRI SCH,PRIMARY SCHOOL,PRIVATE,COAST,KWALE,MATUGA,WAA,MATUGA,KWALE,,-4.19,39.59
SONNETI ACADEMY,PRIMARY SCHOOL,PRIVATE,COAST,MALINDI,MALINDI,GEDE,MALINDI,KILIFI,,-3.34,40.01
SAWA SAWA ACADEMY,PRIMARY SCHOOL,PRIVATE,COAST,MALINDI,MALINDI,GEDE,MALINDI,KILIFI,,-3.34,40.01
TIWI REDEEMED ACADEMY PRI  SCH,PRIMARY SCHOOL,PRIVATE,COAST,KWALE,MATUGA,TIWI,MATUGA,KWALE,,-4.23,39.58
TIWI BAPTIST ACADEMY PRI  SCH,PRIMARY SCHOOL,PRIVATE,COAST,KWALE,MATUGA,TIWI,MATUGA,KWALE,,-4.23,39.59
SILVERSTONE JUNIOR SCHOOL,PRIMARY SCHOOL,PRIVATE,COAST,MALINDI,MALINDI,WATAMU,MALINDI,KILIFI,,-3.35,40.02
WATAMU SDA JUNIOR  SCHOOL,PRIMARY SCHOOL,PRIVATE,COAST,MALINDI,MALINDI,WATAMU,MALINDI,KILIFI,,-3.35,40.02
SITA HIDDEN ACADEMY,PRIMARY SCHOOL,PRIVATE,COAST,MALINDI,MALINDI,GEDE,MALINDI,KILIFI,,-3.32,40
CHURCH OF CHRIST SCH,PRIMARY SCHOOL,PRIVATE,COAST,MALINDI,MALINDI,GEDE,MALINDI,KILIFI,,-3.35,39.93
SOUTHERN STARS JUNIOR ACADEMY PRY SCH,PRIMARY SCHOOL,PRIVATE,COAST,KWALE,MATUGA,TIWI,MATUGA,KWALE,,-4.25,39.57
BAMBAKOFI ACADEMY,PRIMARY SCHOOL,PRIVATE,COAST,MALINDI,MALINDI,GEDE,MALINDI,KILIFI,,-3.29,40.01
KENYA CALCIUM PRI SCH,PRIMARY SCHOOL,PRIVATE,COAST,KWALE,MATUGA,WAA,MATUGA,KWALE,,-4.17,39.62
IQRA JUNIOR PRI SCH,PRIMARY SCHOOL,PRIVATE,COAST,KWALE,MATUGA,NGOMBENI,MATUGA,KWALE,,-4.14,39.62
KINGDOM HERITAGE SCH PRI,PRIMARY SCHOOL,PRIVATE,COAST,MOMBASA,ISLAND,TUDOR,CHANGAMWE,MOMBASA,,-4.03,39.66
P.C.E.A. MAKUPA ACADEMY PRI,PRIMARY SCHOOL,PRIVATE,COAST,MOMBASA,ISLAND,TUDOR,CHANGAMWE,MOMBASA,,-4.04,39.66
SOUTHGATE ACADEMY PRI,PRIMARY SCHOOL,PRIVATE,COAST,KILIFI,BAHARI,KILIFI TOWNSHIP,BAHARI,KILIFI,,-3.62,39.85
PWANI LITTLE GRADUATES,PRIMARY SCHOOL,PRIVATE,COAST,KILIFI,BAHARI,KILIFI TOWNSHIP,BAHARI,KILIFI,,-3.61,39.86
AIPCA MAKANDE ACADEMY PRI,PRIMARY SCHOOL,PRIVATE,COAST,MOMBASA,ISLAND,TUDOR,CHANGAMWE,MOMBASA,,-4.04,39.65
SAWA SAWA PRI,PRIMARY SCHOOL,PRIVATE,COAST,KILIFI,BAHARI,KILIFI TOWNSHIP,BAHARI,KILIFI,,-3.61,39.85
HARTRIDGE ACADEMY PRI,PRIMARY SCHOOL,PRIVATE,COAST,MOMBASA,ISLAND,TUDOR,CHANGAMWE,MOMBASA,,-4.04,39.66
BHADALA PRI SCH,PRIMARY SCHOOL,PRIVATE,COAST,MOMBASA,ISLAND,TUDOR,CHANGAMWE,MOMBASA,,-4.04,39.66
ST. JUDES COAST PREPARATORY,PRIMARY SCHOOL,PRIVATE,COAST,KILIFI,BAHARI,TEZO,BAHARI,KILIFI,,-3.6,39.84
AL-FAT'IHAH ACADEMY PRI,PRIMARY SCHOOL,PRIVATE,COAST,MOMBASA,ISLAND,TONONOKA,MVITA,MOMBASA,,-4.05,39.67
BAHARI MODEL ACADEMY,PRIMARY SCHOOL,PRIVATE,COAST,KILIFI,BAHARI,KILIFI TOWNSHIP,BAHARI,KILIFI,,-3.61,39.86
KARDATZKE PRI SCH,PRIMARY SCHOOL,PRIVATE,COAST,MOMBASA,ISLAND,TONONOKA,MVITA,MOMBASA,,-4.04,39.67
TUMAINI ACADEMY PRI  SCH,PRIMARY SCHOOL,PRIVATE,COAST,KWALE,KUBO,DIANI,MSAMBWENI,KWALE,,-4.27,39.56
NEW SHAMY SCH PRI,PRIMARY SCHOOL,PRIVATE,COAST,MOMBASA,ISLAND,TONONOKA,MVITA,MOMBASA,,-4.04,39.66
LUHAR PRI SCH,PRIMARY SCHOOL,PRIVATE,COAST,MOMBASA,ISLAND,TONONOKA,MVITA,MOMBASA,,-4.04,39.66
ST. ANIORITA MIVUMA PRI  SCH,PRIMARY SCHOOL,PRIVATE,COAST,KWALE,KUBO,DIANI,MSAMBWENI,KWALE,,-4.27,39.58
IQRA ACADEMY - PRI,PRIMARY SCHOOL,PRIVATE,COAST,MOMBASA,ISLAND,TONONOKA,MVITA,MOMBASA,,-4.04,39.66
ST JESSICA PRI SCH,PRIMARY SCHOOL,PRIVATE,COAST,KWALE,KUBO,DIANI,MSAMBWENI,KWALE,,-4.27,39.57
THE TAWFIQ MUSLIM PRY  SCH,PRIMARY SCHOOL,PRIVATE,COAST,MOMBASA,ISLAND,TONONOKA,MVITA,MOMBASA,,-4.04,39.66
TRIZA JUNIOR SCH PRI,PRIMARY SCHOOL,PRIVATE,COAST,MOMBASA,ISLAND,TONONOKA,MVITA,MOMBASA,,-4.04,39.66
F.P.F.K KAYA AC. PRY,PRIMARY SCHOOL,PRIVATE,COAST,KWALE,KUBO,DIANI,MSAMBWENI,KWALE,,-4.28,39.57
ALFA ACADEMY PRI,PRIMARY SCHOOL,PRIVATE,COAST,MOMBASA,ISLAND,TONONOKA,MVITA,MOMBASA,,-4.04,39.66
FAITH ACA PRI SCH,PRIMARY SCHOOL,PRIVATE,COAST,KWALE,KUBO,DIANI,MSAMBWENI,KWALE,,-4.28,39.57
GALANA RANCH PRIMARY SCH,PRIMARY SCHOOL,PRIVATE,COAST,MALINDI,MALINDI,CHAKAMA,MALINDI,KILIFI,,-3.06,39.33
FAHMAN ACADEMY - PRI,PRIMARY SCHOOL,PRIVATE,COAST,MOMBASA,ISLAND,TONONOKA,MVITA,MOMBASA,,-4.04,39.66
ST MERCY ACADEMY DIANI PRY,PRIMARY SCHOOL,PRIVATE,COAST,KWALE,KUBO,DIANI,MSAMBWENI,KWALE,,-4.28,39.57
MATUNDA BORA ACA PRY,PRIMARY SCHOOL,PRIVATE,COAST,KWALE,MSAMBWENI,PONGWE/KIDIMU,MSAMBWENI,KWALE,,-4.64,39.38
LOGITECH PRI SCH,PRIMARY SCHOOL,PRIVATE,COAST,KWALE,KUBO,DIANI,MSAMBWENI,KWALE,,-4.32,39.55
ISLAND PRI SCH,PRIMARY SCHOOL,PRIVATE,COAST,MOMBASA,ISLAND,TONONOKA,MVITA,MOMBASA,,-4.05,39.67
NASSERPURIA PRI SCH,PRIMARY SCHOOL,PRIVATE,COAST,MOMBASA,ISLAND,TONONOKA,MVITA,MOMBASA,,-4.05,39.67
KUMBHAR PRI SCH,PRIMARY SCHOOL,PRIVATE,COAST,MOMBASA,ISLAND,TONONOKA,MVITA,MOMBASA,,-4.05,39.67
LAMUKANI PRY,PRIMARY SCHOOL,PRIVATE,COAST,KWALE,MSAMBWENI,PONGWE/KIDIMU,MSAMBWENI,KWALE,,-4.6,39.35
EDDIE JUNIOR ACADEMY PRI SCH,PRIMARY SCHOOL,PRIVATE,COAST,KILIFI,BAHARI,TEZO,BAHARI,KILIFI,,-3.57,39.87
SHIGOG ACADEMY PRI,PRIMARY SCHOOL,PRIVATE,COAST,MOMBASA,ISLAND,TONONOKA,MVITA,MOMBASA,,-4.05,39.67
LITTLE FLOWER PRI SCH,PRIMARY SCHOOL,PRIVATE,COAST,MOMBASA,ISLAND,TONONOKA,MVITA,MOMBASA,,-4.05,39.67
GEB JUNIOR ACADEMY PRI,PRIMARY SCHOOL,PRIVATE,COAST,KILIFI,BAHARI,TEZO,BAHARI,KILIFI,,-3.57,39.87
KILIFI HIGHLIGHTS ACADEMY (PRI),PRIMARY SCHOOL,PRIVATE,COAST,KILIFI,BAHARI,KILIFI TOWNSHIP,BAHARI,KILIFI,,-3.63,39.85
HUDAA ACADEMY,PRIMARY SCHOOL,PRIVATE,COAST,KILIFI,BAHARI,KILIFI TOWNSHIP,BAHARI,KILIFI,,-3.63,39.85
SOGAN COMMUNITY SCH,PRIMARY SCHOOL,PRIVATE,COAST,MOMBASA,LIKONI,LIKONI,LIKONI,MOMBASA,,-4.08,39.65
BUSTANI BORA ACADEMY,PRIMARY SCHOOL,PRIVATE,COAST,KILIFI,BAHARI,TEZO,BAHARI,KILIFI,,-3.53,39.86
GRACE ACADEMY - PRI SCH,PRIMARY SCHOOL,PRIVATE,COAST,MOMBASA,LIKONI,LIKONI,LIKONI,MOMBASA,,-4.08,39.65
PAJI LA MUNGU ACADEMY PRI SCH,PRIMARY SCHOOL,PRIVATE,COAST,MOMBASA,LIKONI,LIKONI,LIKONI,MOMBASA,,-4.08,39.65
MADRASATUL NOOR,PRIMARY SCHOOL,PRIVATE,COAST,KILIFI,BAHARI,TEZO,BAHARI,KILIFI,,-3.54,39.85
FAITH JUNIOR CARE CENTRE,PRIMARY SCHOOL,PRIVATE,COAST,KILIFI,BAHARI,TEZO,BAHARI,KILIFI,,-3.54,39.85
MARY MOTHER ACA. PRY,PRIMARY SCHOOL,PRIVATE,COAST,KWALE,MSAMBWENI,DZOMBO,MSAMBWENI,KWALE,,-4.49,39.22
LIVING FAITH JUNIOR PRI,PRIMARY SCHOOL,PRIVATE,COAST,MOMBASA,LIKONI,LIKONI,LIKONI,MOMBASA,,-4.08,39.65
LIKONI BAHATI JUNIOR ACADEMY,PRIMARY SCHOOL,PRIVATE,COAST,MOMBASA,LIKONI,LIKONI,LIKONI,MOMBASA,,-4.08,39.65
DAMMAM A ACADEMY PRI SCH,PRIMARY SCHOOL,PRIVATE,COAST,MOMBASA,LIKONI,LIKONI,LIKONI,MOMBASA,,-4.08,39.65
MWANGAZA ACADEMY PRY SCH,PRIMARY SCHOOL,PRIVATE,COAST,KWALE,MSAMBWENI,DZOMBO,MSAMBWENI,KWALE,,-4.44,39.24
SEA BREEZE ACADEMY PRI,PRIMARY SCHOOL,PRIVATE,COAST,MOMBASA,LIKONI,LIKONI,LIKONI,MOMBASA,,-4.08,39.66
TUMAINI BAPTIST ACA PRY,PRIMARY SCHOOL,PRIVATE,COAST,KWALE,MSAMBWENI,DZOMBO,MSAMBWENI,KWALE,,-4.44,39.19
MAA ACA. PRY,PRIMARY SCHOOL,PRIVATE,COAST,KWALE,MSAMBWENI,DZOMBO,MSAMBWENI,KWALE,,-4.44,39.28
DIMBWINI PRI SCH,PRIMARY SCHOOL,PRIVATE,COAST,MOMBASA,LIKONI,LIKONI,LIKONI,MOMBASA,,-4.08,39.65
DIMBWINI  JUNIOR ACADEMY,PRIMARY SCHOOL,PRIVATE,COAST,MOMBASA,LIKONI,LIKONI,LIKONI,MOMBASA,,-4.08,39.65
PWANI PREP JNR ACADEMY PRI,PRIMARY SCHOOL,PRIVATE,COAST,MOMBASA,LIKONI,LIKONI,LIKONI,MOMBASA,,-4.09,39.65
MLAASE ACADEMY PRI,PRIMARY SCHOOL,PRIVATE,COAST,MOMBASA,LIKONI,LIKONI,LIKONI,MOMBASA,,-4.09,39.64
SEVEN HILLS PROGRESSIVE SCH PRY,PRIMARY SCHOOL,PRIVATE,COAST,MOMBASA,LIKONI,LIKONI,LIKONI,MOMBASA,,-4.09,39.64
NAZARETH VICTORY PRI,PRIMARY SCHOOL,PRIVATE,COAST,KILIFI,BAHARI,ROKA,BAHARI,KILIFI,,-3.46,39.93
ST. BEN'S JUNIOR  SCH,PRIMARY SCHOOL,PRIVATE,COAST,MOMBASA,LIKONI,LIKONI,LIKONI,MOMBASA,,-4.09,39.65
TIMBONI ACADEMY,PRIMARY SCHOOL,PRIVATE,COAST,KILIFI,BAHARI,ROKA,BAHARI,KILIFI,,-3.44,39.94
ST. JULIUS ACADEMY PRI,PRIMARY SCHOOL,PRIVATE,COAST,MOMBASA,LIKONI,LIKONI,LIKONI,MOMBASA,,-4.09,39.64
ABISO ACADEMY,PRIMARY SCHOOL,PRIVATE,COAST,TANA RIVER,GARSEN,BILISA,GARSEN,TANA RIVER,,-2.27,40.11
GALILEE PRI SCH,PRIMARY SCHOOL,PRIVATE,COAST,KILIFI,BAHARI,ROKA,BAHARI,KILIFI,,-3.43,39.9
NYABOKE PRI SCH,PRIMARY SCHOOL,PRIVATE,COAST,MOMBASA,LIKONI,SHIKA ADABU,LIKONI,MOMBASA,,-4.1,39.64
KARARACHA CENTRAL PRI,PRIMARY SCHOOL,PRIVATE,COAST,KILIFI,BAHARI,ROKA,BAHARI,KILIFI,,-3.45,39.89
AROMAN HILL ACADEMY PRY,PRIMARY SCHOOL,PRIVATE,COAST,MOMBASA,LIKONI,SHIKA ADABU,LIKONI,MOMBASA,,-4.1,39.64
PORE TUMAINI,PRIMARY SCHOOL,PRIVATE,COAST,KWALE,MSAMBWENI,LUNGA LUNGA,MSAMBWENI,KWALE,,-4.52,39.18
TULIYA MOYO CHERRY'S ACADEMY,PRIMARY SCHOOL,PRIVATE,COAST,MOMBASA,LIKONI,SHIKA ADABU,LIKONI,MOMBASA,,-4.11,39.64
TIMBWINI BAPTIST PRI SCH,PRIMARY SCHOOL,PRIVATE,COAST,MOMBASA,LIKONI,LIKONI,LIKONI,MOMBASA,,-4.09,39.67
GATEWAY ACADEMY PRY SCH,PRIMARY SCHOOL,PRIVATE,COAST,KWALE,MSAMBWENI,LUNGA LUNGA,MSAMBWENI,KWALE,,-4.55,39.13
MATSANGONI ACADEMY,PRIMARY SCHOOL,PRIVATE,COAST,KILIFI,BAHARI,MATSANGONI,BAHARI,KILIFI,,-3.39,39.92
COAST ACA PRY SCH,PRIMARY SCHOOL,PRIVATE,COAST,MOMBASA,ISLAND,GANJONI,KISAUNI,MOMBASA,,-4.07,39.67
SHELLY ACADEMY - PRI,PRIMARY SCHOOL,PRIVATE,COAST,MOMBASA,LIKONI,LIKONI,LIKONI,MOMBASA,,-4.08,39.67
DAMMAN B ACADEMY - PRI,PRIMARY SCHOOL,PRIVATE,COAST,MOMBASA,LIKONI,LIKONI,LIKONI,MOMBASA,,-4.08,39.66
COAST ACA SENIOR SCH,PRIMARY SCHOOL,PRIVATE,COAST,MOMBASA,ISLAND,GANJONI,KISAUNI,MOMBASA,,-4.07,39.67
VARUN DEV ACA PRY SCH,PRIMARY SCHOOL,PRIVATE,COAST,MOMBASA,ISLAND,GANJONI,KISAUNI,MOMBASA,,-4.07,39.68
WONDERLAND SCH KILIFI,PRIMARY SCHOOL,PRIVATE,COAST,KILIFI,BAHARI,KILIFI TOWNSHIP,BAHARI,KILIFI,,-3.63,39.85
JAFFERY ACA PRY SCH,PRIMARY SCHOOL,PRIVATE,COAST,MOMBASA,ISLAND,GANJONI,KISAUNI,MOMBASA,,-4.07,39.67
GOOD SAMARITAN ACADEMY,PRIMARY SCHOOL,PRIVATE,COAST,KILIFI,BAHARI,KILIFI TOWNSHIP,BAHARI,KILIFI,,-3.6,39.87
AGA KHAN PRI SCH,PRIMARY SCHOOL,PRIVATE,COAST,MOMBASA,ISLAND,GANJONI,KISAUNI,MOMBASA,,-4.07,39.67
MIATSANI PEFA PRY,PRIMARY SCHOOL,PRIVATE,COAST,KWALE,KUBO,MWALUPHAMBA,MATUGA,KWALE,,-4.17,39.31
KINANGO METHODIST ACA PRY SCH,PRIMARY SCHOOL,PRIVATE,COAST,KWALE,KINANGO,KINANGO,KINANGO,KWALE,,-4.14,39.31
NEEMA ACA PRY SCH,PRIMARY SCHOOL,PRIVATE,COAST,KWALE,KINANGO,KINANGO,KINANGO,KWALE,,-4.14,39.31
KIDS PALACE PRI,PRIMARY SCHOOL,PRIVATE,COAST,KILIFI,BAHARI,KILIFI TOWNSHIP,BAHARI,KILIFI,,-3.64,39.85
GATE HOPE ACADEMY,PRIMARY SCHOOL,PRIVATE,COAST,KILIFI,BAHARI,KILIFI TOWNSHIP,BAHARI,KILIFI,,-3.64,39.85
ARTHUR MEMORIAL ACADEMY,PRIMARY SCHOOL,PRIVATE,COAST,KILIFI,BAHARI,KILIFI TOWNSHIP,BAHARI,KILIFI,,-3.64,39.85
KILIFI HIGH VISION ACADEMY,PRIMARY SCHOOL,PRIVATE,COAST,KILIFI,BAHARI,KILIFI TOWNSHIP,BAHARI,KILIFI,,-3.64,39.84
VUTAKAKA CENTER  PRI,PRIMARY SCHOOL,PRIVATE,COAST,KILIFI,KIKAMBALA,TAKAUNGU MAVUENI,BAHARI,KILIFI,,-3.69,39.84
SHARIANI ACADEMY,PRIMARY SCHOOL,PRIVATE,COAST,KILIFI,KIKAMBALA,JUNJU,BAHARI,KILIFI,,-3.79,39.82
VIPINGO ACADEMY,PRIMARY SCHOOL,PRIVATE,COAST,KILIFI,KIKAMBALA,JUNJU,BAHARI,KILIFI,,-3.81,39.81
IN HIS GRACE ACADEMY,PRIMARY SCHOOL,PRIVATE,COAST,KILIFI,KIKAMBALA,JUNJU,BAHARI,KILIFI,,-3.81,39.81
ST. JOSEPH PRIMARY- EMMAUS,PRIMARY SCHOOL,PRIVATE,COAST,TANA RIVER,GALORE,MIKINDUNI,GALOLE,TANA RIVER,,-1.54,40.04
MAZERAS JUNIOR PRI SCH,PRIMARY SCHOOL,PRIVATE,COAST,KWALE,SAMBURU,KASEMENI,KINANGO,KWALE,,-3.97,39.54
GURURI PRIMARY,PRIMARY SCHOOL,PRIVATE,COAST,TANA RIVER,GALORE,KALKACHA,GALOLE,TANA RIVER,,-1.48,39.8
USHINDI BAPTIST SCH - PRI,PRIMARY SCHOOL,PRIVATE,COAST,MOMBASA,LIKONI,LIKONI,LIKONI,MOMBASA,,-4.09,39.66
DAYSTAR CNC NUR SCH,PRIMARY SCHOOL,PRIVATE,COAST,MOMBASA,LIKONI,LIKONI,LIKONI,MOMBASA,,-4.09,39.66
SHEPHARDS JUNIOR SCH PRI,PRIMARY SCHOOL,PRIVATE,COAST,MOMBASA,LIKONI,LIKONI,LIKONI,MOMBASA,,-4.09,39.66
ABIDA LANGO ACADEMY - PRI,PRIMARY SCHOOL,PRIVATE,COAST,MOMBASA,LIKONI,LIKONI,LIKONI,MOMBASA,,-4.09,39.67
EMMAUS JUNIOR ACADEMY PRI,PRIMARY SCHOOL,PRIVATE,COAST,MOMBASA,LIKONI,LIKONI,LIKONI,MOMBASA,,-4.09,39.67
LEENET JUNIOR ACADEMY PRI,PRIMARY SCHOOL,PRIVATE,COAST,MOMBASA,LIKONI,LIKONI,LIKONI,MOMBASA,,-4.09,39.65
JOY EDUCATION CENTRE,PRIMARY SCHOOL,PRIVATE,COAST,KILIFI,KIKAMBALA,MTWAPA,BAHARI,KILIFI,,-3.86,39.81
WALTER OLSEN ACADEMY,PRIMARY SCHOOL,PRIVATE,COAST,KILIFI,KIKAMBALA,MTWAPA,BAHARI,KILIFI,,-3.9,39.77
JUBILEE ACADEMY - PRI,PRIMARY SCHOOL,PRIVATE,COAST,MOMBASA,LIKONI,LIKONI,LIKONI,MOMBASA,,-4.09,39.66
ST. MATHEWS PRI,PRIMARY SCHOOL,PRIVATE,COAST,KILIFI,KIKAMBALA,MTWAPA,BAHARI,KILIFI,,-3.92,39.78
THE MAJENGO ACADEMY,PRIMARY SCHOOL,PRIVATE,COAST,KILIFI,KIKAMBALA,MTWAPA,BAHARI,KILIFI,,-3.92,39.76
GLORIOUS VICTORY ACADEMY,PRIMARY SCHOOL,PRIVATE,COAST,KILIFI,KIKAMBALA,MTWAPA,BAHARI,KILIFI,,-3.91,39.76
HUMANIST  EXCELLENT ACADEMY,PRIMARY SCHOOL,PRIVATE,COAST,KILIFI,KIKAMBALA,MTWAPA,BAHARI,KILIFI,,-3.92,39.76
CORAL JUNOIR SCH,PRIMARY SCHOOL,PRIVATE,COAST,KILIFI,KIKAMBALA,MTWAPA,BAHARI,KILIFI,,-3.94,39.76
ROYAL JUNIOUR ACA PRY SCH,PRIMARY SCHOOL,PRIVATE,COAST,MOMBASA,ISLAND,GANJONI,KISAUNI,MOMBASA,,-4.07,39.67
BRIGHT STAR ACADEMY PRI SCH,PRIMARY SCHOOL,PRIVATE,COAST,MOMBASA,LIKONI,LIKONI,LIKONI,MOMBASA,,-4.09,39.65
PRESBYTERIAN ACA PRY SCH,PRIMARY SCHOOL,PRIVATE,COAST,MOMBASA,ISLAND,GANJONI,KISAUNI,MOMBASA,,-4.07,39.67
TAWFIQ PRI,PRIMARY SCHOOL,PRIVATE,COAST,KILIFI,KIKAMBALA,MTWAPA,BAHARI,KILIFI,,-3.94,39.76
OCEANIC GREEN FIELDS  PRI,PRIMARY SCHOOL,PRIVATE,COAST,KILIFI,KIKAMBALA,MTWAPA,BAHARI,KILIFI,,-3.94,39.75
LAKESTAR PRI SCH,PRIMARY SCHOOL,PRIVATE,COAST,MOMBASA,LIKONI,LIKONI,LIKONI,MOMBASA,,-4.09,39.65
LORETO CONVENT PRY SCH,PRIMARY SCHOOL,PRIVATE,COAST,MOMBASA,ISLAND,GANJONI,KISAUNI,MOMBASA,,-4.07,39.67
JCC JUNIOR ACADEMY PRY,PRIMARY SCHOOL,PRIVATE,COAST,MOMBASA,LIKONI,LIKONI,LIKONI,MOMBASA,,-4.09,39.65
MT SINAI ACADEMY PRI,PRIMARY SCHOOL,PRIVATE,COAST,MOMBASA,LIKONI,LIKONI,LIKONI,MOMBASA,,-4.09,39.65
ALIBHAI PANJU JAFFERY PRY SCH,PRIMARY SCHOOL,PRIVATE,COAST,MOMBASA,ISLAND,GANJONI,KISAUNI,MOMBASA,,-4.07,39.67
YOUNG MASTERS ACADEMY PRI SCH,PRIMARY SCHOOL,PRIVATE,COAST,MOMBASA,LIKONI,LIKONI,LIKONI,MOMBASA,,-4.09,39.65
VALENTINE PRY SCH,PRIMARY SCHOOL,PRIVATE,COAST,MOMBASA,ISLAND,GANJONI,LIKONI,MOMBASA,,-4.06,39.66
LIKONI HIGH ACADEMY PRI,PRIMARY SCHOOL,PRIVATE,COAST,MOMBASA,LIKONI,LIKONI,LIKONI,MOMBASA,,-4.09,39.65
KARAMA PRY,PRIMARY SCHOOL,PRIVATE,COAST,KWALE,MSAMBWENI,KIKONENI,MSAMBWENI,KWALE,,-4.46,39.27
SACRED HEART PRI  SCH,PRIMARY SCHOOL,PRIVATE,COAST,MOMBASA,ISLAND,GANJONI,LIKONI,MOMBASA,,-4.06,39.66
CYBER JUNIOR ACA PRY SCH,PRIMARY SCHOOL,PRIVATE,COAST,MOMBASA,ISLAND,GANJONI,LIKONI,MOMBASA,,-4.06,39.66
ST. JOHN'S FIRST BAPTIST PRI SCH,PRIMARY SCHOOL,PRIVATE,COAST,MOMBASA,LIKONI,SHIKA ADABU,LIKONI,MOMBASA,,-4.11,39.65
FORT JESUS ACA PRY SCH,PRIMARY SCHOOL,PRIVATE,COAST,MOMBASA,ISLAND,GANJONI,LIKONI,MOMBASA,,-4.06,39.66
LIKONI VALENTINE PRI SCH,PRIMARY SCHOOL,PRIVATE,COAST,MOMBASA,LIKONI,SHIKA ADABU,LIKONI,MOMBASA,,-4.1,39.64
FAITH JUNIOR ACADEMY PRI,PRIMARY SCHOOL,PRIVATE,COAST,MOMBASA,LIKONI,SHIKA ADABU,LIKONI,MOMBASA,,-4.1,39.64
LIWATONI MUSLIM PRY SCH,PRIMARY SCHOOL,PRIVATE,COAST,MOMBASA,ISLAND,GANJONI,LIKONI,MOMBASA,,-4.06,39.66
PORT REITZ ACADEMY - PRI,PRIMARY SCHOOL,PRIVATE,COAST,MOMBASA,LIKONI,SHIKA ADABU,LIKONI,MOMBASA,,-4.11,39.64
CITADEL SEGA JUNIOUR SCH,PRIMARY SCHOOL,PRIVATE,COAST,MOMBASA,ISLAND,GANJONI,LIKONI,MOMBASA,,-4.06,39.66
INSPIRATION PRI SCH,PRIMARY SCHOOL,PRIVATE,COAST,MOMBASA,LIKONI,SHIKA ADABU,LIKONI,MOMBASA,,-4.11,39.64
ARYA PRY SCH,PRIMARY SCHOOL,PRIVATE,COAST,MOMBASA,ISLAND,MAJENGO,MVITA,MOMBASA,,-4.05,39.67
FURAHA JUNIOR DAY AND BOARDING ACADEMY,PRIMARY SCHOOL,PRIVATE,COAST,KILIFI,KIKAMBALA,MTWAPA,BAHARI,KILIFI,,-3.95,39.75
BAHARI PARENTS ACADEMY,PRIMARY SCHOOL,PRIVATE,COAST,KILIFI,KIKAMBALA,MTWAPA,BAHARI,KILIFI,,-3.95,39.75
TIRANA BROOKVIEW PRY SCH,PRIMARY SCHOOL,PRIVATE,COAST,MOMBASA,ISLAND,MAJENGO,MVITA,MOMBASA,,-4.06,39.66
IMAM SHAFI MUSLIM SCHOOL,PRIMARY SCHOOL,PRIVATE,COAST,KILIFI,KIKAMBALA,MTWAPA,BAHARI,KILIFI,,-3.95,39.75
QUBAA PRY SCH,PRIMARY SCHOOL,PRIVATE,COAST,MOMBASA,ISLAND,MAJENGO,MVITA,MOMBASA,,-4.05,39.66
DESTINY GARDEN PRI,PRIMARY SCHOOL,PRIVATE,COAST,MOMBASA,LIKONI,MTONGWE,LIKONI,MOMBASA,,-4.09,39.63
HAPPY DAY PRI  SCH,PRIMARY SCHOOL,PRIVATE,COAST,MOMBASA,ISLAND,MAJENGO,MVITA,MOMBASA,,-4.05,39.66
BAMBINO ACADEMY,PRIMARY SCHOOL,PRIVATE,COAST,KILIFI,KIKAMBALA,MTWAPA,BAHARI,KILIFI,,-3.94,39.75
VICTORY JUNIOR ACADEMY PRI,PRIMARY SCHOOL,PRIVATE,COAST,MOMBASA,LIKONI,MTONGWE,LIKONI,MOMBASA,,-4.07,39.64
VISUAL JUNIOR SCH,PRIMARY SCHOOL,PRIVATE,COAST,KILIFI,KIKAMBALA,MTWAPA,BAHARI,KILIFI,,-3.95,39.75
GATE WISE ACA PRY SCH,PRIMARY SCHOOL,PRIVATE,COAST,MOMBASA,ISLAND,MAJENGO,MVITA,MOMBASA,,-4.05,39.66
ST. TIMOTHY ACADEMY,PRIMARY SCHOOL,PRIVATE,COAST,KILIFI,KIKAMBALA,MTWAPA,BAHARI,KILIFI,,-3.95,39.75
ST. PATRICK'S BAPTIST MISSION SCH PRI,PRIMARY SCHOOL,PRIVATE,COAST,MOMBASA,LIKONI,MTONGWE,LIKONI,MOMBASA,,-4.08,39.63
MOTHER OF MARY PRI,PRIMARY SCHOOL,PRIVATE,COAST,KILIFI,KIKAMBALA,MTWAPA,BAHARI,KILIFI,,-3.95,39.75
ABU HUREIRA ACA PRY SCH,PRIMARY SCHOOL,PRIVATE,COAST,MOMBASA,ISLAND,MAJENGO,MVITA,MOMBASA,,-4.05,39.66
GOODNEWS PRI SCH,PRIMARY SCHOOL,PRIVATE,COAST,MOMBASA,LIKONI,MTONGWE,LIKONI,MOMBASA,,-4.08,39.64
ALFARSY EDUCATION CENTRE PRY SCH,PRIMARY SCHOOL,PRIVATE,COAST,MOMBASA,ISLAND,GANJONI,LIKONI,MOMBASA,,-4.06,39.66
DONA OLINDA ACADEMY,PRIMARY SCHOOL,PRIVATE,COAST,MOMBASA,LIKONI,MTONGWE,LIKONI,MOMBASA,,-4.08,39.64
PAMALO JUNIOR SCH,PRIMARY SCHOOL,PRIVATE,COAST,KILIFI,KIKAMBALA,MTWAPA,BAHARI,KILIFI,,-3.95,39.75
BETHANIA ACADEMY PRI,PRIMARY SCHOOL,PRIVATE,COAST,MOMBASA,LIKONI,LIKONI,LIKONI,MOMBASA,,-4.08,39.65
SHEIKH NUREIN ISLAMIC CENTRE PRY SCH,PRIMARY SCHOOL,PRIVATE,COAST,MOMBASA,ISLAND,MAJENGO,MVITA,MOMBASA,,-4.06,39.66
WASSERMAN PRI,PRIMARY SCHOOL,PRIVATE,COAST,KILIFI,KIKAMBALA,MTWAPA,BAHARI,KILIFI,,-3.95,39.74
MTWAPA ACADEMY PRI,PRIMARY SCHOOL,PRIVATE,COAST,KILIFI,KIKAMBALA,MTWAPA,BAHARI,KILIFI,,-3.95,39.74
MTWAPA GOLDEN KEY SCH,PRIMARY SCHOOL,PRIVATE,COAST,KILIFI,KIKAMBALA,MTWAPA,BAHARI,KILIFI,,-3.94,39.74
KAGS JOY ACADEMY,PRIMARY SCHOOL,PRIVATE,COAST,MOMBASA,KISAUNI,BAMBURI,KISAUNI,MOMBASA,,-3.98,39.67
GIBS ACADEMY PRI,PRIMARY SCHOOL,PRIVATE,COAST,MOMBASA,KISAUNI,BAMBURI,KISAUNI,MOMBASA,,-3.98,39.7
BAHARI PREP PRY,PRIMARY SCHOOL,PRIVATE,COAST,MOMBASA,ISLAND,TUDOR,CHANGAMWE,MOMBASA,,-4.04,39.66
SPARKI PRI SCH,PRIMARY SCHOOL,PRIVATE,COAST,MOMBASA,ISLAND,TUDOR,CHANGAMWE,MOMBASA,,-4.04,39.66
THE MBISHA PREPARATORY,PRIMARY SCHOOL,PRIVATE,COAST,KILIFI,KIKAMBALA,MTWAPA,BAHARI,KILIFI,,-3.94,39.74
MIKANJUNI PRI,PRIMARY SCHOOL,PRIVATE,COAST,KILIFI,KIKAMBALA,MTWAPA,BAHARI,KILIFI,,-3.94,39.73
BUSY BEE SCH PRY,PRIMARY SCHOOL,PRIVATE,COAST,MOMBASA,ISLAND,TUDOR,CHANGAMWE,MOMBASA,,-4.04,39.67
CITADEL JUNIOR ACADEMY,PRIMARY SCHOOL,PRIVATE,COAST,MOMBASA,ISLAND,TUDOR,CHANGAMWE,MOMBASA,,-4.04,39.67
THE NAMANYA ACADEMY - PRI,PRIMARY SCHOOL,PRIVATE,COAST,MOMBASA,KISAUNI,KISAUNI,KISAUNI,MOMBASA,,-4.03,39.68
IMARA SCH PRI,PRIMARY SCHOOL,PRIVATE,COAST,KILIFI,KIKAMBALA,MTWAPA,BAHARI,KILIFI,,-3.94,39.74
MARIANNA GLORIOUS ACADEMY,PRIMARY SCHOOL,PRIVATE,COAST,KILIFI,KIKAMBALA,MTWAPA,BAHARI,KILIFI,,-3.94,39.73
HILLWHEELER PREPARATORY SCH,PRIMARY SCHOOL,PRIVATE,COAST,KILIFI,KIKAMBALA,MTWAPA,BAHARI,KILIFI,,-3.94,39.74
BAHWAN MUSLIM ACADEMY PRI,PRIMARY SCHOOL,PRIVATE,COAST,MOMBASA,KISAUNI,KISAUNI,KISAUNI,MOMBASA,,-4.01,39.69
PRUDENCE ACADEMY,PRIMARY SCHOOL,PRIVATE,COAST,KILIFI,KIKAMBALA,MTWAPA,BAHARI,KILIFI,,-3.94,39.73
ISLAND VIEW ACADEMY PRI,PRIMARY SCHOOL,PRIVATE,COAST,MOMBASA,KISAUNI,KISAUNI,KISAUNI,MOMBASA,,-4.01,39.69
MTWAPA ELITE ACADEMY,PRIMARY SCHOOL,PRIVATE,COAST,KILIFI,KIKAMBALA,MTWAPA,BAHARI,KILIFI,,-3.94,39.74
TUDOR HILL ACADEMY PRY,PRIMARY SCHOOL,PRIVATE,COAST,MOMBASA,ISLAND,TUDOR,CHANGAMWE,MOMBASA,,-4.03,39.66
BASHIR PRI SCH,PRIMARY SCHOOL,PRIVATE,COAST,MOMBASA,KISAUNI,KISAUNI,KISAUNI,MOMBASA,,-4.01,39.7
TABBY JUNIOR SCH PRY,PRIMARY SCHOOL,PRIVATE,COAST,MOMBASA,ISLAND,TUDOR,CHANGAMWE,MOMBASA,,-4.03,39.66
MARTIAL CAILLARD CATHOLIC PRY,PRIMARY SCHOOL,PRIVATE,COAST,MOMBASA,ISLAND,TUDOR,CHANGAMWE,MOMBASA,,-4.03,39.66
LITTLE ANGELS ACADEMY,PRIMARY SCHOOL,PRIVATE,COAST,KILIFI,GANZE,GANZE,GANZE,KILIFI,,-3.54,39.69
TUDOR JUNIOR ACADEMY,PRIMARY SCHOOL,PRIVATE,COAST,MOMBASA,ISLAND,TUDOR,CHANGAMWE,MOMBASA,,-4.03,39.66
ST. PATRICKS PRI,PRIMARY SCHOOL,PRIVATE,COAST,KILIFI,BAHARI,KILIFI TOWNSHIP,BAHARI,KILIFI,,-3.63,39.85
CEREBRAL PASYL FOUNDATION CENTRE SPECIAL UNIT,PRIMARY SCHOOL,PRIVATE,COAST,MOMBASA,ISLAND,TUDOR,CHANGAMWE,MOMBASA,,-4.03,39.66
ST. AUGUSTINE  PREP PRY  SCH,PRIMARY SCHOOL,PRIVATE,COAST,MOMBASA,ISLAND,TUDOR,CHANGAMWE,MOMBASA,,-4.03,39.66
MARYCLIFF PRI SCH,PRIMARY SCHOOL,PRIVATE,COAST,MOMBASA,ISLAND,TUDOR,CHANGAMWE,MOMBASA,,-4.03,39.66
THE AIC TUDOR ACADEMY PRI,PRIMARY SCHOOL,PRIVATE,COAST,MOMBASA,ISLAND,TUDOR,CHANGAMWE,MOMBASA,,-4.04,39.66
TOWNSHIP PRI SCH,PRIMARY SCHOOL,PRIVATE,COAST,MALINDI,MALINDI,MALINDI,MALINDI,KILIFI,,-3.22,40.12
MAMA GEMMA M. ACADEMY,PRIMARY SCHOOL,PRIVATE,COAST,MALINDI,MAGARINI,MAGARINI,MAGARINI,KILIFI,,-3.12,40.16
UMOJA DIANI ACADEMY PRI  SCH,PRIMARY SCHOOL,PRIVATE,COAST,KWALE,KUBO,DIANI,MSAMBWENI,KWALE,,-4.27,39.57
MJANAHERI JNR SCH,PRIMARY SCHOOL,PRIVATE,COAST,MALINDI,MAGARINI,MAGARINI,MAGARINI,KILIFI,,-3.08,40.14
SOUTH COAST JUNIOR ACADEMY PRY SCH,PRIMARY SCHOOL,PRIVATE,COAST,KWALE,KUBO,DIANI,MSAMBWENI,KWALE,,-4.28,39.56
MALINDI STAR PRI SCH,PRIMARY SCHOOL,PRIVATE,COAST,MALINDI,MALINDI,MALINDI,MALINDI,KILIFI,,-3.22,40.12
THE SILVERSANDS ACA,PRIMARY SCHOOL,PRIVATE,COAST,MALINDI,MALINDI,MALINDI,MALINDI,KILIFI,,-3.22,40.13
MALINDI METHODIST ACA,PRIMARY SCHOOL,PRIVATE,COAST,MALINDI,MALINDI,MALINDI,MALINDI,KILIFI,,-3.22,40.11
MALINDI LITTLE ANGELS PRI SCH,PRIMARY SCHOOL,PRIVATE,COAST,MALINDI,MALINDI,MALINDI,MALINDI,KILIFI,,-3.23,40.11
GLIDE JNR ACA PRI SCH,PRIMARY SCHOOL,PRIVATE,COAST,MALINDI,MALINDI,MALINDI,MALINDI,KILIFI,,-3.23,40.11
KHAIRAT JUNIOR ACADEMY,PRIMARY SCHOOL,PRIVATE,COAST,MALINDI,MAGARINI,GONGONI,MAGARINI,KILIFI,,-3.04,40.14
ST KEVIN MALINDI HILL ACA PRI SCH,PRIMARY SCHOOL,PRIVATE,COAST,MALINDI,MALINDI,MALINDI,MALINDI,KILIFI,,-3.22,40.11
SHINNING STAR ACADEMY,PRIMARY SCHOOL,PRIVATE,COAST,MALINDI,MAGARINI,GONGONI,MAGARINI,KILIFI,,-3.03,40.14
LIVETTY ACA PRY,PRIMARY SCHOOL,PRIVATE,COAST,KWALE,KUBO,DIANI,MSAMBWENI,KWALE,,-4.27,39.57
NZURI PETALS ACADEMY,PRIMARY SCHOOL,PRIVATE,COAST,MALINDI,MAGARINI,GONGONI,MAGARINI,KILIFI,,-3.04,40.13
DIANI BAPTIST ACA PRY,PRIMARY SCHOOL,PRIVATE,COAST,KWALE,KUBO,DIANI,MSAMBWENI,KWALE,,-4.27,39.57
SABASABA BAPTIST PRIMARY SCHOOL,PRIMARY SCHOOL,PRIVATE,COAST,MALINDI,MAGARINI,GONGONI,MAGARINI,KILIFI,,-3.04,40.13
GREAT NEWS ACA PRI SCH,PRIMARY SCHOOL,PRIVATE,COAST,MALINDI,MALINDI,MALINDI,MALINDI,KILIFI,,-3.22,40.1
HILLTOP ACADEMY,PRIMARY SCHOOL,PRIVATE,COAST,MALINDI,MAGARINI,GONGONI,MAGARINI,KILIFI,,-3.03,40.13
DIANI OASIS ACA PRY,PRIMARY SCHOOL,PRIVATE,COAST,KWALE,KUBO,DIANI,MSAMBWENI,KWALE,,-4.28,39.57
AMAZING GRACE EDU. CENTER PRI SCH,PRIMARY SCHOOL,PRIVATE,COAST,MALINDI,MALINDI,MALINDI,MALINDI,KILIFI,,-3.22,40.1
WORD OF FAITH CHRISTIAN ACA PRY,PRIMARY SCHOOL,PRIVATE,COAST,KWALE,KUBO,DIANI,MSAMBWENI,KWALE,,-4.28,39.59
BETHEL JUNIOR PRI ACA,PRIMARY SCHOOL,PRIVATE,COAST,MALINDI,MALINDI,MALINDI,MALINDI,KILIFI,,-3.21,40.12
EMMANUEL ALEXANDER ACA PRY SCH,PRIMARY SCHOOL,PRIVATE,COAST,KWALE,KUBO,DIANI,MSAMBWENI,KWALE,,-4.3,39.57
TAWHEED MUSLIM  PRI ACA,PRIMARY SCHOOL,PRIVATE,COAST,MALINDI,MALINDI,MALINDI,MALINDI,KILIFI,,-3.21,40.11
SEACREST PREP. PRY,PRIMARY SCHOOL,PRIVATE,COAST,KWALE,KUBO,DIANI,MSAMBWENI,KWALE,,-4.32,39.57
REDEEMED ACA PRY,PRIMARY SCHOOL,PRIVATE,COAST,KWALE,KUBO,DIANI,MSAMBWENI,KWALE,,-4.29,39.57
BURHANI  PRI ACA,PRIMARY SCHOOL,PRIVATE,COAST,MALINDI,MALINDI,MALINDI,MALINDI,KILIFI,,-3.21,40.11
JAMMAA ACADEMY,PRIMARY SCHOOL,PRIVATE,COAST,MALINDI,MAGARINI,FUNDISA,MAGARINI,KILIFI,,-2.85,40.15
ST JOSEPH PRY,PRIMARY SCHOOL,PRIVATE,COAST,KWALE,KUBO,DIANI,MSAMBWENI,KWALE,,-4.28,39.57
MALINDI BAY  PRI ACA,PRIMARY SCHOOL,PRIVATE,COAST,MALINDI,MALINDI,MALINDI,MALINDI,KILIFI,,-3.21,40.12
KINGSWAY JNR  SCH,PRIMARY SCHOOL,PRIVATE,COAST,MALINDI,MALINDI,MALINDI,MALINDI,KILIFI,,-3.2,40.11
LITTLE ROOTS ACA PRY,PRIMARY SCHOOL,PRIVATE,COAST,KWALE,KUBO,DIANI,MSAMBWENI,KWALE,,-4.3,39.56
TOTS GARDEN COMMUNITY PRI SCH,PRIMARY SCHOOL,PRIVATE,COAST,MALINDI,MALINDI,MALINDI,MALINDI,KILIFI,,-3.18,40.11
CHILDREN RESCUE ACADEMY PRY,PRIMARY SCHOOL,PRIVATE,COAST,KWALE,KUBO,DIANI,MSAMBWENI,KWALE,,-4.3,39.56
MY-ME PRI SCH,PRIMARY SCHOOL,PRIVATE,COAST,MALINDI,MALINDI,MALINDI,MALINDI,KILIFI,,-3.21,40.11
ST. CECILIA JNR SCH,PRIMARY SCHOOL,PRIVATE,COAST,MALINDI,MALINDI,MALINDI,MALINDI,KILIFI,,-3.21,40.1
ST. FRANCIS ACADEMY PRY SCH,PRIMARY SCHOOL,PRIVATE,COAST,KWALE,KUBO,DIANI,MSAMBWENI,KWALE,,-4.31,39.55
GREEN FIELD PREPARATORY SCH,PRIMARY SCHOOL,PRIVATE,COAST,MALINDI,MALINDI,MALINDI,MALINDI,KILIFI,,-3.21,40.1
MALINDI KINGS ACA PRI SCH,PRIMARY SCHOOL,PRIVATE,COAST,MALINDI,MALINDI,MALINDI,MALINDI,KILIFI,,-3.23,40.1
MSAMBWENI MSINGI BORA ACADEMY PRY SCH,PRIMARY SCHOOL,PRIVATE,COAST,KWALE,MSAMBWENI,MSAMBWENI,MSAMBWENI,KWALE,,-4.46,39.48
ALMONA JNR ACA,PRIMARY SCHOOL,PRIVATE,COAST,MALINDI,MALINDI,MALINDI,MALINDI,KILIFI,,-3.24,40.11
K.A.G. PRY SCH,PRIMARY SCHOOL,PRIVATE,COAST,KWALE,MSAMBWENI,MSAMBWENI,MSAMBWENI,KWALE,,-4.46,39.48
RISE & SHINE PRI SCH,PRIMARY SCHOOL,PRIVATE,COAST,MALINDI,MALINDI,MALINDI,MALINDI,KILIFI,,-3.26,40.07
ST. FRANCIS XAVIER PRI SCH,PRIMARY SCHOOL,PRIVATE,COAST,MALINDI,MALINDI,GEDE,MALINDI,KILIFI,,-3.3,40.01
GREEN HILLS ACA. PRY SCH,PRIMARY SCHOOL,PRIVATE,COAST,KWALE,SAMBURU,SAMBURU,KINANGO,KWALE,,-3.8,39.26
ROCK OF AGES ACADEMY PRY,PRIMARY SCHOOL,PRIVATE,COAST,KWALE,SAMBURU,TARU,KINANGO,KWALE,,-3.75,39.14
KWALE METHODIST ACA PRI,PRIMARY SCHOOL,PRIVATE,COAST,KWALE,MATUGA,GOLINI,MATUGA,KWALE,,-4.17,39.45
KWALE TUMAINI ACADEMY PRI,PRIMARY SCHOOL,PRIVATE,COAST,KWALE,MATUGA,GOLINI,MATUGA,KWALE,,-4.17,39.47
BANGALI  STAR  ACADEMY,PRIMARY SCHOOL,PRIVATE,COAST,TANA RIVER,BANGALE,BANGALE,BURA,TAITA TAVETA,,-0.72,39.01
K.A.G  WATTA PRIMARY,PRIMARY SCHOOL,PRIVATE,COAST,TANA RIVER,MADOGO,SALA,BURA,TAITA TAVETA,,-0.59,39.7
LIFE FRONTIER PRIMARY,PRIMARY SCHOOL,PRIVATE,COAST,TANA RIVER,MADOGO,MADOGO,BURA,TAITA TAVETA,,-0.47,39.61
VISION ACADEMY PRI,PRIMARY SCHOOL,PRIVATE,RIFT VALLEY,KERICHO,AINAMOI,AINAMOI,TOWNSHIP,TRANS NZOIA,,-0.36,35.27
AMAZING GRACE ACADEMY PRI,PRIMARY SCHOOL,PRIVATE,RIFT VALLEY,KERICHO,AINAMOI,AINAMOI,TOWNSHIP,TRANS NZOIA,,-0.36,35.27
GREENLAND SCH TABON -PRI,PRIMARY SCHOOL,PRIVATE,RIFT VALLEY,KERICHO,AINAMOI,AINAMOI,KAPSOIT,NANDI,,-0.33,35.24
FIG TREE NYAKACHO ACADEMY - PRI,PRIMARY SCHOOL,PRIVATE,RIFT VALLEY,KERICHO,AINAMOI,AINAMOI,TOWNSHIP,TRANS NZOIA,,-0.36,35.27
BRIGHT FUTURE SCH - PRI,PRIMARY SCHOOL,PRIVATE,RIFT VALLEY,KERICHO,AINAMOI,AINAMOI,TOWNSHIP,TRANS NZOIA,,-0.36,35.27
GENESIS ACADEMY - PRI,PRIMARY SCHOOL,PRIVATE,RIFT VALLEY,KERICHO,AINAMOI,AINAMOI,TOWNSHIP,TRANS NZOIA,,-0.36,35.27
TEALAND PREP SCH,PRIMARY SCHOOL,PRIVATE,RIFT VALLEY,KERICHO,AINAMOI,AINAMOI,TOWNSHIP,TRANS NZOIA,,-0.36,35.27
KINGS ROYAL ACADEMY - PRI,PRIMARY SCHOOL,PRIVATE,RIFT VALLEY,KERICHO,AINAMOI,AINAMOI,TOWNSHIP,TRANS NZOIA,,-0.36,35.28
HIGHWAY ACADEMY PRI SCH,PRIMARY SCHOOL,PRIVATE,RIFT VALLEY,KERICHO,BELGUT,BELGUT,WALDAI,TRANS NZOIA,,-0.34,35.24
NISSI JUNIOR ACADEMY PRI,PRIMARY SCHOOL,PRIVATE,RIFT VALLEY,KERICHO,AINAMOI,AINAMOI,TOWNSHIP,TRANS NZOIA,,-0.36,35.27
JOY SHINERS ACADEMY - PRI,PRIMARY SCHOOL,PRIVATE,RIFT VALLEY,KERICHO,AINAMOI,AINAMOI,TOWNSHIP,TRANS NZOIA,,-0.36,35.27
JOY SHINERS ACADEMY PRI SCH,PRIMARY SCHOOL,PRIVATE,RIFT VALLEY,KERICHO,AINAMOI,AINAMOI,TOWNSHIP,TRANS NZOIA,,-0.36,35.27
RIVERSIDE ACADEMY - PRI,PRIMARY SCHOOL,PRIVATE,RIFT VALLEY,KERICHO,AINAMOI,AINAMOI,TOWNSHIP,TRANS NZOIA,,-0.36,35.28
ADONAI CHRISTIAN SCH - PRI,PRIMARY SCHOOL,PRIVATE,RIFT VALLEY,KERICHO,AINAMOI,AINAMOI,TOWNSHIP,TRANS NZOIA,,-0.36,35.28
MARANATHA FAITH ACADEMY PRI,PRIMARY SCHOOL,PRIVATE,RIFT VALLEY,KERICHO,AINAMOI,AINAMOI,TOWNSHIP,TRANS NZOIA,,-0.37,35.27
KERICHO PRI SCH,PRIMARY SCHOOL,PRIVATE,RIFT VALLEY,KERICHO,AINAMOI,AINAMOI,TOWNSHIP,TRANS NZOIA,,-0.37,35.28
EZER ACADEMY PRI,PRIMARY SCHOOL,PRIVATE,RIFT VALLEY,KERICHO,BELGUT,BELGUT,WALDAI,TRANS NZOIA,,-0.38,35.21
TEGAT MAINA ACADEMY PRI,PRIMARY SCHOOL,PRIVATE,RIFT VALLEY,KERICHO,BELGUT,BELGUT,KAPSUSER,TRANS NZOIA,,-0.38,35.21
CHEBOSERON MORONG'ETI ACADEMY PRI,PRIMARY SCHOOL,PRIVATE,RIFT VALLEY,KERICHO,BELGUT,BELGUT,WALDAI,TRANS NZOIA,,-0.38,35.2
EDEMS JUNIOR SCH PRI,PRIMARY SCHOOL,PRIVATE,RIFT VALLEY,KERICHO,BELGUT,BELGUT,WALDAI,TRANS NZOIA,,-0.38,35.18
YOUNG SCHOLAR'S ACADEMY PRI,PRIMARY SCHOOL,PRIVATE,RIFT VALLEY,KERICHO,BELGUT,BELGUT,WALDAI,TRANS NZOIA,,-0.35,35.19
SOSIOT AGC ACADEMY PRI,PRIMARY SCHOOL,PRIVATE,RIFT VALLEY,KERICHO,BELGUT,BELGUT,WALDAI,TRANS NZOIA,,-0.35,35.18
ACK HOLY TRINTY ACADEMY-SOSIOT PRI,PRIMARY SCHOOL,PRIVATE,RIFT VALLEY,KERICHO,BELGUT,BELGUT,WALDAI,TRANS NZOIA,,-0.36,35.17
GREEN IVY SCHOOL - PRI,PRIMARY SCHOOL,PRIVATE,RIFT VALLEY,KERICHO,AINAMOI,AINAMOI,TOWNSHIP,TRANS NZOIA,,-0.38,35.28
TABO HILL ACADEMY PRI,PRIMARY SCHOOL,PRIVATE,RIFT VALLEY,KERICHO,BELGUT,BELGUT,WALDAI,TRANS NZOIA,,-0.37,35.17
CHUMO EDUCATIONAL CENTRE - PRI,PRIMARY SCHOOL,PRIVATE,RIFT VALLEY,KERICHO,BELGUT,BELGUT,WALDAI,TRANS NZOIA,,-0.38,35.15
JULINE COMMUNITY SCH - PRI,PRIMARY SCHOOL,PRIVATE,RIFT VALLEY,KERICHO,BELGUT,BELGUT,WALDAI,TRANS NZOIA,,-0.38,35.14
KAPSIYA ACADEMY - PRI,PRIMARY SCHOOL,PRIVATE,RIFT VALLEY,KERICHO,BELGUT,BELGUT,KABIANGA,TRANS NZOIA,,-0.41,35.14
KAPTICH CHEPSIR ACADEMY,PRIMARY SCHOOL,PRIVATE,RIFT VALLEY,KERICHO,KIPKELION,KIPKELION,KAPSEGER,TRANS NZOIA,,-0.28,35.43
KIPSOLU PRI SCH,PRIMARY SCHOOL,PRIVATE,RIFT VALLEY,KERICHO,BELGUT,BELGUT,SERETUT,TRANS NZOIA,,-0.41,35.19
HAPPY CHURCH PRI,PRIMARY SCHOOL,PRIVATE,RIFT VALLEY,KERICHO,BELGUT,BELGUT,SERETUT,TRANS NZOIA,,-0.39,35.2
HILLVIEW ACADEMY PRI,PRIMARY SCHOOL,PRIVATE,RIFT VALLEY,KERICHO,KIPKELION,KIPKELION,CHEPSEGON,TRANS NZOIA,,-0.26,35.48
KAPKIAM SUNRISE ACADEMY PRI SCH,PRIMARY SCHOOL,PRIVATE,RIFT VALLEY,KERICHO,AINAMOI,AINAMOI,KAPSAOS,BOMET,,-0.29,35.37
TEAVIEW SCHOOL - PRI,PRIMARY SCHOOL,PRIVATE,RIFT VALLEY,KERICHO,BELGUT,BELGUT,SERETUT,TRANS NZOIA,,-0.42,35.22
ZENTRAL ACADEMY PRI,PRIMARY SCHOOL,PRIVATE,RIFT VALLEY,BURETI,BURETI,BURETI,TECHOGET,TRANS NZOIA,,-0.61,35.11
MAGRAMA ACADEMY PRI,PRIMARY SCHOOL,PRIVATE,RIFT VALLEY,KERICHO,BELGUT,BELGUT,SERETUT,TRANS NZOIA,,-0.41,35.22
HESHIMA JUNIOR ACADEMY PRI,PRIMARY SCHOOL,PRIVATE,RIFT VALLEY,BURETI,SOTIK,SOTIK,KAMUNGEI,TRANS NZOIA,,-0.7,35.2
JOYLAND KAMUNGEI ACADEMY PRI,PRIMARY SCHOOL,PRIVATE,RIFT VALLEY,BURETI,SOTIK,SOTIK,KAMUNGEI,TRANS NZOIA,,-0.69,35.21
ST. PAUL'S ACK ACADEMY - PRI,PRIMARY SCHOOL,PRIVATE,RIFT VALLEY,KERICHO,BELGUT,BELGUT,SERETUT,TRANS NZOIA,,-0.43,35.19
SAMOE JUNIOR ACADEMY PRI,PRIMARY SCHOOL,PRIVATE,RIFT VALLEY,KERICHO,AINAMOI,AINAMOI,KAPSAOS,BOMET,,-0.3,35.34
TURMO ACADEMY PRI,PRIMARY SCHOOL,PRIVATE,RIFT VALLEY,KERICHO,BELGUT,BELGUT,SERETUT,TRANS NZOIA,,-0.43,35.19
MWANZO EDUCATION CENTRE PRI,PRIMARY SCHOOL,PRIVATE,RIFT VALLEY,KERICHO,KIPKELION,KIPKELION,CHEPSEGON,TRANS NZOIA,,-0.23,35.54
MOSELI ACADEMY,PRIMARY SCHOOL,PRIVATE,RIFT VALLEY,BURETI,BURETI,BURETI,CHEBWAGAN,TRANS NZOIA,,-0.6,35.14
TEIMET BIDII ACADEMY PRI SCH,PRIMARY SCHOOL,PRIVATE,RIFT VALLEY,KERICHO,AINAMOI,AINAMOI,KAPSAOS,BOMET,,-0.32,35.34
KONGASIS EDUCATION CENTRE PRI,PRIMARY SCHOOL,PRIVATE,RIFT VALLEY,KERICHO,KIPKELION,KIPKELION,CHEPSEGON,TRANS NZOIA,,-0.22,35.52
PAURECCA ACADEMY PRI,PRIMARY SCHOOL,PRIVATE,RIFT VALLEY,BURETI,BURETI,BURETI,CHEBWAGAN,TRANS NZOIA,,-0.6,35.15
OLBO-TOOS ACADEMY PRI,PRIMARY SCHOOL,PRIVATE,RIFT VALLEY,KERICHO,KIPKELION,KIPKELION,CHEPSEGON,TRANS NZOIA,,-0.22,35.5
SAMBON ACADEMY,PRIMARY SCHOOL,PRIVATE,RIFT VALLEY,BURETI,BURETI,BURETI,NGESUMIN,TRANS NZOIA,,-0.6,35.16
OLBO - TOOS ACADEMY ANNEX PRI,PRIMARY SCHOOL,PRIVATE,RIFT VALLEY,KERICHO,KIPKELION,KIPKELION,CHEPSEGON,TRANS NZOIA,,-0.25,35.47
CHEPSEON KETA ACADEMY - PRI,PRIMARY SCHOOL,PRIVATE,RIFT VALLEY,KERICHO,KIPKELION,KIPKELION,CHEPSEGON,TRANS NZOIA,,-0.26,35.45
SMARTLINK ACADEMY PRI,PRIMARY SCHOOL,PRIVATE,RIFT VALLEY,BURETI,SOTIK,SOTIK,KAMUNGEI,TRANS NZOIA,,-0.65,35.24
AIC KUSUMEK ACADEMY,PRIMARY SCHOOL,PRIVATE,RIFT VALLEY,BURETI,BURETI,BURETI,LITEIN,KERICHO,,-0.56,35.19
NAISULA SPRINGS SCH PRI,PRIMARY SCHOOL,PRIVATE,RIFT VALLEY,KAJIADO,ISINYA,KAJIADO NORTH,KITENKELA,KAJIADO,,-1.46,36.95
HIGH RISE ACADEMY PRI,PRIMARY SCHOOL,PRIVATE,RIFT VALLEY,BURETI,BURETI,BURETI,LITEIN,KERICHO,,-0.57,35.19
ST LOUIS ACADEMY,PRIMARY SCHOOL,PRIVATE,RIFT VALLEY,KAJIADO,ISINYA,KAJIADO NORTH,KITENKELA,KAJIADO,,-1.46,36.95
ST. MARKS ACADEMY PRI,PRIMARY SCHOOL,PRIVATE,RIFT VALLEY,BURETI,BURETI,BURETI,LITEIN,KERICHO,,-0.58,35.19
CHRISTIANE PREPARATORY SCH,PRIMARY SCHOOL,PRIVATE,RIFT VALLEY,KAJIADO,ISINYA,KAJIADO NORTH,KITENKELA,KAJIADO,,-1.47,36.95
UPPERHILL ACADEMY MORIT,PRIMARY SCHOOL,PRIVATE,RIFT VALLEY,BURETI,BURETI,BURETI,CHEMOIBEN,BOMET,,-0.59,35.2
MERRY EDGE SPRINGS ACADEMY PRI,PRIMARY SCHOOL,PRIVATE,RIFT VALLEY,KAJIADO,ISINYA,KAJIADO NORTH,KITENKELA,KAJIADO,,-1.47,36.95
LITEIN EAST PRI,PRIMARY SCHOOL,PRIVATE,RIFT VALLEY,BURETI,BURETI,BURETI,LITEIN,KERICHO,,-0.58,35.2
JOYLAND PREP SCH,PRIMARY SCHOOL,PRIVATE,RIFT VALLEY,KAJIADO,ISINYA,KAJIADO NORTH,KITENKELA,KAJIADO,,-1.47,36.95
SALLY ANN ACADEMY,PRIMARY SCHOOL,PRIVATE,RIFT VALLEY,BURETI,BURETI,BURETI,LITEIN,KERICHO,,-0.59,35.19
ST PHILLIP JUNIOR ACADEMY PRI SCH,PRIMARY SCHOOL,PRIVATE,RIFT VALLEY,KAJIADO,ISINYA,KAJIADO NORTH,KITENKELA,KAJIADO,,-1.47,36.96
PRECIOUS TREASURE ACADEMY- PRI SCH,PRIMARY SCHOOL,PRIVATE,RIFT VALLEY,KAJIADO,ISINYA,KAJIADO NORTH,KITENKELA,KAJIADO,,-1.47,36.96
CHEMITAN ACADEMY PRI,PRIMARY SCHOOL,PRIVATE,RIFT VALLEY,BURETI,BURETI,BURETI,LITEIN,KERICHO,,-0.59,35.19
ROYAL ATAR ACADEMY- PRI,PRIMARY SCHOOL,PRIVATE,RIFT VALLEY,KAJIADO,ISINYA,KAJIADO NORTH,KITENKELA,KAJIADO,,-1.46,36.95
ST JAMES ACADEMY-PRI,PRIMARY SCHOOL,PRIVATE,RIFT VALLEY,KAJIADO,ISINYA,KAJIADO NORTH,KITENKELA,KAJIADO,,-1.47,36.95
A.I.C EMMAUS SCHOOL PRI,PRIMARY SCHOOL,PRIVATE,RIFT VALLEY,BURETI,BURETI,BURETI,LITEIN,KERICHO,,-0.58,35.19
MILLENIUM ACADEMY PRI,PRIMARY SCHOOL,PRIVATE,RIFT VALLEY,KERICHO,KIPKELION,KIPKELION,KAMASIAN,BARINGO,,-0.13,35.41
NEEMA EDUCATION  CENTER PRY,PRIMARY SCHOOL,PRIVATE,RIFT VALLEY,KAJIADO,ISINYA,KAJIADO NORTH,KITENKELA,KAJIADO,,-1.47,36.94
KIWANDA ACADEMY,PRIMARY SCHOOL,PRIVATE,RIFT VALLEY,BURETI,BURETI,BURETI,KAPKATET,KERICHO,,-0.64,35.19
KAUTI ACADEMY-PRI,PRIMARY SCHOOL,PRIVATE,RIFT VALLEY,KAJIADO,ISINYA,KAJIADO NORTH,KITENKELA,KAJIADO,,-1.48,36.95
MILIMANI KITENGELA JUNIOR ACADEMY PRI,PRIMARY SCHOOL,PRIVATE,RIFT VALLEY,KAJIADO,ISINYA,KAJIADO NORTH,KITENKELA,KAJIADO,,-1.49,36.95
KAPORIA PRIMARY,PRIMARY SCHOOL,PRIVATE,RIFT VALLEY,BURETI,BURETI,BURETI,CHEPLANGET,BOMET,,-0.65,35.09
BIDII GREEN ACADEMY - PRI,PRIMARY SCHOOL,PRIVATE,RIFT VALLEY,KERICHO,KIPKELION,KIPKELION,KAMASIAN,BARINGO,,-0.13,35.43
ST LINAS ACADEMY- PRI,PRIMARY SCHOOL,PRIVATE,RIFT VALLEY,KAJIADO,ISINYA,KAJIADO NORTH,KITENKELA,KAJIADO,,-1.48,36.96
WAMUKOY AACADEMY- PRI,PRIMARY SCHOOL,PRIVATE,RIFT VALLEY,KAJIADO,ISINYA,KAJIADO NORTH,KITENKELA,KAJIADO,,-1.48,36.95
SUCCESS ACADEMY-PRI,PRIMARY SCHOOL,PRIVATE,RIFT VALLEY,KAJIADO,ISINYA,KAJIADO NORTH,KITENKELA,KAJIADO,,-1.48,36.95
SPRINGFIELD PREP SCH PRI,PRIMARY SCHOOL,PRIVATE,RIFT VALLEY,KAJIADO,ISINYA,KAJIADO NORTH,KITENKELA,KAJIADO,,-1.48,36.95
SAROPA BELLS ACADEMY-PRI,PRIMARY SCHOOL,PRIVATE,RIFT VALLEY,KAJIADO,ISINYA,KAJIADO NORTH,KITENKELA,KAJIADO,,-1.48,36.96
WEMA JUNIOR ACADEMY-PRI,PRIMARY SCHOOL,PRIVATE,RIFT VALLEY,KAJIADO,ISINYA,KAJIADO NORTH,KITENKELA,KAJIADO,,-1.47,36.95
PE-ELIS EDUCATION CENTER PRI,PRIMARY SCHOOL,PRIVATE,RIFT VALLEY,KAJIADO,ISINYA,KAJIADO NORTH,KITENKELA,KAJIADO,,-1.47,36.95
MUTHENYA JUNIOR ACADEMY-PRI,PRIMARY SCHOOL,PRIVATE,RIFT VALLEY,KAJIADO,ISINYA,KAJIADO NORTH,KITENKELA,KAJIADO,,-1.47,36.96
THORN GROOVE ACADEMY PRI,PRIMARY SCHOOL,PRIVATE,RIFT VALLEY,KAJIADO,ISINYA,KAJIADO NORTH,KITENKELA,KAJIADO,,-1.46,36.93
ACACIA CREST ACADEMY-PRI SCH,PRIMARY SCHOOL,PRIVATE,RIFT VALLEY,KAJIADO,ISINYA,KAJIADO NORTH,KITENKELA,KAJIADO,,-1.52,36.92
MOCEDET  SCH,PRIMARY SCHOOL,PRIVATE,RIFT VALLEY,KAJIADO,ISINYA,KAJIADO NORTH,KITENKELA,KAJIADO,,-1.56,36.94
ST BENARD PRI SCH,PRIMARY SCHOOL,PRIVATE,RIFT VALLEY,KAJIADO,ISINYA,KAJIADO NORTH,KITENKELA,KAJIADO,,-1.56,36.82
MATUNDA ACADEMY-PRIMARY,PRIMARY SCHOOL,PRIVATE,RIFT VALLEY,BURETI,BURETI,BURETI,KAPKATET,KERICHO,,-0.63,35.2
EMMANUEL J.C ACADEMY PRI,PRIMARY SCHOOL,PRIVATE,RIFT VALLEY,BURETI,BURETI,BURETI,KAPKATET,KERICHO,,-0.6,35.22
SAITHYA SAI SCHOOL PRI,PRIMARY SCHOOL,PRIVATE,RIFT VALLEY,KAJIADO,ISINYA,KAJIADO NORTH,OLTUROTO,KAJIADO,,-1.6,36.81
KIMALEL ACADEMY PRI SCH,PRIMARY SCHOOL,PRIVATE,RIFT VALLEY,KERICHO,SIGOWET,BELGUT,CHEMAMUL,BOMET,,-0.42,35.12
STARSHINE PREP SCH - PRI,PRIMARY SCHOOL,PRIVATE,RIFT VALLEY,KERICHO,SIGOWET,BELGUT,CHEMAMUL,BOMET,,-0.41,35.1
SIONGOK ACADEMY - PRI SCH,PRIMARY SCHOOL,PRIVATE,RIFT VALLEY,KERICHO,SIGOWET,BELGUT,CHEMAMUL,BOMET,,-0.44,35.1
TULWET CHRISTIAN ACADEMY - PRI,PRIMARY SCHOOL,PRIVATE,RIFT VALLEY,KERICHO,SIGOWET,BELGUT,KEBENET,KERICHO,,-0.42,35.06
KIPKOCHOR JUNIOR ACADEMY - PRI,PRIMARY SCHOOL,PRIVATE,RIFT VALLEY,KERICHO,SIGOWET,BELGUT,KEBENET,KERICHO,,-0.47,35.07
BETHEL PRI SCH,PRIMARY SCHOOL,PRIVATE,RIFT VALLEY,KERICHO,LONDIANI,KIPKELION,LONDIAN,KERICHO,,-0.15,35.6
AIC LONDIANI ACADEMY - PRI SCH,PRIMARY SCHOOL,PRIVATE,RIFT VALLEY,KERICHO,LONDIANI,KIPKELION,KIPSIRICHET,KERICHO,,-0.15,35.56
CHEBEWOR JUNIOR ACADEMY,PRIMARY SCHOOL,PRIVATE,RIFT VALLEY,KERICHO,LONDIANI,KIPKELION,KEDOWA,KERICHO,,-0.2,35.6
KIMSONS JUNIOR ACADEMY PRI SCH,PRIMARY SCHOOL,PRIVATE,RIFT VALLEY,KERICHO,LONDIANI,KIPKELION,SORGET,BOMET,,-0.1,35.56
SACH KOBOR ACADEMY PRI,PRIMARY SCHOOL,PRIVATE,RIFT VALLEY,BURETI,KONOIN,KONOIN,SIMOTI,BOMET,,-0.64,35.29
STAR OF PEACE ACADEMY PRI,PRIMARY SCHOOL,PRIVATE,RIFT VALLEY,BURETI,KONOIN,KONOIN,SIMOTI,BOMET,,-0.64,35.29
CHEBWONGO MISSION PRIMARY,PRIMARY SCHOOL,PRIVATE,RIFT VALLEY,BURETI,KIMULOT,KONOIN,KIMULOT,BOMET,,-0.54,35.26
KAPSET JOLLY ACADEMY,PRIMARY SCHOOL,PRIVATE,RIFT VALLEY,BURETI,KIMULOT,KONOIN,KIMULOT,BOMET,,-0.54,35.25
RUSEYA ELITES ACADEMY PRI,PRIMARY SCHOOL,PRIVATE,RIFT VALLEY,BURETI,KONOIN,KONOIN,SIMOTI,BOMET,,-0.65,35.29
REHOBOTH ACADEMY PRI SCH,PRIMARY SCHOOL,PRIVATE,EASTERN,MACHAKOS,MAVOKO,KATANI,KATHIANI,MACHAKOS,,-1.4,36.95
KIMUGUL GOODSHEPHERD ACADEMY,PRIMARY SCHOOL,PRIVATE,RIFT VALLEY,BURETI,KIMULOT,KONOIN,KIMULOT,BOMET,,-0.53,35.24
SIELDAN JUNIOR ACADEMY PRI,PRIMARY SCHOOL,PRIVATE,RIFT VALLEY,BURETI,KIMULOT,KONOIN,KIMULOT,BOMET,,-0.54,35.21
CHORWET ACADEMY PRI,PRIMARY SCHOOL,PRIVATE,RIFT VALLEY,BURETI,KONOIN,KONOIN,KIPTENDEN,KERICHO,,-0.63,35.33
CHEMALAL SUNSHINE ACADEMY PRI,PRIMARY SCHOOL,PRIVATE,RIFT VALLEY,BURETI,KIMULOT,KONOIN,KIMULOT,BOMET,,-0.52,35.23
KAPKEMOI ACADEMY PRI,PRIMARY SCHOOL,PRIVATE,RIFT VALLEY,BURETI,KONOIN,KONOIN,KIPTENDEN,KERICHO,,-0.64,35.34
SENETWO PRIMARY,PRIMARY SCHOOL,PRIVATE,RIFT VALLEY,NAKURU,OLENGURUONE,KURESOI,KAPLAMAI,TRANS NZOIA,,-0.63,35.64
AIC KIYAP ACADEMY PRI,PRIMARY SCHOOL,PRIVATE,RIFT VALLEY,BURETI,KONOIN,KONOIN,KOIWA,BOMET,,-0.64,35.32
CORNERSTONE ACADEMY,PRIMARY SCHOOL,PRIVATE,RIFT VALLEY,NAKURU,OLENGURUONE,KURESOI,AMALO,BOMET,,-0.6,35.68
NYOTA  ACADEMY PRIMARY,PRIMARY SCHOOL,PRIVATE,RIFT VALLEY,BURETI,KONOIN,KONOIN,KOIWA,BOMET,,-0.62,35.35
KIMULOT MARANATHA ACADEMY PRI,PRIMARY SCHOOL,PRIVATE,RIFT VALLEY,BURETI,KIMULOT,KONOIN,SAOSA,BOMET,,-0.51,35.23
ST. KIZITO PRIMARY SCHOOL,PRIMARY SCHOOL,PRIVATE,RIFT VALLEY,NAKURU,OLENGURUONE,KURESOI,AMALO,BOMET,,-0.59,35.68
SINAI ACADEMY PRI,PRIMARY SCHOOL,PRIVATE,RIFT VALLEY,BURETI,KONOIN,KONOIN,KOIWA,BOMET,,-0.61,35.34
KAPKILAIBEI EBENEZER ACADEMY PRI,PRIMARY SCHOOL,PRIVATE,RIFT VALLEY,BURETI,KIMULOT,KONOIN,KIMULOT,BOMET,,-0.52,35.24
EMURUADIKIRR BLESSED ACADEMY PRI,PRIMARY SCHOOL,PRIVATE,RIFT VALLEY,KAJIADO,NAMANGA,KAJIADO CENTRAL,BISSIL,KAJIADO,,-2.22,36.75
GUIDELINE ACADEMY PRI,PRIMARY SCHOOL,PRIVATE,RIFT VALLEY,BURETI,KIMULOT,KONOIN,CHEBANGANG,TRANS NZOIA,,-0.54,35.28
EXCEL ACADEMY PRI,PRIMARY SCHOOL,PRIVATE,RIFT VALLEY,BURETI,KONOIN,KONOIN,KOIWA,BOMET,,-0.61,35.32
J. BOSEK ACADEMY,PRIMARY SCHOOL,PRIVATE,RIFT VALLEY,BURETI,KONOIN,KONOIN,KOIWA,BOMET,,-0.61,35.32
A.I.C SIMOTI ACADEMY PRI,PRIMARY SCHOOL,PRIVATE,RIFT VALLEY,BURETI,KONOIN,KONOIN,SIMOTI,BOMET,,-0.62,35.3
ST. PETER ACADEMY PRI,PRIMARY SCHOOL,PRIVATE,RIFT VALLEY,BURETI,KONOIN,KONOIN,CHEMELET,BOMET,,-0.56,35.21
GLORY ACADEMY PRI,PRIMARY SCHOOL,PRIVATE,RIFT VALLEY,BURETI,KIMULOT,KONOIN,SAOSA,BOMET,,-0.52,35.26
KAPTORORGO F.G.C ACADEMY PRI,PRIMARY SCHOOL,PRIVATE,RIFT VALLEY,BURETI,KONOIN,KONOIN,BOITO,BOMET,,-0.56,35.22
ST.TERESA ACADEMY PRI,PRIMARY SCHOOL,PRIVATE,RIFT VALLEY,KERICHO,KIPKELION,KIPKELION,LESIRWA,SAMBURU,,-0.21,35.41
QUEEN OF ANGELS PRIMARY SCHOOL,PRIMARY SCHOOL,PRIVATE,RIFT VALLEY,BURETI,SOTIK,SOTIK,CHEMAGEL,BOMET,,-0.67,35.14
KENYAGORO CATHOLIC PRIMARY,PRIMARY SCHOOL,PRIVATE,RIFT VALLEY,BURETI,KONOIN,KONOIN,BOITO,BOMET,,-0.56,35.23
KING'S ACADEMY WAMKONG,PRIMARY SCHOOL,PRIVATE,RIFT VALLEY,NAKURU,OLENGURUONE,KURESOI,KIPTAGICH,BOMET,,-0.58,35.63
ELKENELI ISRAEL ACADEMY,PRIMARY SCHOOL,PRIVATE,RIFT VALLEY,BURETI,KONOIN,KONOIN,BOITO,BOMET,,-0.57,35.24
RUHAMA JUNIOR ACADEMY,PRIMARY SCHOOL,PRIVATE,RIFT VALLEY,NAKURU,OLENGURUONE,KURESOI,KIPTAGICH,BOMET,,-0.6,35.6
KAPLONG JUNIOR ACADEMY,PRIMARY SCHOOL,PRIVATE,RIFT VALLEY,BURETI,SOTIK,SOTIK,CHEMAGEL,BOMET,,-0.68,35.14
ST. PAUL ABAIKOROS PRI,PRIMARY SCHOOL,PRIVATE,RIFT VALLEY,BURETI,KONOIN,KONOIN,BOITO,BOMET,,-0.58,35.22
KIPKELION CENTRAL ACADEMY PRI,PRIMARY SCHOOL,PRIVATE,RIFT VALLEY,KERICHO,KIPKELION,KIPKELION,KIPCHORAN,WEST POKOT,,-0.19,35.46
ROCKYN HILLS ACAD PRI SCH,PRIMARY SCHOOL,PRIVATE,RIFT VALLEY,KAJIADO,NAMANGA,KAJIADO SOUTH,NAMANGA,KAJIADO,,-2.54,36.8
KEBUMBUR CHRISTIAN ACADEMY PRI,PRIMARY SCHOOL,PRIVATE,RIFT VALLEY,BURETI,KONOIN,KONOIN,BOITO,BOMET,,-0.58,35.24
OLENGURUONE REHEMA ACADEMY,PRIMARY SCHOOL,PRIVATE,RIFT VALLEY,NAKURU,OLENGURUONE,KURESOI,KIPTAGICH,BOMET,,-0.58,35.59
BOITO AIC ACADEMY PRI,PRIMARY SCHOOL,PRIVATE,RIFT VALLEY,BURETI,KONOIN,KONOIN,BOITO,BOMET,,-0.59,35.24
REHEMA JUNIOR  PRIMARY SCHOOL,PRIMARY SCHOOL,PRIVATE,RIFT VALLEY,BURETI,SOTIK,SOTIK,CHEMAGEL,BOMET,,-0.68,35.12
NAMANGA ISLAMIC CENTRE PRI SCH,PRIMARY SCHOOL,PRIVATE,RIFT VALLEY,KAJIADO,NAMANGA,KAJIADO SOUTH,NAMANGA,KAJIADO,,-2.54,36.79
NAMANGA MOUNTAINVIEW PRI SCH,PRIMARY SCHOOL,PRIVATE,RIFT VALLEY,KAJIADO,NAMANGA,KAJIADO SOUTH,NAMANGA,KAJIADO,,-2.54,36.79
ST JUDE THADDEUS PRI SCH,PRIMARY SCHOOL,PRIVATE,RIFT VALLEY,KAJIADO,NAMANGA,KAJIADO SOUTH,NAMANGA,KAJIADO,,-2.54,36.81
ST. JOSEPH'S PRIMARY SCHOOL,PRIMARY SCHOOL,PRIVATE,RIFT VALLEY,BURETI,SOTIK,SOTIK,CHEMAGEL,BOMET,,-0.69,35.2
OSOTUA ACADEMY PRI SCH,PRIMARY SCHOOL,PRIVATE,RIFT VALLEY,KAJIADO,NAMANGA,KAJIADO SOUTH,NAMANGA,KAJIADO,,-2.55,36.79
LORRAINE PRI SCH,PRIMARY SCHOOL,PRIVATE,RIFT VALLEY,KERICHO,AINAMOI,AINAMOI,TOWNSHIP,TRANS NZOIA,,-0.33,35.32
KECHEIYAT JUNIOR ACADEMY,PRIMARY SCHOOL,PRIVATE,RIFT VALLEY,NAKURU,OLENGURUONE,KURESOI,CHEPTUECH,BOMET,,-0.58,35.65
KIMORI ACADEMY PRI,PRIMARY SCHOOL,PRIVATE,RIFT VALLEY,BURETI,KONOIN,KONOIN,MOGOGOSIEK,BOMET,,-0.63,35.27
VICTORY ACADEMY PRI SCH,PRIMARY SCHOOL,PRIVATE,RIFT VALLEY,KERICHO,AINAMOI,AINAMOI,TOWNSHIP,TRANS NZOIA,,-0.33,35.32
ST. ANDREW PRIMARY,PRIMARY SCHOOL,PRIVATE,RIFT VALLEY,NAKURU,OLENGURUONE,KURESOI,KIPTAGICH,BOMET,,-0.56,35.59
KAZANA ACADEMY PRI SCH,PRIMARY SCHOOL,PRIVATE,RIFT VALLEY,KERICHO,AINAMOI,AINAMOI,TOWNSHIP,TRANS NZOIA,,-0.33,35.32
MERCY PRIMARY SCHOOL,PRIMARY SCHOOL,PRIVATE,RIFT VALLEY,BURETI,SOTIK,SOTIK,CHEMAGEL,BOMET,,-0.69,35.11
SHEDEL ACADEMY PRI SCH,PRIMARY SCHOOL,PRIVATE,RIFT VALLEY,KERICHO,AINAMOI,AINAMOI,KAPSAOS,BOMET,,-0.33,35.32
SOTIK ACADEMY PRI,PRIMARY SCHOOL,PRIVATE,RIFT VALLEY,BURETI,SOTIK,SOTIK,MANARET,NYANDARUA,,-0.68,35.1
SOTIK PRIMARY SCHOOL,PRIMARY SCHOOL,PRIVATE,RIFT VALLEY,BURETI,SOTIK,SOTIK,MANARET,NYANDARUA,,-0.69,35.09
ST. MARK PRIMARY,PRIMARY SCHOOL,PRIVATE,RIFT VALLEY,NAKURU,OLENGURUONE,KURESOI,KIPTAGICH,BOMET,,-0.57,35.61
BERUR GAA ACADEMY,PRIMARY SCHOOL,PRIVATE,RIFT VALLEY,NAKURU,OLENGURUONE,KURESOI,SINENDET,BOMET,,-0.55,35.66
MWAMBA TEALAND PRI SCH,PRIMARY SCHOOL,PRIVATE,RIFT VALLEY,KERICHO,AINAMOI,AINAMOI,TOWNSHIP,TRANS NZOIA,,-0.33,35.32
ST ANDREWS SCHOOL TURI,PRIMARY SCHOOL,PRIVATE,RIFT VALLEY,NAKURU,ELBURGON,MOLO,TURI,NYANDARUA,,-0.28,35.76
ALFOMEGA ACADEMY PRI SCH,PRIMARY SCHOOL,PRIVATE,RIFT VALLEY,KERICHO,AINAMOI,AINAMOI,TOWNSHIP,TRANS NZOIA,,-0.34,35.32
SUNNYSIDE ACADEMY,PRIMARY SCHOOL,PRIVATE,RIFT VALLEY,KAJIADO,ISINYA,KAJIADO NORTH,KITENKELA,KAJIADO,,-1.47,36.97
CLITOP PRI SCH,PRIMARY SCHOOL,PRIVATE,RIFT VALLEY,KERICHO,AINAMOI,AINAMOI,TOWNSHIP,TRANS NZOIA,,-0.36,35.29
KITENGELA ACADEMY PRI,PRIMARY SCHOOL,PRIVATE,RIFT VALLEY,KAJIADO,ISINYA,KAJIADO NORTH,KITENKELA,KAJIADO,,-1.48,36.96
OUR LADY QUEEN OF MERCY,PRIMARY SCHOOL,PRIVATE,RIFT VALLEY,KAJIADO,ISINYA,KAJIADO NORTH,KITENKELA,KAJIADO,,-1.48,36.96
KERICHO ACADEMY PRI SCH,PRIMARY SCHOOL,PRIVATE,RIFT VALLEY,KERICHO,AINAMOI,AINAMOI,TOWNSHIP,TRANS NZOIA,,-0.36,35.29
ST. LILYANNA PREPARATORY,PRIMARY SCHOOL,PRIVATE,RIFT VALLEY,KAJIADO,ISINYA,KAJIADO NORTH,KITENKELA,KAJIADO,,-1.47,36.96
TEMBWET ACADEMY PRI,PRIMARY SCHOOL,PRIVATE,RIFT VALLEY,BURETI,RORET,BURETI,TEBESONIK,TRANS NZOIA,,-0.52,35.12
LYNKERS ACADEMY,PRIMARY SCHOOL,PRIVATE,RIFT VALLEY,KAJIADO,ISINYA,KAJIADO NORTH,KITENKELA,KAJIADO,,-1.48,36.96
AIC TUMAINI ACADEMY PRI SCH,PRIMARY SCHOOL,PRIVATE,RIFT VALLEY,KERICHO,AINAMOI,AINAMOI,TOWNSHIP,TRANS NZOIA,,-0.36,35.29
NEW RIVA ROAD ACADEMY PRI,PRIMARY SCHOOL,PRIVATE,RIFT VALLEY,BURETI,RORET,BURETI,TEBESONIK,TRANS NZOIA,,-0.54,35.09
ST MONICA ACADEMY,PRIMARY SCHOOL,PRIVATE,RIFT VALLEY,KAJIADO,ISINYA,KAJIADO NORTH,KITENKELA,KAJIADO,,-1.48,36.96
ACK HOLY TRINITY PRI SCH,PRIMARY SCHOOL,PRIVATE,RIFT VALLEY,KERICHO,AINAMOI,AINAMOI,TOWNSHIP,TRANS NZOIA,,-0.37,35.29
EFA ACADEMY PRI,PRIMARY SCHOOL,PRIVATE,RIFT VALLEY,KAJIADO,ISINYA,KAJIADO NORTH,KITENKELA,KAJIADO,,-1.48,36.96
VICTORS ACADEMY PRI SCH,PRIMARY SCHOOL,PRIVATE,RIFT VALLEY,KERICHO,AINAMOI,AINAMOI,TOWNSHIP,TRANS NZOIA,,-0.34,35.28
KITENGELA SHALOM ACADEMY,PRIMARY SCHOOL,PRIVATE,RIFT VALLEY,KAJIADO,ISINYA,KAJIADO NORTH,KITENKELA,KAJIADO,,-1.47,36.96
THE MAGUTU SCHOOL,PRIMARY SCHOOL,PRIVATE,RIFT VALLEY,KAJIADO,ISINYA,KAJIADO NORTH,KITENKELA,KAJIADO,,-1.47,36.96
NEW HOROZON PREPARATORY PRI,PRIMARY SCHOOL,PRIVATE,RIFT VALLEY,KAJIADO,ISINYA,KAJIADO NORTH,KITENKELA,KAJIADO,,-1.47,36.96
MANGWEIN EDUCATION CENTRE PRI SCH,PRIMARY SCHOOL,PRIVATE,RIFT VALLEY,KERICHO,AINAMOI,AINAMOI,TOWNSHIP,TRANS NZOIA,,-0.32,35.31
IDA STAR ACADEMY PRI,PRIMARY SCHOOL,PRIVATE,RIFT VALLEY,KAJIADO,ISINYA,KAJIADO NORTH,KITENKELA,KAJIADO,,-1.47,36.96
SHINING STARS ACADEMY PRI,PRIMARY SCHOOL,PRIVATE,RIFT VALLEY,KAJIADO,ISINYA,KAJIADO NORTH,KITENKELA,KAJIADO,,-1.48,36.96
AMAZING GRACE JUNIOR PRI SCH,PRIMARY SCHOOL,PRIVATE,RIFT VALLEY,KERICHO,AINAMOI,AINAMOI,TOWNSHIP,TRANS NZOIA,,-0.34,35.3
ST.JOSEPHS PREPARATORY PRI SCH,PRIMARY SCHOOL,PRIVATE,RIFT VALLEY,KERICHO,AINAMOI,AINAMOI,TOWNSHIP,TRANS NZOIA,,-0.35,35.29
SARGULL EDUCATIONAL CENTRE PRI,PRIMARY SCHOOL,PRIVATE,RIFT VALLEY,KAJIADO,ISINYA,KAJIADO NORTH,KITENKELA,KAJIADO,,-1.48,36.96
AGAPE JUNIOR SCH PRI,PRIMARY SCHOOL,PRIVATE,RIFT VALLEY,KERICHO,AINAMOI,AINAMOI,TOWNSHIP,TRANS NZOIA,,-0.35,35.28
KITENGELA EBENEZER ACADEMY PRI,PRIMARY SCHOOL,PRIVATE,RIFT VALLEY,KAJIADO,ISINYA,KAJIADO NORTH,KITENKELA,KAJIADO,,-1.49,36.97
KORADROPS ACADEMY PRI,PRIMARY SCHOOL,PRIVATE,RIFT VALLEY,BURETI,RORET,BURETI,KIBUGAT,TRANS NZOIA,,-0.53,35.06
ST ANNES KISAJU,PRIMARY SCHOOL,PRIVATE,RIFT VALLEY,KAJIADO,ISINYA,KAJIADO NORTH,OLTUROTO,KAJIADO,,-1.64,36.87
RORET TOWNSHIP ACADEMY PRI,PRIMARY SCHOOL,PRIVATE,RIFT VALLEY,BURETI,RORET,BURETI,KISIARA,KAJIADO,,-0.5,35.1
PRECIOUS ACADEMY PRI NUR,PRIMARY SCHOOL,PRIVATE,RIFT VALLEY,KERICHO,AINAMOI,AINAMOI,TOWNSHIP,TRANS NZOIA,,-0.35,35.28
ELAND PRI SCH,PRIMARY SCHOOL,PRIVATE,RIFT VALLEY,KERICHO,AINAMOI,AINAMOI,TOWNSHIP,TRANS NZOIA,,-0.36,35.29
CORNERSTONE ACADEMY,PRIMARY SCHOOL,PRIVATE,RIFT VALLEY,BURETI,RORET,BURETI,KISIARA,KAJIADO,,-0.5,35.1
TOP RIDE ACADEMY,PRIMARY SCHOOL,PRIVATE,RIFT VALLEY,KAJIADO,ISINYA,KAJIADO NORTH,ISINYA,KAJIADO,,-1.63,36.85
BISHOP NDINGI ACAD PRIMARY SCHOOL,PRIMARY SCHOOL,PRIVATE,RIFT VALLEY,BURETI,RORET,BURETI,KISIARA,KAJIADO,,-0.5,35.1
LASOI JUNIOR ACADEMY PRI,PRIMARY SCHOOL,PRIVATE,RIFT VALLEY,KERICHO,BELGUT,BELGUT,KAPSUSER,TRANS NZOIA,,-0.38,35.21
RORET ADVENTIST ACADEMY PRI,PRIMARY SCHOOL,PRIVATE,RIFT VALLEY,BURETI,RORET,BURETI,KISIARA,KAJIADO,,-0.48,35.1
EBENEZER KIPSIGIS ACADEMY PRI,PRIMARY SCHOOL,PRIVATE,RIFT VALLEY,KERICHO,BELGUT,BELGUT,KAPSUSER,TRANS NZOIA,,-0.37,35.24
TEBES ACADEMY PRI,PRIMARY SCHOOL,PRIVATE,RIFT VALLEY,BURETI,RORET,BURETI,KISIARA,KAJIADO,,-0.49,35.1
CHELUGET ACADEMY PRI,PRIMARY SCHOOL,PRIVATE,RIFT VALLEY,BURETI,RORET,BURETI,TULWET,TRANS NZOIA,,-0.49,35.12
FIG TREE ACADEMY PRI,PRIMARY SCHOOL,PRIVATE,RIFT VALLEY,KERICHO,AINAMOI,AINAMOI,TOWNSHIP,TRANS NZOIA,,-0.35,35.25
CHEPKOLON GREENHIGHLANDS ACADEMY PRI,PRIMARY SCHOOL,PRIVATE,RIFT VALLEY,KERICHO,BELGUT,BELGUT,KAPSUSER,TRANS NZOIA,,-0.37,35.26
ST STEPHENS ACADEMY PRI,PRIMARY SCHOOL,PRIVATE,RIFT VALLEY,BURETI,RORET,BURETI,TULWET,TRANS NZOIA,,-0.49,35.13
SPRING VALLEY ACADEMY PRI SCH,PRIMARY SCHOOL,PRIVATE,RIFT VALLEY,KERICHO,AINAMOI,AINAMOI,TOWNSHIP,TRANS NZOIA,,-0.37,35.26
MILIMANI SCHOOL PRI,PRIMARY SCHOOL,PRIVATE,RIFT VALLEY,KERICHO,AINAMOI,AINAMOI,TOWNSHIP,TRANS NZOIA,,-0.36,35.27
SAMBU ACADEMY PRI,PRIMARY SCHOOL,PRIVATE,RIFT VALLEY,KERICHO,AINAMOI,AINAMOI,TOWNSHIP,TRANS NZOIA,,-0.36,35.27
STARLIGHT ACADEMY PRI,PRIMARY SCHOOL,PRIVATE,RIFT VALLEY,BURETI,RORET,BURETI,CHEMOSOT,BOMET,,-0.47,35.15
ENDOINYIO ENKAMPI PRI,PRIMARY SCHOOL,PRIVATE,RIFT VALLEY,KAJIADO,CENTRAL KAJIADO,KAJIADO CENTRAL,NKOILE,KAJIADO,,-2.05,36.69
REHEMA PRIMARY,PRIMARY SCHOOL,PRIVATE,RIFT VALLEY,BURETI,RORET,BURETI,CHEMOSOT,BOMET,,-0.49,35.16
BURETI JUNIOR ACADEMY PRI,PRIMARY SCHOOL,PRIVATE,RIFT VALLEY,BURETI,RORET,BURETI,CHEMOSOT,BOMET,,-0.49,35.16
A.I.C GRACELAND ACADEMY,PRIMARY SCHOOL,PRIVATE,RIFT VALLEY,BURETI,RORET,BURETI,CHEMOSOT,BOMET,,-0.49,35.16
ST NORAH ACADEMY,PRIMARY SCHOOL,PRIVATE,RIFT VALLEY,KAJIADO,CENTRAL KAJIADO,KAJIADO CENTRAL,NKOILE,KAJIADO,,-2.1,36.8
CROWN OF HOPE COMPLEX PRI SCH,PRIMARY SCHOOL,PRIVATE,RIFT VALLEY,KAJIADO,CENTRAL KAJIADO,KAJIADO CENTRAL,NKOILE,KAJIADO,,-2.1,36.79
CHEMOSIT PEFA ACADEMY,PRIMARY SCHOOL,PRIVATE,RIFT VALLEY,BURETI,RORET,BURETI,CHEMOSOT,BOMET,,-0.51,35.17
ILBISSIL ACADEMY PRI SCH,PRIMARY SCHOOL,PRIVATE,RIFT VALLEY,KAJIADO,CENTRAL KAJIADO,KAJIADO CENTRAL,NKOILE,KAJIADO,,-2.1,36.79
TOGOM ACADEMY,PRIMARY SCHOOL,PRIVATE,RIFT VALLEY,BURETI,RORET,BURETI,CHEMOSOT,BOMET,,-0.51,35.17
KALYA ACADEMY,PRIMARY SCHOOL,PRIVATE,RIFT VALLEY,BURETI,RORET,BURETI,CHEMOSOT,BOMET,,-0.51,35.17
A.I.C GETARWET ACADEMY,PRIMARY SCHOOL,PRIVATE,RIFT VALLEY,BURETI,RORET,BURETI,CHEMOSOT,BOMET,,-0.52,35.15
TEMASE ACADEMY PRI SCH,PRIMARY SCHOOL,PRIVATE,RIFT VALLEY,KERICHO,LONDIANI,KIPKELION,MASAITA,KAJIADO,,-0.13,35.61
LONDIANI ELITE PRI SCH,PRIMARY SCHOOL,PRIVATE,RIFT VALLEY,KERICHO,LONDIANI,KIPKELION,SORGET,BOMET,,-0.13,35.55
JAGOROR AIC ACADEMY PRI SCH,PRIMARY SCHOOL,PRIVATE,RIFT VALLEY,KERICHO,LONDIANI,KIPKELION,LEMOTIT,BOMET,,-0.15,35.52
JOYFIELD ACADEMY,PRIMARY SCHOOL,PRIVATE,RIFT VALLEY,NAKURU,NAIVASHA,NAIVASHA,NAIVASHA TOWN,NAKURU,,-0.73,36.43
VICTORY JUNIOR ACADEMY - PRI,PRIMARY SCHOOL,PRIVATE,RIFT VALLEY,NAKURU,NAIVASHA,NAIVASHA,NAIVASHA TOWN,NAKURU,,-0.73,36.43
BRILLIANCE PRI SCH,PRIMARY SCHOOL,PRIVATE,RIFT VALLEY,NAKURU,NAIVASHA,NAIVASHA,NAIVASHA TOWN,NAKURU,,-0.72,36.43
JOYWELL PRI SCH,PRIMARY SCHOOL,PRIVATE,RIFT VALLEY,NAKURU,NAIVASHA,NAIVASHA,NAIVASHA TOWN,NAKURU,,-0.75,36.46
LIZAR JUNIOR PRI SCH,PRIMARY SCHOOL,PRIVATE,RIFT VALLEY,NAKURU,NAIVASHA,NAIVASHA,NAIVASHA TOWN,NAKURU,,-0.76,36.47
EMMANUEL ACADEMY PRI,PRIMARY SCHOOL,PRIVATE,RIFT VALLEY,NAKURU,OLENGURUONE,KURESOI,AMALO,BOMET,,-0.57,35.7
BETHEL ACADEMY MASO PRI SCH,PRIMARY SCHOOL,PRIVATE,RIFT VALLEY,KERICHO,AINAMOI,AINAMOI,KAPSAOS,BOMET,,-0.3,35.31
TERER ACADEMY - PRI,PRIMARY SCHOOL,PRIVATE,RIFT VALLEY,KERICHO,BELGUT,BELGUT,KABIANGA,TRANS NZOIA,,-0.44,35.16
ST. FRANCIS OF ASISSI KABIANGA ACADEMY,PRIMARY SCHOOL,PRIVATE,RIFT VALLEY,KERICHO,BELGUT,BELGUT,KABIANGA,TRANS NZOIA,,-0.44,35.15
UMOJA SERONEI ACADEMY PRI,PRIMARY SCHOOL,PRIVATE,RIFT VALLEY,KERICHO,BELGUT,BELGUT,KABIANGA,TRANS NZOIA,,-0.45,35.14
SERSERI PRI SCH,PRIMARY SCHOOL,PRIVATE,RIFT VALLEY,KERICHO,AINAMOI,AINAMOI,AINAMOI,KERICHO,,-0.28,35.28
CANAAN SCHOOL - PRI,PRIMARY SCHOOL,PRIVATE,RIFT VALLEY,KERICHO,BELGUT,BELGUT,KABIANGA,TRANS NZOIA,,-0.43,35.13
BEYLIN ACADEMY - PRI,PRIMARY SCHOOL,PRIVATE,RIFT VALLEY,KERICHO,BELGUT,BELGUT,SERETUT,TRANS NZOIA,,-0.45,35.19
RESAM ACADEMY - PRI,PRIMARY SCHOOL,PRIVATE,RIFT VALLEY,KERICHO,SIGOWET,BELGUT,KAPLELARTET,KERICHO,,-0.4,35.05
QUARRY CHRISTIAN ACADEMY PRI SCH,PRIMARY SCHOOL,PRIVATE,RIFT VALLEY,KERICHO,AINAMOI,AINAMOI,AINAMOI,KERICHO,,-0.31,35.27
BONNDENI ACADEMY PRI SCH,PRIMARY SCHOOL,PRIVATE,RIFT VALLEY,KERICHO,AINAMOI,AINAMOI,AINAMOI,KERICHO,,-0.35,35.28
PROGRESSIVE ACADEMY PRI SCH,PRIMARY SCHOOL,PRIVATE,RIFT VALLEY,KERICHO,AINAMOI,AINAMOI,AINAMOI,KERICHO,,-0.33,35.27
ST.THERESA PRI SCH,PRIMARY SCHOOL,PRIVATE,RIFT VALLEY,KERICHO,AINAMOI,AINAMOI,AINAMOI,KERICHO,,-0.32,35.27
JENILA PRI SCH,PRIMARY SCHOOL,PRIVATE,RIFT VALLEY,KERICHO,AINAMOI,AINAMOI,AINAMOI,KERICHO,,-0.33,35.26
AINAMOI ACADEMY PRI SCH,PRIMARY SCHOOL,PRIVATE,RIFT VALLEY,KERICHO,AINAMOI,AINAMOI,AINAMOI,KERICHO,,-0.29,35.27
CRYSTAL HILL ACADEMY PRI SCH,PRIMARY SCHOOL,PRIVATE,RIFT VALLEY,KERICHO,SIGOWET,BELGUT,KAPLELARTET,KERICHO,,-0.38,35.01
SONDU TOWNSHIP ACADEMY,PRIMARY SCHOOL,PRIVATE,RIFT VALLEY,KERICHO,SIGOWET,BELGUT,KAPLELARTET,KERICHO,,-0.38,35.01
KITOL ACADEMY PRI,PRIMARY SCHOOL,PRIVATE,RIFT VALLEY,KERICHO,AINAMOI,AINAMOI,AINAMOI,KERICHO,,-0.29,35.27
FPFK KOIYAT ACADEMY - PRI,PRIMARY SCHOOL,PRIVATE,RIFT VALLEY,KERICHO,SIGOWET,BELGUT,KIPTERE,KERICHO,,-0.37,35.09
MALULUK ACADEMY - PRI,PRIMARY SCHOOL,PRIVATE,RIFT VALLEY,KERICHO,SIGOWET,BELGUT,KIPTERE,KERICHO,,-0.36,35.09
KAPSOIT JUNIOR SCH PRI,PRIMARY SCHOOL,PRIVATE,RIFT VALLEY,KERICHO,AINAMOI,AINAMOI,KAPSOIT,NANDI,,-0.32,35.22
ST. PETER'S PRI SCH,PRIMARY SCHOOL,PRIVATE,RIFT VALLEY,KERICHO,SIGOWET,BELGUT,KIPTERE,KERICHO,,-0.39,35.11
GREENWOODS ACADEMY - PRI,PRIMARY SCHOOL,PRIVATE,RIFT VALLEY,KERICHO,SIGOWET,BELGUT,KIPTERE,KERICHO,,-0.39,35.1
ST. CLARE'S PRI SCH,PRIMARY SCHOOL,PRIVATE,RIFT VALLEY,KERICHO,SIGOWET,BELGUT,KIPTERE,KERICHO,,-0.4,35.1
ABRAHAM'S AIC TELANET PRI SCH,PRIMARY SCHOOL,PRIVATE,RIFT VALLEY,KERICHO,AINAMOI,AINAMOI,KAPSOIT,NANDI,,-0.32,35.24
CHEBUTOR ACADEMY PRI SCH,PRIMARY SCHOOL,PRIVATE,RIFT VALLEY,KERICHO,SIGOWET,BELGUT,KIPTERE,KERICHO,,-0.42,35.09
CHEPKOIN ACADEMY PRI,PRIMARY SCHOOL,PRIVATE,RIFT VALLEY,BURETI,KONOIN,KONOIN,MOGOGOSIEK,BOMET,,-0.61,35.28
SOMA ACADEMY PRI,PRIMARY SCHOOL,PRIVATE,RIFT VALLEY,BURETI,KONOIN,KONOIN,MOGOGOSIEK,BOMET,,-0.6,35.25
CHELIEK CHRISTIAN ACADEMY PRI,PRIMARY SCHOOL,PRIVATE,RIFT VALLEY,BURETI,KONOIN,KONOIN,MOGOGOSIEK,BOMET,,-0.61,35.26
ELIMU ACADEMY PRI,PRIMARY SCHOOL,PRIVATE,RIFT VALLEY,BURETI,SOTIK,SOTIK,MANARET,NYANDARUA,,-0.69,35.07
ST.PETERS PRIMARY,PRIMARY SCHOOL,PRIVATE,RIFT VALLEY,BURETI,KONOIN,KONOIN,MOGOGOSIEK,BOMET,,-0.62,35.27
SEMA ACADEMY PRI,PRIMARY SCHOOL,PRIVATE,RIFT VALLEY,BURETI,SOTIK,SOTIK,MANARET,NYANDARUA,,-0.69,35.07
ST ANNS ACADEMY PRI,PRIMARY SCHOOL,PRIVATE,RIFT VALLEY,BURETI,SOTIK,SOTIK,MANARET,NYANDARUA,,-0.69,35.07
SALAMA ELITE SCHOOL PRI,PRIMARY SCHOOL,PRIVATE,RIFT VALLEY,BURETI,KONOIN,KONOIN,SOTIT,KERICHO,,-0.57,35.35
EMPUNIT ACADEMY PRI,PRIMARY SCHOOL,PRIVATE,RIFT VALLEY,KAJIADO,LOITOKITOK,KAJIADO SOUTH,ROMBO,KAJIADO,,-2.98,37.63
GOOD HOPE JUNIOR ACADEMY PRI,PRIMARY SCHOOL,PRIVATE,RIFT VALLEY,KAJIADO,LOITOKITOK,KAJIADO SOUTH,ROMBO,KAJIADO,,-2.96,37.57
SIOMO CHURCH OF CHRIST ACADEMY,PRIMARY SCHOOL,PRIVATE,RIFT VALLEY,BURETI,KONOIN,KONOIN,EMBOMOS,TRANS NZOIA,,-0.56,35.38
HIGHMARK JUNIOR ACADEMY PRI,PRIMARY SCHOOL,PRIVATE,RIFT VALLEY,KAJIADO,LOITOKITOK,KAJIADO SOUTH,ROMBO,KAJIADO,,-2.96,37.57
TEMBWO SPRING PRIMARY,PRIMARY SCHOOL,PRIVATE,RIFT VALLEY,BOMET,SOTIK,SOTIK,RONGENA,KERICHO,,-0.76,35.09
PRODUCE THE BEST ACADEMY PRI,PRIMARY SCHOOL,PRIVATE,RIFT VALLEY,BOMET,SOTIK,SOTIK,RONGENA,KERICHO,,-0.77,35.1
NAROMORU ACADEMY PRI SCH,PRIMARY SCHOOL,PRIVATE,RIFT VALLEY,KAJIADO,LOITOKITOK,KAJIADO SOUTH,KUKU,KAJIADO,,-2.93,37.51
MBATIAN ACADEMY PRI,PRIMARY SCHOOL,PRIVATE,RIFT VALLEY,KAJIADO,LOITOKITOK,KAJIADO SOUTH,KUKU,KAJIADO,,-2.93,37.51
TEMBWO JUNIOR ACADEMY PRI,PRIMARY SCHOOL,PRIVATE,RIFT VALLEY,BOMET,SOTIK,SOTIK,RONGENA,KERICHO,,-0.77,35.09
WINSA ACADEMY PRI,PRIMARY SCHOOL,PRIVATE,RIFT VALLEY,BURETI,KONOIN,KONOIN,SATIET,BOMET,,-0.62,35.37
BORDERLINE  ACADEMY PRI,PRIMARY SCHOOL,PRIVATE,RIFT VALLEY,BOMET,SOTIK,SOTIK,RONGENA,KERICHO,,-0.8,35.09
MSINGI MWEMA PRIMARY,PRIMARY SCHOOL,PRIVATE,RIFT VALLEY,NAKURU,ELBURGON,MOLO,MARIASHONI,NAKURU,,-0.34,35.81
KILIMANJARO JUNIOR ACADEMY PRI,PRIMARY SCHOOL,PRIVATE,RIFT VALLEY,KAJIADO,LOITOKITOK,KAJIADO SOUTH,KUKU,KAJIADO,,-2.92,37.5
PURPLE ROSE JUNIOR SCH,PRIMARY SCHOOL,PRIVATE,RIFT VALLEY,KAJIADO,LOITOKITOK,KAJIADO NORTH,KUKU,KAJIADO,,-2.92,37.5
IAN CASTLEMAN ORPHANAGE PRIMARY,PRIMARY SCHOOL,PRIVATE,RIFT VALLEY,NAKURU,ELBURGON,MOLO,ELBURGON,NAKURU,,-0.26,35.85
GREAT ANGELS PRI SCH,PRIMARY SCHOOL,PRIVATE,RIFT VALLEY,KAJIADO,LOITOKITOK,KAJIADO SOUTH,KUKU,KAJIADO,,-2.92,37.51
JOY  JUNIOR ACADEMY PRI,PRIMARY SCHOOL,PRIVATE,RIFT VALLEY,KAJIADO,LOITOKITOK,KAJIADO SOUTH,KUKU,KAJIADO,,-2.92,37.51
RIVERSIDE JUNIOR ACADEMY PRI,PRIMARY SCHOOL,PRIVATE,RIFT VALLEY,BURETI,KONOIN,KONOIN,EMBOMOS,TRANS NZOIA,,-0.56,35.35
KIMOLWET JUNIOR ACADEMY PRI,PRIMARY SCHOOL,PRIVATE,RIFT VALLEY,BURETI,SOTIK,SOTIK,KIMOLWET,TRANS NZOIA,,-0.69,35.18
ST. CLARE PRIMARY,PRIMARY SCHOOL,PRIVATE,RIFT VALLEY,NAKURU,ELBURGON,MOLO,ELBURGON,NAKURU,,-0.29,35.79
KAPLETUNDO CENTRAL ACADEMY PRI,PRIMARY SCHOOL,PRIVATE,RIFT VALLEY,BURETI,SOTIK,SOTIK,KAPLETUNDO,KERICHO,,-0.67,35.2
JOY GEOMAR ACADEMY PRI,PRIMARY SCHOOL,PRIVATE,RIFT VALLEY,KAJIADO,LOITOKITOK,KAJIADO SOUTH,KIMANA,KAJIADO,,-2.87,37.53
EBENEZER MISSION PRIMARY,PRIMARY SCHOOL,PRIVATE,RIFT VALLEY,BURETI,SOTIK,SOTIK,KIMOLWET,TRANS NZOIA,,-0.68,35.17
KOJABEL ACADEMY PRI,PRIMARY SCHOOL,PRIVATE,RIFT VALLEY,BURETI,KIMULOT,KONOIN,KAPTEBENGWET,TRANS NZOIA,,-0.6,35.31
LIANAT ACADEMY PRI,PRIMARY SCHOOL,PRIVATE,RIFT VALLEY,BURETI,KIMULOT,KONOIN,KAPTEBENGWET,TRANS NZOIA,,-0.58,35.33
AIC BETHLEHEM ACADEMY,PRIMARY SCHOOL,PRIVATE,RIFT VALLEY,BURETI,BURETI,BURETI,CHEBORGE,KERICHO,,-0.56,35.16
JESWIZE BARAKA ACADEMY PRI,PRIMARY SCHOOL,PRIVATE,RIFT VALLEY,BURETI,BURETI,BURETI,CHEBOIN,BOMET,,-0.54,35.14
KAPTEBENGWET TOWNSHIP ACADEMY PRI,PRIMARY SCHOOL,PRIVATE,RIFT VALLEY,BURETI,KIMULOT,KONOIN,KAPTEBENGWET,TRANS NZOIA,,-0.57,35.3
KIMANA NARAMATISHO ACADEMY,PRIMARY SCHOOL,PRIVATE,RIFT VALLEY,KAJIADO,LOITOKITOK,KAJIADO SOUTH,KIMANA,KAJIADO,,-2.8,37.53
KIMANA FPFK ACADEMY,PRIMARY SCHOOL,PRIVATE,RIFT VALLEY,KAJIADO,LOITOKITOK,KAJIADO SOUTH,KIMANA,KAJIADO,,-2.8,37.53
AIC BUSES ACADEMY PRI,PRIMARY SCHOOL,PRIVATE,RIFT VALLEY,BURETI,SOTIK,SOTIK,CHEBILAT,BOMET,,-0.62,35.23
KIMANA CENTRAL ACADEMY,PRIMARY SCHOOL,PRIVATE,RIFT VALLEY,KAJIADO,LOITOKITOK,KAJIADO SOUTH,KIMANA,KAJIADO,,-2.8,37.54
DANESTHER ACADEMY PRI,PRIMARY SCHOOL,PRIVATE,RIFT VALLEY,BURETI,BURETI,BURETI,CHEBORGE,KERICHO,,-0.56,35.11
ILLASIT KILIMANJARO JUNIOR ACADEMY,PRIMARY SCHOOL,PRIVATE,RIFT VALLEY,KAJIADO,LOITOKITOK,KAJIADO SOUTH,ROMBO,KAJIADO,,-2.95,37.57
ST JOHN BOSCO SIRONET ACADEMY PRI,PRIMARY SCHOOL,PRIVATE,RIFT VALLEY,BURETI,SOTIK,SOTIK,KAPLETUNDO,KERICHO,,-0.68,35.21
KAPNANIWET,PRIMARY SCHOOL,PRIVATE,RIFT VALLEY,BURETI,BURETI,BURETI,CHEBORGE,KERICHO,,-0.57,35.15
KOMOLOK JOY ACADEMY,PRIMARY SCHOOL,PRIVATE,RIFT VALLEY,BURETI,BURETI,BURETI,CHEBORGE,KERICHO,,-0.58,35.14
EDMA ACADEMY PRI,PRIMARY SCHOOL,PRIVATE,RIFT VALLEY,BURETI,BURETI,BURETI,CHEBORGE,KERICHO,,-0.58,35.12
SIEMA ACADEMY PRI,PRIMARY SCHOOL,PRIVATE,CENTRAL,NYERI,MUNICIPALITY,MUKARO,NYERI TOWN,NYERI,,-0.43,36.97
BARAKA ACADEMY PRI,PRIMARY SCHOOL,PRIVATE,CENTRAL,NYERI,MUNICIPALITY,MUKARO,NYERI TOWN,NYERI,,-0.43,36.96
WEMA CENTRAL ACADEMY,PRIMARY SCHOOL,PRIVATE,CENTRAL,NYERI,MUNICIPALITY,MUKARO,NYERI TOWN,NYERI,,-0.46,37.04
DAN ROSA ACADEMY PRI,PRIMARY SCHOOL,PRIVATE,CENTRAL,NYERI,MUNICIPALITY,MUKARO,NYERI TOWN,NYERI,,-0.45,37.04
PWANI JUNIOR ACADEMY PRI,PRIMARY SCHOOL,PRIVATE,COAST,MOMBASA,KISAUNI,KISAUNI,KISAUNI,MOMBASA,,-4.01,39.7
MWAGO ACADEMY,PRIMARY SCHOOL,PRIVATE,CENTRAL,NYERI,MUNICIPALITY,KIGANJO,NYERI TOWN,NYERI,,-0.43,37.02
FAITHWORD ACADEMY PRI,PRIMARY SCHOOL,PRIVATE,COAST,MOMBASA,KISAUNI,KISAUNI,KISAUNI,MOMBASA,,-4.01,39.7
ROZA ACADEMY,PRIMARY SCHOOL,PRIVATE,CENTRAL,NYERI,MUNICIPALITY,KIGANJO,NYERI TOWN,NYERI,,-0.42,37.03
MARTEX PRI,PRIMARY SCHOOL,PRIVATE,CENTRAL,NYERI,MUNICIPALITY,KIGANJO,NYERI TOWN,NYERI,,-0.39,37.01
ST. ENOCK'S SPLINTER ACADEMY PRI,PRIMARY SCHOOL,PRIVATE,COAST,MOMBASA,KISAUNI,KISAUNI,KISAUNI,MOMBASA,,-4.01,39.7
PCEA NYERI ACADEMY,PRIMARY SCHOOL,PRIVATE,CENTRAL,NYERI,MUNICIPALITY,MUKARO,NYERI TOWN,NYERI,,-0.42,36.94
DAN JUNIOR ACADEMY PRI,PRIMARY SCHOOL,PRIVATE,CENTRAL,NYERI,MUNICIPALITY,MUKARO,NYERI TOWN,NYERI,,-0.41,36.95
HILLVIEW ACADEMY PRI,PRIMARY SCHOOL,PRIVATE,CENTRAL,NYERI,MUKURWE-INI,MUHITO,MUKURWE-INI,NYERI,,-0.55,37.05
DESLIZ PRI SCH,PRIMARY SCHOOL,PRIVATE,COAST,MOMBASA,KISAUNI,KISAUNI,KISAUNI,MOMBASA,,-4.01,39.69
ST. JOSEPH'S HERMAN MAX PRI,PRIMARY SCHOOL,PRIVATE,COAST,MOMBASA,KISAUNI,KISAUNI,KISAUNI,MOMBASA,,-4.01,39.69
NYERI GOOD SHEPHERD PRI,PRIMARY SCHOOL,PRIVATE,CENTRAL,NYERI,MUNICIPALITY,MUKARO,NYERI TOWN,NYERI,,-0.41,36.96
VIKWATHANI PRI SCH,PRIMARY SCHOOL,PRIVATE,COAST,MOMBASA,KISAUNI,KISAUNI,KISAUNI,MOMBASA,,-4.01,39.68
MT. KENYA ACADEMY,PRIMARY SCHOOL,PRIVATE,CENTRAL,NYERI,MUNICIPALITY,MUKARO,NYERI TOWN,NYERI,,-0.41,36.98
NYERI TUMAINI PRI,PRIMARY SCHOOL,PRIVATE,CENTRAL,NYERI,MUNICIPALITY,MUKARO,NYERI TOWN,NYERI,,-0.41,36.98
DAYSTAR ACADEMY PRI,PRIMARY SCHOOL,PRIVATE,COAST,MOMBASA,KISAUNI,KISAUNI,KISAUNI,MOMBASA,,-4.01,39.68
EMAS ACADEMY PRI,PRIMARY SCHOOL,PRIVATE,COAST,MOMBASA,KISAUNI,KISAUNI,KISAUNI,MOMBASA,,-4,39.68
MUOTE ELITE ACADEMY,PRIMARY SCHOOL,PRIVATE,CENTRAL,NYERI,MUKURWE-INI,MUHITO,MUKURWE-INI,NYERI,,-0.56,37.04
BAMBURI JUNIOR SCH PRI,PRIMARY SCHOOL,PRIVATE,COAST,MOMBASA,KISAUNI,KISAUNI,KISAUNI,MOMBASA,,-4,39.7
ST. CLARETE PRI SCH,PRIMARY SCHOOL,PRIVATE,COAST,MOMBASA,KISAUNI,KISAUNI,KISAUNI,MOMBASA,,-4,39.7
ST BENEDICT BOYS BOARDING PRI,PRIMARY SCHOOL,PRIVATE,CENTRAL,NYERI,MUNICIPALITY,MUKARO,NYERI TOWN,NYERI,,-0.41,36.94
GREEN PASTURES ACADEMY,PRIMARY SCHOOL,PRIVATE,CENTRAL,NYERI,MUNICIPALITY,KIGANJO,NYERI TOWN,NYERI,,-0.38,36.98
FRANCIS ACADEMY,PRIMARY SCHOOL,PRIVATE,CENTRAL,NYERI,MUNICIPALITY,KIGANJO,NYERI TOWN,NYERI,,-0.37,36.99
EUNICE PRI,PRIMARY SCHOOL,PRIVATE,CENTRAL,NYERI,MUNICIPALITY,MUKARO,NYERI TOWN,NYERI,,-0.38,36.94
MLIMANI ACADEMY PRI,PRIMARY SCHOOL,PRIVATE,COAST,MOMBASA,KISAUNI,KISAUNI,KISAUNI,MOMBASA,,-4,39.7
SIN BAD JUNIOR ACADEMY PRI,PRIMARY SCHOOL,PRIVATE,COAST,MOMBASA,KISAUNI,KISAUNI,KISAUNI,MOMBASA,,-4,39.7
ANANDA MARGA ACADEMY KIEMBENI PRI,PRIMARY SCHOOL,PRIVATE,COAST,MOMBASA,KISAUNI,BAMBURI,KISAUNI,MOMBASA,,-3.99,39.7
MUHOYA ACADEMY PRI,PRIMARY SCHOOL,PRIVATE,CENTRAL,NYERI,MUNICIPALITY,MUKARO,NYERI TOWN,NYERI,,-0.39,36.9
VINE BELLS JUNIOR SCH PRI,PRIMARY SCHOOL,PRIVATE,COAST,MOMBASA,KISAUNI,BAMBURI,KISAUNI,MOMBASA,,-3.99,39.7
ST. PETERS THE ROCK JUNIOR SCH - SPECIAL UNIT,PRIMARY SCHOOL,PRIVATE,COAST,MOMBASA,KISAUNI,KISAUNI,KISAUNI,MOMBASA,,-4,39.7
GOOD HOPE JOB PRI SCH,PRIMARY SCHOOL,PRIVATE,COAST,MOMBASA,KISAUNI,BAMBURI,KISAUNI,MOMBASA,,-4,39.7
SISTERS OF HOLY ANGELS PRI SCH,PRIMARY SCHOOL,PRIVATE,CENTRAL,NYERI,MUNICIPALITY,MUKARO,NYERI TOWN,NYERI,,-0.41,36.93
ST. ANNE'S ACADEMY PRI,PRIMARY SCHOOL,PRIVATE,COAST,MOMBASA,KISAUNI,BAMBURI,KISAUNI,MOMBASA,,-3.97,39.71
NYEMUTEKA PRI SCH,PRIMARY SCHOOL,PRIVATE,COAST,MOMBASA,KISAUNI,BAMBURI,KISAUNI,MOMBASA,,-3.96,39.72
MBUIRI PRI SCH,PRIMARY SCHOOL,PRIVATE,CENTRAL,NYERI,MUKURWE-INI,GIKONDI,MUKURWE-INI,NYERI,,-0.59,37.07
BRAEBURN MOMBASA INTERNATIONAL SCH,PRIMARY SCHOOL,PRIVATE,COAST,MOMBASA,KISAUNI,BAMBURI,KISAUNI,MOMBASA,,-3.97,39.75
SHANZU TEACHERS TRAINING COLLEGE ACADEMY - PRI,PRIMARY SCHOOL,PRIVATE,COAST,MOMBASA,KISAUNI,BAMBURI,KISAUNI,MOMBASA,,-3.97,39.74
ST. ANTONY CLARET PRI SCH,PRIMARY SCHOOL,PRIVATE,COAST,MOMBASA,KISAUNI,BAMBURI,KISAUNI,MOMBASA,,-3.97,39.74
SHANZU VALENTINE PRI SCH,PRIMARY SCHOOL,PRIVATE,COAST,MOMBASA,KISAUNI,BAMBURI,KISAUNI,MOMBASA,,-3.97,39.74
SHANZU EDUCATIONAL CENTRE PRI SCH,PRIMARY SCHOOL,PRIVATE,COAST,MOMBASA,KISAUNI,BAMBURI,KISAUNI,MOMBASA,,-3.97,39.73
MUTHUTHINI ACADEMY PRI SCH,PRIMARY SCHOOL,PRIVATE,CENTRAL,NYERI,MUKURWE-INI,GIKONDI,MUKURWE-INI,NYERI,,-0.59,37.05
SOON BIG BRAIN ACADMEY PRI,PRIMARY SCHOOL,PRIVATE,COAST,MOMBASA,KISAUNI,BAMBURI,KISAUNI,MOMBASA,,-3.97,39.74
NELION PEAK ACADEMY,PRIMARY SCHOOL,PRIVATE,CENTRAL,NYERI,KIENI EAST,THIGU,KIENI,NYERI,,-0.35,37
SHANZU PREPARATORY PRI,PRIMARY SCHOOL,PRIVATE,COAST,MOMBASA,KISAUNI,BAMBURI,KISAUNI,MOMBASA,,-3.97,39.73
BETTER LIFE JUNIOR ACADEMY PRI,PRIMARY SCHOOL,PRIVATE,COAST,MOMBASA,KISAUNI,BAMBURI,KISAUNI,MOMBASA,,-3.96,39.73
THE FUTURE CARE CENTRE PRI,PRIMARY SCHOOL,PRIVATE,COAST,MOMBASA,KISAUNI,BAMBURI,KISAUNI,MOMBASA,,-3.97,39.73
COOPER SCH OF PEACE PRI,PRIMARY SCHOOL,PRIVATE,COAST,MOMBASA,KISAUNI,BAMBURI,KISAUNI,MOMBASA,,-3.97,39.73
REV WAJEE ELITE ACADEMY PRI SCH,PRIMARY SCHOOL,PRIVATE,CENTRAL,NYERI,MUKURWE-INI,GIATHUGU,MUKURWE-INI,NYERI,,-0.56,37.08
THE GENESIS JUNIOR ACADEMY PRI,PRIMARY SCHOOL,PRIVATE,COAST,MOMBASA,KISAUNI,BAMBURI,KISAUNI,MOMBASA,,-3.97,39.72
PRIMAX JUNIOR ACADEMY,PRIMARY SCHOOL,PRIVATE,CENTRAL,NYERI,KIENI EAST,THIGU,KIENI,NYERI,,-0.36,37
GOOD HOPE JUNIOR ACADEMY PRI,PRIMARY SCHOOL,PRIVATE,COAST,MOMBASA,KISAUNI,BAMBURI,KISAUNI,MOMBASA,,-3.96,39.72
UTANGE BAPTIST PRI,PRIMARY SCHOOL,PRIVATE,COAST,MOMBASA,KISAUNI,BAMBURI,KISAUNI,MOMBASA,,-3.97,39.72
ZIMLAT PRI SCH,PRIMARY SCHOOL,PRIVATE,COAST,MOMBASA,KISAUNI,BAMBURI,KISAUNI,MOMBASA,,-3.97,39.73
PEAK VIEW ACADEMY,PRIMARY SCHOOL,PRIVATE,CENTRAL,NYERI,KIENI EAST,THIGU,KIENI,NYERI,,-0.36,37.01
JOLAURABI PRI SCH,PRIMARY SCHOOL,PRIVATE,COAST,MOMBASA,KISAUNI,BAMBURI,KISAUNI,MOMBASA,,-3.97,39.73
MIKOROSHONI PRI SCH,PRIMARY SCHOOL,PRIVATE,COAST,MOMBASA,KISAUNI,BAMBURI,KISAUNI,MOMBASA,,-3.97,39.73
NYERI PLAINSVIEW ACADEMY PRI,PRIMARY SCHOOL,PRIVATE,CENTRAL,NYERI,KIENI EAST,THIGU,KIENI,NYERI,,-0.38,37.01
JCC EDUCATIONAL COMPLEX PRI SCH,PRIMARY SCHOOL,PRIVATE,COAST,MOMBASA,KISAUNI,BAMBURI,KISAUNI,MOMBASA,,-3.99,39.72
COAST STAR ACADEMY PRI,PRIMARY SCHOOL,PRIVATE,COAST,MOMBASA,KISAUNI,KISAUNI,KISAUNI,MOMBASA,,-4.03,39.68
ST. TERESA  ACADEMY (MBIRIRI) PRI,PRIMARY SCHOOL,PRIVATE,CENTRAL,NYERI,KIENI EAST,KABARU,KIENI,NYERI,,-0.32,37.08
BASHRAHIL ACADEMY PRI SCH,PRIMARY SCHOOL,PRIVATE,COAST,MOMBASA,KISAUNI,KISAUNI,KISAUNI,MOMBASA,,-4.03,39.68
RED ROSES ACADEMY PRI,PRIMARY SCHOOL,PRIVATE,CENTRAL,NYERI,KIENI EAST,KABARU,KIENI,NYERI,,-0.32,37.08
TUWA TAQWA ACADEMY PRI,PRIMARY SCHOOL,PRIVATE,COAST,MOMBASA,KISAUNI,KISAUNI,KISAUNI,MOMBASA,,-4.03,39.68
MOUNTAIN STAR PRI,PRIMARY SCHOOL,PRIVATE,CENTRAL,NYERI,KIENI EAST,KABARU,KIENI,NYERI,,-0.31,37.1
AL-HIJRA ACADEMY PRI,PRIMARY SCHOOL,PRIVATE,COAST,MOMBASA,KISAUNI,KISAUNI,KISAUNI,MOMBASA,,-4.02,39.68
MUGUMO GREEN PRI,PRIMARY SCHOOL,PRIVATE,CENTRAL,NYERI,KIENI EAST,KABARU,KIENI,NYERI,,-0.3,37.1
ST. RICHARDS COMMUNITY CENTRE SCH PRI,PRIMARY SCHOOL,PRIVATE,COAST,MOMBASA,KISAUNI,KISAUNI,KISAUNI,MOMBASA,,-4.02,39.68
ST. DAVID PRI SCH,PRIMARY SCHOOL,PRIVATE,COAST,MOMBASA,KISAUNI,KISAUNI,KISAUNI,MOMBASA,,-4.02,39.68
MOMBASA MAINLAND ACADEMY PRI,PRIMARY SCHOOL,PRIVATE,COAST,MOMBASA,KISAUNI,KISAUNI,KISAUNI,MOMBASA,,-4.02,39.68
PAPYRUS ACADEMY PRI,PRIMARY SCHOOL,PRIVATE,COAST,MOMBASA,KISAUNI,KISAUNI,KISAUNI,MOMBASA,,-4.03,39.68
SAFINA ACADEMY PRI,PRIMARY SCHOOL,PRIVATE,COAST,MOMBASA,KISAUNI,KISAUNI,KISAUNI,MOMBASA,,-4.03,39.68
ST. ALBERT BOKORO ACADEMY PRI,PRIMARY SCHOOL,PRIVATE,COAST,MOMBASA,KISAUNI,KISAUNI,KISAUNI,MOMBASA,,-4.03,39.68
ABANDONED CHILDREN CARE PRI,PRIMARY SCHOOL,PRIVATE,COAST,MOMBASA,KISAUNI,KONGOWEA,KISAUNI,MOMBASA,,-4.02,39.7
GATES OF JOY ORPHANAGE TUTION CENTRE PRI,PRIMARY SCHOOL,PRIVATE,COAST,MOMBASA,KISAUNI,KONGOWEA,KISAUNI,MOMBASA,,-4.03,39.7
MUKUNGUNI HIV/AIDS SELF HELP GROUP PRI,PRIMARY SCHOOL,PRIVATE,COAST,MOMBASA,KISAUNI,KONGOWEA,KISAUNI,MOMBASA,,-4.03,39.7
FURAHA COMMUNITY SCH PRI,PRIMARY SCHOOL,PRIVATE,COAST,MOMBASA,KISAUNI,KISAUNI,KISAUNI,MOMBASA,,-4.03,39.69
ST. JANE'S HIGH VISION ACADEMY PRI,PRIMARY SCHOOL,PRIVATE,COAST,MOMBASA,KISAUNI,KISAUNI,KISAUNI,MOMBASA,,-4.03,39.69
HARVEST PRI SCH,PRIMARY SCHOOL,PRIVATE,COAST,MOMBASA,KISAUNI,KISAUNI,KISAUNI,MOMBASA,,-4.03,39.69
ST. JOHNS FRERE ACADEMY PRI,PRIMARY SCHOOL,PRIVATE,COAST,MOMBASA,KISAUNI,KISAUNI,KISAUNI,MOMBASA,,-4.03,39.69
ST. MICHAEL'S PRI SCH,PRIMARY SCHOOL,PRIVATE,COAST,MOMBASA,KISAUNI,KISAUNI,KISAUNI,MOMBASA,,-4.03,39.69
GOLDEN GATE ACADEMY PRI,PRIMARY SCHOOL,PRIVATE,COAST,MOMBASA,KISAUNI,KISAUNI,KISAUNI,MOMBASA,,-4.03,39.69
EAPC KISIMANI ACADEMY PRI,PRIMARY SCHOOL,PRIVATE,COAST,MOMBASA,KISAUNI,KONGOWEA,KISAUNI,MOMBASA,,-4.02,39.69
BOMBOLULU SCH OF PROMISE PRI,PRIMARY SCHOOL,PRIVATE,COAST,MOMBASA,KISAUNI,KONGOWEA,KISAUNI,MOMBASA,,-4.03,39.7
ST. MARY'S ACADEMY PRI,PRIMARY SCHOOL,PRIVATE,COAST,MOMBASA,KISAUNI,KISAUNI,KISAUNI,MOMBASA,,-4.02,39.71
BOMBOLULU BAPTIST PRI,PRIMARY SCHOOL,PRIVATE,COAST,MOMBASA,KISAUNI,KISAUNI,KISAUNI,MOMBASA,,-4.02,39.7
SHEIK ZAYED PRI SCH,PRIMARY SCHOOL,PRIVATE,COAST,MOMBASA,KISAUNI,KONGOWEA,KISAUNI,MOMBASA,,-4.02,39.7
KISAUNI ACADEMY PRI,PRIMARY SCHOOL,PRIVATE,COAST,MOMBASA,KISAUNI,KONGOWEA,KISAUNI,MOMBASA,,-4.03,39.69
BRIGHT LITE ACADEMY PRI,PRIMARY SCHOOL,PRIVATE,COAST,MOMBASA,KISAUNI,KONGOWEA,KISAUNI,MOMBASA,,-4.03,39.69
AZHAR SHAREEF PRI SCH,PRIMARY SCHOOL,PRIVATE,COAST,MOMBASA,KISAUNI,KONGOWEA,KISAUNI,MOMBASA,,-4.03,39.69
THE PRECIOUS TWINS ACADEMY PRI,PRIMARY SCHOOL,PRIVATE,COAST,MOMBASA,KISAUNI,KONGOWEA,KISAUNI,MOMBASA,,-4.03,39.69
CENTRAL STAR PRY,PRIMARY SCHOOL,PRIVATE,CENTRAL,NYERI,KIENI EAST,GAKAWA,KIENI,NYERI,,-0.13,37.01
SHADAI HUMANIST JUNIOR SCH PRI,PRIMARY SCHOOL,PRIVATE,COAST,MOMBASA,KISAUNI,KONGOWEA,KISAUNI,MOMBASA,,-4.03,39.7
MARIE TOP PRI SCH,PRIMARY SCHOOL,PRIVATE,COAST,MOMBASA,KISAUNI,KONGOWEA,KISAUNI,MOMBASA,,-4.03,39.7
STAR OF DAVID CHRISTIAN ACADEMY PRI,PRIMARY SCHOOL,PRIVATE,COAST,MOMBASA,KISAUNI,KONGOWEA,KISAUNI,MOMBASA,,-4.03,39.7
MURERU VIEW ACADEMY,PRIMARY SCHOOL,PRIVATE,CENTRAL,NYERI,KIENI EAST,KIAMATHAGE,KIENI,NYERI,,-0.13,37.03
MNAZI MOJA PRI SCH,PRIMARY SCHOOL,PRIVATE,COAST,MOMBASA,KISAUNI,KONGOWEA,KISAUNI,MOMBASA,,-4.04,39.7
GIKARA'S PRI SCH,PRIMARY SCHOOL,PRIVATE,COAST,MOMBASA,KISAUNI,KONGOWEA,KISAUNI,MOMBASA,,-4.04,39.69
NYALI PRI SCH,PRIMARY SCHOOL,PRIVATE,COAST,MOMBASA,KISAUNI,KONGOWEA,KISAUNI,MOMBASA,,-4.04,39.7
BURGURET VIEW ACADEMY,PRIMARY SCHOOL,PRIVATE,CENTRAL,NYERI,KIENI EAST,KIAMATHAGE,KIENI,NYERI,,-0.13,37.04
DEANS BROOK SCH PRI,PRIMARY SCHOOL,PRIVATE,COAST,MOMBASA,KISAUNI,KONGOWEA,KISAUNI,MOMBASA,,-4.03,39.7
OSHWAL ACADEMY PRI,PRIMARY SCHOOL,PRIVATE,COAST,MOMBASA,KISAUNI,KONGOWEA,KISAUNI,MOMBASA,,-4.03,39.7
SHREE SWAMNIRAYAN ACADEMY PRI,PRIMARY SCHOOL,PRIVATE,COAST,MOMBASA,KISAUNI,KONGOWEA,KISAUNI,MOMBASA,,-4.03,39.72
SOS HERMANN GENEINER SCH PRI,PRIMARY SCHOOL,PRIVATE,COAST,MOMBASA,KISAUNI,KONGOWEA,KISAUNI,MOMBASA,,-4.02,39.72
RAAHAN JUNIOR SCH PRI,PRIMARY SCHOOL,PRIVATE,COAST,MOMBASA,KISAUNI,KONGOWEA,KISAUNI,MOMBASA,,-4.04,39.68
PRECIOUS EARLY CHILDREN EDUCATION CENTRE  PRI,PRIMARY SCHOOL,PRIVATE,COAST,MOMBASA,KISAUNI,KONGOWEA,KISAUNI,MOMBASA,,-4.04,39.69
CURTIS BAPTIST PRI SCH,PRIMARY SCHOOL,PRIVATE,COAST,MOMBASA,KISAUNI,KONGOWEA,KISAUNI,MOMBASA,,-4.04,39.69
NORTH COAST ACDEMY PRI,PRIMARY SCHOOL,PRIVATE,COAST,MOMBASA,KISAUNI,KONGOWEA,KISAUNI,MOMBASA,,-4.04,39.69
FLORIST ACADEMY PRI,PRIMARY SCHOOL,PRIVATE,COAST,MOMBASA,KISAUNI,KONGOWEA,KISAUNI,MOMBASA,,-4.04,39.69
ACACIA DAM,PRIMARY SCHOOL,PRIVATE,CENTRAL,NYERI,KIENI EAST,GAKAWA,KIENI,NYERI,,-0.15,37.02
FRIENDS PRI SCH KONGOWEA,PRIMARY SCHOOL,PRIVATE,COAST,MOMBASA,KISAUNI,KONGOWEA,KISAUNI,MOMBASA,,-4.04,39.69
MWAMBA ACADEMY PRI,PRIMARY SCHOOL,PRIVATE,COAST,MOMBASA,KISAUNI,KONGOWEA,KISAUNI,MOMBASA,,-4.04,39.69
PENTROSE COMMUNITY PRI SCH,PRIMARY SCHOOL,PRIVATE,COAST,MOMBASA,KISAUNI,KONGOWEA,KISAUNI,MOMBASA,,-4.04,39.7
LIGHT ACADEMY PRI,PRIMARY SCHOOL,PRIVATE,COAST,MOMBASA,KISAUNI,KONGOWEA,KISAUNI,MOMBASA,,-4.06,39.7
FAATIHA' PREP SCH PRI,PRIMARY SCHOOL,PRIVATE,COAST,MOMBASA,KISAUNI,KONGOWEA,KISAUNI,MOMBASA,,-4.05,39.69
ST GEORGES BURGURET ACADEMY PRI,PRIMARY SCHOOL,PRIVATE,CENTRAL,NYERI,KIENI EAST,GAKAWA,KIENI,NYERI,,-0.08,37
ST. KEVIN MKOMANI HILL ACADEMY PRI,PRIMARY SCHOOL,PRIVATE,COAST,MOMBASA,KISAUNI,KONGOWEA,KISAUNI,MOMBASA,,-4.05,39.68
ACK BINNS PRI SCH,PRIMARY SCHOOL,PRIVATE,COAST,MOMBASA,KISAUNI,KISAUNI,KISAUNI,MOMBASA,,-4.04,39.68
AL-MADRASA S.B. PRI SCH,PRIMARY SCHOOL,PRIVATE,COAST,MOMBASA,KISAUNI,KISAUNI,KISAUNI,MOMBASA,,-4.03,39.68
UMOJA CENTRE ACADEMY PRI,PRIMARY SCHOOL,PRIVATE,COAST,MOMBASA,KISAUNI,KISAUNI,KISAUNI,MOMBASA,,-4,39.7
TEMAN'S JUNIOR SCH PRI,PRIMARY SCHOOL,PRIVATE,COAST,MOMBASA,KISAUNI,KISAUNI,KISAUNI,MOMBASA,,-4,39.7
BAMBURI GREATNEWS SCH PRI,PRIMARY SCHOOL,PRIVATE,COAST,MOMBASA,KISAUNI,KISAUNI,KISAUNI,MOMBASA,,-4,39.7
BRIDGE OF HOPE PRI SCH,PRIMARY SCHOOL,PRIVATE,COAST,MOMBASA,KISAUNI,KISAUNI,KISAUNI,MOMBASA,,-4,39.7
NYERI SAWA ACADEMY PRI SCH,PRIMARY SCHOOL,PRIVATE,CENTRAL,NYERI,KIENI EAST,GAKAWA,KIENI,NYERI,,-0.05,37.05
NANYUKI BOARDING ACADEMY,PRIMARY SCHOOL,PRIVATE,CENTRAL,NYERI,KIENI EAST,GAKAWA,KIENI,NYERI,,-0.03,37.06
GLORY ACADEMY PRI,PRIMARY SCHOOL,PRIVATE,COAST,MOMBASA,KISAUNI,KISAUNI,KISAUNI,MOMBASA,,-4.01,39.7
ST. ANDREWS BAPTIST ACADEMY PRI,PRIMARY SCHOOL,PRIVATE,COAST,MOMBASA,KISAUNI,KISAUNI,KISAUNI,MOMBASA,,-4.01,39.7
FAITH ACADEMY PRI,PRIMARY SCHOOL,PRIVATE,COAST,MOMBASA,KISAUNI,KISAUNI,KISAUNI,MOMBASA,,-4,39.7
EBENEZER JUNIOR,PRIMARY SCHOOL,PRIVATE,CENTRAL,NYERI,KIENI EAST,GAKAWA,KIENI,NYERI,,0,37.06
NGETHA MEMORIAL PRY,PRIMARY SCHOOL,PRIVATE,CENTRAL,NYERI,KIENI EAST,GAKAWA,KIENI,NYERI,,0,37.07
ST CHRISTOPHER'S  PRI SCHOOL,PRIMARY SCHOOL,PRIVATE,CENTRAL,NYERI,KIENI EAST,GAKAWA,KIENI,NYERI,,0,37.08
BRIGHT STAR ACADEMY,PRIMARY SCHOOL,PRIVATE,CENTRAL,NYERI,KIENI EAST,GAKAWA,KIENI,NYERI,,-0.02,37.09
KAGERE ACADEMY,PRIMARY SCHOOL,PRIVATE,CENTRAL,NYERI,OTHAYA,MAHIGA,OTHAYA,NYERI,,-0.51,36.94
MAHIGA ACADEMY PRI,PRIMARY SCHOOL,PRIVATE,CENTRAL,NYERI,OTHAYA,MAHIGA,OTHAYA,NYERI,,-0.51,36.91
ST. MICHEAL PRY,PRIMARY SCHOOL,PRIVATE,CENTRAL,NYERI,OTHAYA,MAHIGA,OTHAYA,NYERI,,-0.53,36.94
OTHAYA JOY ACADEMY PRI,PRIMARY SCHOOL,PRIVATE,CENTRAL,NYERI,OTHAYA,IRIA-INI,OTHAYA,NYERI,,-0.53,36.94
FOREST SLOPE ACADEMY PRI,PRIMARY SCHOOL,PRIVATE,CENTRAL,NYERI,KIENI EAST,KABARU,KIENI,NYERI,,-0.28,37.13
NYERI JUNIOR SCH,PRIMARY SCHOOL,PRIVATE,CENTRAL,NYERI,KIENI EAST,NAROMORU,KIENI,NYERI,,-0.28,37.01
SNOWVIEW ACADEMY,PRIMARY SCHOOL,PRIVATE,CENTRAL,NYERI,KIENI EAST,KABARU,KIENI,NYERI,,-0.26,37.11
LENANA EBENEZER JUNIOR,PRIMARY SCHOOL,PRIVATE,CENTRAL,NYERI,KIENI EAST,KABARU,KIENI,NYERI,,-0.27,37.12
ST HELEN JUNIOR SCHOOL,PRIMARY SCHOOL,PRIVATE,CENTRAL,NYERI,KIENI EAST,KABARU,KIENI,NYERI,,-0.28,37.11
NGUKURANI PRI,PRIMARY SCHOOL,PRIVATE,CENTRAL,NYERI,KIENI EAST,KABARU,KIENI,NYERI,,-0.26,37.12
E N G SHINING STAR JUNIOR SCHOOL,PRIMARY SCHOOL,PRIVATE,CENTRAL,NYERI,KIENI EAST,KABARU,KIENI,NYERI,,-0.24,37.12
VIEW POINT JUNIOR SCHOOL HUHOINI,PRIMARY SCHOOL,PRIVATE,CENTRAL,NYERI,KIENI EAST,KABARU,KIENI,NYERI,,-0.25,37.09
GISTEEL ACADEMY PRIMARY,PRIMARY SCHOOL,PRIVATE,CENTRAL,NYERI,KIENI EAST,KABARU,KIENI,NYERI,,-0.25,37.08
MBOGOINI ACADEMY PRIMARY,PRIMARY SCHOOL,PRIVATE,CENTRAL,NYERI,KIENI EAST,KABARU,KIENI,NYERI,,-0.25,37.07
MT PEAK ACADEMY PRIMARY SCHOOL,PRIMARY SCHOOL,PRIVATE,CENTRAL,NYERI,KIENI EAST,NAROMORU,KIENI,NYERI,,-0.22,37.1
GLORYLAND JUNIOR PRIMARY SCHOOL,PRIMARY SCHOOL,PRIVATE,CENTRAL,NYERI,KIENI EAST,NAROMORU,KIENI,NYERI,,-0.19,37.1
ALPHA JUNIOR SCHOOL PRI,PRIMARY SCHOOL,PRIVATE,CENTRAL,NYERI,KIENI EAST,NAROMORU,KIENI,NYERI,,-0.18,37.08
DAWAMA ACADEMY PRI,PRIMARY SCHOOL,PRIVATE,CENTRAL,NYERI,KIENI EAST,NAROMORU,KIENI,NYERI,,-0.22,37.07
NAROMORU VICTORY ACADEMY PRI,PRIMARY SCHOOL,PRIVATE,CENTRAL,NYERI,KIENI EAST,NAROMORU,KIENI,NYERI,,-0.19,37.06
ST LWANGA PRIMARY,PRIMARY SCHOOL,PRIVATE,CENTRAL,NYERI,KIENI EAST,NAROMORU,KIENI,NYERI,,-0.18,37.06
PELUMAKA JUNIOR ACADEMY PRI,PRIMARY SCHOOL,PRIVATE,CENTRAL,NYERI,KIENI EAST,KIAMATHAGE,KIENI,NYERI,,-0.16,37.07
NAROMORU TUMAINI SCH,PRIMARY SCHOOL,PRIVATE,CENTRAL,NYERI,KIENI EAST,KIAMATHAGE,KIENI,NYERI,,-0.15,37.1
NEW LIFE ACADEMY PRI,PRIMARY SCHOOL,PRIVATE,COAST,MOMBASA,CHANGAMWE,MIRITINI,CHANGAMWE,MOMBASA,,-4.01,39.6
J MARWA ACADEMY PRI,PRIMARY SCHOOL,PRIVATE,COAST,MOMBASA,CHANGAMWE,MIRITINI,CHANGAMWE,MOMBASA,,-4,39.6
NURU COMMUNITY BASED REHAB SCH PRI,PRIMARY SCHOOL,PRIVATE,COAST,MOMBASA,CHANGAMWE,MIRITINI,CHANGAMWE,MOMBASA,,-4,39.59
ST. CECILIA GREEN HILL ACADEMY - PRI,PRIMARY SCHOOL,PRIVATE,COAST,MOMBASA,CHANGAMWE,MIRITINI,CHANGAMWE,MOMBASA,,-4,39.6
NEW MIKANJUNI HILL ACADEMY - PRI,PRIMARY SCHOOL,PRIVATE,COAST,MOMBASA,CHANGAMWE,MIRITINI,CHANGAMWE,MOMBASA,,-4,39.6
SLOPES VIEW ACADEMY PRI,PRIMARY SCHOOL,PRIVATE,CENTRAL,NYERI,KIENI EAST,NAROMORU,KIENI,NYERI,,-0.24,37.04
JOMVU BRIGHTSTAR SCH PRI,PRIMARY SCHOOL,PRIVATE,COAST,MOMBASA,CHANGAMWE,MIRITINI,CHANGAMWE,MOMBASA,,-4,39.61
HILLSIDE ACADEMY - PRI,PRIMARY SCHOOL,PRIVATE,COAST,MOMBASA,CHANGAMWE,MIRITINI,CHANGAMWE,MOMBASA,,-4,39.61
IYALE JUNIOR ACADEMY MIRITINI - PRI,PRIMARY SCHOOL,PRIVATE,COAST,MOMBASA,CHANGAMWE,MIRITINI,CHANGAMWE,MOMBASA,,-4,39.58
SUNSHINE JUNIOR ACADEMY,PRIMARY SCHOOL,PRIVATE,COAST,MOMBASA,CHANGAMWE,MIRITINI,CHANGAMWE,MOMBASA,,-4,39.58
MARBEN SCHOOL PRI,PRIMARY SCHOOL,PRIVATE,COAST,MOMBASA,CHANGAMWE,MIRITINI,CHANGAMWE,MOMBASA,,-4,39.59
ST PETER'S GISTEEL GATUAMBA PRI,PRIMARY SCHOOL,PRIVATE,CENTRAL,NYERI,KIENI EAST,NAROMORU,KIENI,NYERI,,-0.23,37.04
JOHNSONS JUNIOR PRI,PRIMARY SCHOOL,PRIVATE,COAST,MOMBASA,CHANGAMWE,KIPEVU,CHANGAMWE,MOMBASA,,-4.03,39.63
THE BLUE SEA JUNIOR PRI,PRIMARY SCHOOL,PRIVATE,COAST,MOMBASA,CHANGAMWE,KIPEVU,CHANGAMWE,MOMBASA,,-4.03,39.63
CHAANI GATEWAY ACADEMY PRI,PRIMARY SCHOOL,PRIVATE,COAST,MOMBASA,CHANGAMWE,KIPEVU,CHANGAMWE,MOMBASA,,-4.03,39.63
HIGH VISIONED ACADEMY PRI,PRIMARY SCHOOL,PRIVATE,COAST,MOMBASA,CHANGAMWE,KIPEVU,CHANGAMWE,MOMBASA,,-4.03,39.63
ST. GEORGE ACADEMY PRI,PRIMARY SCHOOL,PRIVATE,COAST,MOMBASA,CHANGAMWE,KIPEVU,CHANGAMWE,MOMBASA,,-4.03,39.63
PCEA ST. PAUL'S ACADEMY,PRIMARY SCHOOL,PRIVATE,CENTRAL,NYERI,KIENI EAST,NAROMORU,KIENI,NYERI,,-0.17,37.02
VITECK ACADEMY PRI,PRIMARY SCHOOL,PRIVATE,COAST,MOMBASA,CHANGAMWE,KIPEVU,CHANGAMWE,MOMBASA,,-4.03,39.62
GARDEN SQUARE PRY,PRIMARY SCHOOL,PRIVATE,CENTRAL,NYERI,KIENI EAST,NAROMORU,KIENI,NYERI,,-0.16,37.02
MSUFINI PRI SCH,PRIMARY SCHOOL,PRIVATE,COAST,MOMBASA,CHANGAMWE,KIPEVU,CHANGAMWE,MOMBASA,,-4.03,39.62
ACK ST PHILIP PRY,PRIMARY SCHOOL,PRIVATE,CENTRAL,NYERI,KIENI EAST,KIAMATHAGE,KIENI,NYERI,,-0.16,37.02
VICTORY MOMBASA ACADEMY PRI,PRIMARY SCHOOL,PRIVATE,COAST,MOMBASA,CHANGAMWE,KIPEVU,CHANGAMWE,MOMBASA,,-4.03,39.62
DAYSPRING ACADEMY,PRIMARY SCHOOL,PRIVATE,CENTRAL,THIKA,RUIRU,JUJA,JUJA,KIAMBU,,-1.09,37.03
THE PALMWOODS ACADEMY PRI,PRIMARY SCHOOL,PRIVATE,COAST,MOMBASA,CHANGAMWE,KIPEVU,CHANGAMWE,MOMBASA,,-4.03,39.62
ST. PETERS PRI SCH,PRIMARY SCHOOL,PRIVATE,COAST,MOMBASA,CHANGAMWE,KIPEVU,CHANGAMWE,MOMBASA,,-4.03,39.62
LYNAT ACADEMY PRI,PRIMARY SCHOOL,PRIVATE,COAST,MOMBASA,CHANGAMWE,KIPEVU,CHANGAMWE,MOMBASA,,-4.03,39.62
NJEWAR ACADEMY PRI SCH,PRIMARY SCHOOL,PRIVATE,CENTRAL,THIKA,RUIRU,JUJA,JUJA,KIAMBU,,-1.09,37.02
CITY OF GLORY PRI,PRIMARY SCHOOL,PRIVATE,COAST,MOMBASA,CHANGAMWE,KIPEVU,CHANGAMWE,MOMBASA,,-4.04,39.62
SKYVIEW JUNIOR SCH PRI,PRIMARY SCHOOL,PRIVATE,COAST,MOMBASA,CHANGAMWE,PORT REITZ,CHANGAMWE,MOMBASA,,-4.03,39.62
NANNYS  ACADEMY  PRI  SCH,PRIMARY SCHOOL,PRIVATE,CENTRAL,THIKA,RUIRU,JUJA,JUJA,KIAMBU,,-1.1,37.02
MWINGO ACADEMY PRI,PRIMARY SCHOOL,PRIVATE,COAST,MOMBASA,CHANGAMWE,PORT REITZ,CHANGAMWE,MOMBASA,,-4.03,39.61
NJEWAR ACADEMY PRI SCH,PRIMARY SCHOOL,PRIVATE,CENTRAL,THIKA,RUIRU,JUJA,JUJA,KIAMBU,,-1.15,37.07
JUJA ACADEMY PRI SCH,PRIMARY SCHOOL,PRIVATE,CENTRAL,THIKA,RUIRU,JUJA,JUJA,KIAMBU,,-1.16,37.08
ST. JAMES PRI,PRIMARY SCHOOL,PRIVATE,CENTRAL,THIKA,RUIRU,JUJA,JUJA,KIAMBU,,-1.17,37.1
PORT REITZ ACADEMY PRY,PRIMARY SCHOOL,PRIVATE,COAST,MOMBASA,CHANGAMWE,PORT REITZ,CHANGAMWE,MOMBASA,,-4.04,39.6
MFALME JUNIOR ACADEMY PRI SCH,PRIMARY SCHOOL,PRIVATE,CENTRAL,THIKA,RUIRU,JUJA,JUJA,KIAMBU,,-1.12,37.01
VICTOR ACADEMY PRI SCH,PRIMARY SCHOOL,PRIVATE,CENTRAL,THIKA,RUIRU,JUJA,JUJA,KIAMBU,,-1.12,37.01
NEEMA JUNIOR PRI SCH,PRIMARY SCHOOL,PRIVATE,CENTRAL,THIKA,RUIRU,JUJA,JUJA,KIAMBU,,-1.12,37.01
THE PARENTS HOPE ACADEMY PRI,PRIMARY SCHOOL,PRIVATE,COAST,MOMBASA,CHANGAMWE,PORT REITZ,CHANGAMWE,MOMBASA,,-4.04,39.62
HIGHGATE ACADEMY PRI,PRIMARY SCHOOL,PRIVATE,COAST,MOMBASA,CHANGAMWE,PORT REITZ,CHANGAMWE,MOMBASA,,-4.03,39.62
WHITE COTS PRI SCHI,PRIMARY SCHOOL,PRIVATE,CENTRAL,THIKA,RUIRU,JUJA,JUJA,KIAMBU,,-1.13,37.01
A.C.K. ST. MICHAEL'S & ALL ANGELS CHURCH PRI,PRIMARY SCHOOL,PRIVATE,CENTRAL,THIKA,RUIRU,RUIRU,JUJA,KIAMBU,,-1.14,36.96
WEST COAST ACADEMY PRI,PRIMARY SCHOOL,PRIVATE,COAST,MOMBASA,CHANGAMWE,PORT REITZ,CHANGAMWE,MOMBASA,,-4.04,39.62
MT. EVEREST ACADEMY PRI,PRIMARY SCHOOL,PRIVATE,COAST,MOMBASA,CHANGAMWE,PORT REITZ,CHANGAMWE,MOMBASA,,-4.03,39.62
BIBLE BAPTIST CHURCH ACADEMY-PRI,PRIMARY SCHOOL,PRIVATE,CENTRAL,THIKA,RUIRU,RUIRU,JUJA,KIAMBU,,-1.14,36.96
NEW FAN FRIENDS ACADEMY PRI,PRIMARY SCHOOL,PRIVATE,COAST,MOMBASA,CHANGAMWE,PORT REITZ,CHANGAMWE,MOMBASA,,-4.03,39.61
"BETHELCHILDREN,S CENTER  PRI SCH",PRIMARY SCHOOL,PRIVATE,CENTRAL,THIKA,RUIRU,RUIRU,JUJA,KIAMBU,,-1.15,36.95
ST. KEVIN HILL ACADEMY PRI,PRIMARY SCHOOL,PRIVATE,COAST,MOMBASA,CHANGAMWE,KIPEVU,CHANGAMWE,MOMBASA,,-4.02,39.62
TERESA NUZZO PRI SCH,PRIMARY SCHOOL,PRIVATE,CENTRAL,THIKA,RUIRU,RUIRU,JUJA,KIAMBU,,-1.15,36.95
PATEL HILL ACADEMY PRI,PRIMARY SCHOOL,PRIVATE,COAST,MOMBASA,CHANGAMWE,CHANGAMWE,CHANGAMWE,MOMBASA,,-4.02,39.62
TAUSI SELF HELP CETER PRI SCH,PRIMARY SCHOOL,PRIVATE,CENTRAL,THIKA,RUIRU,RUIRU,JUJA,KIAMBU,,-1.15,36.95
A RAY OF HOPE ACADEMY PRI,PRIMARY SCHOOL,PRIVATE,COAST,MOMBASA,CHANGAMWE,CHANGAMWE,CHANGAMWE,MOMBASA,,-4.02,39.62
GLADWAYS ACADEMY PRI,PRIMARY SCHOOL,PRIVATE,CENTRAL,THIKA,RUIRU,RUIRU,JUJA,KIAMBU,,-1.15,36.95
NEW PALM JUNIOR SCH PRI,PRIMARY SCHOOL,PRIVATE,COAST,MOMBASA,CHANGAMWE,KIPEVU,CHANGAMWE,MOMBASA,,-4.02,39.62
AMANI CHRISTIAN SCH PRI,PRIMARY SCHOOL,PRIVATE,CENTRAL,THIKA,RUIRU,RUIRU,JUJA,KIAMBU,,-1.15,36.95
ST KEVIN WAYANI HILL ACADEMY PRI,PRIMARY SCHOOL,PRIVATE,COAST,MOMBASA,CHANGAMWE,CHANGAMWE,CHANGAMWE,MOMBASA,,-4.02,39.62
HAPPY MOMENTS ACADEMY PRI,PRIMARY SCHOOL,PRIVATE,CENTRAL,THIKA,RUIRU,RUIRU,JUJA,KIAMBU,,-1.15,36.95
ST. JUDY JUNIOR ACADEMY PRI,PRIMARY SCHOOL,PRIVATE,COAST,MOMBASA,CHANGAMWE,PORT REITZ,CHANGAMWE,MOMBASA,,-4.02,39.61
BRIGHT FUTURE PRI SCH,PRIMARY SCHOOL,PRIVATE,CENTRAL,THIKA,RUIRU,RUIRU,JUJA,KIAMBU,,-1.16,36.95
ST KEVIN JUNIOR ACADEMY PRI,PRIMARY SCHOOL,PRIVATE,COAST,MOMBASA,CHANGAMWE,PORT REITZ,CHANGAMWE,MOMBASA,,-4.02,39.61
MARANATHA  PRI SCH,PRIMARY SCHOOL,PRIVATE,CENTRAL,THIKA,RUIRU,RUIRU,JUJA,KIAMBU,,-1.15,36.95
POWER STAR ACADEMY PRI,PRIMARY SCHOOL,PRIVATE,CENTRAL,THIKA,RUIRU,RUIRU,JUJA,KIAMBU,,-1.15,36.95
KINGDOM ACADEMY PRI SCH,PRIMARY SCHOOL,PRIVATE,CENTRAL,THIKA,RUIRU,RUIRU,JUJA,KIAMBU,,-1.16,36.96
BROADLIGHT JUNIOR PRI,PRIMARY SCHOOL,PRIVATE,COAST,MOMBASA,CHANGAMWE,PORT REITZ,CHANGAMWE,MOMBASA,,-4.02,39.61
RUIRU DAY CARE PRI,PRIMARY SCHOOL,PRIVATE,CENTRAL,THIKA,RUIRU,RUIRU,JUJA,KIAMBU,,-1.16,36.96
MOMBASA LIGHTWAYS ACADEMY PRI,PRIMARY SCHOOL,PRIVATE,COAST,MOMBASA,CHANGAMWE,PORT REITZ,CHANGAMWE,MOMBASA,,-4.02,39.61
KIAMBU ROAD PRI SCH,PRIMARY SCHOOL,PRIVATE,CENTRAL,THIKA,RUIRU,RUIRU,JUJA,KIAMBU,,-1.15,36.94
BROADWAY ACADEMY PRI,PRIMARY SCHOOL,PRIVATE,COAST,MOMBASA,CHANGAMWE,PORT REITZ,CHANGAMWE,MOMBASA,,-4.02,39.61
RUIRU PEAKACADEMY PRI SCH,PRIMARY SCHOOL,PRIVATE,CENTRAL,THIKA,RUIRU,RUIRU,JUJA,KIAMBU,,-1.15,36.94
MOTHER THERESA PRI,PRIMARY SCHOOL,PRIVATE,COAST,MOMBASA,CHANGAMWE,PORT REITZ,CHANGAMWE,MOMBASA,,-4.02,39.61
PONYWAYS ACADEMY PRI,PRIMARY SCHOOL,PRIVATE,CENTRAL,THIKA,RUIRU,RUIRU,JUJA,KIAMBU,,-1.16,36.94
NJEMA ACADEMY PRI,PRIMARY SCHOOL,PRIVATE,CENTRAL,THIKA,RUIRU,RUIRU,JUJA,KIAMBU,,-1.15,36.94
BLUE COTTAGE ACADEMY PRI SCH,PRIMARY SCHOOL,PRIVATE,CENTRAL,THIKA,RUIRU,RUIRU,JUJA,KIAMBU,,-1.15,36.93
RUIRU PROGRESSIVE PRI SCH,PRIMARY SCHOOL,PRIVATE,CENTRAL,THIKA,RUIRU,RUIRU,JUJA,KIAMBU,,-1.15,36.93
SUNRAYS JUNIOR SCH. PRI,PRIMARY SCHOOL,PRIVATE,CENTRAL,THIKA,RUIRU,RUIRU,JUJA,KIAMBU,,-1.15,36.91
KAMBUGI PEACE ACADEMY PRI,PRIMARY SCHOOL,PRIVATE,COAST,MOMBASA,CHANGAMWE,PORT REITZ,CHANGAMWE,MOMBASA,,-4.02,39.61
ST. KEVIN TOPSTAR PRI,PRIMARY SCHOOL,PRIVATE,COAST,MOMBASA,CHANGAMWE,PORT REITZ,CHANGAMWE,MOMBASA,,-4.02,39.61
NEWLIFE ACADEMY PRI SCH,PRIMARY SCHOOL,PRIVATE,CENTRAL,THIKA,RUIRU,RUIRU,JUJA,KIAMBU,,-1.15,36.94
MWEA MUNICIPALITY PRI,PRIMARY SCHOOL,PRIVATE,CENTRAL,KIRINYAGA,MWEA,MUTITHI,MWEA,KIRINYAGA,,-0.73,37.32
ST TERESA BUW ACADEMY,PRIMARY SCHOOL,PRIVATE,CENTRAL,KIRINYAGA,MWEA,MURINDUKO,MWEA,KIRINYAGA,,-0.56,37.41
ST ANN PIAI ACADEMY,PRIMARY SCHOOL,PRIVATE,CENTRAL,KIRINYAGA,MWEA,MURINDUKO,MWEA,KIRINYAGA,,-0.54,37.44
TOP TALENTS ACADEMY PRI,PRIMARY SCHOOL,PRIVATE,CENTRAL,THIKA,RUIRU,RUIRU,JUJA,KIAMBU,,-1.16,36.93
CONSOLATA PRI SCH KARIMA,PRIMARY SCHOOL,PRIVATE,CENTRAL,NYERI,OTHAYA,KARIMA,OTHAYA,NYERI,,-0.52,36.99
MURINDUKO JOSEPH SCH,PRIMARY SCHOOL,PRIVATE,CENTRAL,KIRINYAGA,MWEA,MURINDUKO,MWEA,KIRINYAGA,,-0.55,37.44
RIVER ROAD SCH,PRIMARY SCHOOL,PRIVATE,CENTRAL,NYERI,OTHAYA,IRIA-INI,OTHAYA,NYERI,,-0.54,36.94
PRECIOUS TREASURES ACADEMY,PRIMARY SCHOOL,PRIVATE,CENTRAL,KIRINYAGA,MWEA,MURINDUKO,MWEA,KIRINYAGA,,-0.57,37.46
BLESSED ACTS ACADEMY PRI,PRIMARY SCHOOL,PRIVATE,COAST,MOMBASA,KISAUNI,KISAUNI,KISAUNI,MOMBASA,,-4,39.71
THE GREENS ACES PREP SCH,PRIMARY SCHOOL,PRIVATE,CENTRAL,NYERI,OTHAYA,CHINGA,OTHAYA,NYERI,,-0.59,36.94
GATHIGIINI PRI,PRIMARY SCHOOL,PRIVATE,CENTRAL,KIRINYAGA,MWEA,MURINDUKO,MWEA,KIRINYAGA,,-0.59,37.44
ST MONICA KAGICHA ACADEMY PRI,PRIMARY SCHOOL,PRIVATE,CENTRAL,NYERI,OTHAYA,CHINGA,OTHAYA,NYERI,,-0.6,36.9
BOMBO PRI SCH,PRIMARY SCHOOL,PRIVATE,COAST,MOMBASA,KISAUNI,BAMBURI,KISAUNI,MOMBASA,,-3.97,39.7
ST SUZAN PRI,PRIMARY SCHOOL,PRIVATE,CENTRAL,KIRINYAGA,MWEA,MURINDUKO,MWEA,KIRINYAGA,,-0.6,37.43
CHANGAMWE BAPTIST PRI SCH,PRIMARY SCHOOL,PRIVATE,COAST,MOMBASA,CHANGAMWE,CHANGAMWE,CHANGAMWE,MOMBASA,,-4.03,39.63
CHANGAMWE SDA PRI SCH,PRIMARY SCHOOL,PRIVATE,COAST,MOMBASA,CHANGAMWE,MIKINDANI,CHANGAMWE,MOMBASA,,-4.02,39.63
BETHSAIDA ACADEMY PRI,PRIMARY SCHOOL,PRIVATE,COAST,MOMBASA,CHANGAMWE,MIKINDANI,CHANGAMWE,MOMBASA,,-4.02,39.64
BIRIKANI CARE PRI SCH,PRIMARY SCHOOL,PRIVATE,COAST,MOMBASA,CHANGAMWE,MIKINDANI,CHANGAMWE,MOMBASA,,-4.02,39.63
ST. LUKES ACADEMY,PRIMARY SCHOOL,PRIVATE,CENTRAL,NYERI,OTHAYA,CHINGA,OTHAYA,NYERI,,-0.58,36.86
GIFT SCHOOL  PRI,PRIMARY SCHOOL,PRIVATE,COAST,MOMBASA,CHANGAMWE,MIKINDANI,CHANGAMWE,MOMBASA,,-4.01,39.63
ST. CONSOLATA ACADEMY PRI SCH,PRIMARY SCHOOL,PRIVATE,COAST,MOMBASA,CHANGAMWE,MIKINDANI,CHANGAMWE,MOMBASA,,-4.01,39.63
ST PETER & PAUL PRI,PRIMARY SCHOOL,PRIVATE,CENTRAL,NYERI,OTHAYA,CHINGA,OTHAYA,NYERI,,-0.58,36.88
MIRACLE ACADEMY PRI,PRIMARY SCHOOL,PRIVATE,COAST,MOMBASA,CHANGAMWE,MIKINDANI,CHANGAMWE,MOMBASA,,-4.01,39.63
BLUE GATE PRI,PRIMARY SCHOOL,PRIVATE,CENTRAL,KIRINYAGA,MWEA,NYANGATI,MWEA,KIRINYAGA,,-0.61,37.37
MARANATHA PRI SCH,PRIMARY SCHOOL,PRIVATE,COAST,MOMBASA,CHANGAMWE,MIKINDANI,CHANGAMWE,MOMBASA,,-4.01,39.63
ST IMMACULATE ACADEMY,PRIMARY SCHOOL,PRIVATE,CENTRAL,KIRINYAGA,MWEA,NYANGATI,MWEA,KIRINYAGA,,-0.62,37.36
JUA JUNIOR ACADEMY,PRIMARY SCHOOL,PRIVATE,CENTRAL,KIRINYAGA,MWEA,NYANGATI,MWEA,KIRINYAGA,,-0.62,37.36
ST. ANGELINE MARALUOT ACADEMY PRI,PRIMARY SCHOOL,PRIVATE,COAST,MOMBASA,CHANGAMWE,MIKINDANI,CHANGAMWE,MOMBASA,,-4.01,39.64
ST. PETERS PRI SCH,PRIMARY SCHOOL,PRIVATE,COAST,MOMBASA,CHANGAMWE,MIKINDANI,CHANGAMWE,MOMBASA,,-4.01,39.64
ST JOSEPH CATHOLIC KIMBIMBI,PRIMARY SCHOOL,PRIVATE,CENTRAL,KIRINYAGA,MWEA,NYANGATI,MWEA,KIRINYAGA,,-0.62,37.37
ST. KEVIN MIKINDANI HILL ACADEMY PRI,PRIMARY SCHOOL,PRIVATE,COAST,MOMBASA,CHANGAMWE,MIKINDANI,CHANGAMWE,MOMBASA,,-4,39.63
GLORIOUS JUNIOR SCH,PRIMARY SCHOOL,PRIVATE,CENTRAL,KIRINYAGA,MWEA,NYANGATI,MWEA,KIRINYAGA,,-0.62,37.37
MIKINDANI ROYAL COMPREHENSIVE SCH PRI,PRIMARY SCHOOL,PRIVATE,COAST,MOMBASA,CHANGAMWE,MIKINDANI,CHANGAMWE,MOMBASA,,-4.01,39.63
LIVING WORD PRI SCH,PRIMARY SCHOOL,PRIVATE,COAST,MOMBASA,CHANGAMWE,MIKINDANI,CHANGAMWE,MOMBASA,,-4,39.63
ST CHRIS MWEA ACADEMY,PRIMARY SCHOOL,PRIVATE,CENTRAL,KIRINYAGA,MWEA,TEBERE,MWEA,KIRINYAGA,,-0.64,37.39
ST AMBROSE ACADEMY,PRIMARY SCHOOL,PRIVATE,CENTRAL,NYERI,OTHAYA,CHINGA,OTHAYA,NYERI,,-0.59,36.91
GREENVIEW SCHOOL,PRIMARY SCHOOL,PRIVATE,CENTRAL,KIRINYAGA,MWEA,NYANGATI,MWEA,KIRINYAGA,,-0.64,37.36
A.I.P.C.A BISHOP KIGUNDA ACADEMY,PRIMARY SCHOOL,PRIVATE,CENTRAL,KIRINYAGA,MWEA,NYANGATI,MWEA,KIRINYAGA,,-0.61,37.35
ST. JUDE JUNIOR SCH PRI,PRIMARY SCHOOL,PRIVATE,COAST,MOMBASA,CHANGAMWE,MIKINDANI,CHANGAMWE,MOMBASA,,-4,39.63
FAITH JUNIOR ACADEMY,PRIMARY SCHOOL,PRIVATE,CENTRAL,KIRINYAGA,MWEA,TEBERE,MWEA,KIRINYAGA,,-0.67,37.36
NAZARENE PRI SCH,PRIMARY SCHOOL,PRIVATE,COAST,MOMBASA,CHANGAMWE,MIKINDANI,CHANGAMWE,MOMBASA,,-3.99,39.63
NEW HOPE PREP SCH PRI,PRIMARY SCHOOL,PRIVATE,COAST,MOMBASA,CHANGAMWE,MIKINDANI,CHANGAMWE,MOMBASA,,-4,39.63
ST FRANCIS OF ASSISI PRI SCH-WITIMA,PRIMARY SCHOOL,PRIVATE,CENTRAL,NYERI,OTHAYA,KARIMA,OTHAYA,NYERI,,-0.56,36.98
GOLDEN KEY SCH PRI,PRIMARY SCHOOL,PRIVATE,COAST,MOMBASA,CHANGAMWE,MIKINDANI,CHANGAMWE,MOMBASA,,-4,39.63
IYALE MIKINDANI JUNIOR ACADEMY PRI,PRIMARY SCHOOL,PRIVATE,COAST,MOMBASA,CHANGAMWE,MIKINDANI,CHANGAMWE,MOMBASA,,-4,39.63
ST. IRENE PRI SCH,PRIMARY SCHOOL,PRIVATE,COAST,MOMBASA,CHANGAMWE,MIKINDANI,CHANGAMWE,MOMBASA,,-4,39.63
OTHAYA ACADEMY PRI,PRIMARY SCHOOL,PRIVATE,CENTRAL,NYERI,OTHAYA,IRIA-INI,OTHAYA,NYERI,,-0.55,36.94
BRIGHTONS ACADEMY PRI,PRIMARY SCHOOL,PRIVATE,COAST,MOMBASA,CHANGAMWE,CHANGAMWE,CHANGAMWE,MOMBASA,,-4.02,39.63
BISHOP MKALA ACADEMY PRI,PRIMARY SCHOOL,PRIVATE,COAST,MOMBASA,CHANGAMWE,CHANGAMWE,CHANGAMWE,MOMBASA,,-4.02,39.63
KIMBILIO ACADEMY PRI,PRIMARY SCHOOL,PRIVATE,COAST,MOMBASA,CHANGAMWE,CHANGAMWE,CHANGAMWE,MOMBASA,,-4.02,39.63
ELITE JUNIOR,PRIMARY SCHOOL,PRIVATE,CENTRAL,KIRINYAGA,MWEA,THIBA,MWEA,KIRINYAGA,,-0.68,37.34
MWEA CENTRAL ACADEMY,PRIMARY SCHOOL,PRIVATE,CENTRAL,KIRINYAGA,MWEA,THIBA,MWEA,KIRINYAGA,,-0.69,37.34
THIBA GLORY ACADEMY,PRIMARY SCHOOL,PRIVATE,CENTRAL,KIRINYAGA,MWEA,THIBA,MWEA,KIRINYAGA,,-0.69,37.35
MUTITHI JUNIOR ACADEMY,PRIMARY SCHOOL,PRIVATE,CENTRAL,KIRINYAGA,MWEA,THIBA,MWEA,KIRINYAGA,,-0.72,37.32
HOLY TREE COMMUNITY SCH PRI,PRIMARY SCHOOL,PRIVATE,COAST,MOMBASA,CHANGAMWE,MIRITINI,CHANGAMWE,MOMBASA,,-4,39.57
SUNFLOWER JUNIOR PRI,PRIMARY SCHOOL,PRIVATE,CENTRAL,NYERI,OTHAYA,IRIA-INI,OTHAYA,NYERI,,-0.55,36.89
GLORY ACADEMY PRI,PRIMARY SCHOOL,PRIVATE,COAST,MOMBASA,CHANGAMWE,MIRITINI,CHANGAMWE,MOMBASA,,-4,39.57
MT. CARMEL JUNIOR ACADEMY PRI,PRIMARY SCHOOL,PRIVATE,CENTRAL,NYERI,OTHAYA,IRIA-INI,OTHAYA,NYERI,,-0.55,36.94
ST JOSPHAT  CHEGE PRI,PRIMARY SCHOOL,PRIVATE,CENTRAL,KIRINYAGA,MWEA,THIBA,MWEA,KIRINYAGA,,-0.73,37.33
TOP SCHOOL PRI,PRIMARY SCHOOL,PRIVATE,COAST,MOMBASA,CHANGAMWE,MIRITINI,CHANGAMWE,MOMBASA,,-4,39.57
ST THOMAS CATHOLIC ACADEMY,PRIMARY SCHOOL,PRIVATE,CENTRAL,NYERI,OTHAYA,IRIA-INI,OTHAYA,NYERI,,-0.55,36.94
HIGH HOPE JUNIOR ACADEMY PRI,PRIMARY SCHOOL,PRIVATE,COAST,MOMBASA,CHANGAMWE,MIRITINI,CHANGAMWE,MOMBASA,,-4.01,39.59
ST. JOHNS KINGS ACADEMY PRI,PRIMARY SCHOOL,PRIVATE,COAST,MOMBASA,CHANGAMWE,MIRITINI,CHANGAMWE,MOMBASA,,-4.02,39.59
MAMA MLAI ACADEMY PRI,PRIMARY SCHOOL,PRIVATE,COAST,MOMBASA,CHANGAMWE,MIRITINI,CHANGAMWE,MOMBASA,,-4.01,39.6
VISION OF HOPE PRI SCH,PRIMARY SCHOOL,PRIVATE,COAST,MOMBASA,CHANGAMWE,MIRITINI,CHANGAMWE,MOMBASA,,-4.01,39.6
THE DIAMOND ACADEMY PRI,PRIMARY SCHOOL,PRIVATE,COAST,MOMBASA,CHANGAMWE,MIRITINI,CHANGAMWE,MOMBASA,,-4.01,39.6
ABU UBEDIA PRI SC,PRIMARY SCHOOL,PRIVATE,COAST,MOMBASA,CHANGAMWE,PORT REITZ,CHANGAMWE,MOMBASA,,-4.01,39.6
ST TERESA KANYANGE ACADEMY,PRIMARY SCHOOL,PRIVATE,CENTRAL,NYERI,OTHAYA,IRIA-INI,OTHAYA,NYERI,,-0.55,36.94
RIVER ROAD SCHOOL ( ANNEX),PRIMARY SCHOOL,PRIVATE,CENTRAL,NYERI,OTHAYA,IRIA-INI,OTHAYA,NYERI,,-0.55,36.94
GOODWILL JUNIOR ACADEMY PRI,PRIMARY SCHOOL,PRIVATE,COAST,MOMBASA,CHANGAMWE,PORT REITZ,CHANGAMWE,MOMBASA,,-4.02,39.61
MAINLAND ACADEMY PRI,PRIMARY SCHOOL,PRIVATE,COAST,MOMBASA,CHANGAMWE,PORT REITZ,CHANGAMWE,MOMBASA,,-4.02,39.61
MWATATE JUNIOR ACADEMY PRIMARY,PRIMARY SCHOOL,PRIVATE,COAST,TAITA TAVETA,MWATATE,MWATATE,MWATATE,TAITA TAVETA,,-3.5,38.37
AIRPORT VIEW ACADEMY PRI,PRIMARY SCHOOL,PRIVATE,COAST,MOMBASA,CHANGAMWE,PORT REITZ,CHANGAMWE,MOMBASA,,-4.02,39.6
TAITA ACADEMY PRIMARY,PRIMARY SCHOOL,PRIVATE,COAST,TAITA TAVETA,MWATATE,MWATATE,MWATATE,TAITA TAVETA,,-3.5,38.37
MWAGOSI ACADEMY PRI,PRIMARY SCHOOL,PRIVATE,COAST,MOMBASA,CHANGAMWE,PORT REITZ,CHANGAMWE,MOMBASA,,-4.02,39.61
LIGHTRAYS ACADEMY PRI,PRIMARY SCHOOL,PRIVATE,COAST,MOMBASA,CHANGAMWE,PORT REITZ,CHANGAMWE,MOMBASA,,-4.02,39.61
PORT REITZ BOKOLE ACADEMY PRI,PRIMARY SCHOOL,PRIVATE,COAST,MOMBASA,CHANGAMWE,PORT REITZ,CHANGAMWE,MOMBASA,,-4.02,39.6
HIGH BRIDGE ACADEMY PRI,PRIMARY SCHOOL,PRIVATE,COAST,MOMBASA,CHANGAMWE,PORT REITZ,CHANGAMWE,MOMBASA,,-4.03,39.61
HEPIDA JUNIOR PRI,PRIMARY SCHOOL,PRIVATE,COAST,MOMBASA,CHANGAMWE,PORT REITZ,CHANGAMWE,MOMBASA,,-4.03,39.61
PARKVIEW ACADEMY PRI,PRIMARY SCHOOL,PRIVATE,COAST,MOMBASA,CHANGAMWE,PORT REITZ,CHANGAMWE,MOMBASA,,-4.03,39.61
WANGA PRI SCH,PRIMARY SCHOOL,PRIVATE,COAST,MOMBASA,CHANGAMWE,PORT REITZ,CHANGAMWE,MOMBASA,,-4.03,39.61
VINEYARD PRI SCH,PRIMARY SCHOOL,PRIVATE,COAST,MOMBASA,CHANGAMWE,PORT REITZ,CHANGAMWE,MOMBASA,,-4.03,39.61
BEVO GOOD SAMARITAN ACADEMY PRI,PRIMARY SCHOOL,PRIVATE,COAST,MOMBASA,CHANGAMWE,PORT REITZ,CHANGAMWE,MOMBASA,,-4.03,39.61
ST. AGHANS DAY ACADEMY PRI,PRIMARY SCHOOL,PRIVATE,COAST,MOMBASA,CHANGAMWE,PORT REITZ,CHANGAMWE,MOMBASA,,-4.03,39.61
GOMURA ACADEMY PRI,PRIMARY SCHOOL,PRIVATE,COAST,MOMBASA,CHANGAMWE,PORT REITZ,CHANGAMWE,MOMBASA,,-4.02,39.62
MOMBASA STARSHINE PRI,PRIMARY SCHOOL,PRIVATE,COAST,MOMBASA,CHANGAMWE,KIPEVU,CHANGAMWE,MOMBASA,,-4.02,39.62
MOMBASA FRIENDSHIP ACADEMY PRI,PRIMARY SCHOOL,PRIVATE,COAST,MOMBASA,CHANGAMWE,KIPEVU,CHANGAMWE,MOMBASA,,-4.03,39.62
FUMATHOKA PRI SCH,PRIMARY SCHOOL,PRIVATE,COAST,MOMBASA,KISAUNI,BAMBURI,KISAUNI,MOMBASA,,-3.96,39.71
GOSHEN VIEW ACADEMY PRI,PRIMARY SCHOOL,PRIVATE,COAST,MOMBASA,KISAUNI,BAMBURI,KISAUNI,MOMBASA,,-3.96,39.73
GOSPAL PRI SCH,PRIMARY SCHOOL,PRIVATE,COAST,MOMBASA,KISAUNI,BAMBURI,KISAUNI,MOMBASA,,-4,39.7
THE AGA KHAN ACADEMY MOMBASA PRI,PRIMARY SCHOOL,PRIVATE,COAST,MOMBASA,ISLAND,TONONOKA,MVITA,MOMBASA,,-4.05,39.67
JACRIDGE PRI,PRIMARY SCHOOL,PRIVATE,CENTRAL,THIKA,RUIRU,RUIRU,JUJA,KIAMBU,,-1.16,36.95
SANTA ANA CALM WATERS ACADEMY-PRI SCH,PRIMARY SCHOOL,PRIVATE,CENTRAL,THIKA,RUIRU,RUIRU,JUJA,KIAMBU,,-1.14,36.95
MASS PRI SCH,PRIMARY SCHOOL,PRIVATE,COAST,MOMBASA,KISAUNI,KISAUNI,BAHARI,KILIFI,,-4.02,39.69
MWATATE JUNIOR PREPARATORY,PRIMARY SCHOOL,PRIVATE,COAST,TAITA TAVETA,MWATATE,MWATATE,MWATATE,TAITA TAVETA,,-3.48,38.44
SHANZU GOOD HOPE PRI SCH,PRIMARY SCHOOL,PRIVATE,COAST,MOMBASA,KISAUNI,BAMBURI,KISAUNI,MOMBASA,,-3.97,39.72
KIMBO PREP SCH - PRI,PRIMARY SCHOOL,PRIVATE,CENTRAL,THIKA,RUIRU,RUIRU,JUJA,KIAMBU,,-1.12,36.96
TOP EVER ACADEMY PRI,PRIMARY SCHOOL,PRIVATE,CENTRAL,THIKA,RUIRU,RUIRU,JUJA,KIAMBU,,-1.13,36.96
PRECIOUS CORNER STONE ACADEMY PRI SCH,PRIMARY SCHOOL,PRIVATE,CENTRAL,THIKA,RUIRU,RUIRU,JUJA,KIAMBU,,-1.13,36.95
JERUSALEM STAR ACADEMY PRI,PRIMARY SCHOOL,PRIVATE,CENTRAL,THIKA,RUIRU,RUIRU,JUJA,KIAMBU,,-1.12,36.95
TUMAINI JUNIOR PRI,PRIMARY SCHOOL,PRIVATE,CENTRAL,THIKA,RUIRU,RUIRU,JUJA,KIAMBU,,-1.19,36.96
FATHER'S HOUSE CHRISTIAN SCH. PRI,PRIMARY SCHOOL,PRIVATE,CENTRAL,THIKA,RUIRU,RUIRU,JUJA,KIAMBU,,-1.13,36.97
PLAINSVIEW ACADEMY PRI SCH,PRIMARY SCHOOL,PRIVATE,CENTRAL,THIKA,RUIRU,RUIRU,JUJA,KIAMBU,,-1.15,36.97
LITTLE KIDS ACADEMY PRI,PRIMARY SCHOOL,PRIVATE,CENTRAL,THIKA,RUIRU,RUIRU,JUJA,KIAMBU,,-1.16,36.96
FAIRVIEW ACADEMY PRI,PRIMARY SCHOOL,PRIVATE,CENTRAL,THIKA,RUIRU,RUIRU,JUJA,KIAMBU,,-1.16,36.96
DANJOSE EDUCATIONAL CENTRE PRI,PRIMARY SCHOOL,PRIVATE,CENTRAL,THIKA,RUIRU,RUIRU,JUJA,KIAMBU,,-1.16,36.96
RUIRU EAST PRI SCH,PRIMARY SCHOOL,PRIVATE,CENTRAL,THIKA,RUIRU,RUIRU,JUJA,KIAMBU,,-1.16,36.96
AGAPE DAYS RING ACADEMY PRI SCH,PRIMARY SCHOOL,PRIVATE,CENTRAL,THIKA,RUIRU,RUIRU,JUJA,KIAMBU,,-1.15,36.98
BERRY HILL ACADEMY PRI,PRIMARY SCHOOL,PRIVATE,CENTRAL,THIKA,RUIRU,RUIRU,JUJA,KIAMBU,,-1.16,36.94
NDURURU ACADEMY,PRIMARY SCHOOL,PRIVATE,CENTRAL,KIRINYAGA,MWEA,MUTITHI,MWEA,KIRINYAGA,,-0.63,37.26
KIMICHA ST STEPHEN PRI,PRIMARY SCHOOL,PRIVATE,CENTRAL,KIRINYAGA,MWEA,KANGAI,MWEA,KIRINYAGA,,-0.59,37.3
CIAGIINI JUNIOR ACADEMY,PRIMARY SCHOOL,PRIVATE,CENTRAL,KIRINYAGA,MWEA,THIBA,MWEA,KIRINYAGA,,-0.75,37.39
DAYSTAR KANGURE,PRIMARY SCHOOL,PRIVATE,CENTRAL,KIRINYAGA,MWEA,KANGAI,MWEA,KIRINYAGA,,-0.62,37.31
PEMA PROGRESSIVE ACADEMY,PRIMARY SCHOOL,PRIVATE,CENTRAL,KIRINYAGA,MWEA,THIBA,MWEA,KIRINYAGA,,-0.75,37.41
VINEYARD PRI SCH,PRIMARY SCHOOL,PRIVATE,CENTRAL,KIRINYAGA,MWEA,TEBERE,MWEA,KIRINYAGA,,-0.69,37.41
ST TERESA ACADEMY,PRIMARY SCHOOL,PRIVATE,CENTRAL,KIRINYAGA,MWEA,TEBERE,MWEA,KIRINYAGA,,-0.66,37.4
REHOBOTH JUNIOR SCH,PRIMARY SCHOOL,PRIVATE,CENTRAL,KIRINYAGA,MWEA,TEBERE,MWEA,KIRINYAGA,,-0.66,37.39
EMMAUS JUNIOR ACADEMY PRI,PRIMARY SCHOOL,PRIVATE,COAST,MOMBASA,KISAUNI,KISAUNI,KISAUNI,MOMBASA,,-4.02,39.67
DOLPHIN WINNERS SCH PRI,PRIMARY SCHOOL,PRIVATE,COAST,MOMBASA,KISAUNI,KISAUNI,KISAUNI,MOMBASA,,-4.02,39.68
LITTLE ANGLES KINGS AND QUEENS ACADEMY PRI,PRIMARY SCHOOL,PRIVATE,COAST,MOMBASA,KISAUNI,KISAUNI,KISAUNI,MOMBASA,,-4.02,39.68
ROKA PREPARATORY,PRIMARY SCHOOL,PRIVATE,CENTRAL,KIRINYAGA,MWEA,TEBERE,MWEA,KIRINYAGA,,-0.67,37.36
VISION ACADEMY PRI,PRIMARY SCHOOL,PRIVATE,CENTRAL,NYERI,MUKURWE-INI,GITHI,MUKURWE-INI,NYERI,,-0.56,37.13
CHRIS PREPARATORY ACADEMY PRI,PRIMARY SCHOOL,PRIVATE,COAST,MOMBASA,KISAUNI,KISAUNI,KISAUNI,MOMBASA,,-4.02,39.68
MWEA BRIGHT STAR,PRIMARY SCHOOL,PRIVATE,CENTRAL,KIRINYAGA,MWEA,TEBERE,MWEA,KIRINYAGA,,-0.67,37.36
SHIRIKISHO PRI,PRIMARY SCHOOL,PRIVATE,CENTRAL,KIRINYAGA,MWEA,TEBERE,MWEA,KIRINYAGA,,-0.68,37.36
ST. PETERS ACADEMY PRI,PRIMARY SCHOOL,PRIVATE,COAST,MOMBASA,KISAUNI,KISAUNI,KISAUNI,MOMBASA,,-4.02,39.68
NGURUBANI PCEA ACADEMY,PRIMARY SCHOOL,PRIVATE,CENTRAL,KIRINYAGA,MWEA,TEBERE,MWEA,KIRINYAGA,,-0.68,37.35
WILSTAR ACADEMY PRI,PRIMARY SCHOOL,PRIVATE,COAST,MOMBASA,KISAUNI,KISAUNI,KISAUNI,MOMBASA,,-4.02,39.68
MERCY PREPARATORY,PRIMARY SCHOOL,PRIVATE,CENTRAL,KIRINYAGA,MWEA,TEBERE,MWEA,KIRINYAGA,,-0.68,37.36
MISHOMORONI JUNIOR ACADEMY PRI,PRIMARY SCHOOL,PRIVATE,COAST,MOMBASA,KISAUNI,KISAUNI,KISAUNI,MOMBASA,,-4.02,39.68
VICTORY KINDERGARTEN PRI,PRIMARY SCHOOL,PRIVATE,CENTRAL,KIRINYAGA,MWEA,TEBERE,MWEA,KIRINYAGA,,-0.68,37.36
GOLDEN CHARRIOTS JUNIOR SCH PRI,PRIMARY SCHOOL,PRIVATE,COAST,MOMBASA,KISAUNI,KISAUNI,KISAUNI,MOMBASA,,-4.02,39.68
MWEA BRETHREN SCH,PRIMARY SCHOOL,PRIVATE,CENTRAL,KIRINYAGA,MWEA,TEBERE,MWEA,KIRINYAGA,,-0.68,37.36
GOOD HOPE JUNIOR SCH PRI,PRIMARY SCHOOL,PRIVATE,COAST,MOMBASA,KISAUNI,KISAUNI,KISAUNI,MOMBASA,,-4.02,39.68
PEARL JUNIOR SCH PRI,PRIMARY SCHOOL,PRIVATE,COAST,MOMBASA,KISAUNI,KISAUNI,KISAUNI,MOMBASA,,-4.02,39.68
PARK END JUNIOR ACADEMY,PRIMARY SCHOOL,PRIVATE,CENTRAL,KIRINYAGA,MWEA,TEBERE,MWEA,KIRINYAGA,,-0.69,37.37
THE KADONGO ACADEMY PRI,PRIMARY SCHOOL,PRIVATE,COAST,MOMBASA,KISAUNI,KISAUNI,KISAUNI,MOMBASA,,-4.01,39.68
HOLY FAMILY PRI,PRIMARY SCHOOL,PRIVATE,CENTRAL,KIRINYAGA,MWEA,TEBERE,MWEA,KIRINYAGA,,-0.68,37.36
JUNDA ACADEMY PRI,PRIMARY SCHOOL,PRIVATE,COAST,MOMBASA,KISAUNI,KISAUNI,KISAUNI,MOMBASA,,-4.01,39.68
CONSOLATA PRI SCH,PRIMARY SCHOOL,PRIVATE,CENTRAL,NYERI,MUNICIPALITY,MUKARO,NYERI TOWN,NYERI,,-0.42,36.96
WISE SHEPHERED ACADEMY,PRIMARY SCHOOL,PRIVATE,CENTRAL,KIRINYAGA,MWEA,TEBERE,MWEA,KIRINYAGA,,-0.69,37.36
BAKARANI JUNIOR ACADEMY PRI,PRIMARY SCHOOL,PRIVATE,COAST,MOMBASA,KISAUNI,KISAUNI,KISAUNI,MOMBASA,,-4.01,39.69
KIRINYAGA PLAINA VIEW,PRIMARY SCHOOL,PRIVATE,CENTRAL,KIRINYAGA,MWEA,TEBERE,MWEA,KIRINYAGA,,-0.68,37.35
FAT-HUL ADHIM PRI,PRIMARY SCHOOL,PRIVATE,COAST,MOMBASA,KISAUNI,KISAUNI,KISAUNI,MOMBASA,,-4.01,39.69
ALMACY JUNIOR ACADEMY PRI,PRIMARY SCHOOL,PRIVATE,COAST,MOMBASA,KISAUNI,KISAUNI,KISAUNI,MOMBASA,,-4.02,39.69
NGURUBANI EFFORT ACADEMY,PRIMARY SCHOOL,PRIVATE,CENTRAL,KIRINYAGA,MWEA,TEBERE,MWEA,KIRINYAGA,,-0.68,37.35
ALVIC JUNIOR ACADEMY PRI,PRIMARY SCHOOL,PRIVATE,COAST,MOMBASA,KISAUNI,KISAUNI,KISAUNI,MOMBASA,,-4.02,39.69
NYERI TOWN VIEW ACADEMY PRI SCH,PRIMARY SCHOOL,PRIVATE,CENTRAL,NYERI,MUNICIPALITY,MUKARO,NYERI TOWN,NYERI,,-0.43,36.95
TOPMARK PREPARATORY,PRIMARY SCHOOL,PRIVATE,CENTRAL,KIRINYAGA,MWEA,TEBERE,MWEA,KIRINYAGA,,-0.69,37.35
BARSHEBA CENTRAL ACADEMY PRI,PRIMARY SCHOOL,PRIVATE,COAST,MOMBASA,KISAUNI,KISAUNI,KISAUNI,MOMBASA,,-4.02,39.69
NYERI ST XAVIER'S ACADEMY,PRIMARY SCHOOL,PRIVATE,CENTRAL,NYERI,MUNICIPALITY,MUKARO,NYERI TOWN,NYERI,,-0.43,36.93
BRIGHT FUTURE SCH PRI,PRIMARY SCHOOL,PRIVATE,COAST,MOMBASA,KISAUNI,KISAUNI,KISAUNI,MOMBASA,,-4.02,39.69
JUNDA ACADEMY FRERETOWN PRI,PRIMARY SCHOOL,PRIVATE,COAST,MOMBASA,KISAUNI,KISAUNI,KISAUNI,MOMBASA,,-4.02,39.69
HIGHCREST PREPARATORY SCH,PRIMARY SCHOOL,PRIVATE,CENTRAL,KIRINYAGA,NDIA,KIINE SOUTH,NDIA,KIRINYAGA,,-0.66,37.22
MICANS ACADEMY PRI,PRIMARY SCHOOL,PRIVATE,COAST,MOMBASA,KISAUNI,KISAUNI,KISAUNI,MOMBASA,,-4.02,39.69
TUMAINI  JUNIOR SCH PRI,PRIMARY SCHOOL,PRIVATE,COAST,MOMBASA,KISAUNI,KISAUNI,KISAUNI,MOMBASA,,-4.02,39.69
ST. CHIGUNDA PRI SCH,PRIMARY SCHOOL,PRIVATE,COAST,MOMBASA,KISAUNI,KISAUNI,KISAUNI,MOMBASA,,-4.02,39.69
HAPPY DREAMS PRI SCH,PRIMARY SCHOOL,PRIVATE,COAST,MOMBASA,KISAUNI,KISAUNI,KISAUNI,MOMBASA,,-4.02,39.69
HOPE ACADEMY PRI,PRIMARY SCHOOL,PRIVATE,COAST,MOMBASA,KISAUNI,KISAUNI,KISAUNI,MOMBASA,,-4.02,39.69
SHAMA ACADEMY,PRIMARY SCHOOL,PRIVATE,CENTRAL,NYERI,TETU,TETU,TETU,NYERI,,-0.43,36.88
JOYLAND JUNIOR SCH PRI,PRIMARY SCHOOL,PRIVATE,COAST,MOMBASA,KISAUNI,KISAUNI,KISAUNI,MOMBASA,,-4.02,39.69
SAGANA TOWNSHIP PRI,PRIMARY SCHOOL,PRIVATE,CENTRAL,KIRINYAGA,NDIA,KIINE SOUTH,NDIA,KIRINYAGA,,-0.68,37.21
LIGHT BEARERS JUNIOR SCH PRI,PRIMARY SCHOOL,PRIVATE,COAST,MOMBASA,KISAUNI,KISAUNI,KISAUNI,MOMBASA,,-4.02,39.69
MUGA ACADEMY PRI SCH,PRIMARY SCHOOL,PRIVATE,CENTRAL,NYERI,MUNICIPALITY,MUKARO,NYERI TOWN,NYERI,,-0.42,36.93
MAIWA JUNIOR ACADEMY PRI,PRIMARY SCHOOL,PRIVATE,COAST,MOMBASA,KISAUNI,KISAUNI,KISAUNI,MOMBASA,,-4.01,39.7
FEDERAL ACADEMY PRI SCH,PRIMARY SCHOOL,PRIVATE,CENTRAL,NYERI,MUNICIPALITY,MUKARO,NYERI TOWN,NYERI,,-0.43,36.93
MINNA ACADEMY PRI,PRIMARY SCHOOL,PRIVATE,COAST,MOMBASA,KISAUNI,KISAUNI,KISAUNI,MOMBASA,,-4.01,39.7
VICTORIA BAPTIST PRI SCH,PRIMARY SCHOOL,PRIVATE,COAST,MOMBASA,KISAUNI,KISAUNI,KISAUNI,MOMBASA,,-4.02,39.7
BAHARI PRI SCH,PRIMARY SCHOOL,PRIVATE,COAST,MOMBASA,KISAUNI,KISAUNI,KISAUNI,MOMBASA,,-4.02,39.7
FRERETOWN COMMUNITY SCH PRI,PRIMARY SCHOOL,PRIVATE,COAST,MOMBASA,KISAUNI,KISAUNI,KISAUNI,MOMBASA,,-4.01,39.7
STEADY VISION PRI SCH,PRIMARY SCHOOL,PRIVATE,COAST,MOMBASA,KISAUNI,KISAUNI,KISAUNI,MOMBASA,,-4.02,39.7
FRIENDS POINT PRI SCH,PRIMARY SCHOOL,PRIVATE,COAST,MOMBASA,KISAUNI,KISAUNI,KISAUNI,MOMBASA,,-4.02,39.7
FRERE METHODIST PRI SCH,PRIMARY SCHOOL,PRIVATE,COAST,MOMBASA,KISAUNI,KISAUNI,KISAUNI,MOMBASA,,-4.02,39.7
HOSSANA ACADEMY PRI SCH,PRIMARY SCHOOL,PRIVATE,CENTRAL,NYERI,MUNICIPALITY,MUKARO,NYERI TOWN,NYERI,,-0.46,36.95
MARYJOY PRI SCH,PRIMARY SCHOOL,PRIVATE,COAST,MOMBASA,KISAUNI,KISAUNI,KISAUNI,MOMBASA,,-4.02,39.7
WINNERS CHILDREN CENTRE PRI,PRIMARY SCHOOL,PRIVATE,COAST,MOMBASA,KISAUNI,KONGOWEA,KISAUNI,MOMBASA,,-4.03,39.7
THE VILLAGE SCH PRI,PRIMARY SCHOOL,PRIVATE,COAST,MOMBASA,KISAUNI,KONGOWEA,KISAUNI,MOMBASA,,-4.03,39.7
STEP COMMUNITY PRI SCH,PRIMARY SCHOOL,PRIVATE,COAST,MOMBASA,KISAUNI,KONGOWEA,KISAUNI,MOMBASA,,-4.03,39.7
VICTORY JUNIOR SCH PRI,PRIMARY SCHOOL,PRIVATE,COAST,MOMBASA,KISAUNI,KONGOWEA,KISAUNI,MOMBASA,,-4.02,39.7
ST MARGARET ACADEMY PRI,PRIMARY SCHOOL,PRIVATE,CENTRAL,NYERI,MUNICIPALITY,MUKARO,NYERI TOWN,NYERI,,-0.46,37.01
RISE AND SHINE ACADEMY PRI,PRIMARY SCHOOL,PRIVATE,COAST,MOMBASA,KISAUNI,KISAUNI,KISAUNI,MOMBASA,,-4.02,39.7
NORTHGATE PREP SCH PRI,PRIMARY SCHOOL,PRIVATE,COAST,MOMBASA,KISAUNI,KISAUNI,KISAUNI,MOMBASA,,-4.02,39.7
MWOKOENI CHILDRENS CENTRE PRI SCH,PRIMARY SCHOOL,PRIVATE,COAST,MOMBASA,KISAUNI,KISAUNI,KISAUNI,MOMBASA,,-4.02,39.7
HILLTOP ACADEMY PRI SCH,PRIMARY SCHOOL,PRIVATE,COAST,MOMBASA,KISAUNI,KONGOWEA,KISAUNI,MOMBASA,,-4.02,39.7
MBUYUNI PRI SCH,PRIMARY SCHOOL,PRIVATE,COAST,MOMBASA,KISAUNI,KONGOWEA,KISAUNI,MOMBASA,,-4.03,39.7
ST CECILIA ACDEMY PRI,PRIMARY SCHOOL,PRIVATE,CENTRAL,NYERI,MUNICIPALITY,MUKARO,NYERI TOWN,NYERI,,-0.42,36.93
CONSOLATA CATHEDRAL PRI SCH,PRIMARY SCHOOL,PRIVATE,CENTRAL,NYERI,MUNICIPALITY,MUKARO,NYERI TOWN,NYERI,,-0.42,36.95
VALLEY VIEW JUNIOR PRI,PRIMARY SCHOOL,PRIVATE,CENTRAL,NYERI,MUNICIPALITY,MUKARO,NYERI TOWN,NYERI,,-0.44,36.97
VISION ACADEMY PRIMARY,PRIMARY SCHOOL,PRIVATE,COAST,TAITA TAVETA,VOI,MARUNGU,VOI,TAITA TAVETA,,-3.56,38.75
ST. STEPHEN PRIMARY,PRIMARY SCHOOL,PRIVATE,COAST,TAITA TAVETA,VOI,VOI,VOI,TAITA TAVETA,,-3.39,38.56
THE MOON LINK ACADEMY PRIMARY SCH,PRIMARY SCHOOL,PRIVATE,COAST,TAITA TAVETA,VOI,VOI,VOI,TAITA TAVETA,,-3.38,38.56
ST. AGNES PRIMARY SCH,PRIMARY SCHOOL,PRIVATE,COAST,TAITA TAVETA,VOI,VOI,VOI,TAITA TAVETA,,-3.38,38.57
TSAVO ACADEMY PRIMARY SCH,PRIMARY SCHOOL,PRIVATE,COAST,TAITA TAVETA,VOI,VOI,VOI,TAITA TAVETA,,-3.38,38.58
DORRY ACADEMY PRIMARY,PRIMARY SCHOOL,PRIVATE,COAST,TAITA TAVETA,TAVETA,NJUKINI,TAVETA,TAITA TAVETA,,-3.19,37.72
CHUMVINI JUNIOR ACADEMY PRIMARY,PRIMARY SCHOOL,PRIVATE,COAST,TAITA TAVETA,TAVETA,NJUKINI,TAVETA,TAITA TAVETA,,-3.21,37.71
ST. JOHN'S PRIMARY,PRIMARY SCHOOL,PRIVATE,COAST,TAITA TAVETA,TAVETA,KIMORIGO,TAVETA,TAITA TAVETA,,-3.47,37.69
LEISURE ACADEMY PRIMARY,PRIMARY SCHOOL,PRIVATE,COAST,TAITA TAVETA,TAVETA,BOMANI,TAVETA,TAITA TAVETA,,-3.39,37.67
TAVETA JUNIOR ACADEMY,PRIMARY SCHOOL,PRIVATE,COAST,TAITA TAVETA,TAVETA,BOMANI,TAVETA,TAITA TAVETA,,-3.38,37.68
SHINING STAR ACADEMY PRI,PRIMARY SCHOOL,PRIVATE,CENTRAL,NYERI,MUKURWE-INI,GAKINDU,MUKURWE-INI,NYERI,,-0.52,37.01
GAKINDU NEWLIGHT ACADEMY PRI,PRIMARY SCHOOL,PRIVATE,CENTRAL,NYERI,MUKURWE-INI,GAKINDU,MUKURWE-INI,NYERI,,-0.57,36.99
HOLY ANGELS ACADEMY PRI,PRIMARY SCHOOL,PRIVATE,CENTRAL,NYERI,MUKURWE-INI,MUHITO,MUKURWE-INI,NYERI,,-0.53,37.06
PAGE ACADEMY PRI SCH,PRIMARY SCHOOL,PRIVATE,RIFT VALLEY,TRANS NZOIA,ENDEBESS,KWANZA,KAIBEI,TRANS NZOIA,,1.12,34.79
KIMWONDO HILLS ACADEMY PRI SCH,PRIMARY SCHOOL,PRIVATE,RIFT VALLEY,TRANS NZOIA,ENDEBESS,KWANZA,KAIBEI,TRANS NZOIA,,1.12,34.79
ST. JOHNESS ACADEMY,PRIMARY SCHOOL,PRIVATE,RIFT VALLEY,TRANS NZOIA,ENDEBESS,KWANZA,KAIBEI,TRANS NZOIA,,1.12,34.79
JOY ACADEMY PRI SCH,PRIMARY SCHOOL,PRIVATE,RIFT VALLEY,TRANS NZOIA,CENTRAL,KWANZA,NAMANJALALA,TRANS NZOIA,,1.04,34.98
MICHE JUNIOR ACADEMY PRI SCH,PRIMARY SCHOOL,PRIVATE,RIFT VALLEY,TRANS NZOIA,CHERANGANY,CHERANGANY,CHERANGANY,TRANS NZOIA,,0.94,35.18
ST. PATRICKS PRI SCH,PRIMARY SCHOOL,PRIVATE,RIFT VALLEY,KAJIADO,NGONG,KAJIADO CENTRAL,KISERIAN,KAJIADO,,-1.44,36.67
TIRAP SILVER STAR PRY,PRIMARY SCHOOL,PRIVATE,RIFT VALLEY,NAROK,OLOLUNGA,NAROK SOUTH,MELELO,NAROK,,-0.79,35.68
OLCHEKUT SUPAT ACADEMY,PRIMARY SCHOOL,PRIVATE,RIFT VALLEY,KAJIADO,CENTRAL KAJIADO,KAJIADO CENTRAL,LOODOKILANI,KAJIADO,,-1.89,36.59
SACRED HEART ACADEMY,PRIMARY SCHOOL,PRIVATE,WESTERN,BUNGOMA,TONGAREN,NDALU,KIMILILI,BUNGOMA,,0.78,35.01
TONGAREN JOY ACADEMY,PRIMARY SCHOOL,PRIVATE,WESTERN,BUNGOMA,TONGAREN,TONGAREN,KIMILILI,BUNGOMA,,0.78,34.97
SAMLAND ACADEMY,PRIMARY SCHOOL,PRIVATE,WESTERN,BUNGOMA,TONGAREN,TONGAREN,KIMILILI,BUNGOMA,,0.79,34.97
NEW TRIANGLE ACADEMY PRI,PRIMARY SCHOOL,PRIVATE,WESTERN,BUNGOMA,TONGAREN,TONGAREN,KIMILILI,BUNGOMA,,0.79,35.03
KYAMBOGO ACADEMY PRI,PRIMARY SCHOOL,PRIVATE,WESTERN,BUNGOMA,TONGAREN,NDALU,KIMILILI,BUNGOMA,,0.79,35.03
LITTLE ANGELS PRI SCH,PRIMARY SCHOOL,PRIVATE,RIFT VALLEY,KAJIADO,CENTRAL KAJIADO,KAJIADO CENTRAL,SAJILONI,KAJIADO,,-1.87,36.86
ELIMU JUNIOR ACADEMY,PRIMARY SCHOOL,PRIVATE,WESTERN,BUNGOMA,TONGAREN,TONGAREN,KIMILILI,BUNGOMA,,0.77,34.94
MERCY ACADEMY,PRIMARY SCHOOL,PRIVATE,WESTERN,BUNGOMA,TONGAREN,TONGAREN,KIMILILI,BUNGOMA,,0.77,34.94
ST JOHNS ACADEMY LUKHUNA,PRIMARY SCHOOL,PRIVATE,WESTERN,BUNGOMA,TONGAREN,TONGAREN,KIMILILI,BUNGOMA,,0.81,34.94
ST LOUIS LUKHUNA ACADEMY,PRIMARY SCHOOL,PRIVATE,WESTERN,BUNGOMA,TONGAREN,TONGAREN,KIMILILI,BUNGOMA,,0.81,34.94
TUMAINI ACADEMY,PRIMARY SCHOOL,PRIVATE,WESTERN,BUNGOMA,TONGAREN,TONGAREN,KIMILILI,BUNGOMA,,0.76,34.92
BIDII ACADEMY,PRIMARY SCHOOL,PRIVATE,WESTERN,BUNGOMA,TONGAREN,TONGAREN,KIMILILI,BUNGOMA,,0.74,34.9
UTHERI WA LARI PRI SCH,PRIMARY SCHOOL,PRIVATE,RIFT VALLEY,NAKURU,NAIVASHA,NAIVASHA,LONGONOT,NAKURU,,-1.07,36.48
KENAUSTRIA ACADEMY PWANI,PRIMARY SCHOOL,PRIVATE,WESTERN,BUNGOMA,TONGAREN,KABUYEFWE,KIMILILI,BUNGOMA,,0.71,34.91
MITUA EDUCATION CENTRE,PRIMARY SCHOOL,PRIVATE,WESTERN,BUNGOMA,TONGAREN,KABUYEFWE,KIMILILI,BUNGOMA,,0.72,34.91
DAVID NJENGA MEMORIAL ACADEMY PRI SCH,PRIMARY SCHOOL,PRIVATE,RIFT VALLEY,NAKURU,NAIVASHA,NAIVASHA,LONGONOT,NAKURU,,-0.98,36.58
AMEN JUNIOR ACADEMY PRI SCH,PRIMARY SCHOOL,PRIVATE,RIFT VALLEY,NAKURU,NAIVASHA,NAIVASHA,LONGONOT,NAKURU,,-0.99,36.56
ST TERESAS NYANGE ACADEMY,PRIMARY SCHOOL,PRIVATE,WESTERN,BUNGOMA,TONGAREN,KABUYEFWE,KIMILILI,BUNGOMA,,0.74,34.9
APEX PREP SCH-PRI,PRIMARY SCHOOL,PRIVATE,RIFT VALLEY,KAJIADO,NGONG,KAJIADO NORTH,NGONG,KAJIADO,,-1.4,36.66
JEREMIAH GITAU ACADEMY PRI,PRIMARY SCHOOL,PRIVATE,RIFT VALLEY,NAKURU,NAIVASHA,NAIVASHA,LONGONOT,NAKURU,,-0.98,36.58
BAPTIST ACADEMY PRI SCH,PRIMARY SCHOOL,PRIVATE,RIFT VALLEY,NAKURU,NAIVASHA,NAIVASHA,LONGONOT,NAKURU,,-0.98,36.58
AMARANTA ACADEMY,PRIMARY SCHOOL,PRIVATE,WESTERN,BUNGOMA,TONGAREN,MBAKALO,KIMILILI,BUNGOMA,,0.7,34.87
LUCI-AMEN JUNIOR ACADEMY PRI,PRIMARY SCHOOL,PRIVATE,RIFT VALLEY,NAKURU,NAIVASHA,NAIVASHA,LONGONOT,NAKURU,,-0.98,36.59
MAAI MAHIU SACRED HEARTS SCH,PRIMARY SCHOOL,PRIVATE,RIFT VALLEY,NAKURU,NAIVASHA,NAIVASHA,LONGONOT,NAKURU,,-0.98,36.59
NARAMAT ACADEMY-PRI,PRIMARY SCHOOL,PRIVATE,RIFT VALLEY,KAJIADO,NGONG,KAJIADO NORTH,NKAIMORONYA,KAJIADO,,-1.39,36.69
JORAM G.M ACADEMY-PRI,PRIMARY SCHOOL,PRIVATE,RIFT VALLEY,KAJIADO,NGONG,KAJIADO NORTH,KISERIAN,KAJIADO,,-1.39,36.68
SILVESTER PREPARATORY ACADEMY PRI,PRIMARY SCHOOL,PRIVATE,RIFT VALLEY,NAKURU,NAIVASHA,NAIVASHA,LONGONOT,NAKURU,,-0.98,36.58
VINEYARD ACADEMY-PRI,PRIMARY SCHOOL,PRIVATE,RIFT VALLEY,KAJIADO,NGONG,KAJIADO NORTH,KISERIAN,KAJIADO,,-1.39,36.68
JOY VISION ACADEMY PRI,PRIMARY SCHOOL,PRIVATE,RIFT VALLEY,NAKURU,NAIVASHA,NAIVASHA,LONGONOT,NAKURU,,-0.95,36.58
UPPER MATASIA ACADEMY-PRI,PRIMARY SCHOOL,PRIVATE,RIFT VALLEY,KAJIADO,NGONG,KAJIADO NORTH,KISERIAN,KAJIADO,,-1.38,36.68
GOOD SHEPHERD  CENTER - PRI,PRIMARY SCHOOL,PRIVATE,RIFT VALLEY,NAKURU,NAIVASHA,NAIVASHA,LONGONOT,NAKURU,,-0.96,36.58
ST JOAN PRI SCH,PRIMARY SCHOOL,PRIVATE,RIFT VALLEY,KAJIADO,NGONG,KAJIADO NORTH,KISERIAN,KAJIADO,,-1.38,36.68
MEMUSI ACADEMY-PRI,PRIMARY SCHOOL,PRIVATE,RIFT VALLEY,KAJIADO,NGONG,KAJIADO NORTH,NKAIMORONYA,KAJIADO,,-1.38,36.68
ST ERASTUS PREPARATORY,PRIMARY SCHOOL,PRIVATE,WESTERN,BUNGOMA,TONGAREN,NAITIRI,KIMILILI,BUNGOMA,,0.78,34.89
FAITH GREENVALLEY PRO SCH,PRIMARY SCHOOL,PRIVATE,RIFT VALLEY,KAJIADO,NGONG,KAJIADO NORTH,KISERIAN,KAJIADO,,-1.38,36.68
GREAT COMMISSION ACADEMY PRI SCH,PRIMARY SCHOOL,PRIVATE,RIFT VALLEY,NAKURU,NJORO,MOLO,NJORO,NAKURU,,-0.28,35.87
ST MATHEWS ACADEMY,PRIMARY SCHOOL,PRIVATE,WESTERN,BUNGOMA,TONGAREN,NAITIRI,KIMILILI,BUNGOMA,,0.78,34.9
JOEMA SCH-PRI,PRIMARY SCHOOL,PRIVATE,RIFT VALLEY,KAJIADO,NGONG,KAJIADO NORTH,KISERIAN,KAJIADO,,-1.38,36.66
WESTWAY PRI SCH,PRIMARY SCHOOL,PRIVATE,RIFT VALLEY,NAKURU,GILGIL,NAIVASHA,GILGIL,NAKURU,,-0.48,36.33
GILGIL HILLS ACADEMY PRI SCH,PRIMARY SCHOOL,PRIVATE,RIFT VALLEY,NAKURU,GILGIL,NAIVASHA,GILGIL,NAKURU,,-0.49,36.32
MASINDE ACADEMY,PRIMARY SCHOOL,PRIVATE,WESTERN,BUNGOMA,TONGAREN,NAITIRI,KIMILILI,BUNGOMA,,0.8,34.9
TESTIMONY HIL SCH-PRI,PRIMARY SCHOOL,PRIVATE,RIFT VALLEY,KAJIADO,NGONG,KAJIADO NORTH,KISERIAN,KAJIADO,,-1.38,36.66
NANCY MEMORIAL ACADEMY,PRIMARY SCHOOL,PRIVATE,RIFT VALLEY,NAKURU,NAIVASHA,NAIVASHA,LONGONOT,NAKURU,,-0.89,36.49
EMMA PRI SCH,PRIMARY SCHOOL,PRIVATE,RIFT VALLEY,NAKURU,GILGIL,NAIVASHA,GILGIL,NAKURU,,-0.49,36.32
AMANI ACADEMY,PRIMARY SCHOOL,PRIVATE,WESTERN,BUNGOMA,TONGAREN,NAITIRI,KIMILILI,BUNGOMA,,0.83,34.89
GENTLE BELLS PREP SCH,PRIMARY SCHOOL,PRIVATE,RIFT VALLEY,NAKURU,NAIVASHA,NAIVASHA,LONGONOT,NAKURU,,-0.88,36.5
GENESIS ACADEMY PRI,PRIMARY SCHOOL,PRIVATE,RIFT VALLEY,KAJIADO,MASHURU,KAJIADO CENTRAL,NKAMA,TRANS NZOIA,,-2.02,37.37
REV. FR EUSEBIUS K. WASSWA MEMORIAL ACADEMY PRI,PRIMARY SCHOOL,PRIVATE,RIFT VALLEY,NAKURU,NAIVASHA,NAIVASHA,LONGONOT,NAKURU,,-0.88,36.49
ST LIKES KOSITEI PRI,PRIMARY SCHOOL,PRIVATE,RIFT VALLEY,BARINGO,TANGULBEI,BARINGO EAST,TANGULBEI,KAJIADO,,0.8,36.31
THE OASIS PRI SCH,PRIMARY SCHOOL,PRIVATE,RIFT VALLEY,NAKURU,NAIVASHA,NAIVASHA,HELL'S GATE,NAKURU,,-0.81,36.47
FAITH PRE SCH,PRIMARY SCHOOL,PRIVATE,RIFT VALLEY,NAKURU,NAIVASHA,NAIVASHA,HELL'S GATE,NAKURU,,-0.78,36.44
WINNERS SCH PRI,PRIMARY SCHOOL,PRIVATE,RIFT VALLEY,NAKURU,NAIVASHA,NAIVASHA,HELL'S GATE,NAKURU,,-0.78,36.44
BEETY CATE PREP SCH PRI,PRIMARY SCHOOL,PRIVATE,RIFT VALLEY,NAKURU,NAIVASHA,NAIVASHA,HELL'S GATE,NAKURU,,-0.78,36.44
TANIA INTEGRATED SCH,PRIMARY SCHOOL,PRIVATE,RIFT VALLEY,KAJIADO,NGONG,KAJIADO NORTH,SOUTH KEEKONYOKIE,NAROK,,-1.46,36.65
MAGADI JUNIOR PRI SCH,PRIMARY SCHOOL,PRIVATE,RIFT VALLEY,KAJIADO,MAGADI,KAJIADO NORTH,MAGADI,KAJIADO,,-1.91,36.28
UPLANDS PRPARATORY,PRIMARY SCHOOL,PRIVATE,WESTERN,BUNGOMA,TONGAREN,NAITIRI,KIMILILI,BUNGOMA,,0.82,34.87
ST ANDREW'S ACADEMY,PRIMARY SCHOOL,PRIVATE,WESTERN,BUNGOMA,TONGAREN,NAITIRI,KIMILILI,BUNGOMA,,0.82,34.87
MALIKI RISING STAR ACADEMY,PRIMARY SCHOOL,PRIVATE,WESTERN,BUNGOMA,TONGAREN,NAITIRI,KIMILILI,BUNGOMA,,0.81,34.84
NEEMA PREP PRI SCH,PRIMARY SCHOOL,PRIVATE,RIFT VALLEY,NAKURU,NAIVASHA,NAIVASHA,HELL'S GATE,NAKURU,,-0.77,36.44
TEDHILL ACADEMY PRI,PRIMARY SCHOOL,PRIVATE,WESTERN,BUNGOMA,TONGAREN,NAITIRI,KIMILILI,BUNGOMA,,0.8,34.84
NGAMI ACADEMY PRI,PRIMARY SCHOOL,PRIVATE,WESTERN,BUNGOMA,TONGAREN,NAITIRI,KIMILILI,BUNGOMA,,0.79,34.82
THOMPSONS FALLS ACADEMY PRI SCH,PRIMARY SCHOOL,PRIVATE,RIFT VALLEY,NAKURU,NAIVASHA,NAIVASHA,HELL'S GATE,NAKURU,,-0.77,36.44
EMMANUEL HOPE ACADEMY PRI,PRIMARY SCHOOL,PRIVATE,RIFT VALLEY,NAKURU,NAIVASHA,NAIVASHA,HELL'S GATE,NAKURU,,-0.77,36.44
KHAN DAVID PRI SCH,PRIMARY SCHOOL,PRIVATE,RIFT VALLEY,NAKURU,NAIVASHA,NAIVASHA,HELL'S GATE,NAKURU,,-0.77,36.43
SARADAVIS ACADEMY PRI SCH,PRIMARY SCHOOL,PRIVATE,RIFT VALLEY,NAKURU,NAIVASHA,NAIVASHA,HELL'S GATE,NAKURU,,-0.77,36.43
PRAISE ACADEMY,PRIMARY SCHOOL,PRIVATE,WESTERN,BUNGOMA,TONGAREN,NAITIRI,KIMILILI,BUNGOMA,,0.78,34.83
STAR SHINE ACADEMY PRI,PRIMARY SCHOOL,PRIVATE,RIFT VALLEY,NAKURU,NAIVASHA,NAIVASHA,HELL'S GATE,NAKURU,,-0.78,36.43
CANAAN JUNIOR ACADEMY PRI,PRIMARY SCHOOL,PRIVATE,RIFT VALLEY,NAKURU,NAIVASHA,NAIVASHA,HELL'S GATE,NAKURU,,-0.78,36.44
HILLSTOP ACADEMY PRI,PRIMARY SCHOOL,PRIVATE,RIFT VALLEY,NAKURU,NAIVASHA,NAIVASHA,HELL'S GATE,NAKURU,,-0.78,36.44
UPPER HILL JUNIOR ACADEMY PRI,PRIMARY SCHOOL,PRIVATE,RIFT VALLEY,NAKURU,NAIVASHA,NAIVASHA,HELL'S GATE,NAKURU,,-0.79,36.44
UTU BORA ACADEMY,PRIMARY SCHOOL,PRIVATE,WESTERN,BUNGOMA,TONGAREN,NAITIRI,KIMILILI,BUNGOMA,,0.77,34.84
NAIVASHA AIRSTRIP ACADEMY,PRIMARY SCHOOL,PRIVATE,RIFT VALLEY,NAKURU,NAIVASHA,NAIVASHA,HELL'S GATE,NAKURU,,-0.79,36.43
ST STEPHENS ACK ACADEMY,PRIMARY SCHOOL,PRIVATE,WESTERN,BUNGOMA,TONGAREN,NAITIRI,KIMILILI,BUNGOMA,,0.77,34.83
HIGHZONE ACADEMY PRI SCH,PRIMARY SCHOOL,PRIVATE,RIFT VALLEY,NAKURU,NAIVASHA,NAIVASHA,HELL'S GATE,NAKURU,,-0.79,36.43
GOODWILL ACADEMY,PRIMARY SCHOOL,PRIVATE,WESTERN,BUNGOMA,TONGAREN,NAITIRI,KIMILILI,BUNGOMA,,0.76,34.83
ST ANNE MODERN ACADEMY PRI,PRIMARY SCHOOL,PRIVATE,RIFT VALLEY,NAKURU,NAIVASHA,NAIVASHA,HELL'S GATE,NAKURU,,-0.78,36.43
HIGH PEAK JUNIOR ACADEMY,PRIMARY SCHOOL,PRIVATE,RIFT VALLEY,NAKURU,NAIVASHA,NAIVASHA,HELL'S GATE,NAKURU,,-0.78,36.45
EVERLYN MEMORIAL ACADEMY PRI SCH,PRIMARY SCHOOL,PRIVATE,RIFT VALLEY,NAKURU,NAIVASHA,NAIVASHA,HELL'S GATE,NAKURU,,-0.77,36.46
THE UPPERHOUSE KINGS SCH,PRIMARY SCHOOL,PRIVATE,WESTERN,BUNGOMA,TONGAREN,MBAKALO,KIMILILI,BUNGOMA,,0.76,34.89
SHARON ROSE ACADEMY PRI,PRIMARY SCHOOL,PRIVATE,RIFT VALLEY,NAKURU,NAIVASHA,NAIVASHA,HELL'S GATE,NAKURU,,-0.77,36.45
NAITIRI DAYSTAR ACADEMY,PRIMARY SCHOOL,PRIVATE,WESTERN,BUNGOMA,TONGAREN,NAITIRI,KIMILILI,BUNGOMA,,0.76,34.89
CHEMA ACADEMY MAKUNGA,PRIMARY SCHOOL,PRIVATE,WESTERN,BUNGOMA,TONGAREN,NAITIRI,KIMILILI,BUNGOMA,,0.74,34.83
KINGS VIEW ACADEMY,PRIMARY SCHOOL,PRIVATE,WESTERN,BUNGOMA,TONGAREN,NAITIRI,KIMILILI,BUNGOMA,,0.75,34.86
HILLTOP ACADEMY PRI,PRIMARY SCHOOL,PRIVATE,RIFT VALLEY,NAKURU,NAIVASHA,NAIVASHA,HELL'S GATE,NAKURU,,-0.82,36.3
MT ZION PRI SCH,PRIMARY SCHOOL,PRIVATE,RIFT VALLEY,KAJIADO,MASHURU,KAJIADO CENTRAL,POKA,WEST POKOT,,-2.08,37.47
HOLY SPRINGS PRI SCH,PRIMARY SCHOOL,PRIVATE,RIFT VALLEY,KAJIADO,MASHURU,KAJIADO CENTRAL,POKA,WEST POKOT,,-2.09,37.47
MASAI PLAINSVIEW ACADEMY PRI SCH,PRIMARY SCHOOL,PRIVATE,RIFT VALLEY,KAJIADO,NGONG,KAJIADO NORTH,CENTRAL KEEKONYOKIE,NAROK,,-1.47,36.63
OLOSERIAN ACADEMY PRI SCH,PRIMARY SCHOOL,PRIVATE,RIFT VALLEY,KAJIADO,NGONG,KAJIADO NORTH,NORTH KEEKONYOKIE,NAROK,,-1.47,36.63
OSILIGI ACADEMY PRI SCH,PRIMARY SCHOOL,PRIVATE,RIFT VALLEY,KAJIADO,NGONG,KAJIADO NORTH,SOUTH KEEKONYOKIE,NAROK,,-1.49,36.66
KAPSABET ACADEMY PRI,PRIMARY SCHOOL,PRIVATE,RIFT VALLEY,NANDI NORTH,KAPSABET,EMGWEN,KAPSABET,NANDI,,0.2,35.09
BINDURA CHILDREN FAMILY PRI,PRIMARY SCHOOL,PRIVATE,RIFT VALLEY,UASIN GISHU,KESSES,ELDORET SOUTH,TULWET,TRANS NZOIA,,0.28,35.36
BLESSED ACADEMY PRI,PRIMARY SCHOOL,PRIVATE,RIFT VALLEY,UASIN GISHU,SOY,ELDORET NORTH,KIBULGENY,NANDI,,0.49,35.31
HOPE PREPARATORY PRI,PRIMARY SCHOOL,PRIVATE,RIFT VALLEY,UASIN GISHU,MOIBEN,ELDORET EAST,CHEPKOILEL,NANDI,,0.54,35.3
HIGH VISION ACADEMY PRI,PRIMARY SCHOOL,PRIVATE,RIFT VALLEY,UASIN GISHU,AINABKOI,ELDORET EAST,KAPSOYA,TRANS NZOIA,,0.53,35.31
JERUSALEM ACADEMY PRI,PRIMARY SCHOOL,PRIVATE,RIFT VALLEY,UASIN GISHU,AINABKOI,ELDORET NORTH,CHEPKOILEL,NANDI,,0.54,35.29
OUR LADYOF MOUNT CARMEL PRI SCH,PRIMARY SCHOOL,PRIVATE,RIFT VALLEY,KAJIADO,MAGADI,KAJIADO NORTH,OLKIRAMATIAN,KAJIADO,,-1.79,36.06
ST JOHN PRI SCH,PRIMARY SCHOOL,PRIVATE,RIFT VALLEY,KAJIADO,CENTRAL KAJIADO,KAJIADO CENTRAL,TOWNSHIP,TRANS NZOIA,,-1.84,36.79
ACK EMMANUEL ACADEMY PRI SCH,PRIMARY SCHOOL,PRIVATE,RIFT VALLEY,KAJIADO,CENTRAL KAJIADO,KAJIADO CENTRAL,TOWNSHIP,TRANS NZOIA,,-1.84,36.79
KAJIADO ADVENTIST EDUCATIONA & REHAB CENTER PRI,PRIMARY SCHOOL,PRIVATE,RIFT VALLEY,KAJIADO,CENTRAL KAJIADO,KAJIADO CENTRAL,TOWNSHIP,TRANS NZOIA,,-1.84,36.79
SAMBELL JUNIOR ACAEMY PRI SCH,PRIMARY SCHOOL,PRIVATE,RIFT VALLEY,KAJIADO,CENTRAL KAJIADO,KAJIADO CENTRAL,SAJILONI,KAJIADO,,-1.86,36.8
OLASITI TOWNSHIP ACADEMY PRI,PRIMARY SCHOOL,PRIVATE,RIFT VALLEY,NAROK,MAU,NAROK NORTH,SUSWA,NAROK,,-1.11,36.24
NERKWO SMALL HOME PRI SCH,PRIMARY SCHOOL,PRIVATE,RIFT VALLEY,MARAKWET,CHEBIEMIT,MARAKWET WEST,MOIBEN,UASIN GISHU,,0.92,35.51
KAJIADO HILL ACADEMY PRI SCH,PRIMARY SCHOOL,PRIVATE,RIFT VALLEY,KAJIADO,CENTRAL KAJIADO,KAJIADO CENTRAL,TOWNSHIP,TRANS NZOIA,,-1.84,36.8
BRIGHT STAR ACADEMY PRI SCH,PRIMARY SCHOOL,PRIVATE,RIFT VALLEY,MARAKWET,CHEBIEMIT,MARAKWET WEST,KUSERWO,TRANS NZOIA,,0.98,35.46
GRANDA PRI SCH,PRIMARY SCHOOL,PRIVATE,RIFT VALLEY,KAJIADO,CENTRAL KAJIADO,KAJIADO CENTRAL,TOWNSHIP,TRANS NZOIA,,-1.83,36.79
HIGHGATE CHILDRENS PREP SCH,PRIMARY SCHOOL,PRIVATE,RIFT VALLEY,KAJIADO,CENTRAL KAJIADO,KAJIADO CENTRAL,ILDAMAT,KAJIADO,,-1.84,36.79
PROGRESSIVE ACADEMY PRI SCH,PRIMARY SCHOOL,PRIVATE,RIFT VALLEY,TRANS NZOIA,SABOTI,SABOTI,SABOTI,TRANS NZOIA,,0.94,34.81
KATALEEL ACADEMY PRI SCH,PRIMARY SCHOOL,PRIVATE,RIFT VALLEY,TRANS NZOIA,SABOTI,SABOTI,KINYORO,TRANS NZOIA,,1.02,34.92
STEPPINGSTONE PRI,PRIMARY SCHOOL,PRIVATE,WESTERN,BUNGOMA,WEBUYE,WEBUYE,WEBUYE,BUNGOMA,,0.61,34.77
THE PROMISE JUNIOR ACADEMY-PRI,PRIMARY SCHOOL,PRIVATE,RIFT VALLEY,KAJIADO,NGONG,KAJIADO NORTH,NKAIMORONYA,KAJIADO,,-1.39,36.76
ST BRIAN JUNIOR SCH-PRI,PRIMARY SCHOOL,PRIVATE,RIFT VALLEY,KAJIADO,NGONG,KAJIADO NORTH,NKAIMORONYA,KAJIADO,,-1.39,36.75
BOONHOUSE SCH-PRI,PRIMARY SCHOOL,PRIVATE,RIFT VALLEY,KAJIADO,NGONG,KAJIADO NORTH,NKAIMORONYA,KAJIADO,,-1.39,36.76
MUTHITHI HIGHLIGHT ACADEMY,PRIMARY SCHOOL,PRIVATE,RIFT VALLEY,NAKURU,NAIVASHA,NAIVASHA,NAIVASHA EAST,NAKURU,,-0.71,36.53
FIG JUNIOR ACADEMY-PRI,PRIMARY SCHOOL,PRIVATE,RIFT VALLEY,KAJIADO,NGONG,KAJIADO NORTH,NKAIMORONYA,KAJIADO,,-1.39,36.75
ALPHA SCH-PRI,PRIMARY SCHOOL,PRIVATE,RIFT VALLEY,KAJIADO,NGONG,KAJIADO NORTH,ONGATA RONGAI,KAJIADO,,-1.39,36.76
ALDO-REBBY JUNIOR ACADEMY,PRIMARY SCHOOL,PRIVATE,RIFT VALLEY,NAROK,MAU,NAROK NORTH,NTULELE,SAMBURU,,-1.09,36.09
ST MARKS ACADEMY-PRI,PRIMARY SCHOOL,PRIVATE,RIFT VALLEY,KAJIADO,NGONG,KAJIADO NORTH,ONGATA RONGAI,KAJIADO,,-1.4,36.76
RUNNERS JUNIOR ACADEMY-PRI,PRIMARY SCHOOL,PRIVATE,RIFT VALLEY,KAJIADO,NGONG,KAJIADO NORTH,ONGATA RONGAI,KAJIADO,,-1.4,36.76
RIDGE ACADEMY-PRI,PRIMARY SCHOOL,PRIVATE,RIFT VALLEY,KAJIADO,NGONG,KAJIADO NORTH,ONGATA RONGAI,KAJIADO,,-1.4,36.77
ALL SAINT JUNIOR ACADEMY PRI SCH,PRIMARY SCHOOL,PRIVATE,RIFT VALLEY,NAKURU,NAIVASHA,NAIVASHA,NAIVASHA EAST,NAKURU,,-0.63,36.5
RIVERVIEW JUNIOR ACADEMY-PRI,PRIMARY SCHOOL,PRIVATE,RIFT VALLEY,KAJIADO,NGONG,KAJIADO NORTH,ONGATA RONGAI,KAJIADO,,-1.4,36.77
TONNY MEMORIAL EDUCATION CENTRE,PRIMARY SCHOOL,PRIVATE,WESTERN,BUNGOMA,WEBUYE,WEBUYE,WEBUYE,BUNGOMA,,0.61,34.77
SANJOSE ACADEMY-PRI,PRIMARY SCHOOL,PRIVATE,RIFT VALLEY,KAJIADO,NGONG,KAJIADO NORTH,ONGATA RONGAI,KAJIADO,,-1.39,36.77
LOSIALIMA TREASURE ACADEMY PRI SCH,PRIMARY SCHOOL,PRIVATE,RIFT VALLEY,WEST POKOT,LELAN,SIGOR,CHEBOIN,BOMET,,1.27,35.37
STAR OF EXCELLENCE PRI SCH,PRIMARY SCHOOL,PRIVATE,RIFT VALLEY,KAJIADO,NGONG,KAJIADO NORTH,ONGATA RONGAI,KAJIADO,,-1.4,36.77
YOUNG STARS ACADEMY PRI SCH,PRIMARY SCHOOL,PRIVATE,RIFT VALLEY,NAKURU,NAIVASHA,NAIVASHA,MALEWA,NYANDARUA,,-0.65,36.48
SUCCESS PAGA PRI SCH,PRIMARY SCHOOL,PRIVATE,RIFT VALLEY,KAJIADO,NGONG,KAJIADO NORTH,ONGATA RONGAI,KAJIADO,,-1.39,36.77
PANPAPER PRI,PRIMARY SCHOOL,PRIVATE,WESTERN,BUNGOMA,WEBUYE,WEBUYE,WEBUYE,BUNGOMA,,0.59,34.78
EBENEZER ACADEMY-PRI,PRIMARY SCHOOL,PRIVATE,RIFT VALLEY,KAJIADO,NGONG,KAJIADO NORTH,ONGATA RONGAI,KAJIADO,,-1.39,36.77
THE AMINI SCH-PRI,PRIMARY SCHOOL,PRIVATE,RIFT VALLEY,KAJIADO,NGONG,KAJIADO NORTH,ONGATA RONGAI,KAJIADO,,-1.39,36.77
JOY ACADEMY PRI SCH,PRIMARY SCHOOL,PRIVATE,RIFT VALLEY,NAROK,MAU,NAROK NORTH,OLOLPIRONITO,KAJIADO,,-0.93,36.13
RONGAI COMMUNITY CHILDREN CENTER-PRI,PRIMARY SCHOOL,PRIVATE,RIFT VALLEY,KAJIADO,NGONG,KAJIADO NORTH,ONGATA RONGAI,KAJIADO,,-1.39,36.77
RIDGES VIEW ACADEMY PRI SCH,PRIMARY SCHOOL,PRIVATE,RIFT VALLEY,NAKURU,NAIVASHA,NAIVASHA,NAIVASHA EAST,NAKURU,,-0.71,36.49
BETHEL ACADEMY PRI SCH,PRIMARY SCHOOL,PRIVATE,RIFT VALLEY,KAJIADO,NGONG,KAJIADO NORTH,ONGATA RONGAI,KAJIADO,,-1.39,36.77
MAMATA JUNIOR ACADEMY-PRI,PRIMARY SCHOOL,PRIVATE,RIFT VALLEY,KAJIADO,NGONG,KAJIADO NORTH,ONGATA RONGAI,KAJIADO,,-1.39,36.77
SHAMETA PRI,PRIMARY SCHOOL,PRIVATE,WESTERN,BUNGOMA,WEBUYE,WEBUYE,WEBUYE,BUNGOMA,,0.59,34.77
ONGATA RIVERSIDE SCH-PRI,PRIMARY SCHOOL,PRIVATE,RIFT VALLEY,KAJIADO,NGONG,KAJIADO NORTH,ONGATA RONGAI,KAJIADO,,-1.39,36.77
MOORLAND ACADEMY PRI SCH,PRIMARY SCHOOL,PRIVATE,RIFT VALLEY,WEST POKOT,LELAN,SIGOR,TAPACH,WEST POKOT,,1.27,35.42
RUDOLF STEINER SCH-PRI,PRIMARY SCHOOL,PRIVATE,RIFT VALLEY,KAJIADO,NGONG,KAJIADO NORTH,ONGATA RONGAI,KAJIADO,,-1.39,36.79
MELANIE JUNIOR ACADEMY-PRI,PRIMARY SCHOOL,PRIVATE,RIFT VALLEY,KAJIADO,CENTRAL KAJIADO,KAJIADO NORTH,KITENKELA,KAJIADO,,-1.42,36.8
JENNIX SCH COMPLEX-PRI,PRIMARY SCHOOL,PRIVATE,RIFT VALLEY,KAJIADO,NGONG,KAJIADO NORTH,ONGATA RONGAI,KAJIADO,,-1.4,36.77
FAITHLAND MUTA PRI SCH,PRIMARY SCHOOL,PRIVATE,RIFT VALLEY,KAJIADO,NGONG,KAJIADO NORTH,ONGATA RONGAI,KAJIADO,,-1.4,36.77
FIMA ACADEMY PRI SCH,PRIMARY SCHOOL,PRIVATE,RIFT VALLEY,NAROK,MAU,NAROK NORTH,KEEKONYOKIE,NAROK,,-1.04,36.16
ACACIA PARK SCH-PRI,PRIMARY SCHOOL,PRIVATE,RIFT VALLEY,KAJIADO,NGONG,KAJIADO NORTH,ONGATA RONGAI,KAJIADO,,-1.4,36.78
FGCK N/ENKARE JUNIOR ACADEMY,PRIMARY SCHOOL,PRIVATE,RIFT VALLEY,NAROK,MAU,NAROK NORTH,KEEKONYOKIE,NAROK,,-1.04,36.17
TEDDY ACADEMY-PRI,PRIMARY SCHOOL,PRIVATE,RIFT VALLEY,KAJIADO,NGONG,KAJIADO NORTH,ONGATA RONGAI,KAJIADO,,-1.41,36.76
ST PAULS JUNIOR SCH-PRI,PRIMARY SCHOOL,PRIVATE,RIFT VALLEY,KAJIADO,NGONG,KAJIADO NORTH,ONGATA RONGAI,KAJIADO,,-1.41,36.75
ST PETERS ACADEMY-PRI,PRIMARY SCHOOL,PRIVATE,RIFT VALLEY,KAJIADO,NGONG,KAJIADO NORTH,ONGATA RONGAI,KAJIADO,,-1.41,36.74
VALLEYVIEW PRI SCH,PRIMARY SCHOOL,PRIVATE,RIFT VALLEY,KAJIADO,NGONG,KAJIADO NORTH,ONGATA RONGAI,KAJIADO,,-1.41,36.73
RIMPA ROAD ACADEMY-PRI,PRIMARY SCHOOL,PRIVATE,RIFT VALLEY,KAJIADO,NGONG,KAJIADO NORTH,ONGATA RONGAI,KAJIADO,,-1.42,36.71
REDSOIL SCH-PRI,PRIMARY SCHOOL,PRIVATE,RIFT VALLEY,KAJIADO,NGONG,KAJIADO NORTH,ONGATA RONGAI,KAJIADO,,-1.42,36.71
OIKE HIGHVIEW PRI SCH,PRIMARY SCHOOL,PRIVATE,RIFT VALLEY,NAROK,MAU,NAROK NORTH,KEEKONYOKIE,NAROK,,-1.02,36.16
MAGADI ROAD PRI,PRIMARY SCHOOL,PRIVATE,RIFT VALLEY,KAJIADO,NGONG,KAJIADO NORTH,ONGATA RONGAI,KAJIADO,,-1.42,36.71
JERUSALEM ACADEMY PRI SCH,PRIMARY SCHOOL,PRIVATE,RIFT VALLEY,WEST POKOT,CHEPARERIA,KAPENGURIA,KIPKOMO,BOMET,,1.31,35.21
ELITE ACADEMY-PRI,PRIMARY SCHOOL,PRIVATE,RIFT VALLEY,KAJIADO,NGONG,KAJIADO NORTH,NKAIMORONYA,KAJIADO,,-1.42,36.7
ACK GOODSHEPHERD ACADEMY-PRI,PRIMARY SCHOOL,PRIVATE,RIFT VALLEY,KAJIADO,NGONG,KAJIADO NORTH,ONGATA RONGAI,KAJIADO,,-1.42,36.7
MUGIMA TRAINING & OUTREACH CENTER-PRI,PRIMARY SCHOOL,PRIVATE,RIFT VALLEY,KAJIADO,NGONG,KAJIADO NORTH,NKAIMORONYA,KAJIADO,,-1.42,36.69
OLONANA MEMORIAL ACADEMY-PRI,PRIMARY SCHOOL,PRIVATE,RIFT VALLEY,KAJIADO,NGONG,KAJIADO NORTH,ONGATA RONGAI,KAJIADO,,-1.43,36.7
THE PRINCESCH PRI,PRIMARY SCHOOL,PRIVATE,RIFT VALLEY,KAJIADO,NGONG,KAJIADO NORTH,ONGATA RONGAI,KAJIADO,,-1.42,36.69
REV MURPHUS PRI SCH,PRIMARY SCHOOL,PRIVATE,RIFT VALLEY,WEST POKOT,CHEPARERIA,KAPENGURIA,KIPKOMO,BOMET,,1.31,35.2
DISCIPLES JUNIOR SCH,PRIMARY SCHOOL,PRIVATE,RIFT VALLEY,KAJIADO,NGONG,KAJIADO NORTH,NKAIMORONYA,KAJIADO,,-1.42,36.69
RUSENKA ACADEMY,PRIMARY SCHOOL,PRIVATE,RIFT VALLEY,NAROK,MAU,NAROK NORTH,ENTONTOL,SAMBURU,,-0.88,36.11
INDIGENOUS CHILDREN CENTER PRI,PRIMARY SCHOOL,PRIVATE,RIFT VALLEY,KAJIADO,NGONG,KAJIADO NORTH,KISERIAN,KAJIADO,,-1.43,36.69
SAJOS ACADEMY PRI,PRIMARY SCHOOL,PRIVATE,RIFT VALLEY,KAJIADO,NGONG,KAJIADO NORTH,KISERIAN,KAJIADO,,-1.42,36.69
TOWNSHIP SCH PRI,PRIMARY SCHOOL,PRIVATE,RIFT VALLEY,KAJIADO,NGONG,KAJIADO NORTH,KISERIAN,KAJIADO,,-1.42,36.68
KISERIAN ADVENTIST PRI SCH,PRIMARY SCHOOL,PRIVATE,RIFT VALLEY,KAJIADO,NGONG,KAJIADO NORTH,KISERIAN,KAJIADO,,-1.42,36.68
ELYON PRI SCH,PRIMARY SCHOOL,PRIVATE,RIFT VALLEY,NAROK,MAU,NAROK NORTH,UPPER MELILI,NAROK,,-0.81,36.12
FAITH PREP SCH-PRI,PRIMARY SCHOOL,PRIVATE,RIFT VALLEY,KAJIADO,NGONG,KAJIADO NORTH,KISERIAN,KAJIADO,,-1.42,36.68
OLORETO HERITAGE ACADEMY,PRIMARY SCHOOL,PRIVATE,RIFT VALLEY,NAROK,MAU,NAROK NORTH,UPPER MELILI,NAROK,,-0.81,36.12
BROOKHILLS JUNIOR SCH PRI,PRIMARY SCHOOL,PRIVATE,RIFT VALLEY,KAJIADO,NGONG,KAJIADO NORTH,KISERIAN,KAJIADO,,-1.4,36.68
MWANGAZA JUNIOR ACADEMY,PRIMARY SCHOOL,PRIVATE,RIFT VALLEY,NAROK,MAU,NAROK NORTH,UPPER MELILI,NAROK,,-0.84,36.15
NJUGI ACADEMY PRI,PRIMARY SCHOOL,PRIVATE,RIFT VALLEY,KAJIADO,NGONG,KAJIADO NORTH,NKAIMORONYA,KAJIADO,,-1.41,36.69
MILIMANI STAR JUNIOR SCH-PRI,PRIMARY SCHOOL,PRIVATE,RIFT VALLEY,KAJIADO,NGONG,KAJIADO NORTH,KISERIAN,KAJIADO,,-1.42,36.68
ST JAMES DAM SCH-PRI,PRIMARY SCHOOL,PRIVATE,RIFT VALLEY,KAJIADO,NGONG,KAJIADO NORTH,KISERIAN,KAJIADO,,-1.43,36.69
ST ANNE CATHOLIC ACDEMY-PRI,PRIMARY SCHOOL,PRIVATE,RIFT VALLEY,KAJIADO,NGONG,KAJIADO NORTH,KISERIAN,KAJIADO,,-1.43,36.68
KING JESUS COMPLEX ACADEMY,PRIMARY SCHOOL,PRIVATE,WESTERN,BUNGOMA,WEBUYE,WEBUYE,WEBUYE,BUNGOMA,,0.59,34.77
SAFENEST JUNIOR SCH PRI,PRIMARY SCHOOL,PRIVATE,RIFT VALLEY,KAJIADO,NGONG,KAJIADO NORTH,KEEKONYOKIE,NAROK,,-1.48,36.68
ENCOURAGEMENT CHRSTIAN CENTRE PRI,PRIMARY SCHOOL,PRIVATE,WESTERN,BUNGOMA,WEBUYE,WEBUYE,WEBUYE,BUNGOMA,,0.6,34.77
ST CATHERINES SCH NAIVASHA PRI,PRIMARY SCHOOL,PRIVATE,RIFT VALLEY,NAKURU,NAIVASHA,NAIVASHA,HELL'S GATE,NAKURU,,-0.81,36.5
WANGAMATI BETHESDA PRI,PRIMARY SCHOOL,PRIVATE,WESTERN,BUNGOMA,WEBUYE,WEBUYE,WEBUYE,BUNGOMA,,0.6,34.76
BONANZA ACADEMY PRI SCH,PRIMARY SCHOOL,PRIVATE,RIFT VALLEY,NAKURU,NAIVASHA,NAIVASHA,HELL'S GATE,NAKURU,,-0.81,36.52
THE LITTLE SCHOLARS PRI SCH,PRIMARY SCHOOL,PRIVATE,RIFT VALLEY,KAJIADO,NGONG,KAJIADO NORTH,KISERIAN,KAJIADO,,-1.44,36.68
WEBUYE KINDERGARTEN & JUNIOR ACADEMY,PRIMARY SCHOOL,PRIVATE,WESTERN,BUNGOMA,WEBUYE,WEBUYE,WEBUYE,BUNGOMA,,0.61,34.76
ORTUM ACADEMY PRI SCH,PRIMARY SCHOOL,PRIVATE,RIFT VALLEY,WEST POKOT,CHEPARERIA,SIGOR,BATEI,BUNGOMA,,1.44,35.36
GLORY NDALU ACADEMY PRI,PRIMARY SCHOOL,PRIVATE,WESTERN,BUNGOMA,TONGAREN,NDALU,KIMILILI,BUNGOMA,,0.87,35
FAITH ACADEMY,PRIMARY SCHOOL,PRIVATE,WESTERN,BUNGOMA,TONGAREN,NDALU,KIMILILI,BUNGOMA,,0.85,35
BRIGHTOP HILL ACADEMY,PRIMARY SCHOOL,PRIVATE,WESTERN,BUNGOMA,TONGAREN,NDALU,KIMILILI,BUNGOMA,,0.84,34.99
VALLEYVIEW ACADEMY,PRIMARY SCHOOL,PRIVATE,WESTERN,BUNGOMA,TONGAREN,NDALU,KIMILILI,BUNGOMA,,0.84,34.97
JOI NDALU ACADEMY,PRIMARY SCHOOL,PRIVATE,WESTERN,BUNGOMA,TONGAREN,NDALU,KIMILILI,BUNGOMA,,0.84,34.99
BENJAMIN NGAIRA ACADEMY,PRIMARY SCHOOL,PRIVATE,WESTERN,BUNGOMA,TONGAREN,TONGAREN,KIMILILI,BUNGOMA,,0.81,35.02
TIMLEEN BRILIANT JUNIOR SCH,PRIMARY SCHOOL,PRIVATE,WESTERN,BUNGOMA,TONGAREN,TONGAREN,KIMILILI,BUNGOMA,,0.79,35.03
UASO NYIRO ANNEX PRI SCH,PRIMARY SCHOOL,PRIVATE,RIFT VALLEY,LAIKIPIA,CENTRAL,LAIKIPIA EAST,SEGERA,SAMBURU,,0.17,36.88
TEGEA JUNIOR ACADEMY PRI SCH,PRIMARY SCHOOL,PRIVATE,RIFT VALLEY,NAKURU,KURESOI,KURESOI,MKULIMA,TRANS NZOIA,,-0.3,35.55
IMANI JUNIOR SCH-PRI,PRIMARY SCHOOL,PRIVATE,RIFT VALLEY,KAJIADO,NGONG,KAJIADO NORTH,KISERIAN,KAJIADO,,-1.44,36.68
KAREN VIEW ACADEMY-PRI,PRIMARY SCHOOL,PRIVATE,RIFT VALLEY,KAJIADO,NGONG,KAJIADO NORTH,NKAIMORONYA,KAJIADO,,-1.38,36.71
SIMBA ACADEMY AND PREP SCH,PRIMARY SCHOOL,PRIVATE,RIFT VALLEY,KAJIADO,NGONG,KAJIADO NORTH,NGONG,KAJIADO,,-1.32,36.64
ORTUM MIXED PRI ACADEMY,PRIMARY SCHOOL,PRIVATE,RIFT VALLEY,WEST POKOT,CHEPARERIA,SIGOR,BATEI,BUNGOMA,,1.44,35.36
MUINJAFAM ACADEMY-PRI,PRIMARY SCHOOL,PRIVATE,RIFT VALLEY,KAJIADO,NGONG,KAJIADO NORTH,NGONG,KAJIADO,,-1.34,36.63
MORPUS ACADEMY PRI SCH,PRIMARY SCHOOL,PRIVATE,RIFT VALLEY,WEST POKOT,CHEPARERIA,SIGOR,BATEI,BUNGOMA,,1.44,35.36
NEEMA ACADEMY PRI SCH,PRIMARY SCHOOL,PRIVATE,RIFT VALLEY,KAJIADO,NGONG,KAJIADO NORTH,NGONG,KAJIADO,,-1.35,36.65
MAINFLOW PREP SCH-PRI,PRIMARY SCHOOL,PRIVATE,RIFT VALLEY,KAJIADO,NGONG,KAJIADO NORTH,NGONG,KAJIADO,,-1.36,36.65
GREENYARD JUNIOR SCH-PRI,PRIMARY SCHOOL,PRIVATE,RIFT VALLEY,KAJIADO,NGONG,KAJIADO NORTH,NGONG,KAJIADO,,-1.35,36.66
KUNONI EDUCATION CENTER-PRI,PRIMARY SCHOOL,PRIVATE,RIFT VALLEY,KAJIADO,NGONG,KAJIADO NORTH,NKAIMORONYA,KAJIADO,,-1.41,36.71
EMPOGHAT PRI SCH,PRIMARY SCHOOL,PRIVATE,RIFT VALLEY,WEST POKOT,CHEPARERIA,SIGOR,PARUA,SAMBURU,,1.38,35.35
MAGADI ROAD SCH-PRI,PRIMARY SCHOOL,PRIVATE,RIFT VALLEY,KAJIADO,NGONG,KAJIADO NORTH,ONGATA RONGAI,KAJIADO,,-1.41,36.71
SERARE SCH-PRI,PRIMARY SCHOOL,PRIVATE,RIFT VALLEY,KAJIADO,NGONG,KAJIADO NORTH,OLOOLUA,KAJIADO,,-1.33,36.67
KATSO  SCHS-PRI,PRIMARY SCHOOL,PRIVATE,RIFT VALLEY,KAJIADO,NGONG,KAJIADO NORTH,NKAIMORONYA,KAJIADO,,-1.4,36.71
EWANGAN ACADEMY-PRI,PRIMARY SCHOOL,PRIVATE,RIFT VALLEY,KAJIADO,NGONG,KAJIADO NORTH,OLOOLUA,KAJIADO,,-1.31,36.66
MAXWELL ADVENTIST ACADEMY-PRI,PRIMARY SCHOOL,PRIVATE,RIFT VALLEY,KAJIADO,NGONG,KAJIADO NORTH,ONGATA RONGAI,KAJIADO,,-1.4,36.72
MASAI GIRLS PRI SCH,PRIMARY SCHOOL,PRIVATE,RIFT VALLEY,KAJIADO,NGONG,KAJIADO NORTH,OLOOLUA,KAJIADO,,-1.33,36.68
LAISER HILL ACADEMY-PRI,PRIMARY SCHOOL,PRIVATE,RIFT VALLEY,KAJIADO,NGONG,KAJIADO NORTH,ONGATA RONGAI,KAJIADO,,-1.39,36.73
HEKIMA PRI SCH,PRIMARY SCHOOL,PRIVATE,RIFT VALLEY,KAJIADO,NGONG,KAJIADO NORTH,OLOOLUA,KAJIADO,,-1.33,36.68
FAITH CHRISTIAN ACADEMY-PRI,PRIMARY SCHOOL,PRIVATE,RIFT VALLEY,KAJIADO,NGONG,KAJIADO NORTH,ONGATA RONGAI,KAJIADO,,-1.39,36.73
MASAI BOYS PRI SCH,PRIMARY SCHOOL,PRIVATE,RIFT VALLEY,KAJIADO,NGONG,KAJIADO NORTH,OLOOLUA,KAJIADO,,-1.33,36.68
BRO. BEAUSANG EDUCATION CENTER-PRI,PRIMARY SCHOOL,PRIVATE,RIFT VALLEY,KAJIADO,NGONG,KAJIADO NORTH,OLOOLUA,KAJIADO,,-1.33,36.67
ONGATA ACADEMY-PRI,PRIMARY SCHOOL,PRIVATE,RIFT VALLEY,KAJIADO,NGONG,KAJIADO NORTH,ONGATA RONGAI,KAJIADO,,-1.39,36.73
ELIRAMA SCH-PRI,PRIMARY SCHOOL,PRIVATE,RIFT VALLEY,KAJIADO,NGONG,KAJIADO NORTH,OLOOLUA,KAJIADO,,-1.33,36.68
THORN TREE ACADEMY,PRIMARY SCHOOL,PRIVATE,RIFT VALLEY,KAJIADO,NGONG,KAJIADO NORTH,NKAIMORONYA,KAJIADO,,-1.39,36.73
EVERTONE SCH -PRI,PRIMARY SCHOOL,PRIVATE,RIFT VALLEY,KAJIADO,NGONG,KAJIADO NORTH,OLOOLUA,KAJIADO,,-1.34,36.68
SHALOM ACADEMY-PRI,PRIMARY SCHOOL,PRIVATE,RIFT VALLEY,KAJIADO,NGONG,KAJIADO NORTH,OLOOLUA,KAJIADO,,-1.34,36.68
ST AGNES RONGAI ACADEMY,PRIMARY SCHOOL,PRIVATE,RIFT VALLEY,KAJIADO,NGONG,KAJIADO NORTH,ONGATA RONGAI,KAJIADO,,-1.39,36.74
BARAKA JOY EDUCATIONN CENTER PRI,PRIMARY SCHOOL,PRIVATE,RIFT VALLEY,KAJIADO,NGONG,KAJIADO NORTH,OLOOLUA,KAJIADO,,-1.33,36.68
OLERAI PRIMARY SCH,PRIMARY SCHOOL,PRIVATE,RIFT VALLEY,KAJIADO,NGONG,KAJIADO NORTH,ONGATA RONGAI,KAJIADO,,-1.4,36.74
EVERTONE SCH-HAJJI RAMATHAN-PRI,PRIMARY SCHOOL,PRIVATE,RIFT VALLEY,KAJIADO,NGONG,KAJIADO NORTH,OLOOLUA,KAJIADO,,-1.33,36.67
SCHOLARS JUNIOR PRI,PRIMARY SCHOOL,PRIVATE,RIFT VALLEY,KAJIADO,NGONG,KAJIADO NORTH,NKAIMORONYA,KAJIADO,,-1.39,36.75
PCEA AMANI SCH-PRI,PRIMARY SCHOOL,PRIVATE,RIFT VALLEY,KAJIADO,NGONG,KAJIADO NORTH,OLOOLUA,KAJIADO,,-1.33,36.68
TENDERCARE JUNIOR SCH,PRIMARY SCHOOL,PRIVATE,RIFT VALLEY,KAJIADO,NGONG,KAJIADO NORTH,OLOOLUA,KAJIADO,,-1.34,36.67
WOODGREEN PRI SCH,PRIMARY SCHOOL,PRIVATE,RIFT VALLEY,KAJIADO,NGONG,KAJIADO NORTH,NKAIMORONYA,KAJIADO,,-1.39,36.75
MIDHILL PREP SCH-PRI,PRIMARY SCHOOL,PRIVATE,RIFT VALLEY,KAJIADO,NGONG,KAJIADO NORTH,NGONG,KAJIADO,,-1.34,36.67
THE PINNACLE SCH-PRI,PRIMARY SCHOOL,PRIVATE,RIFT VALLEY,KAJIADO,NGONG,KAJIADO NORTH,ONGATA RONGAI,KAJIADO,,-1.4,36.75
KENVIC SCH-PRI,PRIMARY SCHOOL,PRIVATE,RIFT VALLEY,KAJIADO,NGONG,KAJIADO NORTH,OLOOLUA,KAJIADO,,-1.34,36.67
THE ONGATA SPRINGS ACADEMY-PRI,PRIMARY SCHOOL,PRIVATE,RIFT VALLEY,KAJIADO,NGONG,KAJIADO NORTH,ONGATA RONGAI,KAJIADO,,-1.4,36.75
CALVARY BAPTIST ACADEMY-PRI SCH,PRIMARY SCHOOL,PRIVATE,RIFT VALLEY,KAJIADO,NGONG,KAJIADO NORTH,OLOOLUA,KAJIADO,,-1.35,36.66
NCOORO ACADEMY-PRI,PRIMARY SCHOOL,PRIVATE,RIFT VALLEY,KAJIADO,NGONG,KAJIADO NORTH,ONGATA RONGAI,KAJIADO,,-1.39,36.75
ST JOSEPH NGONG CATHOLIC ACADEMY-PRI,PRIMARY SCHOOL,PRIVATE,RIFT VALLEY,KAJIADO,NGONG,KAJIADO NORTH,NGONG,KAJIADO,,-1.35,36.66
KANDISI COMMUNITY PROJECT CENTER-PRI,PRIMARY SCHOOL,PRIVATE,RIFT VALLEY,KAJIADO,NGONG,KAJIADO NORTH,NKAIMORONYA,KAJIADO,,-1.39,36.75
GREENWOOD EXCEL SCH PRI,PRIMARY SCHOOL,PRIVATE,RIFT VALLEY,KAJIADO,NGONG,KAJIADO NORTH,OLOOLUA,KAJIADO,,-1.35,36.67
UFANISI EDUCATION CENTER-PRI,PRIMARY SCHOOL,PRIVATE,RIFT VALLEY,KAJIADO,NGONG,KAJIADO NORTH,NKAIMORONYA,KAJIADO,,-1.39,36.75
MOUNT HOREB EDUCATION CENTER-PRI,PRIMARY SCHOOL,PRIVATE,RIFT VALLEY,KAJIADO,NGONG,KAJIADO NORTH,NKAIMORONYA,KAJIADO,,-1.39,36.75
OLOOLUA ACADEMY-PRI,PRIMARY SCHOOL,PRIVATE,RIFT VALLEY,KAJIADO,NGONG,KAJIADO NORTH,OLOOLUA,KAJIADO,,-1.36,36.67
ST PETERS STARLIGHT ACADEMY-PRI,PRIMARY SCHOOL,PRIVATE,RIFT VALLEY,KAJIADO,NGONG,KAJIADO NORTH,NKAIMORONYA,KAJIADO,,-1.39,36.75
MWINO STAR ACADEMY PRI SCH,PRIMARY SCHOOL,PRIVATE,RIFT VALLEY,WEST POKOT,SIGOR,SIGOR,MWINO,TRANS NZOIA,,1.37,35.47
UKOMBOZI ACADEMY-PRI,PRIMARY SCHOOL,PRIVATE,RIFT VALLEY,KAJIADO,NGONG,KAJIADO NORTH,NGONG,KAJIADO,,-1.36,36.66
KING SOLOMONS ACADEMY-PRI,PRIMARY SCHOOL,PRIVATE,RIFT VALLEY,KAJIADO,NGONG,KAJIADO NORTH,NGONG,KAJIADO,,-1.36,36.66
KEFJOY ACADEMY-PRI,PRIMARY SCHOOL,PRIVATE,RIFT VALLEY,KAJIADO,NGONG,KAJIADO NORTH,ONGATA RONGAI,KAJIADO,,-1.4,36.75
ALPHA ACADEMY-PRI SCH,PRIMARY SCHOOL,PRIVATE,RIFT VALLEY,KAJIADO,NGONG,KAJIADO NORTH,NGONG,KAJIADO,,-1.35,36.66
GREENLIGHT ACADEMY-PRI,PRIMARY SCHOOL,PRIVATE,RIFT VALLEY,KAJIADO,NGONG,KAJIADO NORTH,ONGATA RONGAI,KAJIADO,,-1.4,36.76
MARICH FIELD STUDY PRI SCH,PRIMARY SCHOOL,PRIVATE,RIFT VALLEY,WEST POKOT,SIGOR,SIGOR,SEKERR,WEST POKOT,,1.54,35.46
PCEA ENCHORO EMUNY PRI SCH,PRIMARY SCHOOL,PRIVATE,RIFT VALLEY,KAJIADO,NGONG,KAJIADO NORTH,NGONG,KAJIADO,,-1.35,36.66
PCEA ONGATA RONGAI EDUCATION CENTER-PRI,PRIMARY SCHOOL,PRIVATE,RIFT VALLEY,KAJIADO,NGONG,KAJIADO NORTH,NKAIMORONYA,KAJIADO,,-1.39,36.76
PRIME JUNIOR ACADEMY-PRI,PRIMARY SCHOOL,PRIVATE,RIFT VALLEY,KAJIADO,NGONG,KAJIADO NORTH,ONGATA RONGAI,KAJIADO,,-1.4,36.76
BETHANY JUNIOR ACADEMY-PRI,PRIMARY SCHOOL,PRIVATE,RIFT VALLEY,KAJIADO,NGONG,KAJIADO NORTH,ONGATA RONGAI,KAJIADO,,-1.4,36.75
PURKEI PREP SCH-PRI,PRIMARY SCHOOL,PRIVATE,RIFT VALLEY,KAJIADO,NGONG,KAJIADO NORTH,NGONG,KAJIADO,,-1.37,36.66
SHALOM PRI SCH,PRIMARY SCHOOL,PRIVATE,RIFT VALLEY,KAJIADO,NGONG,KAJIADO NORTH,NKAIMORONYA,KAJIADO,,-1.39,36.75
ACK EMMANUEL EDUCATION CENTER-PRI,PRIMARY SCHOOL,PRIVATE,RIFT VALLEY,KAJIADO,NGONG,KAJIADO NORTH,NGONG,KAJIADO,,-1.37,36.66
ST CLINTON JUNIOR SCH-PRI,PRIMARY SCHOOL,PRIVATE,RIFT VALLEY,KAJIADO,NGONG,KAJIADO NORTH,NKAIMORONYA,KAJIADO,,-1.39,36.75
BENEZER JUNIOR ACADEMY-PRI,PRIMARY SCHOOL,PRIVATE,RIFT VALLEY,KAJIADO,NGONG,KAJIADO NORTH,OLOOLUA,KAJIADO,,-1.36,36.67
RAINBOW PRI SCH,PRIMARY SCHOOL,PRIVATE,RIFT VALLEY,KAJIADO,NGONG,KAJIADO NORTH,ONGATA RONGAI,KAJIADO,,-1.39,36.75
ONGATA PINEBREEZE ACADEMY-PRI,PRIMARY SCHOOL,PRIVATE,RIFT VALLEY,KAJIADO,NGONG,KAJIADO NORTH,NKAIMORONYA,KAJIADO,,-1.39,36.75
NGONG HURUMA SCH-PRI,PRIMARY SCHOOL,PRIVATE,RIFT VALLEY,KAJIADO,NGONG,KAJIADO NORTH,NKAIMORONYA,KAJIADO,,-1.37,36.69
KAG ACADEMY-PRI,PRIMARY SCHOOL,PRIVATE,RIFT VALLEY,KAJIADO,NGONG,KAJIADO NORTH,NKAIMORONYA,KAJIADO,,-1.39,36.75
PCEA EMANYATTA SCH,PRIMARY SCHOOL,PRIVATE,RIFT VALLEY,KAJIADO,NGONG,KAJIADO NORTH,NGONG,KAJIADO,,-1.37,36.65
ONGATA RONGAI ADVENTIST ACADEMY-PRI,PRIMARY SCHOOL,PRIVATE,RIFT VALLEY,KAJIADO,NGONG,KAJIADO NORTH,ONGATA RONGAI,KAJIADO,,-1.39,36.76
AIC NGONG HILLS SCH-PRI,PRIMARY SCHOOL,PRIVATE,RIFT VALLEY,KAJIADO,NGONG,KAJIADO NORTH,NGONG,KAJIADO,,-1.37,36.65
EXCELLENT ACHIEVERS ACADEMY-PRI,PRIMARY SCHOOL,PRIVATE,RIFT VALLEY,KAJIADO,NGONG,KAJIADO NORTH,ONGATA RONGAI,KAJIADO,,-1.39,36.76
ST MARYS PRI SCH,PRIMARY SCHOOL,PRIVATE,RIFT VALLEY,KAJIADO,NGONG,KAJIADO NORTH,ONGATA RONGAI,KAJIADO,,-1.39,36.76
HILLSTAR ACADEMY-PRI,PRIMARY SCHOOL,PRIVATE,RIFT VALLEY,KAJIADO,NGONG,KAJIADO NORTH,KISERIAN,KAJIADO,,-1.37,36.65
JOYHOME SCH-PRI,PRIMARY SCHOOL,PRIVATE,RIFT VALLEY,KAJIADO,NGONG,KAJIADO NORTH,NKAIMORONYA,KAJIADO,,-1.39,36.76
JANSIL JUNIOR SCH-PRI,PRIMARY SCHOOL,PRIVATE,RIFT VALLEY,KAJIADO,NGONG,KAJIADO NORTH,NGONG,KAJIADO,,-1.39,36.76
ONGATA BROOOKVIEW ACADEMY-PRI,PRIMARY SCHOOL,PRIVATE,RIFT VALLEY,KAJIADO,NGONG,KAJIADO NORTH,NKAIMORONYA,KAJIADO,,-1.39,36.76
WISDOMLINK ACADEMY-PRI,PRIMARY SCHOOL,PRIVATE,RIFT VALLEY,KAJIADO,NGONG,KAJIADO NORTH,NKAIMORONYA,KAJIADO,,-1.37,36.71
SILVERSPRINGS ACADEMY PRI,PRIMARY SCHOOL,PRIVATE,RIFT VALLEY,KAJIADO,NGONG,KAJIADO NORTH,NGONG,KAJIADO,,-1.37,36.72
CARLYNE JUNIOR SCH-PRI,PRIMARY SCHOOL,PRIVATE,RIFT VALLEY,KAJIADO,NGONG,KAJIADO NORTH,ONGATA RONGAI,KAJIADO,,-1.39,36.75
MAXON ACADEMY-PRI,PRIMARY SCHOOL,PRIVATE,RIFT VALLEY,KAJIADO,NGONG,KAJIADO NORTH,NKAIMORONYA,KAJIADO,,-1.39,36.76
SKUHIGH PRI SCH,PRIMARY SCHOOL,PRIVATE,CENTRAL,NYANDARUA,KIPIPIRI,WANJOHI,KIPIPIRI,NYANDARUA,,-0.32,36.49
CLIMBING JUNIOR PRI,PRIMARY SCHOOL,PRIVATE,CENTRAL,NYANDARUA,OL KALOU,RURII,OL_KALOU,NYANDARUA,,-0.23,36.38
HEZTA PRIMARY SCHOOL,PRIMARY SCHOOL,PRIVATE,CENTRAL,NYANDARUA,OL KALOU,RURII,OL_KALOU,NYANDARUA,,-0.23,36.38
JESTURN ACADEMY PRIMARY,PRIMARY SCHOOL,PRIVATE,CENTRAL,NYANDARUA,OL KALOU,RURII,OL_KALOU,NYANDARUA,,-0.23,36.41
GLEENS JUNIOR ACADEMY PRIMARY,PRIMARY SCHOOL,PRIVATE,CENTRAL,NYANDARUA,OL KALOU,KAIMBAGA,OL_KALOU,NYANDARUA,,-0.23,36.43
MOUNTAIN SPRINGS PRI,PRIMARY SCHOOL,PRIVATE,CENTRAL,NYANDARUA,KIPIPIRI,GETA,KIPIPIRI,NYANDARUA,,-0.42,36.59
GLORYBELL PRI SCH,PRIMARY SCHOOL,PRIVATE,CENTRAL,THIKA,MUNICIPALITY,THIKA MUNICIPALITY,JUJA,KIAMBU,,-1.06,37.11
MAJOE PRIMARY,PRIMARY SCHOOL,PRIVATE,CENTRAL,NYANDARUA,OL KALOU,KAIMBAGA,OL_KALOU,NYANDARUA,,-0.32,36.4
ST. MULUMBA ACADEMY PRI SCH,PRIMARY SCHOOL,PRIVATE,CENTRAL,THIKA,MUNICIPALITY,THIKA MUNICIPALITY,JUJA,KIAMBU,,-1.06,37.11
MWNGAZA  PRI SCH,PRIMARY SCHOOL,PRIVATE,CENTRAL,THIKA,MUNICIPALITY,THIKA MUNICIPALITY,JUJA,KIAMBU,,-1.06,37.11
FURAHA PRI SCH,PRIMARY SCHOOL,PRIVATE,CENTRAL,THIKA,MUNICIPALITY,THIKA MUNICIPALITY,JUJA,KIAMBU,,-1.06,37.11
GOOD SHEPHERD PRI SCH,PRIMARY SCHOOL,PRIVATE,CENTRAL,THIKA,MUNICIPALITY,THIKA MUNICIPALITY,JUJA,KIAMBU,,-1.06,37.11
ST. APPOLONUH'S ACADEMY,PRIMARY SCHOOL,PRIVATE,CENTRAL,THIKA,MUNICIPALITY,THIKA MUNICIPALITY,JUJA,KIAMBU,,-1.07,37.11
HILLMARK PRI,PRIMARY SCHOOL,PRIVATE,CENTRAL,NYANDARUA,KIPIPIRI,GETA,KIPIPIRI,NYANDARUA,,-0.39,36.54
CATHY-BRIDGE PRI SCH,PRIMARY SCHOOL,PRIVATE,CENTRAL,THIKA,MUNICIPALITY,THIKA MUNICIPALITY,JUJA,KIAMBU,,-1.06,37.11
DENEW JUNIOR PRIMARY,PRIMARY SCHOOL,PRIVATE,CENTRAL,NYANDARUA,OL KALOU,KIAMBAGA,OL_KALOU,NYANDARUA,,-0.35,36.37
MAJOR JUNIOR PRI SCH,PRIMARY SCHOOL,PRIVATE,CENTRAL,THIKA,MUNICIPALITY,THIKA MUNICIPALITY,JUJA,KIAMBU,,-1.06,37.11
ST PETERS KIGANJO ACADEMY PRI SCH,PRIMARY SCHOOL,PRIVATE,CENTRAL,THIKA,MUNICIPALITY,THIKA MUNICIPALITY,JUJA,KIAMBU,,-1.08,37.09
KING SOLOMON PRI SCH,PRIMARY SCHOOL,PRIVATE,CENTRAL,THIKA,MUNICIPALITY,THIKA MUNICIPALITY,JUJA,KIAMBU,,-1.07,37.08
CHANIA PRI SCH,PRIMARY SCHOOL,PRIVATE,CENTRAL,THIKA,MUNICIPALITY,GATUANYAGA,JUJA,KIAMBU,,-1.06,37.17
OLKALOU SCHOOL FOR DISABLED PRIMARY,PRIMARY SCHOOL,PRIVATE,CENTRAL,NYANDARUA,OL KALOU,OL KALOU,OL_KALOU,NYANDARUA,,-0.27,36.37
OLDONYO SABUK PRI SCH,PRIMARY SCHOOL,PRIVATE,CENTRAL,THIKA,MUNICIPALITY,GATUANYAGA,JUJA,KIAMBU,,-1.1,37.15
MORNING STARLIGHT PRI SCH,PRIMARY SCHOOL,PRIVATE,CENTRAL,NYANDARUA,KIPIPIRI,KIPIPIRI,KIPIPIRI,NYANDARUA,,-0.39,36.48
AGLOW JUNIOR PRIM SCH.,PRIMARY SCHOOL,PRIVATE,CENTRAL,NYANDARUA,OL KALOU,OL KALOU,OL_KALOU,NYANDARUA,,-0.28,36.37
DAYSPRING PRI SCH.,PRIMARY SCHOOL,PRIVATE,CENTRAL,NYANDARUA,OL KALOU,OL KALOU,OL_KALOU,NYANDARUA,,-0.28,36.37
WAPA PRI SCH,PRIMARY SCHOOL,PRIVATE,CENTRAL,THIKA,MUNICIPALITY,GATUANYAGA,JUJA,KIAMBU,,-1.07,37.29
VARSITY AIM ACADEMY  PRI SCH,PRIMARY SCHOOL,PRIVATE,CENTRAL,THIKA,RUIRU,JUJA,JUJA,KIAMBU,,-1.09,37.08
ST.ROSEMARY PRIMARY,PRIMARY SCHOOL,PRIVATE,CENTRAL,NYANDARUA,OL KALOU,RURII,OL_KALOU,NYANDARUA,,-0.22,36.37
NDARUGU ACADEMY  PRI SCH,PRIMARY SCHOOL,PRIVATE,CENTRAL,THIKA,RUIRU,JUJA,JUJA,KIAMBU,,-1.08,37.06
TUMAINI PRI,PRIMARY SCHOOL,PRIVATE,CENTRAL,THIKA,RUIRU,JUJA,JUJA,KIAMBU,,-1.07,37.06
GRASTEN ACADEMY,PRIMARY SCHOOL,PRIVATE,CENTRAL,THIKA,RUIRU,JUJA,JUJA,KIAMBU,,-1.07,37.06
SPIRIT OF FAITH PRI SCH,PRIMARY SCHOOL,PRIVATE,CENTRAL,THIKA,RUIRU,RUIRU,JUJA,KIAMBU,,-1.15,36.99
EAGLE'S NEST PRIMARY,PRIMARY SCHOOL,PRIVATE,CENTRAL,NYANDARUA,OL KALOU,RURII,OL_KALOU,NYANDARUA,,-0.21,36.32
ST GEORGE ACADEMY PRI SCH,PRIMARY SCHOOL,PRIVATE,CENTRAL,THIKA,RUIRU,RUIRU,JUJA,KIAMBU,,-1.15,36.99
JANET PRIMARY,PRIMARY SCHOOL,PRIVATE,CENTRAL,NYANDARUA,OL KALOU,NDUNDORI,OL_KALOU,NYANDARUA,,-0.21,36.24
KAWA ACADEMY PRIMARY,PRIMARY SCHOOL,PRIVATE,CENTRAL,NYANDARUA,OL KALOU,NDUNDORI,OL_KALOU,NYANDARUA,,-0.21,36.23
CAMPUS ELITE ACADEMY PRI SCH,PRIMARY SCHOOL,PRIVATE,CENTRAL,THIKA,RUIRU,RUIRU,JUJA,KIAMBU,,-1.15,36.97
JASA PRI SCH,PRIMARY SCHOOL,PRIVATE,CENTRAL,THIKA,RUIRU,JUJA,JUJA,KIAMBU,,-1.1,37.06
THIKA SPRINGS ACADEMY,PRIMARY SCHOOL,PRIVATE,CENTRAL,THIKA,RUIRU,JUJA,JUJA,KIAMBU,,-1.07,37.05
WAMA ACADEMY PRIMARY,PRIMARY SCHOOL,PRIVATE,CENTRAL,NYANDARUA,OL KALOU,DUNDORI,OL_KALOU,NYANDARUA,,-0.18,36.23
ST. RICHARD PRIMARY,PRIMARY SCHOOL,PRIVATE,CENTRAL,NYANDARUA,OL KALOU,DUNDORI,OL_KALOU,NYANDARUA,,-0.18,36.24
TARATIBU PRI,PRIMARY SCHOOL,PRIVATE,CENTRAL,MARAGUA,KANDARA,GAICHANJIRU,KANDARA,MURANG'A,,-0.88,37.06
ST ANNA PRI SCH,PRIMARY SCHOOL,PRIVATE,CENTRAL,MURANGA,KIHARU,GATURI,KIHARU,MURANG'A,,-0.63,37.06
A.C.K ST STEPHEN KIAMBUGI PRI SCH,PRIMARY SCHOOL,PRIVATE,CENTRAL,MURANGA,KIHARU,GATURI,KIHARU,MURANG'A,,-0.64,37.08
FATHER JOSEPH BALDO PRI,PRIMARY SCHOOL,PRIVATE,CENTRAL,NYANDARUA,NORTH KINANGOP,NORTH KINANGOP,KINANGOP,NYANDARUA,,-0.56,36.56
CREAMERIES VIEW PRI,PRIMARY SCHOOL,PRIVATE,CENTRAL,NYANDARUA,NORTH KINANGOP,NORTH KINANGOP,KINANGOP,NYANDARUA,,-0.56,36.56
HOPE COMMUNITY PRI,PRIMARY SCHOOL,PRIVATE,CENTRAL,NYANDARUA,NORTH KINANGOP,NORTH KINANGOP,KINANGOP,NYANDARUA,,-0.55,36.55
SUNRISE ACADEMY PRY SCH,PRIMARY SCHOOL,PRIVATE,CENTRAL,MURANGA,KAHURO,MURARANDIA,KIHARU,MURANG'A,,-0.74,36.98
ACK ST. JAMES PRI,PRIMARY SCHOOL,PRIVATE,CENTRAL,NYANDARUA,NORTH KINANGOP,NORTH KINANGOP,KINANGOP,NYANDARUA,,-0.5,36.59
HORIZON JUNIOR PRI,PRIMARY SCHOOL,PRIVATE,CENTRAL,NYANDARUA,NORTH KINANGOP,NORTH KINANGOP,KINANGOP,NYANDARUA,,-0.49,36.61
MT. OLIVE KINANGOP JUNIOR PRI,PRIMARY SCHOOL,PRIVATE,CENTRAL,NYANDARUA,NORTH KINANGOP,NORTH KINANGOP,KINANGOP,NYANDARUA,,-0.51,36.61
KANINI YOLK ACADEMY-PRI SCH,PRIMARY SCHOOL,PRIVATE,CENTRAL,MURANGA,KAHURO,MURARANDIA,KIHARU,MURANG'A,,-0.73,36.93
RED APPLE PRI,PRIMARY SCHOOL,PRIVATE,CENTRAL,NYANDARUA,NORTH KINANGOP,NORTH KINANGOP,KINANGOP,NYANDARUA,,-0.54,36.59
HIGHLANDS HIGHWAY ACADEMY-PRI SCH,PRIMARY SCHOOL,PRIVATE,CENTRAL,MURANGA,KAHURO,MURARANDIA,KIHARU,MURANG'A,,-0.73,36.92
MORVERON PRI SCH,PRIMARY SCHOOL,PRIVATE,CENTRAL,MURANGA,KAHURO,MURARANDIA,KIHARU,MURANG'A,,-0.73,36.89
BISHOP PERLO CENTRE-PRI SCH,PRIMARY SCHOOL,PRIVATE,CENTRAL,MURANGA,KIHARU,GATURI,KIHARU,MURANG'A,,-0.71,37.18
ST FRANCIS JUNIOR PRI,PRIMARY SCHOOL,PRIVATE,CENTRAL,NYANDARUA,NORTH KINANGOP,NORTH KINANGOP,KINANGOP,NYANDARUA,,-0.58,36.6
RIMA ACADEMY PRI SCH,PRIMARY SCHOOL,PRIVATE,CENTRAL,MURANGA,KAHURO,MURARANDIA,KIHARU,MURANG'A,,-0.72,36.89
HIGHLANDS JUNIOR PRI,PRIMARY SCHOOL,PRIVATE,CENTRAL,NYANDARUA,NORTH KINANGOP,NORTH KINANGOP,KINANGOP,NYANDARUA,,-0.6,36.58
KINANGOP PRIDE PRI,PRIMARY SCHOOL,PRIVATE,CENTRAL,NYANDARUA,NORTH KINANGOP,ENGINEER,KINANGOP,NYANDARUA,,-0.61,36.58
JOYLAND PRI SCH,PRIMARY SCHOOL,PRIVATE,CENTRAL,MURANGA,KAHURO,MURARANDIA,KIHARU,MURANG'A,,-0.73,36.88
ENGINEER CENTRAL PRI,PRIMARY SCHOOL,PRIVATE,CENTRAL,NYANDARUA,NORTH KINANGOP,NORTH KINANGOP,KINANGOP,NYANDARUA,,-0.6,36.57
MURANGA ELITE PRI SCH,PRIMARY SCHOOL,PRIVATE,CENTRAL,MURANGA,KIHARU,TOWNSHIP,KIHARU,MURANG'A,,-0.72,37.17
IGANJO MEMORIAL PRI,PRIMARY SCHOOL,PRIVATE,CENTRAL,NYANDARUA,NORTH KINANGOP,ENGINEER,KINANGOP,NYANDARUA,,-0.58,36.62
BRIDGE VIEW PRI,PRIMARY SCHOOL,PRIVATE,CENTRAL,NYANDARUA,NORTH KINANGOP,ENGINEER,KINANGOP,NYANDARUA,,-0.62,36.55
MUKUYU ACADEMY PRI SCH,PRIMARY SCHOOL,PRIVATE,CENTRAL,MURANGA,KIHARU,TOWNSHIP,KIHARU,MURANG'A,,-0.73,37.15
STELY JUNIOR PRI,PRIMARY SCHOOL,PRIVATE,CENTRAL,NYANDARUA,NORTH KINANGOP,ENGINEER,KINANGOP,NYANDARUA,,-0.62,36.52
TREE TOP PRI SCH,PRIMARY SCHOOL,PRIVATE,CENTRAL,MURANGA,KIHARU,TOWNSHIP,KIHARU,MURANG'A,,-0.72,37.17
SCHOOL OF EXCELLENCE PRI,PRIMARY SCHOOL,PRIVATE,CENTRAL,NYANDARUA,NORTH KINANGOP,ENGINEER,KINANGOP,NYANDARUA,,-0.66,36.56
ST. PHILIPS ACADEMY-PRI SCH,PRIMARY SCHOOL,PRIVATE,CENTRAL,MURANGA,KAHURO,WAITHAGA,KIHARU,MURANG'A,,-0.71,36.96
THOMAS WILLIAMS ACADEMY-PRI SCH,PRIMARY SCHOOL,PRIVATE,CENTRAL,MURANGA,KAHURO,WAITHAGA,KIHARU,MURANG'A,,-0.71,36.98
ABERCREST PRI,PRIMARY SCHOOL,PRIVATE,CENTRAL,NYANDARUA,SOUTH KINANGOP,NJABINI,KINANGOP,NYANDARUA,,-0.66,36.59
UPENDO REHABILITATION CENTRE PRI SCH,PRIMARY SCHOOL,PRIVATE,CENTRAL,MURANGA,KIHARU,GIKINDU,KIHARU,MURANG'A,,-0.75,37.21
DEDAN KIHATO MEMORIAL PRI SCH,PRIMARY SCHOOL,PRIVATE,CENTRAL,MURANGA,KAHURO,WAITHAGA,KIHARU,MURANG'A,,-0.71,36.98
WILLEAH RUNO ACADEMY PRI SCH,PRIMARY SCHOOL,PRIVATE,CENTRAL,MURANGA,KIHARU,GIKINDU,KIHARU,MURANG'A,,-0.74,37.2
GREEN COTTAGE PRI SCH,PRIMARY SCHOOL,PRIVATE,CENTRAL,MURANGA,KIHARU,TOWNSHIP,KIHARU,MURANG'A,,-0.74,37.17
ST. MARKS GITUTO ACDEMY-PRI SCH,PRIMARY SCHOOL,PRIVATE,CENTRAL,MURANGA,KAHURO,WAITHAGA,KIHARU,MURANG'A,,-0.73,37.01
ST. PAULS PRI,PRIMARY SCHOOL,PRIVATE,CENTRAL,NYANDARUA,SOUTH KINANGOP,NJABINI,KINANGOP,NYANDARUA,,-0.7,36.62
BENEDITO HIGHWAY PRI,PRIMARY SCHOOL,PRIVATE,CENTRAL,MURANGA,KIHARU,TOWNSHIP,KIHARU,MURANG'A,,-0.74,37.15
NAISANG PRI,PRIMARY SCHOOL,PRIVATE,CENTRAL,NYANDARUA,SOUTH KINANGOP,NJABINI,KINANGOP,NYANDARUA,,-0.71,36.65
EVANGELINE ACADEMY PRI SCH,PRIMARY SCHOOL,PRIVATE,CENTRAL,MURANGA,KIHARU,MBIRI,KIHARU,MURANG'A,,-0.73,37.14
GOOD SHELPHERD CATHOLIC PRI,PRIMARY SCHOOL,PRIVATE,CENTRAL,NYANDARUA,SOUTH KINANGOP,NJABINI,KINANGOP,NYANDARUA,,-0.73,36.66
AVENUE JUNIOR PRI,PRIMARY SCHOOL,PRIVATE,CENTRAL,NYANDARUA,MUTITU,MUTITU,NDARAGWA,NYANDARUA,,0.05,36.42
NYAHURURU HIGHWAY PRI,PRIMARY SCHOOL,PRIVATE,CENTRAL,NYANDARUA,NDARAGWA,KIRIITI,NDARAGWA,NYANDARUA,,0.03,36.41
VICTORY HORIZON ACADEMY PRI SCH,PRIMARY SCHOOL,PRIVATE,CENTRAL,THIKA,GATUNDU,KIGANJO,GATUNDU SOUTH,KIAMBU,,-1.01,36.82
GENESIS AVIV PRI,PRIMARY SCHOOL,PRIVATE,CENTRAL,NYANDARUA,NDARAGWA,KIRIITI,NDARAGWA,NYANDARUA,,-0.03,36.43
JOSEPH ALLAMANO PRI SCH,PRIMARY SCHOOL,PRIVATE,CENTRAL,MURANGA,KANGEMA,KIRURI,KANGEMA,MURANG'A,,-0.67,36.84
FAITH HILL PRI,PRIMARY SCHOOL,PRIVATE,CENTRAL,NYANDARUA,NDARAGWA,KIRIITI,NDARAGWA,NYANDARUA,,0.02,36.41
MARY LAND PRI,PRIMARY SCHOOL,PRIVATE,CENTRAL,NYANDARUA,NDARAGWA,KIRIITI,NDARAGWA,NYANDARUA,,0.03,36.41
FAITH JUNIOR ACADEMY PRI SCH,PRIMARY SCHOOL,PRIVATE,CENTRAL,MURANGA,MATHIOYA,RWATHIA,KANGEMA,MURANG'A,,-0.66,36.92
DAM VIEW PRI,PRIMARY SCHOOL,PRIVATE,CENTRAL,NYANDARUA,NDARAGWA,LESHAU,NDARAGWA,NYANDARUA,,0.02,36.43
RIDGE SIDE ACADEMY PRI SCH,PRIMARY SCHOOL,PRIVATE,CENTRAL,MURANGA,MATHIOYA,RWATHIA,KANGEMA,MURANG'A,,-0.66,36.92
JIMCY ACADEMY,PRIMARY SCHOOL,PRIVATE,CENTRAL,THIKA,GATUNDU,KIGANJO,GATUNDU SOUTH,KIAMBU,,-0.96,36.77
MASIKA PRI,PRIMARY SCHOOL,PRIVATE,CENTRAL,NYANDARUA,NDARAGWA,KIRIITI,NDARAGWA,NYANDARUA,,0.03,36.4
ALMA PRI,PRIMARY SCHOOL,PRIVATE,CENTRAL,NYANDARUA,NDARAGWA,KIRIITI,NDARAGWA,NYANDARUA,,0.03,36.41
ST. PITHON KANINI PRI SCH,PRIMARY SCHOOL,PRIVATE,CENTRAL,MURANGA,MATHIOYA,RWATHIA,KANGEMA,MURANG'A,,-0.67,36.87
FUTURE-GUIDER PRI,PRIMARY SCHOOL,PRIVATE,CENTRAL,NYANDARUA,NDARAGWA,KIRIITI,NDARAGWA,NYANDARUA,,0.02,36.41
WAIGANJO ACACDEMY PRI SCH,PRIMARY SCHOOL,PRIVATE,CENTRAL,THIKA,GATUNDU,KIGANJO,GATUNDU SOUTH,KIAMBU,,-0.97,36.79
MUTHAIGA UNION PRI,PRIMARY SCHOOL,PRIVATE,CENTRAL,NYANDARUA,NDARAGWA,KAHUTHA,NDARAGWA,NYANDARUA,,-0.05,36.53
EBENEZER PRI SCH,PRIMARY SCHOOL,PRIVATE,CENTRAL,MURANGA,MATHIOYA,RWATHIA,KANGEMA,MURANG'A,,-0.65,36.9
ELIKAARA PRI,PRIMARY SCHOOL,PRIVATE,CENTRAL,NYANDARUA,NDARAGWA,KAHUTHA,NDARAGWA,NYANDARUA,,-0.03,36.53
FUTURE LEADER ACADEMY PRI SCH,PRIMARY SCHOOL,PRIVATE,CENTRAL,THIKA,GATUNDU,NDARUGU,GATUNDU SOUTH,KIAMBU,,-0.95,36.81
ST. PAUL KAHUTHA PRI,PRIMARY SCHOOL,PRIVATE,CENTRAL,NYANDARUA,NDARAGWA,KAHUTHA,NDARAGWA,NYANDARUA,,-0.04,36.53
RANGES ACADEMY PRI SCH,PRIMARY SCHOOL,PRIVATE,CENTRAL,THIKA,GATUNDU,NDARUGU,GATUNDU SOUTH,KIAMBU,,-0.94,36.82
NGATHA  CHILDREN LEARNING CENTER PRI,PRIMARY SCHOOL,PRIVATE,CENTRAL,NYANDARUA,NDARAGWA,KAHUTHA,NDARAGWA,NYANDARUA,,-0.01,36.57
WAMBWE PRY EXT,PRIMARY SCHOOL,PRIVATE,CENTRAL,MURANGA,MATHIOYA,NJUMBI,MATHIOYA,MURANG'A,,-0.64,36.92
JM GOODHOPE PRI,PRIMARY SCHOOL,PRIVATE,CENTRAL,NYANDARUA,NDARAGWA,KAHUTHA,NDARAGWA,NYANDARUA,,-0.1,36.59
KAMUKA PRI,PRIMARY SCHOOL,PRIVATE,CENTRAL,NYANDARUA,NDARAGWA,KAHUTHA,NDARAGWA,NYANDARUA,,-0.11,36.59
ACK ST. ANDREWS NJUMBI ACADEMY,PRIMARY SCHOOL,PRIVATE,CENTRAL,MURANGA,MATHIOYA,NJUMBI,MATHIOYA,MURANG'A,,-0.64,36.95
KIARIE ACADEMY,PRIMARY SCHOOL,PRIVATE,CENTRAL,THIKA,GATUNDU,NDARUGU,GATUNDU SOUTH,KIAMBU,,-0.97,36.85
JAKI PRI,PRIMARY SCHOOL,PRIVATE,CENTRAL,NYANDARUA,NDARAGWA,KAHUTHA,NDARAGWA,NYANDARUA,,-0.15,36.64
STEPRISE PRI,PRIMARY SCHOOL,PRIVATE,CENTRAL,NYANDARUA,NDARAGWA,SHAMATA,NDARAGWA,NYANDARUA,,-0.12,36.54
GATUNDU  GOODLUCK PRI SCH,PRIMARY SCHOOL,PRIVATE,CENTRAL,THIKA,GATUNDU,NGENDA,GATUNDU SOUTH,KIAMBU,,-1.01,36.91
HARTI PRI SCH,PRIMARY SCHOOL,PRIVATE,CENTRAL,THIKA,GATUNDU,NGENDA,GATUNDU SOUTH,KIAMBU,,-1.02,36.91
VICTORS PRI,PRIMARY SCHOOL,PRIVATE,CENTRAL,NYANDARUA,NDARAGWA,SHAMATA,NDARAGWA,NYANDARUA,,-0.15,36.52
GATUNDU HAPPY TIME PRI SCH,PRIMARY SCHOOL,PRIVATE,CENTRAL,THIKA,GATUNDU,NGENDA,GATUNDU SOUTH,KIAMBU,,-1.02,36.92
THE BOLD SHEPHERD,PRIMARY SCHOOL,PRIVATE,CENTRAL,THIKA,GATUNDU,NGENDA,GATUNDU SOUTH,KIAMBU,,-1.04,36.93
TEKA JUNIOR PRI,PRIMARY SCHOOL,PRIVATE,CENTRAL,NYANDARUA,NDARAGWA,SHAMATA,NDARAGWA,NYANDARUA,,-0.17,36.52
ST. EKIRA PRI,PRIMARY SCHOOL,PRIVATE,CENTRAL,NYANDARUA,NDARAGWA,SHAMATA,NDARAGWA,NYANDARUA,,-0.18,36.51
BOMA PRI SCH,PRIMARY SCHOOL,PRIVATE,CENTRAL,THIKA,GATUNDU,NGENDA,GATUNDU SOUTH,KIAMBU,,-1.01,36.9
HORIZON HOPE PRI,PRIMARY SCHOOL,PRIVATE,CENTRAL,NYANDARUA,NDARAGWA,SHAMATA,NDARAGWA,NYANDARUA,,-0.19,36.5
BORMA PRI SCH,PRIMARY SCHOOL,PRIVATE,CENTRAL,THIKA,GATUNDU,NGENDA,GATUNDU SOUTH,KIAMBU,,-1.01,36.9
NDEKI PRI SCH,PRIMARY SCHOOL,PRIVATE,CENTRAL,NYERI,KIENI WEST,MUGUNDA,KIENI,NYERI,,-0.15,36.72
PENROSE LAKEVIEW PRI,PRIMARY SCHOOL,PRIVATE,CENTRAL,NYANDARUA,NDARAGWA,SHAMATA,NDARAGWA,NYANDARUA,,-0.19,36.5
THE BRIGHT STAR ACADEMY PRI SCH,PRIMARY SCHOOL,PRIVATE,CENTRAL,MURANGA,MATHIOYA,GITUGI,MATHIOYA,MURANG'A,,-0.65,37.02
CHARTABY PRI,PRIMARY SCHOOL,PRIVATE,CENTRAL,NYANDARUA,NDARAGWA,KANYAGIA,NDARAGWA,NYANDARUA,,-0.06,36.44
A.C.K ST PAUL MUHUTI  PRI SCH,PRIMARY SCHOOL,PRIVATE,CENTRAL,MURANGA,MATHIOYA,GITUGI,MATHIOYA,MURANG'A,,-0.66,36.96
ST.JUDE PRIMARY,PRIMARY SCHOOL,PRIVATE,CENTRAL,NYERI,KIENI WEST,MUGUNDA,KIENI,NYERI,,-0.12,36.78
MUHONIA CENTRAL PRI,PRIMARY SCHOOL,PRIVATE,CENTRAL,NYERI,KIENI WEST,MUGUNDA,KIENI,NYERI,,-0.11,36.79
MUTIRITHIA PRIM.,PRIMARY SCHOOL,PRIVATE,CENTRAL,NYERI,KIENI WEST,ENDARASHA,KIENI,NYERI,,-0.29,36.78
WATUKA TREASURY PRIM. SCH.,PRIMARY SCHOOL,PRIVATE,CENTRAL,NYERI,KIENI WEST,GATARAKWA,KIENI,NYERI,,-0.28,36.77
UNISON PRIMARY SCH.,PRIMARY SCHOOL,PRIVATE,CENTRAL,NYERI,KIENI WEST,ENDARASHA,KIENI,NYERI,,-0.3,36.77
MLAKI VISIONS PRIMARY,PRIMARY SCHOOL,PRIVATE,CENTRAL,NYANDARUA,OL KALOU,NDUNDORI,OL_KALOU,NYANDARUA,,-0.23,36.25
KIAMBOGO ACADEMY PRIM.,PRIMARY SCHOOL,PRIVATE,CENTRAL,NYERI,KIENI WEST,ENDARASHA,KIENI,NYERI,,-0.31,36.76
SHARPENER ACADEMY PRIM.,PRIMARY SCHOOL,PRIVATE,CENTRAL,NYERI,KIENI WEST,ENDARASHA,KIENI,NYERI,,-0.31,36.76
CHEMA ACADEMY PRIMARY,PRIMARY SCHOOL,PRIVATE,CENTRAL,NYANDARUA,OL KALOU,DUNDORI,OL_KALOU,NYANDARUA,,-0.19,36.24
PCEA MAIRO ACADEMY PRI,PRIMARY SCHOOL,PRIVATE,CENTRAL,NYERI,KIENI WEST,ENDARASHA,KIENI,NYERI,,-0.3,36.84
MUITHA JOY PRIMARY,PRIMARY SCHOOL,PRIVATE,CENTRAL,NYANDARUA,OL KALOU,NDUNDORI,OL_KALOU,NYANDARUA,,-0.19,36.28
MANORO FGCK ACADEMY,PRIMARY SCHOOL,PRIVATE,CENTRAL,NYERI,KIENI EAST,ENDARASHA,KIENI,NYERI,,-0.29,36.76
CARLOSE ACADEMY,PRIMARY SCHOOL,PRIVATE,CENTRAL,THIKA,GATUNDU,KIAMWANGI,GATUNDU SOUTH,KIAMBU,,-1.06,36.9
BY GRACE,PRIMARY SCHOOL,PRIVATE,CENTRAL,THIKA,GATUNDU,KIAMWANGI,GATUNDU SOUTH,KIAMBU,,-1.04,36.87
ST. SUSAN PRIMARY,PRIMARY SCHOOL,PRIVATE,CENTRAL,NYANDARUA,OL KALOU,DUNDORI,OL_KALOU,NYANDARUA,,-0.12,36.25
ST JOSEPH ACADEMY,PRIMARY SCHOOL,PRIVATE,CENTRAL,THIKA,GATUNDU,KIAMWANGI,GATUNDU SOUTH,KIAMBU,,-1.05,36.89
KECRIS JUNIOR ACADEMY,PRIMARY SCHOOL,PRIVATE,CENTRAL,THIKA,GATUNDU,KIAMWANGI,GATUNDU SOUTH,KIAMBU,,-1.05,36.89
FOUNTAIN PRI SCH,PRIMARY SCHOOL,PRIVATE,CENTRAL,THIKA,GATUNDU,KIAMWANGI,GATUNDU SOUTH,KIAMBU,,-1.04,36.88
DAVIS JUNIOR PRIMARY,PRIMARY SCHOOL,PRIVATE,CENTRAL,NYANDARUA,OL KALOU,DUNDORI,OL_KALOU,NYANDARUA,,-0.15,36.24
PIONEER CHRISTIAN MEMORIAL ACADEMY PRI SCH,PRIMARY SCHOOL,PRIVATE,CENTRAL,THIKA,GATUNDU,KIAMWANGI,GATUNDU SOUTH,KIAMBU,,-1.02,36.87
BUSY RUGURU ACADEMY,PRIMARY SCHOOL,PRIVATE,CENTRAL,THIKA,GATUNDU,KIAMWANGI,GATUNDU SOUTH,KIAMBU,,-1.02,36.87
ST. CECILIA PRIMARY,PRIMARY SCHOOL,PRIVATE,CENTRAL,NYANDARUA,OL KALOU,DUNDORI,OL_KALOU,NYANDARUA,,-0.17,36.24
ST. PERPETUA PRI SCH,PRIMARY SCHOOL,PRIVATE,CENTRAL,MURANGA,KANGEMA,MUGURU,KANGEMA,MURANG'A,,-0.69,36.99
LEADFIELDS PRIMARY,PRIMARY SCHOOL,PRIVATE,CENTRAL,NYANDARUA,OL KALOU,TUMAINI,OL_KALOU,NYANDARUA,,-0.26,36.29
KAHIA PRIMARY,PRIMARY SCHOOL,PRIVATE,CENTRAL,NYANDARUA,OL KALOU,TUMAINI,OL_KALOU,NYANDARUA,,-0.23,36.28
ZERUBABEL JUNIOR SCHOOL,PRIMARY SCHOOL,PRIVATE,CENTRAL,MURANGA,KANGEMA,MUGURU,KANGEMA,MURANG'A,,-0.68,36.97
PLAINSVIEW ACADEMY  PRI SCH,PRIMARY SCHOOL,PRIVATE,CENTRAL,THIKA,GATUNDU,KIGANJO,GATUNDU SOUTH,KIAMBU,,-0.98,36.83
KANGEMA HIGHWAY PRI SCH,PRIMARY SCHOOL,PRIVATE,CENTRAL,MURANGA,KANGEMA,MUGURU,KANGEMA,MURANG'A,,-0.68,36.97
GATARU MEMORIAL PRI SCH,PRIMARY SCHOOL,PRIVATE,CENTRAL,MURANGA,KANGEMA,MUGURU,KANGEMA,MURANG'A,,-0.68,36.97
KAGWI JUNIOR PRI SCH,PRIMARY SCHOOL,PRIVATE,CENTRAL,MURANGA,KANGEMA,MUGURU,KANGEMA,MURANG'A,,-0.68,36.97
LWAMWA ACADEMY PRI SCH,PRIMARY SCHOOL,PRIVATE,CENTRAL,MURANGA,KANGEMA,MUGURU,KANGEMA,MURANG'A,,-0.68,36.96
DEGREE GOAL ACADEMY,PRIMARY SCHOOL,PRIVATE,CENTRAL,MURANGA,KANGEMA,MUGURU,KANGEMA,MURANG'A,,-0.68,36.97
GENESIS PRIMARY,PRIMARY SCHOOL,PRIVATE,CENTRAL,NYANDARUA,OL KALOU,OL KALOU,OL_KALOU,NYANDARUA,,-0.32,36.31
A.C.K ST. PETERS MUGURU PRI SCH,PRIMARY SCHOOL,PRIVATE,CENTRAL,MURANGA,KANGEMA,MUGURU,KANGEMA,MURANG'A,,-0.68,36.96
DILIGENT ACADEMY PRI SCH,PRIMARY SCHOOL,PRIVATE,CENTRAL,MURANGA,KANGEMA,KANYENYAINI,KANGEMA,MURANG'A,,-0.68,36.92
WILL POWER WORDS WORTH PRI,PRIMARY SCHOOL,PRIVATE,CENTRAL,MURANGA,KANGEMA,KANYENYAINI,KANGEMA,MURANG'A,,-0.68,36.91
MWALI PRIMARY,PRIMARY SCHOOL,PRIVATE,CENTRAL,NYANDARUA,OL KALOU,TUMAINI,OL_KALOU,NYANDARUA,,-0.35,36.28
MBUGA PRIMARY,PRIMARY SCHOOL,PRIVATE,CENTRAL,NYANDARUA,OL KALOU,TUMAINI,OL_KALOU,NYANDARUA,,-0.37,36.28
KANINI MEMORIAL ACADEMY PRI SCH,PRIMARY SCHOOL,PRIVATE,CENTRAL,MURANGA,KANGEMA,KANYENYAINI,KANGEMA,MURANG'A,,-0.71,36.94
KANYENYAINI TOWNSHIP PRI SCH,PRIMARY SCHOOL,PRIVATE,CENTRAL,MURANGA,KANGEMA,KANYENYAINI,KANGEMA,MURANG'A,,-0.69,36.89
MWAWO PRIMARY,PRIMARY SCHOOL,PRIVATE,CENTRAL,NYANDARUA,OL KALOU,TUMAINI,OL_KALOU,NYANDARUA,,-0.26,36.27
ST BARNABAS PRI SCH,PRIMARY SCHOOL,PRIVATE,CENTRAL,MURANGA,KANGEMA,KANYENYAINI,KANGEMA,MURANG'A,,-0.69,36.88
KATEZ PRIMARY,PRIMARY SCHOOL,PRIVATE,CENTRAL,NYANDARUA,OL KALOU,NGORIKA,OL_KALOU,NYANDARUA,,-0.29,36.24
BLESSLAND PRIMARY,PRIMARY SCHOOL,PRIVATE,CENTRAL,NYANDARUA,OL KALOU,NGORIKA,OL_KALOU,NYANDARUA,,-0.3,36.23
JONAM PRIMARY,PRIMARY SCHOOL,PRIVATE,CENTRAL,NYANDARUA,OL KALOU,NGORIKA,OL_KALOU,NYANDARUA,,-0.31,36.24
PIONEER ACDEY PRI SCH,PRIMARY SCHOOL,PRIVATE,CENTRAL,MURANGA,KANGEMA,KIRURI,KANGEMA,MURANG'A,,-0.7,36.84
BISHOP KAIRO EDUCATION CENTRE PRI SCH,PRIMARY SCHOOL,PRIVATE,CENTRAL,MURANGA,KIHARU,TOWNSHIP,KIHARU,MURANG'A,,-0.72,37.16
BISHOP MAHIANI ACADEMY PRI SCH,PRIMARY SCHOOL,PRIVATE,CENTRAL,MURANGA,KIHARU,MBIRI,KIHARU,MURANG'A,,-0.74,37.16
WEMA ACADEMY-PRI SCH,PRIMARY SCHOOL,PRIVATE,CENTRAL,MURANGA,KAHURO,WAITHAGA,KIHARU,MURANG'A,,-0.71,36.98
NAINDU PRI SCH,PRIMARY SCHOOL,PRIVATE,CENTRAL,MURANGA,KIHARU,MBIRI,KIHARU,MURANG'A,,-0.76,37.1
VICTORY PRI,PRIMARY SCHOOL,PRIVATE,CENTRAL,NYANDARUA,SOUTH KINANGOP,NJABINI,KINANGOP,NYANDARUA,,-0.72,36.66
KIBURU ROAD PRI,PRIMARY SCHOOL,PRIVATE,CENTRAL,NYANDARUA,SOUTH KINANGOP,NJABINI,KINANGOP,NYANDARUA,,-0.73,36.66
ST. JOHN'S KAHUHIA GIRLS BOARDING PRI SCH,PRIMARY SCHOOL,PRIVATE,CENTRAL,MURANGA,KAHURO,KAHUHIA,KIHARU,MURANG'A,,-0.71,37.04
ST. JAMES CATHEDRAL PRI SCH,PRIMARY SCHOOL,PRIVATE,CENTRAL,MURANGA,KIHARU,TOWNSHIP,KIHARU,MURANG'A,,-0.71,37.16
GALAXY PRI,PRIMARY SCHOOL,PRIVATE,CENTRAL,NYANDARUA,SOUTH KINANGOP,NJABINI,KINANGOP,NYANDARUA,,-0.73,36.63
ALL SAINTS NJABINI ACADEMY,PRIMARY SCHOOL,PRIVATE,CENTRAL,NYANDARUA,SOUTH KINANGOP,NJABINI,KINANGOP,NYANDARUA,,-0.71,36.62
SHALLOM ACADEMY KAHUHIA-PRI SCH,PRIMARY SCHOOL,PRIVATE,CENTRAL,MURANGA,KAHURO,KAHUHIA,KIHARU,MURANG'A,,-0.72,37.09
WANGO JUNIOR ACADEMY,PRIMARY SCHOOL,PRIVATE,CENTRAL,MURANGA,KAHURO,MUGOIRI,KIHARU,MURANG'A,,-0.76,37.09
ST CLARE PRI,PRIMARY SCHOOL,PRIVATE,CENTRAL,NYANDARUA,SOUTH KINANGOP,NYAKIO,KINANGOP,NYANDARUA,,-0.72,36.53
ST. ANTHONY ACADEMY-PRY,PRIMARY SCHOOL,PRIVATE,CENTRAL,NYERI,TETU,KARUNDU,TETU,NYERI,,-0.47,36.92
MIDLANDS PRI,PRIMARY SCHOOL,PRIVATE,CENTRAL,NYANDARUA,SOUTH KINANGOP,NYAKIO,KINANGOP,NYANDARUA,,-0.72,36.55
MACHAKO JUNIOR ACADEMY-PRY,PRIMARY SCHOOL,PRIVATE,CENTRAL,NYERI,TETU,KARUNDU,TETU,NYERI,,-0.48,36.92
FURAHA EDUCATION CENTRE,PRIMARY SCHOOL,PRIVATE,CENTRAL,NYANDARUA,SOUTH KINANGOP,NYAKIO,KINANGOP,NYANDARUA,,-0.74,36.61
MUKARARA JUNIOR ACADEMY-PRY,PRIMARY SCHOOL,PRIVATE,CENTRAL,NYERI,TETU,THEGENGE,TETU,NYERI,,-0.48,36.9
GLAMA PRI,PRIMARY SCHOOL,PRIVATE,CENTRAL,NYANDARUA,SOUTH KINANGOP,NYAKIO,KINANGOP,NYANDARUA,,-0.78,36.63
DELTA JUNIOR ACADEMY PRI SCH,PRIMARY SCHOOL,PRIVATE,CENTRAL,MURANGA,KAHURO,MUGOIRI,KIHARU,MURANG'A,,-0.75,37.06
GOODHOPE ACADEMY,PRIMARY SCHOOL,PRIVATE,CENTRAL,MURANGA,KAHURO,MUGOIRI,KIHARU,MURANG'A,,-0.76,37.07
JOLY HOPE PRI,PRIMARY SCHOOL,PRIVATE,CENTRAL,NYANDARUA,SOUTH KINANGOP,NYAKIO,KINANGOP,NYANDARUA,,-0.79,36.63
ST. ANN'S PRY,PRIMARY SCHOOL,PRIVATE,CENTRAL,NYERI,TETU,THEGENGE,TETU,NYERI,,-0.47,36.86
FAITH HOPE PRI,PRIMARY SCHOOL,PRIVATE,CENTRAL,NYANDARUA,SOUTH KINANGOP,NYAKIO,KINANGOP,NYANDARUA,,-0.76,36.59
HARAKA NYAKIO PRI,PRIMARY SCHOOL,PRIVATE,CENTRAL,NYANDARUA,SOUTH KINANGOP,NYAKIO,KINANGOP,NYANDARUA,,-0.78,36.6
COMPASS TETU PRY,PRIMARY SCHOOL,PRIVATE,CENTRAL,NYERI,TETU,KARUNDU,TETU,NYERI,,-0.49,36.94
STAREHE PRI,PRIMARY SCHOOL,PRIVATE,CENTRAL,NYANDARUA,SOUTH KINANGOP,NYAKIO,KINANGOP,NYANDARUA,,-0.79,36.6
JESA GLORY PRI,PRIMARY SCHOOL,PRIVATE,CENTRAL,NYANDARUA,SOUTH KINANGOP,MUGUMO,KINANGOP,NYANDARUA,,-0.83,36.58
ICHERAS EVERGREEN ACADEMY-PRY,PRIMARY SCHOOL,PRIVATE,CENTRAL,NYERI,TETU,KARUNDU,TETU,NYERI,,-0.49,36.97
HILL STAR ACADEMY PRI SCH,PRIMARY SCHOOL,PRIVATE,CENTRAL,MURANGA,KAHURO,MUGOIRI,KIHARU,MURANG'A,,-0.74,37.06
STARY ACADEMY-PRY,PRIMARY SCHOOL,PRIVATE,CENTRAL,NYERI,TETU,GAAKI,TETU,NYERI,,-0.5,37.01
TITO JUNIOR PRI,PRIMARY SCHOOL,PRIVATE,CENTRAL,NYANDARUA,SOUTH KINANGOP,MAGUMU,KINANGOP,NYANDARUA,,-0.86,36.56
EUCARBET ACADEMY-PRY,PRIMARY SCHOOL,PRIVATE,CENTRAL,NYERI,TETU,GAAKI,TETU,NYERI,,-0.49,37
RUJI ACA,PRIMARY SCHOOL,PRIVATE,CENTRAL,NYANDARUA,SOUTH KINANGOP,MAGUMU,KINANGOP,NYANDARUA,,-0.87,36.58
YOUNG STAR PRI SCH,PRIMARY SCHOOL,PRIVATE,CENTRAL,NYANDARUA,SOUTH KINANGOP,MAGUMU,KINANGOP,NYANDARUA,,-0.86,36.6
KAHURO BRILLIANT ACADEMY PRI,PRIMARY SCHOOL,PRIVATE,CENTRAL,MURANGA,KAHURO,MUGOIRI,KIHARU,MURANG'A,,-0.75,36.99
MOTHER CARE PRI,PRIMARY SCHOOL,PRIVATE,CENTRAL,NYANDARUA,SOUTH KINANGOP,MAGUMU,KINANGOP,NYANDARUA,,-0.87,36.57
THAGENI ADVENTIST PRY,PRIMARY SCHOOL,PRIVATE,CENTRAL,NYERI,TETU,AGUTHI,TETU,NYERI,,-0.51,37.05
ST. DOMINIC FLY OVER PRI,PRIMARY SCHOOL,PRIVATE,CENTRAL,NYANDARUA,SOUTH KINANGOP,MAGUMU,KINANGOP,NYANDARUA,,-0.88,36.56
MURIRANJA'S JOY ACADEMY PRI SCH,PRIMARY SCHOOL,PRIVATE,CENTRAL,MURANGA,KAHURO,MURARANDIA,KIHARU,MURANG'A,,-0.74,36.97
GREEN HILLS ACA PRI,PRIMARY SCHOOL,PRIVATE,CENTRAL,NYANDARUA,KIPIPIRI,KIPIPIRI,KIPIPIRI,NYANDARUA,,-0.47,36.51
ST. MONICA KIANDA PRI,PRIMARY SCHOOL,PRIVATE,CENTRAL,NYANDARUA,NDARAGWA,KANYAGIA,NDARAGWA,NYANDARUA,,-0.1,36.45
ST. PETER'S  PRI SCH,PRIMARY SCHOOL,PRIVATE,CENTRAL,THIKA,GATUNDU,NGENDA,GATUNDU SOUTH,KIAMBU,,-1.05,36.92
SUKA PRI SCH,PRIMARY SCHOOL,PRIVATE,CENTRAL,THIKA,GATUNDU,NGENDA,GATUNDU SOUTH,KIAMBU,,-1.04,36.93
PATRIANA PRI,PRIMARY SCHOOL,PRIVATE,CENTRAL,NYANDARUA,NDARAGWA,KANYAGIA,NDARAGWA,NYANDARUA,,-0.11,36.46
TUMAINI GARDEN PRI,PRIMARY SCHOOL,PRIVATE,CENTRAL,THIKA,GATUNDU,NGENDA,GATUNDU SOUTH,KIAMBU,,-1.01,36.89
ST JOHN KIPIPIRI ACADEMY,PRIMARY SCHOOL,PRIVATE,CENTRAL,NYANDARUA,KIPIPIRI,KIPIPIRI,KIPIPIRI,NYANDARUA,,-0.42,36.48
SPRING VALLEY PRI,PRIMARY SCHOOL,PRIVATE,CENTRAL,THIKA,GATUNDU,KIGANJO,GATUNDU SOUTH,KIAMBU,,-1.01,36.88
GATUNDU GLORIA PRI SCH,PRIMARY SCHOOL,PRIVATE,CENTRAL,THIKA,GATUNDU,NGENDA,GATUNDU SOUTH,KIAMBU,,-1.01,36.9
MARY MOUNT ACADEMY PRI SCH,PRIMARY SCHOOL,PRIVATE,CENTRAL,THIKA,RUIRU,RUIRU,JUJA,KIAMBU,,-1.21,36.92
HEZMAR EDUCATION CENTER  PRI SCH,PRIMARY SCHOOL,PRIVATE,CENTRAL,THIKA,RUIRU,RUIRU,JUJA,KIAMBU,,-1.21,36.93
UPRIGHT TOTOS PRI,PRIMARY SCHOOL,PRIVATE,CENTRAL,THIKA,RUIRU,RUIRU,JUJA,KIAMBU,,-1.21,36.93
UPRIGHT TOTOS ACADEMY,PRIMARY SCHOOL,PRIVATE,CENTRAL,THIKA,RUIRU,RUIRU,JUJA,KIAMBU,,-1.21,36.93
KIRIAINI PREPARATORY PRI SCH,PRIMARY SCHOOL,PRIVATE,CENTRAL,MURANGA,MATHIOYA,KAMACHARIA,MATHIOYA,MURANG'A,,-0.6,36.96
KIENJERO RIVERSIDE VIEW PRI,PRIMARY SCHOOL,PRIVATE,CENTRAL,NYANDARUA,NORTH KINANGOP,ENGINEER,KINANGOP,NYANDARUA,,-0.58,36.5
LANES JUNIOR ACADEMY PRI,PRIMARY SCHOOL,PRIVATE,CENTRAL,THIKA,RUIRU,RUIRU,JUJA,KIAMBU,,-1.21,36.92
PURPLE HEARTS PRI,PRIMARY SCHOOL,PRIVATE,CENTRAL,NYANDARUA,NORTH KINANGOP,ENGINEER,KINANGOP,NYANDARUA,,-0.6,36.49
JUTAR ACADEMY,PRIMARY SCHOOL,PRIVATE,CENTRAL,THIKA,RUIRU,RUIRU,JUJA,KIAMBU,,-1.21,36.92
HAJO FRIENDS PRI,PRIMARY SCHOOL,PRIVATE,CENTRAL,NYANDARUA,NORTH KINANGOP,ENGINEER,KINANGOP,NYANDARUA,,-0.59,36.47
KAMUKA PRI SCH,PRIMARY SCHOOL,PRIVATE,CENTRAL,NYANDARUA,NDARAGWA,KAHUTHA,NDARAGWA,NYANDARUA,,-0.11,36.59
SAVANNA ELITE COMPLEX PRI,PRIMARY SCHOOL,PRIVATE,CENTRAL,NYERI,KIENI WEST,GATARAKWA,KIENI,NYERI,,-0.19,36.83
MIRIAM MEMORIAL TARGEET ACADEMY PRI SCH,PRIMARY SCHOOL,PRIVATE,CENTRAL,MURANGA,MATHIOYA,KAMACHARIA,MATHIOYA,MURANG'A,,-0.59,36.98
RIVER BANK ACADEMY,PRIMARY SCHOOL,PRIVATE,CENTRAL,NYANDARUA,NDARAGWA,KIRIITI,NDARAGWA,NYANDARUA,,0.03,36.39
ST. ZAWERIA PRI,PRIMARY SCHOOL,PRIVATE,CENTRAL,NYERI,KIENI WEST,GATARAKWA,KIENI,NYERI,,-0.19,36.84
OL'MAGOGO BRILLIANT PRI,PRIMARY SCHOOL,PRIVATE,CENTRAL,NYANDARUA,NORTH KINANGOP,ENGINEER,KINANGOP,NYANDARUA,,-0.53,36.45
ST MICHAEL'S JUNIOR ACADEMY,PRIMARY SCHOOL,PRIVATE,CENTRAL,NYANDARUA,NDARAGWA,KIRIITI,NDARAGWA,NYANDARUA,,0.03,36.41
NICE LAND PRI,PRIMARY SCHOOL,PRIVATE,CENTRAL,NYERI,KIENI WEST,GATARAKWA,KIENI,NYERI,,-0.13,36.85
PRECIOUS ACADEMY KIRIITA,PRIMARY SCHOOL,PRIVATE,CENTRAL,NYANDARUA,MUTITU,MUTITU,NDARAGWA,NYANDARUA,,0.05,36.4
KIRIAINI ACADEMY PRI SCH,PRIMARY SCHOOL,PRIVATE,CENTRAL,MURANGA,MATHIOYA,KIRU,MATHIOYA,MURANG'A,,-0.6,36.96
TURASHA GLORY PRI,PRIMARY SCHOOL,PRIVATE,CENTRAL,NYANDARUA,KIPIPIRI,LERESHWA,KIPIPIRI,NYANDARUA,,-0.5,36.45
LAVENDA SPRINGS PRY,PRIMARY SCHOOL,PRIVATE,CENTRAL,NYERI,KIENI WEST,GATARAKWA,KIENI,NYERI,,-0.18,36.78
EVAM PRI,PRIMARY SCHOOL,PRIVATE,CENTRAL,NYERI,KIENI WEST,GATARAKWA,KIENI,NYERI,,-0.18,36.82
BLESSED HOPE PRI,PRIMARY SCHOOL,PRIVATE,CENTRAL,NYERI,KIENI WEST,GATARAKWA,KIENI,NYERI,,-0.23,36.77
GATARAGWA JUNIOR PRI,PRIMARY SCHOOL,PRIVATE,CENTRAL,NYERI,KIENI WEST,GATARAKWA,KIENI,NYERI,,-0.22,36.76
KIRATHIMO JUNIOR,PRIMARY SCHOOL,PRIVATE,CENTRAL,NYANDARUA,NDARAGWA,MATHINGIRA,NDARAGWA,NYANDARUA,,0.1,36.49
ST. ROSE CATHOLIC PRI,PRIMARY SCHOOL,PRIVATE,CENTRAL,NYERI,KIENI WEST,GATARAKWA,KIENI,NYERI,,-0.23,36.73
CHANNELS OF GRACE PRI,PRIMARY SCHOOL,PRIVATE,CENTRAL,NYANDARUA,NORTH KINANGOP,ENGINEER,KINANGOP,NYANDARUA,,-0.57,36.51
NYERI STEINER PRY,PRIMARY SCHOOL,PRIVATE,CENTRAL,NYERI,TETU,KARUNDU,TETU,NYERI,,-0.48,36.92
JACTER KINAGOP PRI,PRIMARY SCHOOL,PRIVATE,CENTRAL,NYANDARUA,NORTH KINANGOP,NORTH KINANGOP,KINANGOP,NYANDARUA,,-0.5,36.57
FAITH ACADEMY PRI,PRIMARY SCHOOL,PRIVATE,CENTRAL,NYERI,KIENI WEST,GATARAKWA,KIENI,NYERI,,-0.25,36.73
MWANGAZA PRI,PRIMARY SCHOOL,PRIVATE,CENTRAL,NYANDARUA,NDARAGWA,LESHAU,NDARAGWA,NYANDARUA,,0.04,36.49
WISDOM VIEW PRI,PRIMARY SCHOOL,PRIVATE,CENTRAL,NYERI,KIENI WEST,GATARAKWA,KIENI,NYERI,,-0.25,36.73
WANJAMBO UPENDO PRI,PRIMARY SCHOOL,PRIVATE,CENTRAL,NYANDARUA,NDARAGWA,LESHAU,NDARAGWA,NYANDARUA,,0.04,36.51
NUHU KANYINGI PRI SCH,PRIMARY SCHOOL,PRIVATE,CENTRAL,MURANGA,MATHIOYA,KIRU,MATHIOYA,MURANG'A,,-0.62,36.91
REHOBOTH PRI,PRIMARY SCHOOL,PRIVATE,CENTRAL,NYERI,KIENI WEST,MWEIGA,KIENI,NYERI,,-0.33,36.95
ST. ANDREWS KAIRO PRI SCH,PRIMARY SCHOOL,PRIVATE,CENTRAL,MURANGA,MATHIOYA,KIRU,MATHIOYA,MURANG'A,,-0.61,36.87
HEROES TOWER ACADEMY PRI,PRIMARY SCHOOL,PRIVATE,CENTRAL,NYANDARUA,NDARAGWA,LESHAU,NDARAGWA,NYANDARUA,,0.01,36.47
KINAGOP JUNIOR PRI,PRIMARY SCHOOL,PRIVATE,CENTRAL,NYANDARUA,NORTH KINANGOP,NORTH KINANGOP,KINANGOP,NYANDARUA,,-0.51,36.52
WAKA JUNIOR PRI,PRIMARY SCHOOL,PRIVATE,CENTRAL,NYANDARUA,NDARAGWA,LESHAU,NDARAGWA,NYANDARUA,,0.02,36.47
REV. DR. CLARKE M. ACADEMY-PRI SCH,PRIMARY SCHOOL,PRIVATE,CENTRAL,MURANGA,KIHARU,GATURI,KIHARU,MURANG'A,,-0.63,37.06
MARY MOTHER PRI,PRIMARY SCHOOL,PRIVATE,CENTRAL,NYERI,KIENI WEST,MWEIGA,KIENI,NYERI,,-0.32,36.91
MARY IMMACULATE ACADEMY PRI,PRIMARY SCHOOL,PRIVATE,CENTRAL,NYERI,KIENI WEST,MWEIGA,KIENI,NYERI,,-0.33,36.91
ARKROAD PRI,PRIMARY SCHOOL,PRIVATE,CENTRAL,NYERI,KIENI WEST,MWEIGA,KIENI,NYERI,,-0.34,36.89
ARKROAD PRI SCH,PRIMARY SCHOOL,PRIVATE,CENTRAL,NYERI,KIENI WEST,MWEIGA,KIENI,NYERI,,-0.34,36.89
EX-PAGES  PRI,PRIMARY SCHOOL,PRIVATE,CENTRAL,NYERI,KIENI WEST,MWEIGA,KIENI,NYERI,,-0.34,36.89
GREEN FARM PRI,PRIMARY SCHOOL,PRIVATE,CENTRAL,NYERI,KIENI WEST,MWIYONGO,KIENI,NYERI,,-0.3,36.89
ST. JUDE SANGARE ROAD PRI,PRIMARY SCHOOL,PRIVATE,CENTRAL,NYERI,KIENI WEST,MWIYONGO,KIENI,NYERI,,-0.29,36.93
ST GERALD CHILDREN'S PRI,PRIMARY SCHOOL,PRIVATE,CENTRAL,NYERI,KIENI WEST,ENDARASHA,KIENI,NYERI,,-0.3,36.83
ARBERDARE PRI,PRIMARY SCHOOL,PRIVATE,CENTRAL,NYERI,KIENI WEST,ENDARASHA,KIENI,NYERI,,-0.31,36.79
FURAHA PRI,PRIMARY SCHOOL,PRIVATE,CENTRAL,NYERI,KIENI WEST,ENDARASHA,KIENI,NYERI,,-0.3,36.79
MAHEHE FRIENDS PRI,PRIMARY SCHOOL,PRIVATE,CENTRAL,NYERI,KIENI WEST,ENDARASHA,KIENI,NYERI,,-0.31,36.78
KABATI FLY-OVER,PRIMARY SCHOOL,PRIVATE,CENTRAL,THIKA,KAKUZI,MITUMBIRI,GATANGA,MURANG'A,,-0.96,37.11
ST. VERONICA ELITE ACADEMY PRI SCH,PRIMARY SCHOOL,PRIVATE,CENTRAL,THIKA,KAKUZI,MITUMBIRI,GATANGA,MURANG'A,,-0.96,37.11
ANSAM ACADEMY,PRIMARY SCHOOL,PRIVATE,CENTRAL,THIKA,KAKUZI,MITUMBIRI,GATANGA,MURANG'A,,-0.97,37.12
ST. PETERS ACADEMY PRI SCH,PRIMARY SCHOOL,PRIVATE,CENTRAL,THIKA,KAKUZI,MITUMBIRI,GATANGA,MURANG'A,,-0.97,37.12
EDEN ROCK ACADEMY,PRIMARY SCHOOL,PRIVATE,CENTRAL,THIKA,KAKUZI,MITUMBIRI,GATANGA,MURANG'A,,-0.98,37.13
BRAIN STORM ACADEMY,PRIMARY SCHOOL,PRIVATE,CENTRAL,THIKA,KAKUZI,MITUMBIRI,GATANGA,MURANG'A,,-1.03,37.17
TRUE WORDS,PRIMARY SCHOOL,PRIVATE,CENTRAL,THIKA,KAKUZI,MITUMBIRI,GATANGA,MURANG'A,,-1.03,37.17
KURIA MEMORIAL,PRIMARY SCHOOL,PRIVATE,CENTRAL,THIKA,KAKUZI,ITHANGA,GATANGA,MURANG'A,,-1,37.34
EMMANUEL PRI KANGARI,PRIMARY SCHOOL,PRIVATE,CENTRAL,MARAGUA,KIGUMO,KANGARI,KIGUMO,MURANG'A,,-0.78,36.87
MSINGI BORA PRI,PRIMARY SCHOOL,PRIVATE,CENTRAL,MARAGUA,KIGUMO,KANGARI,KIGUMO,MURANG'A,,-0.8,36.87
PCEA NDIMAINI ACADEMY,PRIMARY SCHOOL,PRIVATE,CENTRAL,NYERI,MATHIRA,KONYU,MATHIRA,NYERI,,-0.52,37.14
NJIRIS JUNIOR ACADEMY PRI,PRIMARY SCHOOL,PRIVATE,CENTRAL,MARAGUA,KIGUMO,KANGARI,KIGUMO,MURANG'A,,-0.77,36.85
NDIMAINI AIPCA ACADEMY,PRIMARY SCHOOL,PRIVATE,CENTRAL,NYERI,MATHIRA,KONYU,MATHIRA,NYERI,,-0.52,37.14
HOLY BRIDGE CHILDREN CENTRE PRI,PRIMARY SCHOOL,PRIVATE,CENTRAL,MARAGUA,KIGUMO,KANGARI,KIGUMO,MURANG'A,,-0.78,36.84
HOCHLAND ACADEMY PRI,PRIMARY SCHOOL,PRIVATE,CENTRAL,MARAGUA,KIGUMO,KANGARI,KIGUMO,MURANG'A,,-0.77,36.82
GATIA-INI ELITE ACADEMY PRI,PRIMARY SCHOOL,PRIVATE,CENTRAL,MARAGUA,KIGUMO,KANGARI,KIGUMO,MURANG'A,,-0.77,36.82
GATIA-INI BASE PRI,PRIMARY SCHOOL,PRIVATE,CENTRAL,MARAGUA,KIGUMO,KANGARI,KIGUMO,MURANG'A,,-0.77,36.82
KARATINA ACADEMY,PRIMARY SCHOOL,PRIVATE,CENTRAL,NYERI,MATHIRA,KARATINA,MATHIRA,NYERI,,-0.48,37.13
HIGH VISION ACADEMY PRI,PRIMARY SCHOOL,PRIVATE,CENTRAL,MARAGUA,KIGUMO,KANGARI,KIGUMO,MURANG'A,,-0.79,36.85
NEEMA NDAROINI ACADEMY,PRIMARY SCHOOL,PRIVATE,CENTRAL,NYERI,MATHIRA,IRIA-INI,MATHIRA,NYERI,,-0.5,37.14
WINNERS ACADEMY PRI,PRIMARY SCHOOL,PRIVATE,CENTRAL,MARAGUA,KIGUMO,KANGARI,KIGUMO,MURANG'A,,-0.8,36.84
LUCKYPEN ACADEMY PRI,PRIMARY SCHOOL,PRIVATE,CENTRAL,MARAGUA,KIGUMO,KANGARI,KIGUMO,MURANG'A,,-0.8,36.84
GACHUGU ACADEMY,PRIMARY SCHOOL,PRIVATE,CENTRAL,NYERI,MATHIRA,MUGUTU,MATHIRA,NYERI,,-0.46,37.13
NGARI JUNIOR ACADEMY,PRIMARY SCHOOL,PRIVATE,CENTRAL,NYERI,MATHIRA,MUGUTU,MATHIRA,NYERI,,-0.46,37.14
EMMACULATE PRI,PRIMARY SCHOOL,PRIVATE,CENTRAL,MARAGUA,KIGUMO,KANGARI,KIGUMO,MURANG'A,,-0.79,36.83
EMMANUEL ACADEMY PRI,PRIMARY SCHOOL,PRIVATE,CENTRAL,NYERI,MATHIRA,MUGUTU,MATHIRA,NYERI,,-0.45,37.13
FRED'S GRAMMAR SCH,PRIMARY SCHOOL,PRIVATE,CENTRAL,KIRINYAGA,NDIA,KIINE SOUTH,NDIA,KIRINYAGA,,-0.56,37.16
FRANCY HILLTOP ACADEMY,PRIMARY SCHOOL,PRIVATE,CENTRAL,KIRINYAGA,NDIA,KIINE SOUTH,NDIA,KIRINYAGA,,-0.58,37.19
GOOD HOPE ACADEMY,PRIMARY SCHOOL,PRIVATE,CENTRAL,KIRINYAGA,NDIA,KIINE NORTH,NDIA,KIRINYAGA,,-0.47,37.19
GRAND KAGO ACADEMY,PRIMARY SCHOOL,PRIVATE,CENTRAL,NYERI,MATHIRA,KONYU,MATHIRA,NYERI,,-0.46,37.12
ACK KANGUI ACADEMY PRI SCH,PRIMARY SCHOOL,PRIVATE,CENTRAL,MARAGUA,KANDARA,RUCHU,KANDARA,MURANG'A,,-0.86,36.95
RAFINA ACADEMY,PRIMARY SCHOOL,PRIVATE,CENTRAL,NYERI,MATHIRA,MUGUTU,MATHIRA,NYERI,,-0.47,37.12
JOYSTAR ACADEMY,PRIMARY SCHOOL,PRIVATE,CENTRAL,KIRINYAGA,MATHIRA,IRIA-INI,MATHIRA,NYERI,,-0.48,37.18
KIANGAI BLESSINGS VIEW ACADEMY,PRIMARY SCHOOL,PRIVATE,CENTRAL,KIRINYAGA,MATHIRA,IRIA-INI,MATHIRA,NYERI,,-0.48,37.18
QUEEN OF PEACE ACADEMY,PRIMARY SCHOOL,PRIVATE,CENTRAL,NYERI,MATHIRA,KARATINA,MATHIRA,NYERI,,-0.48,37.12
HARRIMON ACADEMY PRI SCH,PRIMARY SCHOOL,PRIVATE,CENTRAL,MARAGUA,KANDARA,RUCHU,KANDARA,MURANG'A,,-0.85,36.93
BROOKFIELD ACADEMY,PRIMARY SCHOOL,PRIVATE,CENTRAL,NYERI,MATHIRA,KONYU,MATHIRA,NYERI,,-0.48,37.13
MUNORU HIGHLANDS PRI SCH,PRIMARY SCHOOL,PRIVATE,CENTRAL,MARAGUA,KANDARA,RUCHU,KANDARA,MURANG'A,,-0.83,36.91
FUTURE LEADERS ACADEMY PRI,PRIMARY SCHOOL,PRIVATE,CENTRAL,NYERI,MATHIRA,KONYU,MATHIRA,NYERI,,-0.52,37.12
ST DIANA PRI SCH,PRIMARY SCHOOL,PRIVATE,CENTRAL,MARAGUA,KANDARA,RUCHU,KANDARA,MURANG'A,,-0.81,36.87
MUTIRAINI AIPCA ACADEMY,PRIMARY SCHOOL,PRIVATE,CENTRAL,NYERI,MATHIRA,KONYU,MATHIRA,NYERI,,-0.52,37.13
PHIROS ACADEMY PRI SCH,PRIMARY SCHOOL,PRIVATE,CENTRAL,MARAGUA,KANDARA,RUCHU,KANDARA,MURANG'A,,-0.83,36.89
SACRED HEART PRI ACADEMY,PRIMARY SCHOOL,PRIVATE,CENTRAL,MARAGUA,KANDARA,RUCHU,KANDARA,MURANG'A,,-0.81,36.89
ELIM JUNIOR ACADEMY PRI SCH,PRIMARY SCHOOL,PRIVATE,CENTRAL,THIKA,KAMWANGI,MANGU,GATUNDU NORTH,KIAMBU,,-0.99,36.94
SOMICH VISION ACADEMY,PRIMARY SCHOOL,PRIVATE,CENTRAL,NYERI,MATHIRA,KIRIMUKUYU,MATHIRA,NYERI,,-0.49,37.08
FOUNTAIN OF HOPE PRI SCH,PRIMARY SCHOOL,PRIVATE,CENTRAL,MARAGUA,KANDARA,KAGUNDUINI,KANDARA,MURANG'A,,-0.88,37.03
KIBIRIGWI WINNERS ACADEMY,PRIMARY SCHOOL,PRIVATE,CENTRAL,KIRINYAGA,NDIA,KIINE NORTH,NDIA,KIRINYAGA,,-0.53,37.19
GITHUMU ACADEMY PRI SCH,PRIMARY SCHOOL,PRIVATE,CENTRAL,MARAGUA,KANDARA,RUCHU,KANDARA,MURANG'A,,-0.82,36.91
NEEMA JUNIOR ACADEMY,PRIMARY SCHOOL,PRIVATE,CENTRAL,THIKA,KAMWANGI,MANGU,GATUNDU NORTH,KIAMBU,,-1,36.93
ST BETH ACADEMY,PRIMARY SCHOOL,PRIVATE,CENTRAL,NYERI,MATHIRA,KIRIMUKUYU,MATHIRA,NYERI,,-0.5,37.1
PLAYWAY PRI,PRIMARY SCHOOL,PRIVATE,CENTRAL,THIKA,RUIRU,RUIRU,JUJA,KIAMBU,,-1.2,36.93
DAYBERT CENTRE,PRIMARY SCHOOL,PRIVATE,CENTRAL,KIRINYAGA,NDIA,KIINE NORTH,NDIA,KIRINYAGA,,-0.53,37.18
ST. FLEVIAN ACADEMY  PRI SCH,PRIMARY SCHOOL,PRIVATE,CENTRAL,THIKA,RUIRU,RUIRU,JUJA,KIAMBU,,-1.19,36.93
MT. ANGEL PRI,PRIMARY SCHOOL,PRIVATE,CENTRAL,THIKA,RUIRU,RUIRU,JUJA,KIAMBU,,-1.19,36.93
GREENFIELDS ACADEMY PRI,PRIMARY SCHOOL,PRIVATE,CENTRAL,MARAGUA,KANDARA,GAICHANJIRU,KANDARA,MURANG'A,,-0.88,37.1
MT SINAI ACADEMY,PRIMARY SCHOOL,PRIVATE,CENTRAL,KIRINYAGA,NDIA,KIINE NORTH,NDIA,KIRINYAGA,,-0.56,37.18
BRIGHT STAR PRI SCH,PRIMARY SCHOOL,PRIVATE,CENTRAL,THIKA,KAMWANGI,CHANIA,GATUNDU NORTH,KIAMBU,,-0.96,36.9
PETALIS  PRI SCH,PRIMARY SCHOOL,PRIVATE,CENTRAL,THIKA,RUIRU,RUIRU,JUJA,KIAMBU,,-1.2,36.93
KIBINGOTI MUGI ACADEMY,PRIMARY SCHOOL,PRIVATE,CENTRAL,KIRINYAGA,NDIA,KIINE NORTH,NDIA,KIRINYAGA,,-0.57,37.19
WISE SHEPHERED ACADEMY,PRIMARY SCHOOL,PRIVATE,CENTRAL,THIKA,KAMWANGI,CHANIA,GATUNDU NORTH,KIAMBU,,-0.96,36.9
KANDARA TOWNSHIP ACADEMY PRI SCH,PRIMARY SCHOOL,PRIVATE,CENTRAL,MARAGUA,KANDARA,ITHIRU,KANDARA,MURANG'A,,-0.89,37
HERITAGE ACADEMY PRI SCH,PRIMARY SCHOOL,PRIVATE,CENTRAL,MARAGUA,KANDARA,GAICHANJIRU,KANDARA,MURANG'A,,-0.9,37.08
ST PETERS ACADEMY,PRIMARY SCHOOL,PRIVATE,CENTRAL,KIRINYAGA,NDIA,MWERUA,NDIA,KIRINYAGA,,-0.62,37.25
KAMWANGI MORNING GLORY ACADEMY PRI SCH,PRIMARY SCHOOL,PRIVATE,CENTRAL,THIKA,KAMWANGI,CHANIA,GATUNDU NORTH,KIAMBU,,-0.95,36.89
TOP LEARNERS ACADEMY PRI,PRIMARY SCHOOL,PRIVATE,CENTRAL,MARAGUA,KANDARA,GAICHANJIRU,KANDARA,MURANG'A,,-0.9,37.07
SUKARI PRESBYTERIAN PRI SCH,PRIMARY SCHOOL,PRIVATE,CENTRAL,THIKA,RUIRU,RUIRU,JUJA,KIAMBU,,-1.19,36.94
WISDOM STAR ACADEMY,PRIMARY SCHOOL,PRIVATE,CENTRAL,KIRINYAGA,NDIA,MWERUA,NDIA,KIRINYAGA,,-0.62,37.26
ST  MATHEWS ACADEMY,PRIMARY SCHOOL,PRIVATE,CENTRAL,THIKA,KAMWANGI,CHANIA,GATUNDU NORTH,KIAMBU,,-0.95,36.89
ST. LAWRENCE COMPLEX PRI,PRIMARY SCHOOL,PRIVATE,CENTRAL,MARAGUA,KANDARA,ITHIRU,KANDARA,MURANG'A,,-0.89,37
SAM JUNIOUR ACADEMY,PRIMARY SCHOOL,PRIVATE,CENTRAL,THIKA,KAMWANGI,GITUAMBA,GATUNDU NORTH,KIAMBU,,-0.92,36.87
BRIGHT HILL PRI SCH,PRIMARY SCHOOL,PRIVATE,CENTRAL,THIKA,RUIRU,RUIRU,JUJA,KIAMBU,,-1.2,36.92
CANON NYORO,PRIMARY SCHOOL,PRIVATE,CENTRAL,KIRINYAGA,MWEA,MUTITHI,MWEA,KIRINYAGA,,-0.63,37.25
UNCLE GEORGE ACADEMY PRI SCH,PRIMARY SCHOOL,PRIVATE,CENTRAL,MARAGUA,KANDARA,GAICHANJIRU,KANDARA,MURANG'A,,-0.89,37.06
TROPIKAL PRI,PRIMARY SCHOOL,PRIVATE,CENTRAL,THIKA,RUIRU,RUIRU,JUJA,KIAMBU,,-1.19,36.94
BY GRACE PRI SCH,PRIMARY SCHOOL,PRIVATE,CENTRAL,MARAGUA,KANDARA,GAICHANJIRU,KANDARA,MURANG'A,,-0.88,37.05
GLORIOUS SHAMMAH ACADEMY,PRIMARY SCHOOL,PRIVATE,CENTRAL,KIRINYAGA,NDIA,MWERUA,NDIA,KIRINYAGA,,-0.62,37.25
ST. ANGELAS PRI SCH,PRIMARY SCHOOL,PRIVATE,CENTRAL,MARAGUA,KANDARA,GAICHANJIRU,KANDARA,MURANG'A,,-0.88,37.05
CAMA STARS ACADEMY  PRI SCH,PRIMARY SCHOOL,PRIVATE,CENTRAL,THIKA,RUIRU,RUIRU,JUJA,KIAMBU,,-1.21,36.93
THE SEARCH SCH PRI,PRIMARY SCHOOL,PRIVATE,CENTRAL,THIKA,RUIRU,RUIRU,JUJA,KIAMBU,,-1.19,36.96
TRINITY ACADEMY,PRIMARY SCHOOL,PRIVATE,CENTRAL,KIRINYAGA,NDIA,MWERUA,NDIA,KIRINYAGA,,-0.61,37.24
LITTLE STAR ACADEMY,PRIMARY SCHOOL,PRIVATE,CENTRAL,THIKA,RUIRU,RUIRU,JUJA,KIAMBU,,-1.21,36.93
GITUAMBA SPRING HILL PRI SCH,PRIMARY SCHOOL,PRIVATE,CENTRAL,THIKA,KAMWANGI,GITUAMBA,GATUNDU NORTH,KIAMBU,,-0.91,36.86
CLEVER BEE PRI SCH,PRIMARY SCHOOL,PRIVATE,CENTRAL,MARAGUA,KANDARA,KAGUNDUINI,KANDARA,MURANG'A,,-0.95,37.11
THIKA ROAD ACADEMY PRI SCH,PRIMARY SCHOOL,PRIVATE,CENTRAL,THIKA,RUIRU,RUIRU,JUJA,KIAMBU,,-1.19,36.94
SAMROS JUNIOR ACADEMY,PRIMARY SCHOOL,PRIVATE,CENTRAL,THIKA,KAMWANGI,GITUAMBA,GATUNDU NORTH,KIAMBU,,-0.91,36.86
HERUFI ACADEMY,PRIMARY SCHOOL,PRIVATE,CENTRAL,THIKA,RUIRU,RUIRU,JUJA,KIAMBU,,-1.21,36.93
NYAHURURU ELITE PRIMARY,PRIMARY SCHOOL,PRIVATE,CENTRAL,NYANDARUA,NYAHURURU,NYAHURURU,NDARAGWA,NYANDARUA,,0.05,36.37
URAFIKI COROVAN PRI,PRIMARY SCHOOL,PRIVATE,CENTRAL,THIKA,RUIRU,RUIRU,JUJA,KIAMBU,,-1.19,36.93
JUN EDUCATION CENTRE,PRIMARY SCHOOL,PRIVATE,CENTRAL,THIKA,RUIRU,RUIRU,JUJA,KIAMBU,,-1.21,36.93
SHARPBRAIN PREPARATORY SCH,PRIMARY SCHOOL,PRIVATE,CENTRAL,THIKA,RUIRU,RUIRU,JUJA,KIAMBU,,-1.21,36.92
HEKIMA PRI SCH,PRIMARY SCHOOL,PRIVATE,CENTRAL,THIKA,RUIRU,RUIRU,JUJA,KIAMBU,,-1.19,36.93
MUKINYI PRESBYTERIAN ACADEMY,PRIMARY SCHOOL,PRIVATE,CENTRAL,THIKA,RUIRU,RUIRU,JUJA,KIAMBU,,-1.21,36.92
LANES JUNIOR ACADEMY PRI SCH,PRIMARY SCHOOL,PRIVATE,CENTRAL,THIKA,RUIRU,RUIRU,JUJA,KIAMBU,,-1.19,36.93
MULTIPLE ACADEMY,PRIMARY SCHOOL,PRIVATE,CENTRAL,KIRINYAGA,NDIA,MWERUA,NDIA,KIRINYAGA,,-0.6,37.22
NELIAN ACADEMY PRI SCH,PRIMARY SCHOOL,PRIVATE,CENTRAL,THIKA,RUIRU,RUIRU,JUJA,KIAMBU,,-1.21,36.92
EL SHADDAI ACADEMY,PRIMARY SCHOOL,PRIVATE,CENTRAL,KIRINYAGA,NDIA,MWERUA,NDIA,KIRINYAGA,,-0.58,37.23
PCEA WENDANI PRI SCH,PRIMARY SCHOOL,PRIVATE,CENTRAL,THIKA,RUIRU,RUIRU,JUJA,KIAMBU,,-1.19,36.93
LANES JUNIOR ACADEMY,PRIMARY SCHOOL,PRIVATE,CENTRAL,THIKA,RUIRU,RUIRU,JUJA,KIAMBU,,-1.21,36.92
REBERON ACADEMY,PRIMARY SCHOOL,PRIVATE,CENTRAL,THIKA,RUIRU,RUIRU,JUJA,KIAMBU,,-1.19,36.93
ST STEPHEN UPPERHILL ACADEMY,PRIMARY SCHOOL,PRIVATE,CENTRAL,THIKA,KAMWANGI,GITUAMBA,GATUNDU NORTH,KIAMBU,,-0.88,36.8
JUTER ACADEMY PRI,PRIMARY SCHOOL,PRIVATE,CENTRAL,THIKA,RUIRU,RUIRU,JUJA,KIAMBU,,-1.21,36.92
BUSARA FOREST VIEW PRIMARY,PRIMARY SCHOOL,PRIVATE,CENTRAL,NYANDARUA,OL JORO OROK,GATIMU,OL_KALOU,NYANDARUA,,0.01,36.34
HILLVIEW ACADEMY,PRIMARY SCHOOL,PRIVATE,CENTRAL,KIRINYAGA,NDIA,MWERUA,NDIA,KIRINYAGA,,-0.58,37.23
S ACADEMY,PRIMARY SCHOOL,PRIVATE,CENTRAL,THIKA,RUIRU,RUIRU,JUJA,KIAMBU,,-1.19,36.93
EXCELLENT SHEPHARD ACADEMY PRI SCH,PRIMARY SCHOOL,PRIVATE,CENTRAL,THIKA,KAMWANGI,GITUAMBA,GATUNDU NORTH,KIAMBU,,-0.86,36.8
RIVERSIDE PRIMARY,PRIMARY SCHOOL,PRIVATE,CENTRAL,NYANDARUA,OL JORO OROK,GATIMU,OL_KALOU,NYANDARUA,,0.01,36.36
THIGUKU JUNIOR ACADEMY,PRIMARY SCHOOL,PRIVATE,CENTRAL,KIRINYAGA,NDIA,MWERUA,NDIA,KIRINYAGA,,-0.56,37.23
WENDANI JUNIOR ACADEMY,PRIMARY SCHOOL,PRIVATE,CENTRAL,THIKA,RUIRU,RUIRU,JUJA,KIAMBU,,-1.2,36.92
ELGAM JUNIOR ACADEMY,PRIMARY SCHOOL,PRIVATE,CENTRAL,THIKA,RUIRU,RUIRU,JUJA,KIAMBU,,-1.21,36.92
KAGWATHI SDA PRI SCH,PRIMARY SCHOOL,PRIVATE,CENTRAL,MARAGUA,MARAGUA,KAHUMBU,KIGUMO,MURANG'A,,-0.86,37.08
BRIGHT HILLS SCH,PRIMARY SCHOOL,PRIVATE,CENTRAL,THIKA,RUIRU,RUIRU,JUJA,KIAMBU,,-1.2,36.92
ROPA ACADEMY PRI SCH,PRIMARY SCHOOL,PRIVATE,CENTRAL,THIKA,RUIRU,RUIRU,JUJA,KIAMBU,,-1.19,36.95
ST JOSEPHS ACADEMY PRI,PRIMARY SCHOOL,PRIVATE,CENTRAL,THIKA,RUIRU,RUIRU,JUJA,KIAMBU,,-1.2,36.92
BARICHO ST FLORENCE ACADEMY,PRIMARY SCHOOL,PRIVATE,CENTRAL,KIRINYAGA,MWEA,MUTITHI,MWEA,KIRINYAGA,,-0.64,37.24
RORUBEDA JOY ACADEMY PRI SCH,PRIMARY SCHOOL,PRIVATE,CENTRAL,THIKA,RUIRU,RUIRU,JUJA,KIAMBU,,-1.21,36.93
ST. FRANCIS SAMAR ACADEMY PRI,PRIMARY SCHOOL,PRIVATE,CENTRAL,MARAGUA,MARAGUA,NGINDA,MARAGWA,MURANG'A,,-0.79,37.13
NGORONGO ACADEMY,PRIMARY SCHOOL,PRIVATE,CENTRAL,THIKA,KAMWANGI,CHANIA,GATUNDU NORTH,KIAMBU,,-0.93,36.9
KAHAWA RISING STAR PREPARARTORY SCH,PRIMARY SCHOOL,PRIVATE,CENTRAL,THIKA,RUIRU,RUIRU,JUJA,KIAMBU,,-1.2,36.92
GLORY ACADEMY,PRIMARY SCHOOL,PRIVATE,CENTRAL,KIRINYAGA,NDIA,MWERUA,NDIA,KIRINYAGA,,-0.56,37.24
THE PRECIOUS ANGELS PRI,PRIMARY SCHOOL,PRIVATE,CENTRAL,MARAGUA,MARAGUA,ICHAGAKI,MARAGWA,MURANG'A,,-0.79,37.13
BEAUTIFUL BEGINNING KINDERGATEN,PRIMARY SCHOOL,PRIVATE,CENTRAL,THIKA,RUIRU,RUIRU,JUJA,KIAMBU,,-1.21,36.92
PRECIOUS ANGELS (MOTHER SCHOOL) PRI,PRIMARY SCHOOL,PRIVATE,CENTRAL,MARAGUA,MARAGUA,NGINDA,MARAGWA,MURANG'A,,-0.78,37.13
PRECIOUS MINDS KIAMA ACADEMY PRI SCH,PRIMARY SCHOOL,PRIVATE,CENTRAL,THIKA,GATANGA,KIGORO,GATANGA,MURANG'A,,-0.87,36.91
ANANDA MARGA MISSION  PRI SCH,PRIMARY SCHOOL,PRIVATE,CENTRAL,THIKA,RUIRU,RUIRU,JUJA,KIAMBU,,-1.21,36.92
GRACE CHRISTIAN CENTRE,PRIMARY SCHOOL,PRIVATE,CENTRAL,THIKA,RUIRU,RUIRU,JUJA,KIAMBU,,-1.21,36.92
KAIRI ST MARY'S ACADEMY PRI  SCH,PRIMARY SCHOOL,PRIVATE,CENTRAL,THIKA,KAMWANGI,CHANIA,GATUNDU NORTH,KIAMBU,,-0.96,36.93
SUERO PRI,PRIMARY SCHOOL,PRIVATE,CENTRAL,NYANDARUA,OL JORO OROK,GATIMU,OL_KALOU,NYANDARUA,,-0.01,36.38
KARUGURU TECH ACADEMY PRI,PRIMARY SCHOOL,PRIVATE,CENTRAL,THIKA,RUIRU,RUIRU,JUJA,KIAMBU,,-1.21,36.92
BARICHO ST FLORENCE-KIBURU,PRIMARY SCHOOL,PRIVATE,CENTRAL,KIRINYAGA,NDIA,MUKURE,NDIA,KIRINYAGA,,-0.54,37.21
MUIRIGO ACADEMY,PRIMARY SCHOOL,PRIVATE,Central,THIKA,KAMWANGI,CHANIA,GATUNDU NORTH,KIAMBU,,-0.96,36.95
KENJI FARM PRI,PRIMARY SCHOOL,PRIVATE,CENTRAL,NYANDARUA,OL JORO OROK,OL JORO OROK,OL_KALOU,NYANDARUA,,-0.09,36.36
PITHMAR MONTERSSORI ACADEMY,PRIMARY SCHOOL,PRIVATE,CENTRAL,THIKA,RUIRU,RUIRU,JUJA,KIAMBU,,-1.21,36.92
ST. MARY PAUL PRI,PRIMARY SCHOOL,PRIVATE,CENTRAL,NYANDARUA,OL JORO OROK,OL JORO OROK,OL_KALOU,NYANDARUA,,-0.08,36.32
SHAKAINA ACADEMY PRI SCH,PRIMARY SCHOOL,PRIVATE,CENTRAL,THIKA,RUIRU,RUIRU,JUJA,KIAMBU,,-1.21,36.92
MUIRI PREPARATORY SCH,PRIMARY SCHOOL,PRIVATE,CENTRAL,THIKA,KAMWANGI,CHANIA,GATUNDU NORTH,KIAMBU,,-0.97,36.95
HAPPY DAY ACADEMY,PRIMARY SCHOOL,PRIVATE,CENTRAL,NYANDARUA,OL JORO OROK,OL JORO OROK,OL_KALOU,NYANDARUA,,-0.11,36.34
MWANGAZA ACADEMY,PRIMARY SCHOOL,PRIVATE,CENTRAL,THIKA,GATANGA,KIHUMBUINI,GATANGA,MURANG'A,,-0.92,36.96
ST STEPHEN CATHOLIC PRI,PRIMARY SCHOOL,PRIVATE,CENTRAL,THIKA,KAMWANGI,CHANIA,GATUNDU NORTH,KIAMBU,,-0.96,36.93
SHAMMAH EBENEZER,PRIMARY SCHOOL,PRIVATE,CENTRAL,MARAGUA,MAKUYU,MAKUYU,MARAGWA,MURANG'A,,-0.94,37.13
FUTURE LEADERS ACADEMY  PRI SCH,PRIMARY SCHOOL,PRIVATE,CENTRAL,THIKA,GATANGA,KIHUMBUINI,GATANGA,MURANG'A,,-0.93,36.98
AIPCA RIAKIANIA,PRIMARY SCHOOL,PRIVATE,CENTRAL,KIRINYAGA,NDIA,MUKURE,NDIA,KIRINYAGA,,-0.52,37.21
JUNIOR ANGELS ACADEMY PRI,PRIMARY SCHOOL,PRIVATE,CENTRAL,MARAGUA,MAKUYU,MAKUYU,MARAGWA,MURANG'A,,-0.94,37.12
GATHERA KINDERGATEN & PREP PRI SCH,PRIMARY SCHOOL,PRIVATE,CENTRAL,MARAGUA,MARAGUA,NGINDA,MARAGWA,MURANG'A,,-0.78,37.02
PCEA NYAIROKO PRIMARY,PRIMARY SCHOOL,PRIVATE,CENTRAL,NYANDARUA,OL JORO OROK,OL JORO OROK,OL_KALOU,NYANDARUA,,-0.16,36.29
PIVOT ACADEMY,PRIMARY SCHOOL,PRIVATE,CENTRAL,THIKA,GATANGA,KIHUMBUINI,GATANGA,MURANG'A,,-0.94,36.99
CGM ST. MICHAEL ACADEMY PRI,PRIMARY SCHOOL,PRIVATE,CENTRAL,MARAGUA,MARAGUA,NGINDA,MARAGWA,MURANG'A,,-0.79,37.03
MARYLAND ACADEMY  PRI SCH,PRIMARY SCHOOL,PRIVATE,CENTRAL,THIKA,GATANGA,KIHUMBUINI,GATANGA,MURANG'A,,-0.96,37.01
ST AGATHA JUNIOR ACADEMY PRI SCH,PRIMARY SCHOOL,PRIVATE,CENTRAL,THIKA,KAMWANGI,CHANIA,GATUNDU NORTH,KIAMBU,,-0.95,36.94
KENOL PREPARATORY ACADEMY PRI,PRIMARY SCHOOL,PRIVATE,CENTRAL,MARAGUA,MAKUYU,MAKUYU,MARAGWA,MURANG'A,,-0.93,37.12
ST LAWRENCE ACADEMY PRI,PRIMARY SCHOOL,PRIVATE,CENTRAL,THIKA,GATANGA,KIHUMBUINI,GATANGA,MURANG'A,,-0.95,37.02
ACK ST PAUL ACADEMY,PRIMARY SCHOOL,PRIVATE,CENTRAL,KIRINYAGA,NDIA,MWERUA,NDIA,KIRINYAGA,,-0.53,37.23
BEERSHEBA,PRIMARY SCHOOL,PRIVATE,CENTRAL,THIKA,KAMWANGI,CHANIA,GATUNDU NORTH,KIAMBU,,-0.94,36.93
KAHARO BIDII MIXED DAY PRI SCH,PRIMARY SCHOOL,PRIVATE,CENTRAL,KIRINYAGA,NDIA,MWERUA,NDIA,KIRINYAGA,,-0.51,37.23
PRECIOUS BLOOD ACADEMY PRIMARY SCH,PRIMARY SCHOOL,PRIVATE,CENTRAL,MARAGUA,MAKUYU,MAKUYU,MARAGWA,MURANG'A,,-0.92,37.14
MOTHERLAND PRIMARY SCHOOL,PRIMARY SCHOOL,PRIVATE,CENTRAL,NYANDARUA,OL JORO OROK,WERU,OL_KALOU,NYANDARUA,,-0.16,36.36
PAN AFRICAN PRIMARY,PRIMARY SCHOOL,PRIVATE,CENTRAL,NYANDARUA,OL JORO OROK,GATIMU,OL_KALOU,NYANDARUA,,-0.01,36.37
SKYLINK PRIMARY SCHOOL,PRIMARY SCHOOL,PRIVATE,CENTRAL,NYANDARUA,OL JORO OROK,GATIMU,OL_KALOU,NYANDARUA,,0,36.36
MOTHER TERESA ACADEMY PRI SCH,PRIMARY SCHOOL,PRIVATE,CENTRAL,THIKA,GATANGA,KIHUMBUINI,GATANGA,MURANG'A,,-0.95,37.01
BISHOP JONH MAHIA-INI JUNIOR PRI SCH,PRIMARY SCHOOL,PRIVATE,CENTRAL,MARAGUA,MAKUYU,MAKUYU,MARAGWA,MURANG'A,,-0.93,37.15
BARAKA JUNIOR ACADEMY,PRIMARY SCHOOL,PRIVATE,CENTRAL,THIKA,GATANGA,KIHUMBUINI,GATANGA,MURANG'A,,-0.94,36.99
NYAHURURU VISIONS PRIMARY,PRIMARY SCHOOL,PRIVATE,CENTRAL,NYANDARUA,OL JORO OROK,GATIMU,OL_KALOU,NYANDARUA,,0,36.35
SISTERS PRI,PRIMARY SCHOOL,PRIVATE,CENTRAL,MARAGUA,MARAGUA,ICHAGAKI,MARAGWA,MURANG'A,,-0.8,37.13
MAKUYU BY GRACE ACADEMY PRI,PRIMARY SCHOOL,PRIVATE,CENTRAL,MARAGUA,MAKUYU,MAKUYU,MARAGWA,MURANG'A,,-0.93,37.15
ST.PAULS OL JOROOK PRIMARY SCH.,PRIMARY SCHOOL,PRIVATE,CENTRAL,NYANDARUA,OL JORO OROK,GATIMU,OL_KALOU,NYANDARUA,,-0.06,36.37
RURAGO ACADEMY PRI,PRIMARY SCHOOL,PRIVATE,CENTRAL,MARAGUA,MARAGUA,ICHAGAKI,MARAGWA,MURANG'A,,-0.79,37.13
GATEI JOYLAND ACADEMY PRI SCH,PRIMARY SCHOOL,PRIVATE,CENTRAL,THIKA,KIAMWANGI,GITHOBIKONI,GATUNDU NORTH,KIAMBU,,-0.96,36.88
HAPPYLAND LEARNING CENTRE,PRIMARY SCHOOL,PRIVATE,CENTRAL,THIKA,GATANGA,KIHUMBUINI,GATANGA,MURANG'A,,-0.93,36.99
THE TRINITY PRI SCH,PRIMARY SCHOOL,PRIVATE,CENTRAL,MARAGUA,MARAGUA,ICHAGAKI,MARAGWA,MURANG'A,,-0.8,37.14
FAITHFUL HEARTS PRI SCH,PRIMARY SCHOOL,PRIVATE,CENTRAL,MARAGUA,MAKUYU,MAKUYU,MARAGWA,MURANG'A,,-0.92,37.15
ABERDARE PEAKS ACADEMY,PRIMARY SCHOOL,PRIVATE,CENTRAL,THIKA,GATANGA,KIHUMBUINI,GATANGA,MURANG'A,,-0.92,36.97
MARAGUA ADVENTIST PRI,PRIMARY SCHOOL,PRIVATE,CENTRAL,MARAGUA,MARAGUA,ICHAGAKI,MARAGWA,MURANG'A,,-0.81,37.14
BLUE WATERS ACADEMY,PRIMARY SCHOOL,PRIVATE,CENTRAL,NYANDARUA,OL JORO OROK,WERU,OL_KALOU,NYANDARUA,,-0.08,36.38
ACK ST JOSEPH GATHAITI PRI SCH,PRIMARY SCHOOL,PRIVATE,CENTRAL,THIKA,KAMWANGI,GITHOBIKONI,GATUNDU NORTH,KIAMBU,,-0.95,36.86
ST. PAUL THOMAS ACADEMY PRI,PRIMARY SCHOOL,PRIVATE,CENTRAL,MARAGUA,MARAGUA,ICHAGAKI,MARAGWA,MURANG'A,,-0.83,37.16
MERSTAN PRI SCH,PRIMARY SCHOOL,PRIVATE,CENTRAL,THIKA,GATANGA,KIHUMBUINI,GATANGA,MURANG'A,,-0.93,37
DON BOSCO PRIMARY,PRIMARY SCHOOL,PRIVATE,CENTRAL,MARAGUA,MAKUYU,MAKUYU,MARAGWA,MURANG'A,,-0.91,37.2
MAKUYU ROYAL STAR ACADEMY PRIMARY,PRIMARY SCHOOL,PRIVATE,CENTRAL,MARAGUA,MAKUYU,MAKUYU,MARAGWA,MURANG'A,,-0.89,37.21
MARAGUA SUMMIT JUNIOR PRI,PRIMARY SCHOOL,PRIVATE,CENTRAL,MARAGUA,MARAGUA,ICHAGAKI,MARAGWA,MURANG'A,,-0.81,37.12
ST. JOSEPH'S ACADEMY PRI,PRIMARY SCHOOL,PRIVATE,CENTRAL,MARAGUA,MARAGUA,ICHAGAKI,MARAGWA,MURANG'A,,-0.81,37.12
GOOD EDUCATION ACADEMY PRI,PRIMARY SCHOOL,PRIVATE,CENTRAL,THIKA,GATANGA,KIHUMBUINI,GATANGA,MURANG'A,,-0.92,36.99
MWALIMU PRI SCH,PRIMARY SCHOOL,PRIVATE,CENTRAL,MARAGUA,MAKUYU,MAKUYU,MARAGWA,MURANG'A,,-0.89,37.22
PAG MUKURWE ACADEMY PRI SCH,PRIMARY SCHOOL,PRIVATE,CENTRAL,THIKA,GATANGA,KIHUMBUINI,GATANGA,MURANG'A,,-0.9,36.96
SUNRAYS ACADEMY,PRIMARY SCHOOL,PRIVATE,CENTRAL,THIKA,GATANGA,KIHUMBUINI,GATANGA,MURANG'A,,-0.89,36.95
VISIONS ACADEMY PRI,PRIMARY SCHOOL,PRIVATE,CENTRAL,MARAGUA,MARAGUA,ICHAGAKI,MARAGWA,MURANG'A,,-0.81,37.11
KENTON PRI,PRIMARY SCHOOL,PRIVATE,CENTRAL,MARAGUA,MARAGUA,ICHAGAKI,MARAGWA,MURANG'A,,-0.81,37.1
AMANI ACADEMY PRI,PRIMARY SCHOOL,PRIVATE,CENTRAL,THIKA,GATANGA,KIGORO,GATANGA,MURANG'A,,-0.88,36.92
NDUNYU CHEGE QUALITY ACADEMY PRI SCH,PRIMARY SCHOOL,PRIVATE,CENTRAL,THIKA,GATANGA,KIGORO,GATANGA,MURANG'A,,-0.87,36.91
ST. PATRIC PRIMARY SCH,PRIMARY SCHOOL,PRIVATE,CENTRAL,MARAGUA,MARAGUA,ICHAGAKI,MARAGWA,MURANG'A,,-0.81,37.05
ST. NICHOLUS PRI,PRIMARY SCHOOL,PRIVATE,CENTRAL,MARAGUA,MARAGUA,ICHAGAKI,MARAGWA,MURANG'A,,-0.76,37.15
VESTER ACADEMY PRI,PRIMARY SCHOOL,PRIVATE,CENTRAL,MARAGUA,KIGUMO,KIGUMO,KIGUMO,MURANG'A,,-0.81,37.01
NDAKAINI PREPARATORY COMPLEX PRI SCH,PRIMARY SCHOOL,PRIVATE,CENTRAL,THIKA,GATANGA,KIGORO,GATANGA,MURANG'A,,-0.82,36.84
THIKA DAM ACADEMY PRI SCH,PRIMARY SCHOOL,PRIVATE,CENTRAL,THIKA,GATANGA,KIGORO,GATANGA,MURANG'A,,-0.82,36.85
FURAHA PRI,PRIMARY SCHOOL,PRIVATE,CENTRAL,MARAGUA,KIGUMO,KIGUMO,KIGUMO,MURANG'A,,-0.81,37.01
KIRERE CENTRAL ACADEMY PRI,PRIMARY SCHOOL,PRIVATE,CENTRAL,MARAGUA,KIGUMO,KIGUMO,KIGUMO,MURANG'A,,-0.8,37
KAGIRA MEMORIAL ACADEMY PRI SCH,PRIMARY SCHOOL,PRIVATE,CENTRAL,THIKA,GATANGA,KIGORO,GATANGA,MURANG'A,,-0.83,36.88
GRACE FOUNTAIN ACADEMY PRI SCH,PRIMARY SCHOOL,PRIVATE,CENTRAL,THIKA,GATANGA,KIGORO,GATANGA,MURANG'A,,-0.86,36.9
ST ABRAHAM PREPARATORY SCH,PRIMARY SCHOOL,PRIVATE,CENTRAL,KIRINYAGA,NDIA,MUKURE,NDIA,KIRINYAGA,,-0.5,37.2
ST PATRICKS KAMUTHAMBI ACADEMY,PRIMARY SCHOOL,PRIVATE,CENTRAL,KIRINYAGA,NDIA,KANYEKIINE,KERUGOYA/KUTUS,KIRINYAGA,,-0.56,37.28
ST TERESA  ACADEMY,PRIMARY SCHOOL,PRIVATE,CENTRAL,KIRINYAGA,NDIA,KANYEKIINE,KERUGOYA/KUTUS,KIRINYAGA,,-0.54,37.26
LEADERS SCHOOL,PRIMARY SCHOOL,PRIVATE,CENTRAL,KIRINYAGA,NDIA,KANYEKIINE,KERUGOYA/KUTUS,KIRINYAGA,,-0.52,37.25
ARISE AND SHINE,PRIMARY SCHOOL,PRIVATE,CENTRAL,KIRINYAGA,NDIA,KANYEKIINE,KERUGOYA/KUTUS,KIRINYAGA,,-0.51,37.24
THOMSONS FALLS APEX PRIMARY,PRIMARY SCHOOL,PRIVATE,CENTRAL,NYANDARUA,OL JORO OROK,WERU,OL_KALOU,NYANDARUA,,-0.15,36.39
ROYAL ACADEMY,PRIMARY SCHOOL,PRIVATE,CENTRAL,KIRINYAGA,NDIA,MUTIRA,KERUGOYA/KUTUS,KIRINYAGA,,-0.5,37.24
FACTORY SITE SCH,PRIMARY SCHOOL,PRIVATE,CENTRAL,THIKA,KAMWANGI,GITHOBIKONI,GATUNDU NORTH,KIAMBU,,-0.9,36.8
MARYLAND JUNIOR ACADEMY PRIMARY,PRIMARY SCHOOL,PRIVATE,CENTRAL,NYANDARUA,OL JORO OROK,WERU,OL_KALOU,NYANDARUA,,-0.13,36.38
SUMMIT ACADEMY,PRIMARY SCHOOL,PRIVATE,CENTRAL,KIRINYAGA,NDIA,MUTIRA,KERUGOYA/KUTUS,KIRINYAGA,,-0.48,37.24
KASUKU SENIOR SCH,PRIMARY SCHOOL,PRIVATE,CENTRAL,NYANDARUA,OL JORO OROK,WERU,OL_KALOU,NYANDARUA,,-0.13,36.38
KASUKU PCEA PRI,PRIMARY SCHOOL,PRIVATE,CENTRAL,NYANDARUA,OL JORO OROK,WERU,OL_KALOU,NYANDARUA,,-0.12,36.37
KAGUMO HIGHWAY PRI,PRIMARY SCHOOL,PRIVATE,CENTRAL,KIRINYAGA,NDIA,MUTIRA,KERUGOYA/KUTUS,KIRINYAGA,,-0.48,37.23
KAGUMO CENTRAL ACADEMY,PRIMARY SCHOOL,PRIVATE,CENTRAL,KIRINYAGA,NDIA,MUTIRA,KERUGOYA/KUTUS,KIRINYAGA,,-0.48,37.23
SUPERSHINE JUNIOR SCH,PRIMARY SCHOOL,PRIVATE,CENTRAL,NYANDARUA,OL JORO OROK,WERU,OL_KALOU,NYANDARUA,,-0.11,36.37
GEOFF ACADEMY,PRIMARY SCHOOL,PRIVATE,CENTRAL,KIRINYAGA,NDIA,MUTIRA,KERUGOYA/KUTUS,KIRINYAGA,,-0.47,37.24
KANYONI TOWNSHIP PRI SCH,PRIMARY SCHOOL,PRIVATE,CENTRAL,THIKA,KAMWANGI,GITUAMBA,GATUNDU NORTH,KIAMBU,,-0.92,36.85
JUFRED PRI,PRIMARY SCHOOL,PRIVATE,CENTRAL,KIRINYAGA,NDIA,MUTIRA,KERUGOYA/KUTUS,KIRINYAGA,,-0.47,37.24
JOYFIELD OL JOROOROK PRI,PRIMARY SCHOOL,PRIVATE,CENTRAL,NYANDARUA,OL JORO OROK,WERU,OL_KALOU,NYANDARUA,,-0.07,36.37
RIGHT VISION DAY AND BOARDING PRI SCH,PRIMARY SCHOOL,PRIVATE,CENTRAL,THIKA,KAMWANGI,GITUAMBA,GATUNDU NORTH,KIAMBU,,-0.91,36.84
KAGUMO BARAKA ACADEMY,PRIMARY SCHOOL,PRIVATE,CENTRAL,KIRINYAGA,NDIA,MUTIRA,KERUGOYA/KUTUS,KIRINYAGA,,-0.47,37.23
GATIA MAKUYU TOWNSHIP ACADEMY,PRIMARY SCHOOL,PRIVATE,CENTRAL,MARAGUA,MAKUYU,MAKUYU,MARAGWA,MURANG'A,,-0.9,37.19
NDIWA PRI,PRIMARY SCHOOL,PRIVATE,CENTRAL,NYANDARUA,OL JORO OROK,GATANJE,OL_KALOU,NYANDARUA,,-0.04,36.32
ST JOHN MAKUYU PRIVATE ACADEMY,PRIMARY SCHOOL,PRIVATE,CENTRAL,MARAGUA,MAKUYU,MAKUYU,MARAGWA,MURANG'A,,-0.89,37.19
IGANJO PRIMARY SCHOOL,PRIMARY SCHOOL,PRIVATE,CENTRAL,NYANDARUA,OL JORO OROK,GATANJE,OL_KALOU,NYANDARUA,,-0.04,36.29
NDIKO GREENVIEW ACADEMY,PRIMARY SCHOOL,PRIVATE,CENTRAL,THIKA,KAMWANGI,GITHOBIKONI,GATUNDU NORTH,KIAMBU,,-0.9,36.82
ST JOHN'S KIGORO,PRIMARY SCHOOL,PRIVATE,CENTRAL,THIKA,GATANGA,KIGORO,GATANGA,MURANG'A,,-0.85,36.89
RE-EBENEZER PRIMARY,PRIMARY SCHOOL,PRIVATE,CENTRAL,NYANDARUA,OL JORO OROK,GATANJE,OL_KALOU,NYANDARUA,,-0.08,36.29
MELODY BELLS PRIMARY,PRIMARY SCHOOL,PRIVATE,CENTRAL,NYANDARUA,OL JORO OROK,GATANJE,OL_KALOU,NYANDARUA,,-0.06,36.32
AIPCA ST DANIEL PRI SCH,PRIMARY SCHOOL,PRIVATE,CENTRAL,THIKA,KAMWANGI,GITHOBIKONI,GATUNDU NORTH,KIAMBU,,-0.89,36.81
ST ANNE'S GAKOE PRI SCH,PRIMARY SCHOOL,PRIVATE,CENTRAL,THIKA,KAMWANGI,GITHOBIKONI,GATUNDU NORTH,KIAMBU,,-0.89,36.8
GATHUTHUMA ALL SAINTS ACADEMY,PRIMARY SCHOOL,PRIVATE,CENTRAL,KIRINYAGA,NDIA,MUTIRA,KERUGOYA/KUTUS,KIRINYAGA,,-0.44,37.22
KAREWA ACADEMY PRIMARY SCHOOL,PRIMARY SCHOOL,PRIVATE,CENTRAL,NYANDARUA,OL JORO OROK,GATANJE,OL_KALOU,NYANDARUA,,-0.07,36.33
ST STEPHENS GATHERA ACADEMY,PRIMARY SCHOOL,PRIVATE,CENTRAL,KIRINYAGA,NDIA,MUTIRA,KERUGOYA/KUTUS,KIRINYAGA,,-0.45,37.23
YOUNG TREMEDOUS ACADEMY,PRIMARY SCHOOL,PRIVATE,CENTRAL,KIRINYAGA,NDIA,MUTIRA,KERUGOYA/KUTUS,KIRINYAGA,,-0.43,37.24
GLORIOUS BELLS ACADEMY PRIMARY,PRIMARY SCHOOL,PRIVATE,CENTRAL,NYANDARUA,OL JORO OROK,GATANJE,OL_KALOU,NYANDARUA,,-0.09,36.31
ST MARGARET ACADEMY  PRI SCH,PRIMARY SCHOOL,PRIVATE,CENTRAL,THIKA,RUIRU,RUIRU,JUJA,KIAMBU,,-1.21,36.92
MWAGU PREMIER ACADEMY PRI SCH,PRIMARY SCHOOL,PRIVATE,CENTRAL,THIKA,GATANGA,KARIARA,GATANGA,MURANG'A,,-0.86,36.84
KAMAHUHA MUNYAKA ACADEMY PRI,PRIMARY SCHOOL,PRIVATE,CENTRAL,MARAGUA,MAKUYU,KAMAHUHA,MARAGWA,MURANG'A,,-0.84,37.18
DESTINY DOWNS ACADEMY PRIMARY,PRIMARY SCHOOL,PRIVATE,CENTRAL,NYANDARUA,OL JORO OROK,OL JORO OROK,OL_KALOU,NYANDARUA,,-0.13,36.28
GESRO JUNIOR ACADEMY  PRI SCH,PRIMARY SCHOOL,PRIVATE,CENTRAL,THIKA,RUIRU,RUIRU,JUJA,KIAMBU,,-1.2,36.92
EXCEL ACADEMY PRI SCH,PRIMARY SCHOOL,PRIVATE,CENTRAL,THIKA,RUIRU,RUIRU,JUJA,KIAMBU,,-1.2,36.92
KIARUTARA ACADEMY PRI SCH,PRIMARY SCHOOL,PRIVATE,CENTRAL,THIKA,GATANGA,KARIARA,GATANGA,MURANG'A,,-0.86,36.82
LILY ACADEMY PRI SCH,PRIMARY SCHOOL,PRIVATE,CENTRAL,THIKA,RUIRU,RUIRU,JUJA,KIAMBU,,-1.2,36.92
CANAAN PREP SCH,PRIMARY SCHOOL,PRIVATE,CENTRAL,MARAGUA,MAKUYU,KAMAHUHA,MARAGWA,MURANG'A,,-0.83,37.18
KIGUMO TOWNSHIP ACADEMY PRI,PRIMARY SCHOOL,PRIVATE,CENTRAL,MARAGUA,KIGUMO,KIGUMO,KIGUMO,MURANG'A,,-0.8,36.97
ST PHILIPS ACADEMY PRI,PRIMARY SCHOOL,PRIVATE,CENTRAL,THIKA,GATANGA,KARIARA,GATANGA,MURANG'A,,-0.85,36.8
AIC NGANO  ACADEMY PRIMARY SCH.,PRIMARY SCHOOL,PRIVATE,CENTRAL,NYANDARUA,OL JORO OROK,GATANJE,OL_KALOU,NYANDARUA,,-0.11,36.27
HIGH VIEW ACADEMY PRI SCH,PRIMARY SCHOOL,PRIVATE,CENTRAL,THIKA,RUIRU,RUIRU,JUJA,KIAMBU,,-1.21,36.92
CLANNE ACADEMY PRI SCH,PRIMARY SCHOOL,PRIVATE,CENTRAL,THIKA,RUIRU,RUIRU,JUJA,KIAMBU,,-1.21,36.93
MOZA JUNIOR ACADEMY  PRI SCH,PRIMARY SCHOOL,PRIVATE,CENTRAL,THIKA,RUIRU,RUIRU,JUJA,KIAMBU,,-1.2,36.93
HIRAM MEMORIAL ACADEMY PRI,PRIMARY SCHOOL,PRIVATE,CENTRAL,MARAGUA,KIGUMO,KIGUMO,KIGUMO,MURANG'A,,-0.8,36.96
RECO EDUCATION CENTRE  PRI SCH,PRIMARY SCHOOL,PRIVATE,CENTRAL,THIKA,RUIRU,RUIRU,JUJA,KIAMBU,,-1.2,36.93
FOUNTAIN VIEW ACADEMY  PRI SCH,PRIMARY SCHOOL,PRIVATE,CENTRAL,THIKA,RUIRU,RUIRU,JUJA,KIAMBU,,-1.2,36.93
ST JOANS MARAGUA ACADEMY,PRIMARY SCHOOL,PRIVATE,CENTRAL,MARAGUA,MARAGUA,MARAGUA RIDGE,MARAGWA,MURANG'A,,-0.76,37.17
MARY MOTHER OF WISDOM PRIMARY,PRIMARY SCHOOL,PRIVATE,CENTRAL,NYANDARUA,OL JORO OROK,GATANJE,OL_KALOU,NYANDARUA,,-0.05,36.26
ST PATRIC MUTHANI PRI,PRIMARY SCHOOL,PRIVATE,CENTRAL,THIKA,GATANGA,KARIARA,GATANGA,MURANG'A,,-0.84,36.83
ST HELLEN ACADEMY,PRIMARY SCHOOL,PRIVATE,CENTRAL,THIKA,RUIRU,RUIRU,JUJA,KIAMBU,,-1.21,36.93
REALWOOD ACADEMY  PRI SCH,PRIMARY SCHOOL,PRIVATE,CENTRAL,THIKA,RUIRU,RUIRU,JUJA,KIAMBU,,-1.21,36.93
ST.MARK VALLEY-LAND PRIMARY,PRIMARY SCHOOL,PRIVATE,CENTRAL,NYANDARUA,OL JORO OROK,GATANJE,OL_KALOU,NYANDARUA,,-0.03,36.26
MARPHIL JUNIOR ACADEMY,PRIMARY SCHOOL,PRIVATE,CENTRAL,NYANDARUA,OL JORO OROK,GATANJE,OL_KALOU,NYANDARUA,,-0.01,36.28
SHINING GLORY PRI SCH,PRIMARY SCHOOL,PRIVATE,CENTRAL,THIKA,RUIRU,RUIRU,JUJA,KIAMBU,,-1.21,36.93
SIMON-PETER PRI,PRIMARY SCHOOL,PRIVATE,CENTRAL,MARAGUA,KIGUMO,KIGUMO,KIGUMO,MURANG'A,,-0.78,36.97
LIAN ACADEMY  PRI SCH,PRIMARY SCHOOL,PRIVATE,CENTRAL,THIKA,RUIRU,RUIRU,JUJA,KIAMBU,,-1.21,36.93
ST. EDWIN'S ACADEMY,PRIMARY SCHOOL,PRIVATE,CENTRAL,THIKA,GATANGA,KARIARA,GATANGA,MURANG'A,,-0.84,36.86
ELITE M.G ACADEMY PRI SCH,PRIMARY SCHOOL,PRIVATE,CENTRAL,THIKA,GATANGA,KIGORO,GATANGA,MURANG'A,,-0.87,36.91
HILL RIDGE ACADEMY,PRIMARY SCHOOL,PRIVATE,CENTRAL,MARAGUA,KIGUMO,KIGUMO,KIGUMO,MURANG'A,,-0.78,36.97
INLAND ACADEMY  PRI SCH,PRIMARY SCHOOL,PRIVATE,CENTRAL,THIKA,RUIRU,RUIRU,JUJA,KIAMBU,,-1.2,36.93
ST FRANCIS PEAK ACADEMY PRI,PRIMARY SCHOOL,PRIVATE,CENTRAL,MARAGUA,KIGUMO,KIGUMO,KIGUMO,MURANG'A,,-0.8,37.01
PIVOT PREPARATORY SCH,PRIMARY SCHOOL,PRIVATE,CENTRAL,NYANDARUA,OL JORO OROK,GATANJE,OL_KALOU,NYANDARUA,,-0.02,36.31
USHINDI PRI,PRIMARY SCHOOL,PRIVATE,CENTRAL,MARAGUA,KIGUMO,KIGUMO,KIGUMO,MURANG'A,,-0.79,37
FADHILI JUNIOR SCH,PRIMARY SCHOOL,PRIVATE,CENTRAL,THIKA,RUIRU,RUIRU,JUJA,KIAMBU,,-1.2,36.94
BEMAR  PRI  SCH,PRIMARY SCHOOL,PRIVATE,CENTRAL,THIKA,GATANGA,GATANGA,GATANGA,MURANG'A,,-0.97,36.98
KAMUGUNDA PRI SCH,PRIMARY SCHOOL,PRIVATE,CENTRAL,NYANDARUA,OL JORO OROK,GATANJE,OL_KALOU,NYANDARUA,,-0.02,36.31
JOSU ACADEMY  PRI SCH,PRIMARY SCHOOL,PRIVATE,CENTRAL,THIKA,RUIRU,RUIRU,JUJA,KIAMBU,,-1.21,36.94
SABASABA PREP PRI,PRIMARY SCHOOL,PRIVATE,CENTRAL,MARAGUA,MAKUYU,KAMAHUHA,MARAGWA,MURANG'A,,-0.87,37.15
ST. PIUS EDUCATION CENTRE PRIU,PRIMARY SCHOOL,PRIVATE,CENTRAL,MARAGUA,KIGUMO,KANGARI,KIGUMO,MURANG'A,,-0.8,36.93
BRIGHTSTAR ACADEMY PRI,PRIMARY SCHOOL,PRIVATE,CENTRAL,MARAGUA,KANDARA,ITHIRU,KANDARA,MURANG'A,,-0.88,36.98
GEOGRACE CHRISTIAN ACADEMY,PRIMARY SCHOOL,PRIVATE,CENTRAL,THIKA,RUIRU,RUIRU,JUJA,KIAMBU,,-1.21,36.97
ST. MONICA GIATUTU ACADEMY,PRIMARY SCHOOL,PRIVATE,CENTRAL,THIKA,GATANGA,GATANGA,GATANGA,MURANG'A,,-0.97,36.97
OLKALAU ST.PETERS ACADEMY PRI.,PRIMARY SCHOOL,PRIVATE,CENTRAL,NYANDARUA,OL KALOU,KAIMBAGA,OL_KALOU,NYANDARUA,,-0.27,36.38
ST PAULS JUNIOR ACADEMY PRI SCH,PRIMARY SCHOOL,PRIVATE,CENTRAL,THIKA,RUIRU,RUIRU,JUJA,KIAMBU,,-1.2,36.97
RANGES VIEW ACADEMY PRIMARY,PRIMARY SCHOOL,PRIVATE,CENTRAL,NYANDARUA,OL KALOU,RURII,OL_KALOU,NYANDARUA,,-0.23,36.38
JECY ACADEMY  PRI SCH,PRIMARY SCHOOL,PRIVATE,CENTRAL,THIKA,RUIRU,RUIRU,JUJA,KIAMBU,,-1.2,36.96
BERAN SABASABA ACADEMY PRI,PRIMARY SCHOOL,PRIVATE,CENTRAL,MARAGUA,MAKUYU,KAMAHUHA,MARAGWA,MURANG'A,,-0.87,37.14
ST. EMILY PRI SCH,PRIMARY SCHOOL,PRIVATE,CENTRAL,MARAGUA,KIGUMO,KANGARI,KIGUMO,MURANG'A,,-0.78,36.91
SATIMA ACADEMY PRIMARY,PRIMARY SCHOOL,PRIVATE,CENTRAL,NYANDARUA,OL KALOU,RURII,OL_KALOU,NYANDARUA,,-0.22,36.38
PEMUGA COMPLEX,PRIMARY SCHOOL,PRIVATE,CENTRAL,NYERI,MATHIRA,KIRIMUKUYU,MATHIRA,NYERI,,-0.43,37.08
PEMA CENTRAL ACADEMY,PRIMARY SCHOOL,PRIVATE,CENTRAL,NYERI,MATHIRA,KIRIMUKUYU,MATHIRA,NYERI,,-0.44,37.06
FOUNDATION OF HOPE PRI,PRIMARY SCHOOL,PRIVATE,CENTRAL,MARAGUA,KANDARA,ITHIRU,KANDARA,MURANG'A,,-0.87,36.99
KANGARI TOWNSHIP PRI,PRIMARY SCHOOL,PRIVATE,CENTRAL,MARAGUA,KIGUMO,KANGARI,KIGUMO,MURANG'A,,-0.78,36.86
MUGI ACADEMY PRI,PRIMARY SCHOOL,PRIVATE,CENTRAL,THIKA,GATANGA,GATANGA,GATANGA,MURANG'A,,-0.89,36.89
BRILLIANTIN JUNIOR ACADEMY  PRI SCH,PRIMARY SCHOOL,PRIVATE,CENTRAL,THIKA,RUIRU,RUIRU,JUJA,KIAMBU,,-1.21,36.97
JOYKAM JUNIOR ACADEMY  PRI SCH,PRIMARY SCHOOL,PRIVATE,CENTRAL,THIKA,RUIRU,RUIRU,JUJA,KIAMBU,,-1.21,36.94
ARCH BISHOP KIRIMA ACADEMY,PRIMARY SCHOOL,PRIVATE,CENTRAL,NYERI,MATHIRA,NGORANO,MATHIRA,NYERI,,-0.42,37.05
ST ANSELM  PRI SCH,PRIMARY SCHOOL,PRIVATE,CENTRAL,THIKA,RUIRU,RUIRU,JUJA,KIAMBU,,-1.2,36.94
KAGONGO JUNIOR ACADEMY PRI,PRIMARY SCHOOL,PRIVATE,CENTRAL,MARAGUA,KIGUMO,KINYONA,KIGUMO,MURANG'A,,-0.76,36.93
ELICE JUNIOR ACADEMY PRIM,PRIMARY SCHOOL,PRIVATE,CENTRAL,MARAGUA,MARAGUA,MUTHITHI,KIGUMO,MURANG'A,,-0.84,37.09
FUTURE GUIDERS ACADEMY  PRI SCH,PRIMARY SCHOOL,PRIVATE,CENTRAL,THIKA,RUIRU,RUIRU,JUJA,KIAMBU,,-1.21,36.93
LIGHT ANGEL ACADEMY  PRI SCH,PRIMARY SCHOOL,PRIVATE,CENTRAL,THIKA,RUIRU,RUIRU,JUJA,KIAMBU,,-1.21,36.93
ST. CHARLES ACADEMY PRI,PRIMARY SCHOOL,PRIVATE,CENTRAL,MARAGUA,KANDARA,ITHIRU,KANDARA,MURANG'A,,-0.88,37.01
BRIGHT STARS ACADEMY  PRI SCH,PRIMARY SCHOOL,PRIVATE,CENTRAL,THIKA,GATANGA,GATANGA,GATANGA,MURANG'A,,-0.93,36.93
ST KIMURI ACADEMY PRI,PRIMARY SCHOOL,PRIVATE,CENTRAL,MARAGUA,MARAGUA,MUTHITHI,KIGUMO,MURANG'A,,-0.83,37.07
GREENVALE PARADISE PRI,PRIMARY SCHOOL,PRIVATE,CENTRAL,MARAGUA,KIGUMO,KINYONA,KIGUMO,MURANG'A,,-0.75,36.88
KIRWARA JUNIOR ACADEMY PRI SCH,PRIMARY SCHOOL,PRIVATE,CENTRAL,THIKA,GATANGA,GATANGA,GATANGA,MURANG'A,,-0.92,36.94
DUNJOS ACADEMY,PRIMARY SCHOOL,PRIVATE,CENTRAL,NYERI,MATHIRA,RUGURU,MATHIRA,NYERI,,-0.38,37.09
EMANUEL LEARNING CENTRE,PRIMARY SCHOOL,PRIVATE,CENTRAL,THIKA,GATANGA,GATANGA,GATANGA,MURANG'A,,-0.94,36.96
LELA ACADEMY PRI,PRIMARY SCHOOL,PRIVATE,CENTRAL,NYERI,MATHIRA,RUGURU,MATHIRA,NYERI,,-0.37,37.08
GIKONDI VICTORY ACADEMY PRI,PRIMARY SCHOOL,PRIVATE,CENTRAL,MARAGUA,MARAGUA,MUTHITHI,KIGUMO,MURANG'A,,-0.81,37.03
BROOKS ACADEMY PRI,PRIMARY SCHOOL,PRIVATE,CENTRAL,MARAGUA,KIGUMO,KINYONA,KIGUMO,MURANG'A,,-0.75,36.82
NYANA HILLS ACADEMY,PRIMARY SCHOOL,PRIVATE,CENTRAL,NYERI,MATHIRA,RUGURU,MATHIRA,NYERI,,-0.36,37.08
JOY-TO-ALL ACADEMY  PRI SCH,PRIMARY SCHOOL,PRIVATE,CENTRAL,THIKA,KAMWANGI,MANGU,GATUNDU NORTH,KIAMBU,,-0.99,36.97
JOY LAND ACADEMY PRI SCH,PRIMARY SCHOOL,PRIVATE,CENTRAL,THIKA,GATANGA,GATANGA,GATANGA,MURANG'A,,-0.96,36.99
FURAHA PRI,PRIMARY SCHOOL,PRIVATE,CENTRAL,MARAGUA,KIGUMO,KINYONA,KIGUMO,MURANG'A,,-0.76,36.87
JOY-TO-ALL ACADEMY  PRI SCH,PRIMARY SCHOOL,PRIVATE,CENTRAL,THIKA,KAMWANGI,MANGU,GATUNDU NORTH,KIAMBU,,-0.99,36.97
BRIGHT FUTURE ACADEMY PRI,PRIMARY SCHOOL,PRIVATE,CENTRAL,MARAGUA,KIGUMO,KINYONA,KIGUMO,MURANG'A,,-0.76,36.87
KOU HILL ACADEMY,PRIMARY SCHOOL,PRIVATE,CENTRAL,THIKA,GATANGA,GATANGA,GATANGA,MURANG'A,,-0.96,36.99
KIRANGA EBENEZER PRI SCH,PRIMARY SCHOOL,PRIVATE,CENTRAL,MARAGUA,KANDARA,MURUKA,KANDARA,MURANG'A,,-0.91,37.03
VISIONS PRI SCH,PRIMARY SCHOOL,PRIVATE,CENTRAL,THIKA,KAMWANGI,MANGU,GATUNDU NORTH,KIAMBU,,-0.99,36.97
JOESKA ACADEMY,PRIMARY SCHOOL,PRIVATE,CENTRAL,THIKA,GATANGA,GATANGA,GATANGA,MURANG'A,,-0.96,36.99
FOUNTAIN OF KNOWLEDGE MAKWA  PRI SCH,PRIMARY SCHOOL,PRIVATE,CENTRAL,THIKA,KAMWANGI,CHANIA,GATUNDU NORTH,KIAMBU,,-0.97,36.96
BRAINSTON ACADEMY,PRIMARY SCHOOL,PRIVATE,CENTRAL,THIKA,RUIRU,RUIRU,JUJA,KIAMBU,,-1.21,36.92
BENESER PRI SCH,PRIMARY SCHOOL,PRIVATE,CENTRAL,MARAGUA,KIGUMO,KINYONA,KIGUMO,MURANG'A,,-0.75,36.83
MAKWA LUCKYSTAR ACADEMY,PRIMARY SCHOOL,PRIVATE,CENTRAL,THIKA,KAMWANGI,CHANIA,GATUNDU NORTH,KIAMBU,,-0.97,36.96
KANGARE UPCOUNTRY ACADEMY PRI,PRIMARY SCHOOL,PRIVATE,CENTRAL,MARAGUA,KANDARA,RUCHU,KANDARA,MURANG'A,,-0.8,36.88
UNITY SCH PRI,PRIMARY SCHOOL,PRIVATE,CENTRAL,THIKA,RUIRU,RUIRU,JUJA,KIAMBU,,-1.2,36.93
TORRENS ACADEMY  PRI SCH,PRIMARY SCHOOL,PRIVATE,CENTRAL,THIKA,RUIRU,RUIRU,JUJA,KIAMBU,,-1.2,36.93
MAKWA RESTORATION ACADEMY,PRIMARY SCHOOL,PRIVATE,CENTRAL,THIKA,KAMWANGI,CHANIA,GATUNDU NORTH,KIAMBU,,-0.97,36.96
GOOD TIMES ACADEMY PRI SCH,PRIMARY SCHOOL,PRIVATE,CENTRAL,THIKA,KAMWANGI,MANGU,GATUNDU NORTH,KIAMBU,,-0.98,36.96
KANGARI PREP SCH,PRIMARY SCHOOL,PRIVATE,CENTRAL,MARAGUA,KIGUMO,KANGARI,KIGUMO,MURANG'A,,-0.79,36.88
KANYAMA ACADEMY PRI SCH,PRIMARY SCHOOL,PRIVATE,CENTRAL,MARAGUA,KANDARA,MURUKA,KANDARA,MURANG'A,,-0.94,37.01
ST. CHRISTINE ACADEMY PRI SCH,PRIMARY SCHOOL,PRIVATE,CENTRAL,MARAGUA,KANDARA,MURUKA,KANDARA,MURANG'A,,-0.95,37.03
WAMINNE WINNERS ACADEMY PRI SCH,PRIMARY SCHOOL,PRIVATE,CENTRAL,THIKA,KAMWANGI,MANGU,GATUNDU NORTH,KIAMBU,,-1,36.95
WANJO JUNIOR ACADEMY PRI SCH,PRIMARY SCHOOL,PRIVATE,CENTRAL,MARAGUA,KANDARA,MURUKA,KANDARA,MURANG'A,,-0.95,37.03
MOONLIGHT ACADEMY  PRI SCH,PRIMARY SCHOOL,PRIVATE,CENTRAL,THIKA,KAMWANGI,MANGU,GATUNDU NORTH,KIAMBU,,-0.99,36.95
CATHY'S ACADEMY PRI SCH,PRIMARY SCHOOL,PRIVATE,CENTRAL,MARAGUA,KANDARA,MURUKA,KANDARA,MURANG'A,,-0.96,37.04
KABATI CENTRAL PRI,PRIMARY SCHOOL,PRIVATE,CENTRAL,MARAGUA,KAKUZI,MITUMBIRI,GATANGA,MURANG'A,,-0.95,37.11
VISIONS JOY ACADEMY  PRI SCH,PRIMARY SCHOOL,PRIVATE,CENTRAL,THIKA,KAMWANGI,MANGU,GATUNDU NORTH,KIAMBU,,-0.99,36.96
KABATI JUNIOR ACADEMY PRI,PRIMARY SCHOOL,PRIVATE,CENTRAL,MARAGUA,KANDARA,KAGUNDUINI,KANDARA,MURANG'A,,-0.95,37.1
ST THOMAS ACADEMY,PRIMARY SCHOOL,PRIVATE,CENTRAL,THIKA,KAMWANGI,MANGU,GATUNDU NORTH,KIAMBU,,-0.97,36.93
AIPCA KARURE ACADEMY PRI SCH,PRIMARY SCHOOL,PRIVATE,CENTRAL,THIKA,KAMWANGI,MANGU,GATUNDU NORTH,KIAMBU,,-0.97,36.93
IGEGANA MWANGAZA ACADEMY  PRI SCH,PRIMARY SCHOOL,PRIVATE,CENTRAL,THIKA,KAMWANGI,MANGU,GATUNDU NORTH,KIAMBU,,-0.98,36.93
GICHONJONI PRI,PRIMARY SCHOOL,PRIVATE,CENTRAL,KIRINYAGA,GICHUGU,NJUKIINI,GICHUGU,KIRINYAGA,,-0.53,37.39
ST THOMAS NGAMBU ACADEMY PRI SCH,PRIMARY SCHOOL,PRIVATE,CENTRAL,MARAGUA,KANDARA,KAGUNDUINI,KANDARA,MURANG'A,,-0.92,37.09
GOODLUCK PRI SCH,PRIMARY SCHOOL,PRIVATE,CENTRAL,THIKA,KAMWANGI,CHANIA,GATUNDU NORTH,KIAMBU,,-0.96,36.9
JOYFUL SPRINGS ACADEMY,PRIMARY SCHOOL,PRIVATE,CENTRAL,MARAGUA,KANDARA,KAGUNDUINI,KANDARA,MURANG'A,,-0.91,37.08
NEWLIFE JUNIOR ACADEMY PRI SCH,PRIMARY SCHOOL,PRIVATE,CENTRAL,THIKA,KAMWANGI,MANGU,GATUNDU NORTH,KIAMBU,,-0.97,36.92
HIGH VISIONED BOYS,PRIMARY SCHOOL,PRIVATE,CENTRAL,KIRINYAGA,CENTRAL-KIRINYAGA,KUTUS,MWEA,KIRINYAGA,,-0.57,37.32
PREMIER PREPARATORY SCH MBIRI,PRIMARY SCHOOL,PRIVATE,CENTRAL,KIRINYAGA,GICHUGU,NJUKIINI,GICHUGU,KIRINYAGA,,-0.5,37.4
KUTUS MUSLIM PRI,PRIMARY SCHOOL,PRIVATE,CENTRAL,KIRINYAGA,CENTRAL-KIRINYAGA,KUTUS,MWEA,KIRINYAGA,,-0.57,37.32
ROKWAN JUNIOR ACADEMY,PRIMARY SCHOOL,PRIVATE,CENTRAL,THIKA,KAMWANGI,MANGU,GATUNDU NORTH,KIAMBU,,-0.99,36.94
MBIRI MAARIFA ACADEMY,PRIMARY SCHOOL,PRIVATE,CENTRAL,KIRINYAGA,GICHUGU,NJUKIINI,GICHUGU,KIRINYAGA,,-0.5,37.4
KIANJIRU FGCK,PRIMARY SCHOOL,PRIVATE,CENTRAL,KIRINYAGA,CENTRAL-KIRINYAGA,KUTUS,MWEA,KIRINYAGA,,-0.56,37.37
REV MUSA MUMAI ACADEMY,PRIMARY SCHOOL,PRIVATE,CENTRAL,KIRINYAGA,CENTRAL-KIRINYAGA,KUTUS,MWEA,KIRINYAGA,,-0.56,37.33
ARCH BISHOP MIANO ACADEMY,PRIMARY SCHOOL,PRIVATE,CENTRAL,KIRINYAGA,GICHUGU,NJUKIINI,GICHUGU,KIRINYAGA,,-0.49,37.39
SKYLIMIT ACADEMY KUTUS,PRIMARY SCHOOL,PRIVATE,CENTRAL,KIRINYAGA,GICHUGU,KABARE,GICHUGU,KIRINYAGA,,-0.56,37.33
KIAMUTUGU BLESSED ACADEMY,PRIMARY SCHOOL,PRIVATE,CENTRAL,KIRINYAGA,GICHUGU,NGARIAMA,GICHUGU,KIRINYAGA,,-0.47,37.39
ST LOUIS ACADEMY,PRIMARY SCHOOL,PRIVATE,CENTRAL,KIRINYAGA,CENTRAL-KIRINYAGA,KOROMA,KERUGOYA/KUTUS,KIRINYAGA,,-0.57,37.31
KIAMUTUGU JUNIOR ACADEMY,PRIMARY SCHOOL,PRIVATE,CENTRAL,KIRINYAGA,GICHUGU,NGARIAMA,GICHUGU,KIRINYAGA,,-0.47,37.39
MASTER EDUCATION CENTRE,PRIMARY SCHOOL,PRIVATE,CENTRAL,KIRINYAGA,CENTRAL-KIRINYAGA,KOROMA,KERUGOYA/KUTUS,KIRINYAGA,,-0.57,37.31
KUTUS MUNICIPALITY PRI,PRIMARY SCHOOL,PRIVATE,CENTRAL,KIRINYAGA,MWEA,KANGAI,MWEA,KIRINYAGA,,-0.57,37.31
GATUTO ROADSIDE ACADEMY,PRIMARY SCHOOL,PRIVATE,CENTRAL,KIRINYAGA,CENTRAL-KIRINYAGA,KOROMA,KERUGOYA/KUTUS,KIRINYAGA,,-0.58,37.3
GOODWALK JUNIOR ACADEMY,PRIMARY SCHOOL,PRIVATE,CENTRAL,KIRINYAGA,GICHUGU,NGARIAMA,GICHUGU,KIRINYAGA,,-0.44,37.41
KANANGA ACADEMY,PRIMARY SCHOOL,PRIVATE,CENTRAL,KIRINYAGA,GICHUGU,NGARIAMA,GICHUGU,KIRINYAGA,,-0.43,37.4
ST FRANCIS PRI,PRIMARY SCHOOL,PRIVATE,CENTRAL,KIRINYAGA,CENTRAL-KIRINYAGA,KOROMA,KERUGOYA/KUTUS,KIRINYAGA,,-0.54,37.31
GITUMBI SDA PRI,PRIMARY SCHOOL,PRIVATE,CENTRAL,KIRINYAGA,GICHUGU,NGARIAMA,GICHUGU,KIRINYAGA,,-0.42,37.39
PRECIOUS COMPLEX ACADEMY,PRIMARY SCHOOL,PRIVATE,CENTRAL,KIRINYAGA,CENTRAL-KIRINYAGA,KOROMA,KERUGOYA/KUTUS,KIRINYAGA,,-0.53,37.3
ST JAMES ACADEMY,PRIMARY SCHOOL,PRIVATE,CENTRAL,KIRINYAGA,GICHUGU,NGARIAMA,GICHUGU,KIRINYAGA,,-0.42,37.39
WAMUGI ACADEMY,PRIMARY SCHOOL,PRIVATE,CENTRAL,KIRINYAGA,CENTRAL-KIRINYAGA,KOROMA,KERUGOYA/KUTUS,KIRINYAGA,,-0.54,37.28
ST LUKES ACADEMY,PRIMARY SCHOOL,PRIVATE,CENTRAL,KIRINYAGA,GICHUGU,NGARIAMA,GICHUGU,KIRINYAGA,,-0.44,37.38
ST FRANCIS KIRINYAGA ACADEMY,PRIMARY SCHOOL,PRIVATE,CENTRAL,KIRINYAGA,CENTRAL-KIRINYAGA,KERUGOYA,KERUGOYA/KUTUS,KIRINYAGA,,-0.5,37.28
MIRACLE ACADEMY KAMUNGUNDA,PRIMARY SCHOOL,PRIVATE,CENTRAL,KIRINYAGA,GICHUGU,KARUMANDI,GICHUGU,KIRINYAGA,,-0.43,37.37
KIRINYAGA TOWNSHIP PRI,PRIMARY SCHOOL,PRIVATE,CENTRAL,KIRINYAGA,CENTRAL-KIRINYAGA,KERUGOYA,KERUGOYA/KUTUS,KIRINYAGA,,-0.51,37.29
THUMAITA GOODWISH ACADEMY,PRIMARY SCHOOL,PRIVATE,CENTRAL,KIRINYAGA,GICHUGU,KARUMANDI,GICHUGU,KIRINYAGA,,-0.43,37.37
KERUGOYA FRAMMAR JUNIOR,PRIMARY SCHOOL,PRIVATE,CENTRAL,KIRINYAGA,CENTRAL-KIRINYAGA,KERUGOYA,KERUGOYA/KUTUS,KIRINYAGA,,-0.51,37.28
KIBOTI HIGH HOPE ACADEMY,PRIMARY SCHOOL,PRIVATE,CENTRAL,KIRINYAGA,CENTRAL-KIRINYAGA,KERUGOYA,KERUGOYA/KUTUS,KIRINYAGA,,-0.51,37.28
HOLYWOOD ACADEMY,PRIMARY SCHOOL,PRIVATE,CENTRAL,KIRINYAGA,GICHUGU,KARUMANDI,GICHUGU,KIRINYAGA,,-0.45,37.37
TUMAINI CENTRAL ACADEMY,PRIMARY SCHOOL,PRIVATE,CENTRAL,KIRINYAGA,CENTRAL-KIRINYAGA,KERUGOYA,KERUGOYA/KUTUS,KIRINYAGA,,-0.52,37.29
MAENDELEO BOYS AND GIRLS CENTRE,PRIMARY SCHOOL,PRIVATE,CENTRAL,KIRINYAGA,CENTRAL-KIRINYAGA,KERUGOYA,KERUGOYA/KUTUS,KIRINYAGA,,-0.52,37.29
GLORYLAND ACADEMY,PRIMARY SCHOOL,PRIVATE,CENTRAL,KIRINYAGA,CENTRAL-KIRINYAGA,KERUGOYA,KERUGOYA/KUTUS,KIRINYAGA,,-0.5,37.29
KIMANDI PRI,PRIMARY SCHOOL,PRIVATE,CENTRAL,KIRINYAGA,CENTRAL-KIRINYAGA,KERUGOYA,KERUGOYA/KUTUS,KIRINYAGA,,-0.48,37.28
ST CHRISTPHERS ACADEMY,PRIMARY SCHOOL,PRIVATE,CENTRAL,KIRINYAGA,GICHUGU,KABARE,GICHUGU,KIRINYAGA,,-0.53,37.32
GRACIOUS JUNIOR ACADEMY,PRIMARY SCHOOL,PRIVATE,CENTRAL,KIRINYAGA,GICHUGU,KABARE,GICHUGU,KIRINYAGA,,-0.5,37.31
ALL SAINTS CENTRE GITUMBI,PRIMARY SCHOOL,PRIVATE,CENTRAL,KIRINYAGA,CENTRAL-KIRINYAGA,INOI,KERUGOYA/KUTUS,KIRINYAGA,,-0.45,37.27
ST JULIUS ACADEMY,PRIMARY SCHOOL,PRIVATE,CENTRAL,KIRINYAGA,GICHUGU,KABARE,GICHUGU,KIRINYAGA,,-0.48,37.31
ST JOSEPH ACADEMY KIANGOMBE,PRIMARY SCHOOL,PRIVATE,CENTRAL,KIRINYAGA,GICHUGU,KIRIMA,GICHUGU,KIRINYAGA,,-0.47,37.3
KANGAITA BRIGHT FIELD ACADEMY,PRIMARY SCHOOL,PRIVATE,CENTRAL,KIRINYAGA,CENTRAL-KIRINYAGA,INOI,KERUGOYA/KUTUS,KIRINYAGA,,-0.43,37.27
MARY IMMACULATE ACADEMY PRI,PRIMARY SCHOOL,PRIVATE,CENTRAL,KIRINYAGA,GICHUGU,KIRIMA,GICHUGU,KIRINYAGA,,-0.45,37.29
KANGAITA FOREST VIEW ACADEMY,PRIMARY SCHOOL,PRIVATE,CENTRAL,KIRINYAGA,CENTRAL-KIRINYAGA,INOI,KERUGOYA/KUTUS,KIRINYAGA,,-0.42,37.27
KIANGWENYI UPPERHILL ACADEMY,PRIMARY SCHOOL,PRIVATE,CENTRAL,KIRINYAGA,GICHUGU,KIRIMA,GICHUGU,KIRINYAGA,,-0.44,37.29
BY GOOD HOPE ACADEMY,PRIMARY SCHOOL,PRIVATE,CENTRAL,KIRINYAGA,GICHUGU,KIRIMA,GICHUGU,KIRINYAGA,,-0.44,37.29
ST JOSEPH ACADEMY,PRIMARY SCHOOL,PRIVATE,CENTRAL,KIRINYAGA,CENTRAL-KIRINYAGA,INOI,KERUGOYA/KUTUS,KIRINYAGA,,-0.42,37.26
BETHLEHEM JUDA NYAGITHUCI,PRIMARY SCHOOL,PRIVATE,CENTRAL,KIRINYAGA,GICHUGU,KIRIMA,GICHUGU,KIRINYAGA,,-0.42,37.28
MUTHARA PROGRESSIVE ACADEMY,PRIMARY SCHOOL,PRIVATE,CENTRAL,KIRINYAGA,CENTRAL-KIRINYAGA,INOI,KERUGOYA/KUTUS,KIRINYAGA,,-0.42,37.26
MJA ACADEMY,PRIMARY SCHOOL,PRIVATE,CENTRAL,KIRINYAGA,GICHUGU,KIRIMA,GICHUGU,KIRINYAGA,,-0.41,37.28
ACK KIAMWANGI ACADEMY,PRIMARY SCHOOL,PRIVATE,CENTRAL,KIRINYAGA,GICHUGU,KIRIMA,GICHUGU,KIRINYAGA,,-0.45,37.3
KAMURUANA HILL PREMIER ACADEMY,PRIMARY SCHOOL,PRIVATE,CENTRAL,KIRINYAGA,CENTRAL-KIRINYAGA,INOI,KERUGOYA/KUTUS,KIRINYAGA,,-0.45,37.26
JERUMBO ACADEMY,PRIMARY SCHOOL,PRIVATE,CENTRAL,KIRINYAGA,GICHUGU,KIRIMA,GICHUGU,KIRINYAGA,,-0.43,37.31
VICTORY ELITE ACADEMY,PRIMARY SCHOOL,PRIVATE,CENTRAL,KIRINYAGA,CENTRAL-KIRINYAGA,INOI,KERUGOYA/KUTUS,KIRINYAGA,,-0.46,37.25
ST MARY'S ACADEMY,PRIMARY SCHOOL,PRIVATE,CENTRAL,KIRINYAGA,GICHUGU,KIRIMA,GICHUGU,KIRINYAGA,,-0.43,37.31
KIRINYAGA COMPLEX ACADEMY PRI,PRIMARY SCHOOL,PRIVATE,CENTRAL,KIRINYAGA,CENTRAL-KIRINYAGA,KERUGOYA,KERUGOYA/KUTUS,KIRINYAGA,,-0.48,37.26
MUBURI CLASSIC ACADEMY,PRIMARY SCHOOL,PRIVATE,CENTRAL,KIRINYAGA,GICHUGU,KIRIMA,GICHUGU,KIRINYAGA,,-0.42,37.31
ST STEPHENS GREENFIELD ACADEMY,PRIMARY SCHOOL,PRIVATE,CENTRAL,KIRINYAGA,NDIA,MUTIRA,KERUGOYA/KUTUS,KIRINYAGA,,-0.49,37.25
BLESSED VISION ACADEMY,PRIMARY SCHOOL,PRIVATE,CENTRAL,KIRINYAGA,CENTRAL-KIRINYAGA,INOI,KERUGOYA/KUTUS,KIRINYAGA,,-0.49,37.26
GOODHOPE KIBINGO ACADEMY,PRIMARY SCHOOL,PRIVATE,CENTRAL,KIRINYAGA,CENTRAL-KIRINYAGA,INOI,KERUGOYA/KUTUS,KIRINYAGA,,-0.49,37.26
KIRIKO MAKINI ACADEMY,PRIMARY SCHOOL,PRIVATE,CENTRAL,KIRINYAGA,GICHUGU,KIRIMA,GICHUGU,KIRINYAGA,,-0.42,37.3
HOPE ACADEMY KIAMWATHI,PRIMARY SCHOOL,PRIVATE,CENTRAL,KIRINYAGA,GICHUGU,BARAGWI,GICHUGU,KIRINYAGA,,-0.49,37.33
WANGA ACADEMY,PRIMARY SCHOOL,PRIVATE,CENTRAL,KIRINYAGA,GICHUGU,BARAGWI,GICHUGU,KIRINYAGA,,-0.49,37.33
KERUGOYA MUNICIPLAITY ACADEMY,PRIMARY SCHOOL,PRIVATE,CENTRAL,KIRINYAGA,CENTRAL-KIRINYAGA,KERUGOYA,KERUGOYA/KUTUS,KIRINYAGA,,-0.51,37.28
NJEMA FALLS ACADEMY,PRIMARY SCHOOL,PRIVATE,CENTRAL,KIRINYAGA,GICHUGU,KABARE,GICHUGU,KIRINYAGA,,-0.52,37.33
BROOK VALLEY ACADEMY,PRIMARY SCHOOL,PRIVATE,CENTRAL,KIRINYAGA,CENTRAL-KIRINYAGA,INOI,KERUGOYA/KUTUS,KIRINYAGA,,-0.52,37.26
KIANYAGA GOODWISH ACADEMY,PRIMARY SCHOOL,PRIVATE,CENTRAL,KIRINYAGA,GICHUGU,BARAGWI,GICHUGU,KIRINYAGA,,-0.51,37.35
KERUGOYA PCEA ACADEMY,PRIMARY SCHOOL,PRIVATE,CENTRAL,KIRINYAGA,CENTRAL-KIRINYAGA,KERUGOYA,KERUGOYA/KUTUS,KIRINYAGA,,-0.5,37.27
URBAN SHEPHERED PRI,PRIMARY SCHOOL,PRIVATE,CENTRAL,KIRINYAGA,CENTRAL-KIRINYAGA,KERUGOYA,KERUGOYA/KUTUS,KIRINYAGA,,-0.5,37.28
EFFORT JUNIOR SCHOOL,PRIMARY SCHOOL,PRIVATE,CENTRAL,KIRINYAGA,CENTRAL-KIRINYAGA,KERUGOYA,KERUGOYA/KUTUS,KIRINYAGA,,-0.5,37.27
ALL SAINTS KIANYAGA ACADEMY,PRIMARY SCHOOL,PRIVATE,CENTRAL,KIRINYAGA,GICHUGU,BARAGWI,GICHUGU,KIRINYAGA,,-0.5,37.35
FAITH SPRINGS DAY CARE CENTRE,PRIMARY SCHOOL,PRIVATE,CENTRAL,KIRINYAGA,GICHUGU,BARAGWI,GICHUGU,KIRINYAGA,,-0.5,37.35
PERIN ACADEMY,PRIMARY SCHOOL,PRIVATE,CENTRAL,KIRINYAGA,CENTRAL-KIRINYAGA,INOI,KERUGOYA/KUTUS,KIRINYAGA,,-0.5,37.27
MWANGAZA PROGRESSIVE ACADEMY,PRIMARY SCHOOL,PRIVATE,CENTRAL,KIRINYAGA,CENTRAL-KIRINYAGA,INOI,KERUGOYA/KUTUS,KIRINYAGA,,-0.5,37.27
LITTLE FLOWERS ACADEMY,PRIMARY SCHOOL,PRIVATE,CENTRAL,KIRINYAGA,CENTRAL-KIRINYAGA,INOI,KERUGOYA/KUTUS,KIRINYAGA,,-0.49,37.26
KERUGOYA GOOD SHEPHERED ACADEMY,PRIMARY SCHOOL,PRIVATE,CENTRAL,KIRINYAGA,CENTRAL-KIRINYAGA,KERUGOYA,KERUGOYA/KUTUS,KIRINYAGA,,-0.49,37.27
BARAGWI JUNIOR ACADEMY,PRIMARY SCHOOL,PRIVATE,CENTRAL,KIRINYAGA,GICHUGU,KARUMANDI,GICHUGU,KIRINYAGA,,-0.48,37.36
KERUGOYA ELEMENTARY HAVARD,PRIMARY SCHOOL,PRIVATE,CENTRAL,KIRINYAGA,CENTRAL-KIRINYAGA,KERUGOYA,KERUGOYA/KUTUS,KIRINYAGA,,-0.5,37.27
WINNERS ACADEMY KARUMANDI,PRIMARY SCHOOL,PRIVATE,CENTRAL,KIRINYAGA,GICHUGU,KARUMANDI,GICHUGU,KIRINYAGA,,-0.45,37.35
NDIMA KANINI ACADEMY,PRIMARY SCHOOL,PRIVATE,CENTRAL,NYERI,MATHIRA,IRIA-INI,MATHIRA,NYERI,,-0.46,37.18
NEWLIGHT ACADEMY,PRIMARY SCHOOL,PRIVATE,CENTRAL,KIRINYAGA,GICHUGU,KARUMANDI,GICHUGU,KIRINYAGA,,-0.43,37.33
JOYLAND ACADEMY,PRIMARY SCHOOL,PRIVATE,CENTRAL,NYERI,MATHIRA,IRIA-INI,MATHIRA,NYERI,,-0.43,37.19
NEW KAHURI ACADEMY,PRIMARY SCHOOL,PRIVATE,CENTRAL,NYERI,MATHIRA,IRIA-INI,MATHIRA,NYERI,,-0.43,37.19
KAVOTE BETHLEHEMJUDAH ACADEMY,PRIMARY SCHOOL,PRIVATE,CENTRAL,KIRINYAGA,GICHUGU,KARUMANDI,GICHUGU,KIRINYAGA,,-0.44,37.33
ST JUDE,PRIMARY SCHOOL,PRIVATE,CENTRAL,NYERI,MATHIRA,IRIA-INI,MATHIRA,NYERI,,-0.42,37.18
KIANDAI NEW MELLINIUM,PRIMARY SCHOOL,PRIVATE,CENTRAL,KIRINYAGA,GICHUGU,BARAGWI,GICHUGU,KIRINYAGA,,-0.48,37.34
ST DORCAS MEMORIAL ACADEMY,PRIMARY SCHOOL,PRIVATE,CENTRAL,NYERI,MATHIRA,IRIA-INI,MATHIRA,NYERI,,-0.49,37.16
KIANYAGA SDA PRI,PRIMARY SCHOOL,PRIVATE,CENTRAL,KIRINYAGA,GICHUGU,BARAGWI,GICHUGU,KIRINYAGA,,-0.5,37.35
BERACAH ACADEMY,PRIMARY SCHOOL,PRIVATE,CENTRAL,KIRINYAGA,CENTRAL-KIRINYAGA,KERUGOYA,KERUGOYA/KUTUS,KIRINYAGA,,-0.49,37.28
ST JOHN PROGRESSIVE ACADEMY,PRIMARY SCHOOL,PRIVATE,CENTRAL,KIRINYAGA,CENTRAL-KIRINYAGA,KERUGOYA,KERUGOYA/KUTUS,KIRINYAGA,,-0.49,37.27
ST PATRICK TOP JUNIOR ACADEMY,PRIMARY SCHOOL,PRIVATE,CENTRAL,KIRINYAGA,CENTRAL-KIRINYAGA,KERUGOYA,KERUGOYA/KUTUS,KIRINYAGA,,-0.49,37.27
HIGHLAND SHINE ACADEMY,PRIMARY SCHOOL,PRIVATE,CENTRAL,NYERI,MATHIRA,IRIA-INI,MATHIRA,NYERI,,-0.44,37.15
HOPE AND FAITH ACADEMY,PRIMARY SCHOOL,PRIVATE,CENTRAL,KIRINYAGA,CENTRAL-KIRINYAGA,KERUGOYA,KERUGOYA/KUTUS,KIRINYAGA,,-0.48,37.26
VICTORY WAVE ACADEMY,PRIMARY SCHOOL,PRIVATE,CENTRAL,KIRINYAGA,CENTRAL-KIRINYAGA,INOI,KERUGOYA/KUTUS,KIRINYAGA,,-0.46,37.27
KABUMBU NEHEMA ACADEMY,PRIMARY SCHOOL,PRIVATE,CENTRAL,KIRINYAGA,CENTRAL-KIRINYAGA,KERUGOYA,KERUGOYA/KUTUS,KIRINYAGA,,-0.48,37.28
VALLEY ROAD PROGRESSIVE ACDEMY,PRIMARY SCHOOL,PRIVATE,CENTRAL,KIRINYAGA,CENTRAL-KIRINYAGA,KERUGOYA,KERUGOYA/KUTUS,KIRINYAGA,,-0.5,37.28
ACK ST THOMAS ACADEMY,PRIMARY SCHOOL,PRIVATE,CENTRAL,KIRINYAGA,CENTRAL-KIRINYAGA,KERUGOYA,KERUGOYA/KUTUS,KIRINYAGA,,-0.5,37.28
MORNING GLORY ACADEMY,PRIMARY SCHOOL,PRIVATE,CENTRAL,NYERI,MATHIRA,MUGUTU,MATHIRA,NYERI,,-0.42,37.15
SACRED OASIS ACADEMY,PRIMARY SCHOOL,PRIVATE,CENTRAL,NYERI,MATHIRA,MUGUTU,MATHIRA,NYERI,,-0.38,37.16
HIGH VISIONED GIRLS,PRIMARY SCHOOL,PRIVATE,CENTRAL,KIRINYAGA,CENTRAL-KIRINYAGA,KUTUS,MWEA,KIRINYAGA,,-0.58,37.32
WAMBUGU NYAMU ACADEMY,PRIMARY SCHOOL,PRIVATE,CENTRAL,NYERI,MATHIRA,MUGUTU,MATHIRA,NYERI,,-0.41,37.15
RIVERBANK PREPARATORY,PRIMARY SCHOOL,PRIVATE,CENTRAL,NYERI,MATHIRA,IRIA-INI,MATHIRA,NYERI,,-0.47,37.14
NEEMA JUNIOR ACADEMY PRY,PRIMARY SCHOOL,PRIVATE,EASTERN,MAKUENI,KIBWEZI,KIKUMBULYU,KIBWEZI,MAKUENI,,-2.4,37.96
RACEFIELD ACADEMY,PRIMARY SCHOOL,PRIVATE,EASTERN,MWINGI,MIGWANI,KYOME,MWINGI SOUTH,KITUI,,-1.03,38.08
MIGWANI TUMAINI ACADEMY,PRIMARY SCHOOL,PRIVATE,EASTERN,MWINGI,MIGWANI,MIGWANI,MWINGI SOUTH,KITUI,,-1.1,38.01
PCEA KIBWEZI IMANI PRI SCH,PRIMARY SCHOOL,PRIVATE,EASTERN,MAKUENI,KIBWEZI,KIKUMBULYU,KIBWEZI,MAKUENI,,-2.41,37.97
KEA HIGHLAND ACADEMY,PRIMARY SCHOOL,PRIVATE,EASTERN,MWINGI,MIGWANI,NZAUI,MWINGI SOUTH,KITUI,,-1.14,38.04
ST.THERESA'S ACADEMY PRY,PRIMARY SCHOOL,PRIVATE,EASTERN,MAKUENI,KIBWEZI,KIKUMBULYU,KIBWEZI,MAKUENI,,-2.32,38.02
ST MARY'S FURAHA ACADEMY,PRIMARY SCHOOL,PRIVATE,COAST,KILIFI,BAMBA,BANDARINI,GANZE,KILIFI,,-3.53,39.53
MATHUNYA A.B.C. ACADEMY,PRIMARY SCHOOL,PRIVATE,EASTERN,MACHAKOS,KATHIANI,MITABONI,KATHIANI,MACHAKOS,,-1.38,37.28
UTHINI ACADEMY PRI SCH,PRIMARY SCHOOL,PRIVATE,EASTERN,MACHAKOS,KANGUNDO,KAWETHEI,KANGUNDO,MACHAKOS,,-1.36,37.32
ST FRANCIS ACADEMY KATSE,PRIMARY SCHOOL,PRIVATE,EASTERN,MWINGI,MUMONI,KATSE,MWINGI NORTH,KITUI,,-0.51,38.08
MAJA PRIMARY,PRIMARY SCHOOL,PRIVATE,EASTERN,MACHAKOS,KATHIANI,MITABONI,KATHIANI,MACHAKOS,,-1.36,37.29
MIUMBUNI PREPARATORY,PRIMARY SCHOOL,PRIVATE,EASTERN,MACHAKOS,KATHIANI,MITABONI,KATHIANI,MACHAKOS,,-1.37,37.29
KALANDINI JUNIOR ACADEMY PRI SCH,PRIMARY SCHOOL,PRIVATE,EASTERN,MACHAKOS,MATUNGULU,KALANDINI,KANGUNDO,MACHAKOS,,-1.22,37.29
MUKALWA JUNIOR ACADEMY PRI SCH,PRIMARY SCHOOL,PRIVATE,EASTERN,MACHAKOS,MATUNGULU,TALA,KANGUNDO,MACHAKOS,,-1.23,37.32
IMARA DAIMA PRI SCH,PRIMARY SCHOOL,PRIVATE,COAST,LAMU,AMU,LANGONI,LAMU WEST,LAMU,,-2.28,40.9
MATUU DELIGHT ACADEMY,PRIMARY SCHOOL,PRIVATE,EASTERN,MACHAKOS,YATTA,MATUU,YATTA,MACHAKOS,,-1.14,37.53
LAMU AMANI ACADEMY PRI SCH,PRIMARY SCHOOL,PRIVATE,COAST,LAMU,AMU,SHELLA MANDA,LAMU WEST,LAMU,,-2.28,40.91
GATE HOUSE PREPARATORY,PRIMARY SCHOOL,PRIVATE,EASTERN,MACHAKOS,YATTA,MATUU,YATTA,MACHAKOS,,-1.14,37.54
JOY SPRINGS SCHOOL PRI,PRIMARY SCHOOL,PRIVATE,EASTERN,MACHAKOS,YATTA,MATUU,YATTA,MACHAKOS,,-1.14,37.54
STONE TOWN PRI SCH,PRIMARY SCHOOL,PRIVATE,COAST,LAMU,AMU,MKOMANI,LAMU WEST,LAMU,,-2.26,40.9
MATUU ACADEMY-PRIMARY,PRIMARY SCHOOL,PRIVATE,EASTERN,MACHAKOS,YATTA,MATUU,YATTA,MACHAKOS,,-1.14,37.55
SWAFAA ACADEMY PRI SCH,PRIMARY SCHOOL,PRIVATE,COAST,LAMU,AMU,LANGONI,LAMU WEST,LAMU,,-2.27,40.9
TAIFAEXCEL EDUCATIONAL CENTRE,PRIMARY SCHOOL,PRIVATE,COAST,KILIFI,KALOLENI,KALOLENI,KALOLENI,KILIFI,,-3.79,39.64
ST. JOHNS ACK PREPARATORY,PRIMARY SCHOOL,PRIVATE,COAST,KILIFI,KALOLENI,KALOLENI,KALOLENI,KILIFI,,-3.81,39.63
ST. FRANCIS PRIMARY,PRIMARY SCHOOL,PRIVATE,EASTERN,MWINGI,MUMONI,KAKUYU,MWINGI NORTH,KITUI,,-0.7,38.08
RUTUBA COMPLEX ACADEMY,PRIMARY SCHOOL,PRIVATE,COAST,KILIFI,KALOLENI,KALOLENI,KALOLENI,KILIFI,,-3.81,39.63
ST BARNABAS JUNIOR CADAEMY,PRIMARY SCHOOL,PRIVATE,COAST,KILIFI,KALOLENI,KALOLENI,KALOLENI,KILIFI,,-3.81,39.64
MACCI PRIMARY SCHOOL,PRIMARY SCHOOL,PRIVATE,EASTERN,ISIOLO,MERTI,MERTI,ISIOLO NORTH,ISIOLO,,1.06,38.66
TUMAINI SABASABA PRI SCH,PRIMARY SCHOOL,PRIVATE,COAST,LAMU,HINDI,HINDI MAGOGONI,LAMU WEST,LAMU,,-2.18,40.8
JERUSALEM ACADEMY,PRIMARY SCHOOL,PRIVATE,COAST,KILIFI,KALOLENI,JIBANA,KALOLENI,KILIFI,,-3.81,39.65
CANINI BEE HIVE CENTRE (PRI),PRIMARY SCHOOL,PRIVATE,EASTERN,MACHAKOS,MAVOKO,LUKENYA,KATHIANI,MACHAKOS,,-1.49,37.06
KALOLENI JUNIOR ACADEMY,PRIMARY SCHOOL,PRIVATE,COAST,KILIFI,KALOLENI,KALOLENI,KALOLENI,KILIFI,,-3.81,39.63
LUKENYA ACADEMY (PRI),PRIMARY SCHOOL,PRIVATE,EASTERN,MACHAKOS,MAVOKO,KATHIANI,KATHIANI,MACHAKOS,,-1.48,37.08
LUKENYA ACADEMY IGCSE,PRIMARY SCHOOL,PRIVATE,EASTERN,MACHAKOS,MAVOKO,LUKENYA,KATHIANI,MACHAKOS,,-1.48,37.08
JESUS FAITH ACADEMY,PRIMARY SCHOOL,PRIVATE,COAST,KILIFI,KALOLENI,KALOLENI,KALOLENI,KILIFI,,-3.82,39.63
LEADERS ACADEMY PRI,PRIMARY SCHOOL,PRIVATE,EASTERN,MACHAKOS,MAVOKO,LUKENYA,KATHIANI,MACHAKOS,,-1.52,37.11
KINS ACADEMY,PRIMARY SCHOOL,PRIVATE,COAST,KILIFI,KALOLENI,KAMBE,KALOLENI,KILIFI,,-3.85,39.63
NGALA ACADEMY PRI,PRIMARY SCHOOL,PRIVATE,EASTERN,MACHAKOS,MAVOKO,LUKENYA,KATHIANI,MACHAKOS,,-1.53,37.13
MUTUNGONI ACADEMY PRI SCH,PRIMARY SCHOOL,PRIVATE,EASTERN,MACHAKOS,MAVOKO,LUKENYA,KATHIANI,MACHAKOS,,-1.41,37.03
RIPERBI ACADEMY,PRIMARY SCHOOL,PRIVATE,COAST,KILIFI,KALOLENI,KAMBE,KALOLENI,KILIFI,,-3.85,39.63
NGUUTONI ELITE EDUCATION CENTRE,PRIMARY SCHOOL,PRIVATE,EASTERN,MWINGI,MIGWANI,NGUUTANI,MWINGI SOUTH,KITUI,,-1.03,37.88
RIBE METHODIST ACADEMY,PRIMARY SCHOOL,PRIVATE,COAST,KILIFI,KALOLENI,RIBE,KALOLENI,KILIFI,,-3.88,39.63
MAVOKO EDUCATIONAL CENTRE PRI,PRIMARY SCHOOL,PRIVATE,EASTERN,MACHAKOS,MAVOKO,KATANI,KATHIANI,MACHAKOS,,-1.41,36.96
KITHIMANI TOWNSHIP ACADEMY,PRIMARY SCHOOL,PRIVATE,EASTERN,MACHAKOS,YATTA,KITHIMANI,YATTA,MACHAKOS,,-1.18,37.45
ATHIRIVER REDEEMED ACADEMY PRI,PRIMARY SCHOOL,PRIVATE,EASTERN,MACHAKOS,MAVOKO,SETTLED AREA,KATHIANI,MACHAKOS,,-1.45,36.97
ST MARY'S PRI SCH,PRIMARY SCHOOL,PRIVATE,EASTERN,MACHAKOS,MAVOKO,SETTLED AREA,KATHIANI,MACHAKOS,,-1.45,36.98
39 BRIGE ACADEMY PRI SCH,PRIMARY SCHOOL,PRIVATE,EASTERN,MACHAKOS,MAVOKO,SETTLED AREA,KATHIANI,MACHAKOS,,-1.44,36.98
RASUL AL AMIN ACADEMY,PRIMARY SCHOOL,PRIVATE,COAST,KILIFI,KALOLENI,MARIAKANI,KALOLENI,KILIFI,,-3.86,39.47
39 BRIDGE ACADEMY NUR,PRIMARY SCHOOL,PRIVATE,EASTERN,MACHAKOS,MAVOKO,SETTLED AREA,KATHIANI,MACHAKOS,,-1.44,36.98
NGUUTANI JUNIOR ACADEMY,PRIMARY SCHOOL,PRIVATE,EASTERN,MWINGI,MIGWANI,NGUUTANI,MWINGI SOUTH,KITUI,,-1.03,37.88
MWAMBA CARE CHILDRENS CENTRE OF PEMA PRI,PRIMARY SCHOOL,PRIVATE,COAST,KILIFI,KALOLENI,MARIAKANI,KALOLENI,KILIFI,,-3.79,39.39
ST JOSEPHS BOARDING PRI SCH,PRIMARY SCHOOL,PRIVATE,EASTERN,MACHAKOS,MWALA,MBIUNI,MWALA,MACHAKOS,,-1.25,37.41
LITTLE ANGELS ACADEMY-PRI SCH,PRIMARY SCHOOL,PRIVATE,EASTERN,MACHAKOS,MAVOKO,KATANI,KATHIANI,MACHAKOS,,-1.29,36.98
TYTANN JUNIOR ACADEMY-PRI,PRIMARY SCHOOL,PRIVATE,EASTERN,MACHAKOS,MAVOKO,KATANI,KATHIANI,MACHAKOS,,-1.29,36.98
OUR LADY OF ANGELS ACADEMY,PRIMARY SCHOOL,PRIVATE,COAST,KILIFI,KALOLENI,MARIAKANI,KALOLENI,KILIFI,,-3.86,39.46
ST PATRICKS PRI SCH,PRIMARY SCHOOL,PRIVATE,EASTERN,MACHAKOS,MWALA,MBIUNI,MWALA,MACHAKOS,,-1.24,37.41
REJOICE IN THE LORD ACADEMY,PRIMARY SCHOOL,PRIVATE,COAST,KILIFI,KALOLENI,MARIAKANI,KALOLENI,KILIFI,,-3.86,39.47
WATAI ACADEMY-PRI,PRIMARY SCHOOL,PRIVATE,EASTERN,MACHAKOS,MAVOKO,KATANI,KATHIANI,MACHAKOS,,-1.28,36.98
OUR GRACE ACADEMY,PRIMARY SCHOOL,PRIVATE,COAST,KILIFI,KALOLENI,MARIAKANI,KALOLENI,KILIFI,,-3.86,39.47
MERRYSTART ACADEMY-PRI,PRIMARY SCHOOL,PRIVATE,EASTERN,MACHAKOS,MAVOKO,KATANI,KATHIANI,MACHAKOS,,-1.28,36.99
LITTLE STAR ACADEMY-PRI,PRIMARY SCHOOL,PRIVATE,EASTERN,MACHAKOS,MAVOKO,KATANI,KATHIANI,MACHAKOS,,-1.28,36.99
MARIAKANI STAR ACADEMY,PRIMARY SCHOOL,PRIVATE,COAST,KILIFI,KALOLENI,MARIAKANI,KALOLENI,KILIFI,,-3.86,39.47
KAMULU ACADEMY PRI SCH,PRIMARY SCHOOL,PRIVATE,EASTERN,MACHAKOS,MAVOKO,KATANI,KATHIANI,MACHAKOS,,-1.3,37.06
BRIDE WAY ACADEMY PRI,PRIMARY SCHOOL,PRIVATE,EASTERN,MACHAKOS,MAVOKO,LUKENYA,KATHIANI,MACHAKOS,,-1.28,37.1
PREMIER SCHOOL PRI,PRIMARY SCHOOL,PRIVATE,EASTERN,MACHAKOS,MAVOKO,LUKENYA,KATHIANI,MACHAKOS,,-1.29,37.09
KIUNI PREPARATORY SCH. PRI,PRIMARY SCHOOL,PRIVATE,EASTERN,MACHAKOS,MAVOKO,KATANI,KATHIANI,MACHAKOS,,-1.44,36.97
MBASUU ACADEMY-PRI SCH,PRIMARY SCHOOL,PRIVATE,EASTERN,MACHAKOS,MAVOKO,SETTLED AREA,KATHIANI,MACHAKOS,,-1.44,36.97
SHALOMARK JUNIOR ACADEMY-PRI SCH,PRIMARY SCHOOL,PRIVATE,EASTERN,MACHAKOS,MAVOKO,SETTLED AREA,KATHIANI,MACHAKOS,,-1.45,36.99
NGULUWENI PRI,PRIMARY SCHOOL,PRIVATE,COAST,KILIFI,KALOLENI,MWANAMWINGA,KALOLENI,KILIFI,,-3.72,39.61
PRISIM ACADEMY,PRIMARY SCHOOL,PRIVATE,EASTERN,MWINGI,MUMONI,MUKOMA,MWINGI NORTH,KITUI,,-0.56,37.91
PRISM JUNIOR SCHOOL - NGUNGANI,PRIMARY SCHOOL,PRIVATE,EASTERN,MWINGI,MUMONI,KAKUYU,MWINGI NORTH,KITUI,,-0.62,37.96
WINNERS PRIMARY,PRIMARY SCHOOL,PRIVATE,EASTERN,MWINGI,MUMONI,KAKUYU,MWINGI NORTH,KITUI,,-0.62,37.96
MAKINDU SUNRISE ACA PRY,PRIMARY SCHOOL,PRIVATE,EASTERN,MAKUENI,MAKINDU,MAKINDU,KIBWEZI,MAKUENI,,-2.27,37.83
ST PETERS PRY,PRIMARY SCHOOL,PRIVATE,EASTERN,MAKUENI,MAKINDU,MAKINDU,KIBWEZI,MAKUENI,,-2.27,37.83
KYUI HILLS ACADEMY,PRIMARY SCHOOL,PRIVATE,EASTERN,MWINGI,NUU,MUTYANGOMBE,MWINGI SOUTH,KITUI,,-0.97,38.34
ST.ENOS PRIMARY SCHOOL,PRIMARY SCHOOL,PRIVATE,EASTERN,MACHAKOS,YATTA,MAVOLONI,YATTA,MACHAKOS,,-1.08,37.44
GOOD SHEPHERD ACADEMY PRI SCH,PRIMARY SCHOOL,PRIVATE,COAST,LAMU,MPEKETONI,MPEKETONI,LAMU WEST,LAMU,,-2.39,40.7
KATHIANI JUNIOR ACADEMY,PRIMARY SCHOOL,PRIVATE,EASTERN,MACHAKOS,KATHIANI,KATHIANI,KATHIANI,MACHAKOS,,-1.41,37.33
ESDOR HIGHRISE ACADEMY-PRIMARY,PRIMARY SCHOOL,PRIVATE,EASTERN,MACHAKOS,YATTA,NDALANI,YATTA,MACHAKOS,,-1.1,37.49
SILOAM ACADEMY,PRIMARY SCHOOL,PRIVATE,EASTERN,MACHAKOS,KATHIANI,KATHIANI,KATHIANI,MACHAKOS,,-1.41,37.33
ABC KATHIANI ACADEMY,PRIMARY SCHOOL,PRIVATE,EASTERN,MACHAKOS,KATHIANI,KATHIANI,KATHIANI,MACHAKOS,,-1.41,37.33
MULLY'S CHILDREN FAMILY HOME PRIMARY,PRIMARY SCHOOL,PRIVATE,EASTERN,MACHAKOS,YATTA,NDALANI,YATTA,MACHAKOS,,-1.08,37.47
PRECIOUS MOMENT SCHOOL,PRIMARY SCHOOL,PRIVATE,EASTERN,MWINGI,NGUNI,NGUNI,MWINGI SOUTH,KITUI,,-0.8,38.31
ST. PATRICKS MIXED BOARDING PRIMARY SCHOOL,PRIMARY SCHOOL,PRIVATE,EASTERN,MWINGI,NGUNI,NGUNI,MWINGI SOUTH,KITUI,,-0.8,38.31
ADU STR JUNIOR PRI SCH,PRIMARY SCHOOL,PRIVATE,COAST,MALINDI,MARAFA,ADU,MAGARINI,KILIFI,,-2.84,39.98
GOOD SHEPHERD PRIMARY SCHOOL-YATTA,PRIMARY SCHOOL,PRIVATE,EASTERN,MACHAKOS,YATTA,MATUU,YATTA,MACHAKOS,,-1.14,37.54
MITABONI ST. PAUL'S ACADEMY,PRIMARY SCHOOL,PRIVATE,EASTERN,MACHAKOS,KATHIANI,MITABONI,KATHIANI,MACHAKOS,,-1.37,37.25
MITABONI A.B.C ACADEMY,PRIMARY SCHOOL,PRIVATE,EASTERN,MACHAKOS,KATHIANI,MITABONI,KATHIANI,MACHAKOS,,-1.37,37.25
HOUSE OF HOPE PRI SCH,PRIMARY SCHOOL,PRIVATE,EASTERN,MACHAKOS,KIBERA,NAIROBI WEST,KATHIANI,MACHAKOS,,-1.35,36.9
NOTRE DAME PRI SCH,PRIMARY SCHOOL,PRIVATE,EASTERN,MACHAKOS,MAVOKO,KATANI,KATHIANI,MACHAKOS,,-1.35,36.94
MT SINAI CMI SCH,PRIMARY SCHOOL,PRIVATE,EASTERN,MACHAKOS,MAVOKO,KATANI,KATHIANI,MACHAKOS,,-1.36,36.94
NASHVILL ACADEMY,PRIMARY SCHOOL,PRIVATE,EASTERN,MACHAKOS,MAVOKO,KATANI,KATHIANI,MACHAKOS,,-1.36,36.93
ACACIA PLAINS ACADEMY PRI SCH,PRIMARY SCHOOL,PRIVATE,EASTERN,MACHAKOS,MAVOKO,KATANI,KATHIANI,MACHAKOS,,-1.37,36.95
TOP PERFORMANCE ACADEMY PRI,PRIMARY SCHOOL,PRIVATE,EASTERN,MACHAKOS,MAVOKO,KATANI,KATHIANI,MACHAKOS,,-1.37,36.94
ST MARYS PRI SCH,PRIMARY SCHOOL,PRIVATE,EASTERN,MACHAKOS,MWALA,KATHAMA,MWALA,MACHAKOS,,-1.17,37.35
KINGS BROOK ACADEMY PRI,PRIMARY SCHOOL,PRIVATE,EASTERN,MACHAKOS,MAVOKO,KATANI,KATHIANI,MACHAKOS,,-1.39,36.93
SKYLIGHT JUNIOR ACADEMY PRI,PRIMARY SCHOOL,PRIVATE,EASTERN,MACHAKOS,MAVOKO,KATANI,KATHIANI,MACHAKOS,,-1.39,36.94
WISEKIDS ACADEMY PRI,PRIMARY SCHOOL,PRIVATE,EASTERN,MACHAKOS,MAVOKO,KATANI,KATHIANI,MACHAKOS,,-1.39,36.94
FEMI JUNIOR ACADEMY PRI,PRIMARY SCHOOL,PRIVATE,EASTERN,MACHAKOS,MAVOKO,KATANI,KATHIANI,MACHAKOS,,-1.39,36.94
NEW STAR ACADEMY PRI,PRIMARY SCHOOL,PRIVATE,EASTERN,MACHAKOS,MAVOKO,KATANI,KATHIANI,MACHAKOS,,-1.39,36.94
MARIEVALE SCH PRI,PRIMARY SCHOOL,PRIVATE,EASTERN,MACHAKOS,MAVOKO,SETTLED AREA,KATHIANI,MACHAKOS,,-1.46,36.99
ATHI PLAINS ACADEMY PRI,PRIMARY SCHOOL,PRIVATE,EASTERN,MACHAKOS,MAVOKO,SETTLED AREA,KATHIANI,MACHAKOS,,-1.46,36.99
LUZ ACADEMY PRI,PRIMARY SCHOOL,PRIVATE,EASTERN,MACHAKOS,MAVOKO,ATHIRIVER,KATHIANI,MACHAKOS,,-1.46,36.98
ST.RUTH ACADEMY PRI SCH,PRIMARY SCHOOL,PRIVATE,EASTERN,MACHAKOS,KANGUNDO,KANGUDO,KANGUNDO,MACHAKOS,,-1.28,37.34
SATAR SHEIKH ACADEMY PRI,PRIMARY SCHOOL,PRIVATE,EASTERN,MACHAKOS,MAVOKO,ATHIRIVER,KATHIANI,MACHAKOS,,-1.46,36.98
MULLI ACADEMY PRI SCH,PRIMARY SCHOOL,PRIVATE,EASTERN,MACHAKOS,KANGUNDO,KANGUDO,KANGUNDO,MACHAKOS,,-1.3,37.34
ST EMMANUEL JUNIOR ACADEMY PRI,PRIMARY SCHOOL,PRIVATE,EASTERN,MACHAKOS,MAVOKO,ATHIRIVER,KATHIANI,MACHAKOS,,-1.45,36.98
MARIAKANI JUNIOR ACADEMY,PRIMARY SCHOOL,PRIVATE,COAST,KILIFI,KALOLENI,MARIAKANI,KALOLENI,KILIFI,,-3.86,39.48
GLORY TALENT ACADEMY PRI,PRIMARY SCHOOL,PRIVATE,EASTERN,MACHAKOS,MAVOKO,ATHIRIVER,KATHIANI,MACHAKOS,,-1.46,36.97
ST PETERS ACADEMY,PRIMARY SCHOOL,PRIVATE,COAST,KILIFI,KALOLENI,MARIAKANI,KALOLENI,KILIFI,,-3.86,39.48
THANKSGIVING ACADEMY PRI SCH,PRIMARY SCHOOL,PRIVATE,EASTERN,MACHAKOS,MAVOKO,SETTLED AREA,KATHIANI,MACHAKOS,,-1.46,36.97
ST KINGS ACADEMY,PRIMARY SCHOOL,PRIVATE,COAST,KILIFI,KALOLENI,MARIAKANI,KALOLENI,KILIFI,,-3.86,39.47
ZOOM JUNIOR ACADEMY,PRIMARY SCHOOL,PRIVATE,EASTERN,MACHAKOS,MAVOKO,SETTLED AREA,KATHIANI,MACHAKOS,,-1.46,36.97
BABS RIDGE ACADEMY,PRIMARY SCHOOL,PRIVATE,COAST,KILIFI,KALOLENI,MARIAKANI,KALOLENI,KILIFI,,-3.85,39.47
ST BENEDICT MONTESSOR IJUNIOR ACADEMY PRI,PRIMARY SCHOOL,PRIVATE,EASTERN,MACHAKOS,MAVOKO,SETTLED AREA,KATHIANI,MACHAKOS,,-1.46,36.98
ZAU SXH PRI,PRIMARY SCHOOL,PRIVATE,EASTERN,MACHAKOS,MAVOKO,ATHIRIVER,KATHIANI,MACHAKOS,,-1.46,36.98
RABAI JUNIOR PRI,PRIMARY SCHOOL,PRIVATE,COAST,KILIFI,KALOLENI,RABAI,KALOLENI,KILIFI,,-3.96,39.55
ACK ST PAULS ACADEMY PRI,PRIMARY SCHOOL,PRIVATE,EASTERN,MACHAKOS,MAVOKO,SETTLED AREA,KATHIANI,MACHAKOS,,-1.46,36.98
WISDOM ACADEMY PRI,PRIMARY SCHOOL,PRIVATE,EASTERN,MACHAKOS,MAVOKO,ATHIRIVER,KATHIANI,MACHAKOS,,-1.46,36.98
ATHI MEADOW ACADEMY PRI SCH,PRIMARY SCHOOL,PRIVATE,EASTERN,MACHAKOS,MAVOKO,SETTLED AREA,KATHIANI,MACHAKOS,,-1.45,36.98
FIRST BAPTIST ACADEMY PRI,PRIMARY SCHOOL,PRIVATE,EASTERN,MACHAKOS,MAVOKO,ATHIRIVER,KATHIANI,MACHAKOS,,-1.46,36.97
PREMISE VISION 2020 JUNIOR ACADEMY,PRIMARY SCHOOL,PRIVATE,EASTERN,MACHAKOS,MAVOKO,KATANI,KATHIANI,MACHAKOS,,-1.39,36.94
REAL JUNIOR SCH PRI,PRIMARY SCHOOL,PRIVATE,EASTERN,MACHAKOS,MAVOKO,KATANI,KATHIANI,MACHAKOS,,-1.39,36.94
JOYLAND VISION ACADEMY,PRIMARY SCHOOL,PRIVATE,EASTERN,MACHAKOS,MAVOKO,KATANI,KATHIANI,MACHAKOS,,-1.39,36.94
MT SINAI PRI SCH,PRIMARY SCHOOL,PRIVATE,EASTERN,MACHAKOS,KANGUNDO,KANZALU,KANGUNDO,MACHAKOS,,-1.27,37.35
SPRINGS ED CENTER PRI,PRIMARY SCHOOL,PRIVATE,EASTERN,MACHAKOS,MAVOKO,KATANI,KATHIANI,MACHAKOS,,-1.39,36.94
ST MARTINS JUNIOR ACADEMY,PRIMARY SCHOOL,PRIVATE,EASTERN,MACHAKOS,MAVOKO,KATANI,KATHIANI,MACHAKOS,,-1.39,36.94
JOSPA HAPPYTOTS ACADEMY PRI SCH,PRIMARY SCHOOL,PRIVATE,EASTERN,MACHAKOS,MAVOKO,KATANI,KATHIANI,MACHAKOS,,-1.39,36.94
MT OLIVES ACADEMY PRI SCH,PRIMARY SCHOOL,PRIVATE,EASTERN,MACHAKOS,MAVOKO,KATANI,KATHIANI,MACHAKOS,,-1.39,36.94
KHADIJA ACADEMY,PRIMARY SCHOOL,PRIVATE,COAST,KILIFI,KALOLENI,MWAWESA,KALOLENI,KILIFI,,-3.9,39.61
KYENI ACADEMY PRI SCH,PRIMARY SCHOOL,PRIVATE,EASTERN,MACHAKOS,KANGUNDO,KANZALU,KANGUNDO,MACHAKOS,,-1.28,37.37
SOLOMON SCH PRI,PRIMARY SCHOOL,PRIVATE,EASTERN,MACHAKOS,MAVOKO,KATANI,KATHIANI,MACHAKOS,,-1.4,36.94
HERITAGE OF FAITH CHRISTIAN  PRI SCH,PRIMARY SCHOOL,PRIVATE,EASTERN,MACHAKOS,MAVOKO,KATANI,KATHIANI,MACHAKOS,,-1.4,36.95
NIKO ACADEMY PRI,PRIMARY SCHOOL,PRIVATE,EASTERN,MACHAKOS,MAVOKO,KATANI,KATHIANI,MACHAKOS,,-1.4,36.94
VIEWPOINT ACADEMY PRI SCH,PRIMARY SCHOOL,PRIVATE,EASTERN,MACHAKOS,MAVOKO,KATANI,KATHIANI,MACHAKOS,,-1.4,36.95
MUMBE JUNOUR ACADEMY PRY,PRIMARY SCHOOL,PRIVATE,EASTERN,MAKUENI,MAKINDU,MAKINDU,KIBWEZI,MAKUENI,,-2.29,37.82
KIBELIO PRI,PRIMARY SCHOOL,PRIVATE,RIFT VALLEY,NANDI NORTH,KIPKAREN,MOSOP,KAPTICH,ELGEYO-MARAKWET,,0.47,34.95
SETYOT PRI,PRIMARY SCHOOL,PRIVATE,RIFT VALLEY,NANDI NORTH,KIPKAREN,MOSOP,KIMNGOROR,NANDI,,0.49,34.94
A.I.C SURUNGAI EDUCATIONAL CENTRE,PRIMARY SCHOOL,PRIVATE,RIFT VALLEY,NANDI NORTH,KIPKAREN,MOSOP,SURUNGAI,NANDI,,0.48,34.97
WILLY EVER ACADEMY,PRIMARY SCHOOL,PRIVATE,RIFT VALLEY,NANDI NORTH,KIPKAREN,MOSOP,KIPKAREN,NANDI,,0.5,35.03
GENESIS EDUCATIONAL CENTRE,PRIMARY SCHOOL,PRIVATE,RIFT VALLEY,NANDI NORTH,KIPKAREN,MOSOP,KIPKAREN,NANDI,,0.5,35.02
TWINS ACADEMY,PRIMARY SCHOOL,PRIVATE,RIFT VALLEY,NANDI NORTH,KIPKAREN,MOSOP,KURGUNG,NANDI,,0.48,35.01
KIPKOI JUNIOR ACADEMY,PRIMARY SCHOOL,PRIVATE,RIFT VALLEY,NANDI NORTH,KIPKAREN,MOSOP,KURGUNG,NANDI,,0.45,35.01
AIC CHUMEK EDUCATIONAL CENTRE,PRIMARY SCHOOL,PRIVATE,RIFT VALLEY,NANDI NORTH,KIPKAREN,MOSOP,KURGUNG,NANDI,,0.49,34.99
AIC CHEPKEMEL ACADEMY,PRIMARY SCHOOL,PRIVATE,RIFT VALLEY,NANDI NORTH,KIPKAREN,MOSOP,KIPKAREN,NANDI,,0.54,35.02
TUKTUK SDA PRI SCH,PRIMARY SCHOOL,PRIVATE,RIFT VALLEY,NANDI NORTH,KIPKAREN,MOSOP,KIPKAREN,NANDI,,0.52,35.02
SAIMO VIEW ACADEMY,PRIMARY SCHOOL,PRIVATE,RIFT VALLEY,BARINGO,KIPSARAMAN,BARINGO NORTH,KAPTEBEREWO,NANDI,,0.69,35.82
MAHAKINI PREPARATORY,PRIMARY SCHOOL,PRIVATE,RIFT VALLEY,NANDI NORTH,KIPKAREN,MOSOP,KIPKAREN,NANDI,,0.5,35.05
NDALAT GAA ACADEMY,PRIMARY SCHOOL,PRIVATE,RIFT VALLEY,NANDI NORTH,KIPKAREN,MOSOP,KABIEMIT,ELGEYO-MARAKWET,,0.52,35.1
ST TERESA OF AVILA PREPARATORY,PRIMARY SCHOOL,PRIVATE,RIFT VALLEY,NANDI NORTH,KIPKAREN,MOSOP,NDALAT,NANDI,,0.52,35.14
AIC CHEBARUS ACADEMY,PRIMARY SCHOOL,PRIVATE,RIFT VALLEY,NANDI NORTH,KIPKAREN,MOSOP,NDALAT,NANDI,,0.52,35.15
HILLS ACADEMY NDALAT,PRIMARY SCHOOL,PRIVATE,RIFT VALLEY,NANDI NORTH,KIPKAREN,MOSOP,NDALAT,NANDI,,0.5,35.14
PHILGRACE ACADEMY,PRIMARY SCHOOL,PRIVATE,RIFT VALLEY,NANDI NORTH,KIPKAREN,MOSOP,KIPKAREN,NANDI,,0.55,35.07
MIDPROS ACADEMY,PRIMARY SCHOOL,PRIVATE,RIFT VALLEY,NANDI NORTH,KAPSABET,EMGWEN,KAMOIYWO,NANDI,,0.36,35.1
CENTRAL ACADEMY CHEMUSWA,PRIMARY SCHOOL,PRIVATE,RIFT VALLEY,NANDI NORTH,KAPSABET,EMGWEN,KAMOIYWO,NANDI,,0.34,35.12
RIO ACADEMY,PRIMARY SCHOOL,PRIVATE,RIFT VALLEY,NANDI NORTH,KAPSABET,EMGWEN,KAMOIYWO,NANDI,,0.33,35.11
UPHILL JUNIOR SCH,PRIMARY SCHOOL,PRIVATE,RIFT VALLEY,NANDI NORTH,KILIBWONI,EMGWEN,KILIBWON,NANDI,,0.21,35.23
FR ELIA LIMO ACADEMY,PRIMARY SCHOOL,PRIVATE,RIFT VALLEY,NANDI NORTH,KILIBWONI,EMGWEN,KILIBWON,NANDI,,0.22,35.24
TUWAI PREPARATORY SCH,PRIMARY SCHOOL,PRIVATE,RIFT VALLEY,NANDI NORTH,KOSIRAI,MOSOP,KOKWET,NANDI,,0.32,35.15
TUMAINI PREPARATORY ACADEMY,PRIMARY SCHOOL,PRIVATE,RIFT VALLEY,NANDI NORTH,KILIBWONI,EMGWEN,TERIGE,NANDI,,0.22,35.29
SOKKIN HIGH CLASS ACADEMY,PRIMARY SCHOOL,PRIVATE,RIFT VALLEY,NANDI NORTH,KOSIRAI,MOSOP,KOKWET,NANDI,,0.32,35.15
OLPUKOTI HILL ACADEMY PRI SCH,PRIMARY SCHOOL,PRIVATE,RIFT VALLEY,NAROK,OLOLUNGA,NAROK SOUTH,MELELO,NAROK,,-0.88,35.6
KARO ACADEMY,PRIMARY SCHOOL,PRIVATE,RIFT VALLEY,NANDI NORTH,KOSIRAI,EMGWEN,KOSIRAI,NANDI,,0.3,35.15
SIMBA HILL ACADEMY,PRIMARY SCHOOL,PRIVATE,RIFT VALLEY,NANDI NORTH,KILIBWONI,EMGWEN,KILIBWON,NANDI,,0.27,35.25
KOISEGEM ACADEMY,PRIMARY SCHOOL,PRIVATE,RIFT VALLEY,NANDI NORTH,KILIBWONI,EMGWEN,LOLMININGAI,KAJIADO,,0.27,35.23
LOLMININGAI ACADEMY,PRIMARY SCHOOL,PRIVATE,RIFT VALLEY,NANDI NORTH,KILIBWONI,EMGWEN,LOLMININGAI,KAJIADO,,0.25,35.24
ST AUGISTINE MURUTO ACADEMY,PRIMARY SCHOOL,PRIVATE,RIFT VALLEY,NANDI NORTH,KABIYET,MOSOP,KABISAGA,NANDI,,0.4,35.13
BEES ACADEMY PRI,PRIMARY SCHOOL,PRIVATE,RIFT VALLEY,SAMBURU,KIRISIA,SAMBURU WEST,MARALAL TOWN,SAMBURU,,1.08,36.7
PCEA MARALAL ACADEMY PRI,PRIMARY SCHOOL,PRIVATE,RIFT VALLEY,SAMBURU,KIRISIA,SAMBURU WEST,MARALAL TOWN,SAMBURU,,1.09,36.7
FR KUHN BOARDING PRI,PRIMARY SCHOOL,PRIVATE,RIFT VALLEY,NANDI NORTH,KOSIRAI,EMGWEN,CHEPTERIT,NANDI,,0.24,35.13
MAKA ROYAL PRI,PRIMARY SCHOOL,PRIVATE,RIFT VALLEY,SAMBURU,KIRISIA,SAMBURU WEST,MARALAL TOWN,SAMBURU,,1.1,36.7
KAPKERINGON EAST PRI,PRIMARY SCHOOL,PRIVATE,RIFT VALLEY,NANDI NORTH,KABIYET,MOSOP,KABISAGA,NANDI,,0.41,35.13
AIPCA UHURU ACADEMY PRI,PRIMARY SCHOOL,PRIVATE,RIFT VALLEY,SAMBURU,KIRISIA,SAMBURU WEST,MARALAL TOWN,SAMBURU,,1.1,36.69
ACK CHEPTERIT ACADEMY,PRIMARY SCHOOL,PRIVATE,RIFT VALLEY,NANDI NORTH,KOSIRAI,EMGWEN,CHEPTERIT,NANDI,,0.23,35.15
MARALAL ACADEMY PRI,PRIMARY SCHOOL,PRIVATE,RIFT VALLEY,SAMBURU,KIRISIA,SAMBURU WEST,MARALAL TOWN,SAMBURU,,1.09,36.69
SKY KING ACADEMY,PRIMARY SCHOOL,PRIVATE,RIFT VALLEY,NANDI NORTH,KOSIRAI,EMGWEN,CHEPTERIT,NANDI,,0.24,35.14
RUTAN ACADEMY,PRIMARY SCHOOL,PRIVATE,RIFT VALLEY,NANDI NORTH,KABIYET,MOSOP,KABISAGA,NANDI,,0.44,35.13
MBUKIWA PRI,PRIMARY SCHOOL,PRIVATE,RIFT VALLEY,SAMBURU,KIRISIA,SAMBURU WEST,MARALAL TOWN,SAMBURU,,1.09,36.71
MOSORIOT JUNR ACADEMY,PRIMARY SCHOOL,PRIVATE,RIFT VALLEY,NANDI NORTH,KOSIRAI,MOSOP,MUTWOT,NANDI,,0.33,35.17
HALVINO EDUCATIONAL CENTRE,PRIMARY SCHOOL,PRIVATE,RIFT VALLEY,NANDI NORTH,KOSIRAI,MOSOP,MUTWOT,NANDI,,0.32,35.17
KAIGAT SDA BOARDING PRI,PRIMARY SCHOOL,PRIVATE,RIFT VALLEY,NANDI NORTH,KABIYET,MOSOP,KABISAGA,NANDI,,0.49,35.11
ST MICHAELS NYAMISA,PRIMARY SCHOOL,PRIVATE,RIFT VALLEY,NANDI NORTH,KOSIRAI,MOSOP,MUTWOT,NANDI,,0.31,35.2
PUKKA ACADEMY,PRIMARY SCHOOL,PRIVATE,RIFT VALLEY,NANDI NORTH,KOSIRAI,MOSOP,MUTWOT,NANDI,,0.32,35.18
ROYAL TOTO SCHOOL,PRIMARY SCHOOL,PRIVATE,RIFT VALLEY,NANDI NORTH,KOSIRAI,MOSOP,NGECHEK,NANDI,,0.28,35.22
GRACE ACADEMY PRI,PRIMARY SCHOOL,PRIVATE,RIFT VALLEY,SAMBURU,WAMBA,SAMBURU EAST,WAMBA,SAMBURU,,0.99,37.33
CHEMNOET ACADEMY,PRIMARY SCHOOL,PRIVATE,RIFT VALLEY,NANDI NORTH,KABIYET,MOSOP,LOLKERINGET,NAKURU,,0.47,35.07
AIC KIPKONG'ONY ACADEMY,PRIMARY SCHOOL,PRIVATE,RIFT VALLEY,NANDI NORTH,KOSIRAI,MOSOP,NGECHEK,NANDI,,0.29,35.21
ROSS ACADEMY,PRIMARY SCHOOL,PRIVATE,RIFT VALLEY,NANDI NORTH,KABIYET,MOSOP,KABIYET,NANDI,,0.4,35.08
SHINERS ACADEMY,PRIMARY SCHOOL,PRIVATE,RIFT VALLEY,NANDI NORTH,KABIYET,MOSOP,KABIYET,NANDI,,0.44,35.09
EBENEZER ACADEMY,PRIMARY SCHOOL,PRIVATE,RIFT VALLEY,NANDI NORTH,KIPKAREN,MOSOP,KAPKOIMUR,NANDI,,0.53,34.97
PRUDENCE PRI SCH,PRIMARY SCHOOL,PRIVATE,RIFT VALLEY,NAROK,CENTRAL - NAROK,NAROK NORTH,LOWER MELILI,NAROK,,-1.08,35.86
GODS WILL ACADEMY,PRIMARY SCHOOL,PRIVATE,RIFT VALLEY,NANDI NORTH,KIPKAREN,MOSOP,CHEPTERWAI,NANDI,,0.53,34.94
HOLY CROSS ACADEMY AND MONTESSORI,PRIMARY SCHOOL,PRIVATE,RIFT VALLEY,NANDI NORTH,KIPKAREN,MOSOP,CHEPTERWAI,NANDI,,0.53,34.93
KAG VALLEY ACADEMY,PRIMARY SCHOOL,PRIVATE,RIFT VALLEY,NAROK,CENTRAL - NAROK,NAROK NORTH,LOWER MELILI,NAROK,,-1.08,35.88
VICTORY PREPARATORY SCH,PRIMARY SCHOOL,PRIVATE,RIFT VALLEY,NANDI NORTH,KIPKAREN,MOSOP,KAMASAI,NANDI,,0.53,34.92
MAGNET JUNIOR ACADEMY,PRIMARY SCHOOL,PRIVATE,RIFT VALLEY,NAROK,CENTRAL - NAROK,NAROK NORTH,LOWER MELILI,NAROK,,-1.08,35.88
REDEEMED JUNIOR ACADEMY,PRIMARY SCHOOL,PRIVATE,RIFT VALLEY,NAROK,CENTRAL - NAROK,NAROK NORTH,LOWER MELILI,NAROK,,-1.08,35.88
B.K CHUMO MEMORIAL ACADEMY,PRIMARY SCHOOL,PRIVATE,RIFT VALLEY,NANDI NORTH,KIPKAREN,MOSOP,KAMASAI,NANDI,,0.52,34.92
LOYAL JUNIOR ACADEMY,PRIMARY SCHOOL,PRIVATE,RIFT VALLEY,NAROK,CENTRAL - NAROK,NAROK NORTH,LOWER MELILI,NAROK,,-1.08,35.88
GLORIOUS ACADEMY,PRIMARY SCHOOL,PRIVATE,RIFT VALLEY,NAROK,CENTRAL - NAROK,NAROK NORTH,LOWER MELILI,NAROK,,-1.09,35.88
NAROK OUTREACH ACADEMY,PRIMARY SCHOOL,PRIVATE,RIFT VALLEY,NAROK,CENTRAL - NAROK,NAROK NORTH,LOWER MELILI,NAROK,,-1.11,35.86
HEPZIBAH NEW VISION ACADEMY,PRIMARY SCHOOL,PRIVATE,RIFT VALLEY,NANDI NORTH,KIPKAREN,MOSOP,KAPKOIMUR,NANDI,,0.52,34.96
BURMA PRI SCH,PRIMARY SCHOOL,PRIVATE,RIFT VALLEY,TURKANA,KAKUMA,TURKANA NORTH,KAKUMA,TURKANA,,3.75,34.84
BILAL PRI SCH,PRIMARY SCHOOL,PRIVATE,RIFT VALLEY,NAROK,CENTRAL - NAROK,NAROK NORTH,LOWER MELILI,NAROK,,-1.09,35.87
HIGHWAY VIEW ACADEMY,PRIMARY SCHOOL,PRIVATE,RIFT VALLEY,NAROK,CENTRAL - NAROK,NAROK NORTH,LOWER MELILI,NAROK,,-1.1,35.85
MLIMANI PRI SCH,PRIMARY SCHOOL,PRIVATE,RIFT VALLEY,NAROK,CENTRAL - NAROK,NAROK NORTH,LOWER MELILI,NAROK,,-1.1,35.85
SEREMWAI ACADEMY,PRIMARY SCHOOL,PRIVATE,RIFT VALLEY,BARINGO,TENGES,BARINGO CENTRAL,TENGES,BARINGO,,0.31,35.8
SUNFLOWER JUNIOR ACADEMY,PRIMARY SCHOOL,PRIVATE,RIFT VALLEY,WEST POKOT,KAPENGURIA,KAPENGURIA,MNANGEI,WEST POKOT,,1.26,35.09
EMMANUELS FORTRESS ACADEMY,PRIMARY SCHOOL,PRIVATE,RIFT VALLEY,WEST POKOT,KAPENGURIA,KAPENGURIA,MNANGEI,WEST POKOT,,1.26,35.09
STLUCY'S ACADEMY,PRIMARY SCHOOL,PRIVATE,RIFT VALLEY,WEST POKOT,KAPENGURIA,KAPENGURIA,KISHAUNET,NANDI,,1.25,35.09
AGAPE ACADEMY SANDAI,PRIMARY SCHOOL,PRIVATE,RIFT VALLEY,BARINGO,MARIGAT,BARINGO CENTRAL,SANDAI,BARINGO,,0.39,36.09
KAPENGURIA TOWN VIEW ACADEMY,PRIMARY SCHOOL,PRIVATE,RIFT VALLEY,WEST POKOT,KAPENGURIA,KAPENGURIA,KISHAUNET,NANDI,,1.26,35.09
GREENBELLS JUNIOR ACADEMY SANDAI,PRIMARY SCHOOL,PRIVATE,RIFT VALLEY,BARINGO,MARIGAT,BARINGO CENTRAL,SANDAI,BARINGO,,0.4,36.09
BCFC CHRISTIAN ACADEMY,PRIMARY SCHOOL,PRIVATE,RIFT VALLEY,WEST POKOT,KAPENGURIA,KAPENGURIA,KISHAUNET,NANDI,,1.26,35.08
AGAPE ACADEMY CHEPKOTOYAN,PRIMARY SCHOOL,PRIVATE,RIFT VALLEY,BARINGO,MARIGAT,BARINGO CENTRAL,SANDAI,BARINGO,,0.38,36.07
ROXY SCHOOL KAPSABET,PRIMARY SCHOOL,PRIVATE,RIFT VALLEY,NANDI NORTH,KAPSABET,EMGWEN,KAPSABET,NANDI,,0.2,35.1
BRESA ACADEMY,PRIMARY SCHOOL,PRIVATE,RIFT VALLEY,NANDI NORTH,KAPSABET,EMGWEN,KAPSABET,NANDI,,0.2,35.1
KAPSABET ELITE ACADEMY,PRIMARY SCHOOL,PRIVATE,RIFT VALLEY,NANDI NORTH,KAPSABET,EMGWEN,KAPSABET,NANDI,,0.21,35.1
WARWA ACADEMY,PRIMARY SCHOOL,PRIVATE,RIFT VALLEY,BARINGO,KABARNET,BARINGO CENTRAL,KABARNET MOSOP,BARINGO,,0.49,35.74
FAITH SCH,PRIMARY SCHOOL,PRIVATE,RIFT VALLEY,NANDI NORTH,KAPSABET,EMGWEN,KAPSABET,NANDI,,0.21,35.1
SDA KABARNET ACADEMY,PRIMARY SCHOOL,PRIVATE,RIFT VALLEY,BARINGO,KABARNET,BARINGO CENTRAL,KABARNET MOSOP,BARINGO,,0.49,35.74
ST PETERS ACADEMY,PRIMARY SCHOOL,PRIVATE,RIFT VALLEY,NANDI NORTH,KAPSABET,EMGWEN,KAPSABET,NANDI,,0.2,35.09
BARAKA SCH,PRIMARY SCHOOL,PRIVATE,RIFT VALLEY,NANDI NORTH,KAPSABET,EMGWEN,KAPSABET,NANDI,,0.2,35.08
CHEPKINOIYO PRI,PRIMARY SCHOOL,PRIVATE,RIFT VALLEY,NANDI NORTH,KAPSABET,EMGWEN,KAPSABET,NANDI,,0.17,35.07
AIPCA PROGRESSIVE ACADEMY,PRIMARY SCHOOL,PRIVATE,RIFT VALLEY,NAROK,MAU,NAROK NORTH,UPPER MELILI,NAROK,,-0.83,36.1
AIC KAPKOIBAI PRI,PRIMARY SCHOOL,PRIVATE,RIFT VALLEY,NANDI NORTH,KILIBWONI,EMGWEN,KIPSIGAK,NANDI,,0.15,35.14
BUSARA HILLSVIEW ACADEMY,PRIMARY SCHOOL,PRIVATE,RIFT VALLEY,NANDI NORTH,KAPSABET,EMGWEN,KAPSABET,NANDI,,0.19,35.12
KINGS HILL ACADEMY,PRIMARY SCHOOL,PRIVATE,RIFT VALLEY,BARINGO,KABARNET,BARINGO CENTRAL,KABARNET MOSOP,BARINGO,,0.51,35.73
AGAPE EDUCATIONAL CENTRE,PRIMARY SCHOOL,PRIVATE,RIFT VALLEY,BARINGO,KABARNET,BARINGO CENTRAL,TALAI,NANDI,,0.59,35.81
AFRICA INLAND CHURCH ACADEMY,PRIMARY SCHOOL,PRIVATE,RIFT VALLEY,NAROK,OLOLUNGA,NAROK SOUTH,OLOLUNGA,NAROK,,-1,35.66
TULOI PRI,PRIMARY SCHOOL,PRIVATE,RIFT VALLEY,NANDI NORTH,KAPSABET,EMGWEN,KIPTUIYA,NANDI,,0.19,35.02
TULOI PAG,PRIMARY SCHOOL,PRIVATE,RIFT VALLEY,NANDI NORTH,KAPSABET,EMGWEN,KIPTUIYA,NANDI,,0.2,35.02
CHEMARMAR ACADEMY,PRIMARY SCHOOL,PRIVATE,RIFT VALLEY,NANDI NORTH,KAPSABET,EMGWEN,KIPTUIYA,NANDI,,0.19,35
PRECIOUS HILL ACADEMY,PRIMARY SCHOOL,PRIVATE,RIFT VALLEY,NANDI NORTH,KAPSABET,EMGWEN,KIPTUIYA,NANDI,,0.19,34.99
MILGO PRI,PRIMARY SCHOOL,PRIVATE,RIFT VALLEY,NANDI NORTH,KAPSABET,EMGWEN,KAPKANGANI,NANDI,,0.19,34.98
ST JOSEPHS CATHOLIC ACADEMY KITURO,PRIMARY SCHOOL,PRIVATE,RIFT VALLEY,BARINGO,KABARNET,BARINGO CENTRAL,KITURO,BARINGO,,0.48,35.78
ST PAULS SCHOOL,PRIMARY SCHOOL,PRIVATE,RIFT VALLEY,NANDI NORTH,KAPSABET,EMGWEN,KAPKANGANI,NANDI,,0.18,34.96
ST EVERLYNE ACADEMY,PRIMARY SCHOOL,PRIVATE,RIFT VALLEY,NANDI NORTH,KAPSABET,EMGWEN,KAPKANGANI,NANDI,,0.18,34.95
CHRIST THE KING ACADEMY,PRIMARY SCHOOL,PRIVATE,RIFT VALLEY,NANDI NORTH,KAPSABET,EMGWEN,KAPKANGANI,NANDI,,0.19,34.95
STEWARDS LIGHT SCH,PRIMARY SCHOOL,PRIVATE,RIFT VALLEY,NANDI NORTH,KAPSABET,EMGWEN,KAPKANGANI,NANDI,,0.18,34.93
MIDWESTERN ACADEMY MAIN,PRIMARY SCHOOL,PRIVATE,RIFT VALLEY,NANDI NORTH,KAPSABET,EMGWEN,KAPKANGANI,NANDI,,0.21,34.93
VALLEY JUNIOR ACADEMY,PRIMARY SCHOOL,PRIVATE,RIFT VALLEY,NANDI NORTH,KOSIRAI,MOSOP,NGECHEK,NANDI,,0.3,35.2
AIC NDUROTO ACADEMY,PRIMARY SCHOOL,PRIVATE,RIFT VALLEY,NANDI NORTH,KOSIRAI,MOSOP,MUTWOT,NANDI,,0.3,35.19
AIC TIRONIN ACADEMY PRI SCH,PRIMARY SCHOOL,PRIVATE,RIFT VALLEY,NANDI NORTH,KOSIRAI,MOSOP,ITIGO,NANDI,,0.34,35.18
MOSOP GLORY SCH,PRIMARY SCHOOL,PRIVATE,RIFT VALLEY,NANDI NORTH,KOSIRAI,MOSOP,ITIGO,NANDI,,0.36,35.18
STANLEY METTO EDUC CENTRE,PRIMARY SCHOOL,PRIVATE,RIFT VALLEY,NANDI NORTH,KOSIRAI,MOSOP,ITIGO,NANDI,,0.37,35.16
ROCKFIELD SCH SIGOT,PRIMARY SCHOOL,PRIVATE,RIFT VALLEY,NANDI NORTH,KOSIRAI,MOSOP,SIGOT,NANDI,,0.43,35.15
ST RAPHAEL ACADEMY,PRIMARY SCHOOL,PRIVATE,RIFT VALLEY,NANDI NORTH,KOSIRAI,MOSOP,SIGOT,NANDI,,0.42,35.17
BAPTIST PRI,PRIMARY SCHOOL,PRIVATE,RIFT VALLEY,WEST POKOT,KAPENGURIA,KAPENGURIA,KISHAUNET,NANDI,,1.25,35.09
REHEMA ACADEMY,PRIMARY SCHOOL,PRIVATE,RIFT VALLEY,NANDI NORTH,KILIBWONI,EMGWEN,ARWOS,NANDI,,0.21,35.19
GREEN BELLS ACADEMY LOBOI PRI,PRIMARY SCHOOL,PRIVATE,RIFT VALLEY,BARINGO,MARIGAT,BARINGO CENTRAL,LOBOI,BARINGO,,0.36,36.06
PLANET ACADEMY,PRIMARY SCHOOL,PRIVATE,RIFT VALLEY,WEST POKOT,KAPENGURIA,KAPENGURIA,KERINGET,NAKURU,,1.21,35.05
GRACE JUNIOR ACADEMY,PRIMARY SCHOOL,PRIVATE,RIFT VALLEY,BARINGO,MARIGAT,BARINGO CENTRAL,ELDUME,BARINGO,,0.44,36
PALACE ACADEMY,PRIMARY SCHOOL,PRIVATE,RIFT VALLEY,WEST POKOT,KAPENGURIA,KAPENGURIA,MNANGEI,WEST POKOT,,1.23,35.08
JICA GREEN BELLS ACADEMY,PRIMARY SCHOOL,PRIVATE,RIFT VALLEY,BARINGO,KABARTONJO,BARINGO NORTH,BARTUM,BARINGO,,0.61,36.02
EBENEZER ACADEMY,PRIMARY SCHOOL,PRIVATE,RIFT VALLEY,WEST POKOT,KAPENGURIA,KAPENGURIA,MNANGEI,WEST POKOT,,1.25,35.09
MARS KIPSIRIA ACADEMY,PRIMARY SCHOOL,PRIVATE,RIFT VALLEY,NANDI NORTH,KABIYET,MOSOP,LOLKERINGET,NAKURU,,0.43,35.05
TUMAINI GRAMMAR SCH,PRIMARY SCHOOL,PRIVATE,RIFT VALLEY,NANDI NORTH,KABIYET,MOSOP,KABIYET,NANDI,,0.42,35.06
MAKUTANO CENTRAL ACADEMY,PRIMARY SCHOOL,PRIVATE,RIFT VALLEY,WEST POKOT,KAPENGURIA,KAPENGURIA,CHEMWOCHOI,BARINGO,,1.26,35.09
SUNRISE PRI,PRIMARY SCHOOL,PRIVATE,RIFT VALLEY,WEST POKOT,KAPENGURIA,KAPENGURIA,KAPKORIS,WEST POKOT,,1.26,35.1
RAINBOW KAPENGURIA ACADEMY,PRIMARY SCHOOL,PRIVATE,RIFT VALLEY,WEST POKOT,KAPENGURIA,KAPENGURIA,KAPKORIS,WEST POKOT,,1.26,35.11
GEORGE KENDAGOR CHRISTIAN ACADEMY,PRIMARY SCHOOL,PRIVATE,RIFT VALLEY,WEST POKOT,KAPENGURIA,KAPENGURIA,KAPKORIS,WEST POKOT,,1.27,35.13
ST FRANCIS JUNIOR ACADEMY,PRIMARY SCHOOL,PRIVATE,RIFT VALLEY,BARINGO,MARIGAT,BARINGO CENTRAL,KIMALEL,BARINGO,,0.46,35.86
KAGARWO SDA ACADEMY,PRIMARY SCHOOL,PRIVATE,RIFT VALLEY,NANDI NORTH,KABIYET,MOSOP,LOLKERINGET,NAKURU,,0.44,35
ST. MARY'S ASS. CATHOLIC PRI SCH,PRIMARY SCHOOL,PRIVATE,RIFT VALLEY,WEST POKOT,KAPENGURIA,KAPENGURIA,KAPENGURIA,WEST POKOT,,1.26,35.1
TOWN FELLOWSHIP ACADEMY,PRIMARY SCHOOL,PRIVATE,RIFT VALLEY,BARINGO,MARIGAT,BARINGO CENTRAL,MARIGAT,BARINGO,,0.47,35.98
BENDERA AIC ACADEMY,PRIMARY SCHOOL,PRIVATE,RIFT VALLEY,WEST POKOT,KAPENGURIA,KAPENGURIA,KAPENGURIA,WEST POKOT,,1.25,35.11
MUSTARD SEED ACADEMY,PRIMARY SCHOOL,PRIVATE,RIFT VALLEY,WEST POKOT,KAPENGURIA,KAPENGURIA,MNANGEI,WEST POKOT,,1.25,35.11
ELITE ACADEMY,PRIMARY SCHOOL,PRIVATE,RIFT VALLEY,WEST POKOT,KAPENGURIA,KAPENGURIA,KAPENGURIA,WEST POKOT,,1.26,35.11
BENDERA HILLTOP ACADEMY,PRIMARY SCHOOL,PRIVATE,RIFT VALLEY,WEST POKOT,KAPENGURIA,KAPENGURIA,MNANGEI,WEST POKOT,,1.25,35.11
KAPENGURIA CENTRAL PRI,PRIMARY SCHOOL,PRIVATE,RIFT VALLEY,WEST POKOT,KAPENGURIA,KAPENGURIA,KAPENGURIA,WEST POKOT,,1.26,35.1
GREENBELL ACADEMY,PRIMARY SCHOOL,PRIVATE,RIFT VALLEY,BARINGO,MARIGAT,BARINGO CENTRAL,MARIGAT,BARINGO,,0.47,36.02
REV MURUPUS ACADEMY,PRIMARY SCHOOL,PRIVATE,RIFT VALLEY,WEST POKOT,KAPENGURIA,KAPENGURIA,KAPENGURIA,WEST POKOT,,1.25,35.1
GREENBELLS JUNIOR ACADEMY,PRIMARY SCHOOL,PRIVATE,RIFT VALLEY,BARINGO,MARIGAT,BARINGO CENTRAL,MARIGAT,BARINGO,,0.47,35.99
AGAPE JUNIOR ACADEMY,PRIMARY SCHOOL,PRIVATE,RIFT VALLEY,BARINGO,MARIGAT,BARINGO CENTRAL,MARIGAT,BARINGO,,0.47,35.99
ST PAULS PRI SCH,PRIMARY SCHOOL,PRIVATE,RIFT VALLEY,BARINGO,MARIGAT,BARINGO CENTRAL,MARIGAT,BARINGO,,0.47,35.98
SANGALO CENTRAL ACADEMY,PRIMARY SCHOOL,PRIVATE,RIFT VALLEY,NANDI NORTH,KABIYET,MOSOP,KEBULONIK,NANDI,,0.39,35.03
MARIANN COC PRI,PRIMARY SCHOOL,PRIVATE,RIFT VALLEY,NANDI NORTH,KABIYET,MOSOP,SANGALO,NANDI,,0.34,35.03
FR. KIRWA EDUCATIONAL CENTRE,PRIMARY SCHOOL,PRIVATE,RIFT VALLEY,NANDI NORTH,KABIYET,MOSOP,SANGALO,NANDI,,0.34,35.01
ST BENEDICTS PREPARATORY SCHOOL,PRIMARY SCHOOL,PRIVATE,RIFT VALLEY,NANDI NORTH,KABIYET,MOSOP,SANGALO,NANDI,,0.33,35
KIPSAMOITE ADVENTIST PRI,PRIMARY SCHOOL,PRIVATE,RIFT VALLEY,NANDI NORTH,KABIYET,MOSOP,SANGALO,NANDI,,0.32,35
ST. JOSEPHS ELITE ACADEMY KIPTANGUS,PRIMARY SCHOOL,PRIVATE,RIFT VALLEY,NANDI NORTH,KIPKAREN,MOSOP,KURGUNG,NANDI,,0.42,34.99
NAET PREPARATORY SCHOOL,PRIMARY SCHOOL,PRIVATE,RIFT VALLEY,NANDI NORTH,KIPKAREN,MOSOP,KAPTICH,ELGEYO-MARAKWET,,0.45,34.95
OLOLULUNG'A VISION ACADEMY,PRIMARY SCHOOL,PRIVATE,RIFT VALLEY,NAROK,OLOLUNGA,NAROK SOUTH,OLOLUNGA,NAROK,,-1.01,35.65
PHOENIX LAKE VIEW ACADEMY,PRIMARY SCHOOL,PRIVATE,RIFT VALLEY,NAKURU,NAIVASHA,NAIVASHA,NAIVASHA TOWN,NAKURU,,-0.73,36.44
LITTLE FRIENDS PRI SCH,PRIMARY SCHOOL,PRIVATE,RIFT VALLEY,NAKURU,NAIVASHA,NAIVASHA,NAIVASHA TOWN,NAKURU,,-0.72,36.44
GLORYZONE SCH,PRIMARY SCHOOL,PRIVATE,RIFT VALLEY,NAKURU,NAIVASHA,NAIVASHA,NAIVASHA TOWN,NAKURU,,-0.7,36.43
OLIVE JUNIOR ACADEMY,PRIMARY SCHOOL,PRIVATE,RIFT VALLEY,NAROK,OLOLUNGA,NAROK SOUTH,OLOLUNGA,NAROK,,-1,35.64
MERCY OLIVE ACADEMY PRI,PRIMARY SCHOOL,PRIVATE,RIFT VALLEY,NAKURU,NAIVASHA,NAIVASHA,NAIVASHA EAST,NAKURU,,-0.73,36.47
LITTLE FRIENDS ACADEMY,PRIMARY SCHOOL,PRIVATE,RIFT VALLEY,NAKURU,NAIVASHA,NAIVASHA,NAIVASHA EAST,NAKURU,,-0.73,36.47
VALLEY'S LILY SCH,PRIMARY SCHOOL,PRIVATE,RIFT VALLEY,NAKURU,NAIVASHA,NAIVASHA,NAIVASHA EAST,NAKURU,,-0.72,36.47
AIC KAPTILDIL ACADEMY,PRIMARY SCHOOL,PRIVATE,RIFT VALLEY,NANDI NORTH,KAPSABET,EMGWEN,CHEMUNDU,NANDI,,0.27,35.11
SALABWEK AGC ACADEMY,PRIMARY SCHOOL,PRIVATE,RIFT VALLEY,NAROK,MULOT,NAROK SOUTH,ENELERAI,NAROK,,-0.99,35.42
CHRISTJEM ACADEMY,PRIMARY SCHOOL,PRIVATE,RIFT VALLEY,NANDI NORTH,KAPSABET,EMGWEN,CHEMUNDU,NANDI,,0.23,35.1
EMGWEN COMPLEX PRI,PRIMARY SCHOOL,PRIVATE,RIFT VALLEY,NANDI NORTH,KAPSABET,EMGWEN,CHEMUNDU,NANDI,,0.23,35.08
JOYLAND ACADEMY KAPKOBIS,PRIMARY SCHOOL,PRIVATE,RIFT VALLEY,NANDI NORTH,KAPSABET,EMGWEN,CHEMUNDU,NANDI,,0.23,35.08
BARATON INTERNATIONAL PRI,PRIMARY SCHOOL,PRIVATE,RIFT VALLEY,NANDI NORTH,KAPSABET,EMGWEN,CHEMUNDU,NANDI,,0.26,35.08
KACHELIBA SUNFLOWER PRI,PRIMARY SCHOOL,PRIVATE,RIFT VALLEY,WEST POKOT,KACHELIBA,KACHELIBA,SUAM,TRANS-NZOIA,,1.49,35.01
FATHER BOYLE ACADEMY,PRIMARY SCHOOL,PRIVATE,RIFT VALLEY,NANDI NORTH,KAPSABET,EMGWEN,CHEMUNDU,NANDI,,0.26,35.08
TAPADANY ACADEMY,PRIMARY SCHOOL,PRIVATE,RIFT VALLEY,WEST POKOT,KACHELIBA,KACHELIBA,SUAM,TRANS-NZOIA,,1.5,35.05
SUMBEIYWO EDUCATION CENTRE,PRIMARY SCHOOL,PRIVATE,RIFT VALLEY,NANDI NORTH,KAPSABET,EMGWEN,CHEMUNDU,NANDI,,0.24,35.07
BERUR ACADEMY,PRIMARY SCHOOL,PRIVATE,RIFT VALLEY,NANDI NORTH,KAPSABET,EMGWEN,CHEMUNDU,NANDI,,0.22,35.05
TUIYOBEI PRI SCH,PRIMARY SCHOOL,PRIVATE,RIFT VALLEY,NAROK,MULOT,NAROK SOUTH,MULOT,NAROK,,-0.94,35.43
KISAGET EDUCATION CENTRE,PRIMARY SCHOOL,PRIVATE,RIFT VALLEY,NANDI NORTH,KAPSABET,EMGWEN,KAPSABET,NANDI,,0.21,35.07
HOPE ACADEMY PRI SCH,PRIMARY SCHOOL,PRIVATE,RIFT VALLEY,NAROK,MULOT,NAROK SOUTH,MULOT,NAROK,,-0.93,35.43
MARS VALLEY ACADEMY,PRIMARY SCHOOL,PRIVATE,RIFT VALLEY,NANDI NORTH,KAPSABET,EMGWEN,KAPSABET,NANDI,,0.21,35.07
BISHOP COLIN DAVIES PRI SCH,PRIMARY SCHOOL,PRIVATE,RIFT VALLEY,NAROK,MULOT,NAROK SOUTH,MULOT,NAROK,,-0.93,35.43
MARCLE SCH,PRIMARY SCHOOL,PRIVATE,RIFT VALLEY,NANDI NORTH,KILIBWONI,EMGWEN,KIPTURE,NANDI,,0.21,35.13
ROSEVE EDUCATIONAL CENTRE,PRIMARY SCHOOL,PRIVATE,RIFT VALLEY,NANDI NORTH,KAPSABET,EMGWEN,KAPSABET,NANDI,,0.21,35.13
ST. AUGUSTINE EDUCATION CENTRE,PRIMARY SCHOOL,PRIVATE,RIFT VALLEY,NANDI NORTH,KAPSABET,EMGWEN,KAPSABET,NANDI,,0.21,35.12
MIDWESTERN ACADEMY HILLS VIEW,PRIMARY SCHOOL,PRIVATE,RIFT VALLEY,NANDI NORTH,KAPSABET,EMGWEN,KAPKANGANI,NANDI,,0.22,34.97
HOPE KACHI ACADEMY PRI SCH,PRIMARY SCHOOL,PRIVATE,RIFT VALLEY,NAROK,MULOT,NAROK SOUTH,SAGAMIAN,NAROK,,-0.79,35.59
SAIRE COMPLEX ACADEMY PRI,PRIMARY SCHOOL,PRIVATE,RIFT VALLEY,NAROK,MULOT,NAROK SOUTH,SAGAMIAN,NAROK,,-0.78,35.61
KIPCHABO ELITE SCHOOL,PRIMARY SCHOOL,PRIVATE,RIFT VALLEY,NANDI NORTH,KAPSABET,EMGWEN,KAPTEL,NANDI,,0.25,35.04
TENDWET JUNIOR ACADEMY,PRIMARY SCHOOL,PRIVATE,RIFT VALLEY,NAROK,MULOT,NAROK SOUTH,SAGAMIAN,NAROK,,-0.78,35.59
NGARAM PRI SCH,PRIMARY SCHOOL,PRIVATE,RIFT VALLEY,NAROK,MULOT,NAROK SOUTH,SAGAMIAN,NAROK,,-0.84,35.53
SAINT THOMAS ACADEMY OLCHORRO OIRUWUA,PRIMARY SCHOOL,PRIVATE,RIFT VALLEY,NAROK,MULOT,NAROK SOUTH,MULOT,NAROK,,-0.9,35.46
ST PETERS MEREGEI PRI SCH,PRIMARY SCHOOL,PRIVATE,RIFT VALLEY,NANDI NORTH,KAPSABET,EMGWEN,KAPTEL,NANDI,,0.32,35.02
GLORY ACADEMY,PRIMARY SCHOOL,PRIVATE,RIFT VALLEY,BARINGO,KABARTONJO,BARINGO NORTH,OSSEN,BARINGO,,0.63,35.79
AIC ACADEMY KABARTONJO,PRIMARY SCHOOL,PRIVATE,RIFT VALLEY,BARINGO,KABARTONJO,BARINGO NORTH,SAIMO,BARINGO,,0.64,35.8
CHESUMEI ACADEMY,PRIMARY SCHOOL,PRIVATE,RIFT VALLEY,NANDI NORTH,KAPSABET,ALDAI,CHEPKUMIA,NANDI,,0.14,34.94
VISION ACADEMY/LOBIN,PRIMARY SCHOOL,PRIVATE,RIFT VALLEY,BARINGO,KIPSARAMAN,BARINGO NORTH,KAPKATA,NANDI,,0.72,35.81
SIRONOI SDA ACADEMY,PRIMARY SCHOOL,PRIVATE,RIFT VALLEY,NANDI NORTH,KAPSABET,EMGWEN,KAMOIYWO,NANDI,,0.31,35.1
GLORY ACADEMY,PRIMARY SCHOOL,PRIVATE,RIFT VALLEY,BARINGO,KABARTONJO,BARINGO NORTH,SAIMO,BARINGO,,0.66,35.82
ST. ANN MIXED PRIMARY,PRIMARY SCHOOL,PRIVATE,RIFT VALLEY,NAKURU,RONGAI,RONGAI,RONGAI,NAKURU,,-0.19,35.88
VALLEY OASIS PRY SCH,PRIMARY SCHOOL,PRIVATE,RIFT VALLEY,MARAKWET,TOT,MARAKWET EAST,KOIBIRIR,ELGEYO-MARAKWET,,1.24,35.65
MWANGAZA BOARDING PRIMARY,PRIMARY SCHOOL,PRIVATE,RIFT VALLEY,NAKURU,MBOGOINI,SUBUKIA,SUBUKIASUBUKIA,NAKURU,,0.01,36.24
ST ANN ACADEMY PRIMARY,PRIMARY SCHOOL,PRIVATE,RIFT VALLEY,NAKURU,MBOGOINI,SUBUKIA,SUBUKIA,NAKURU,,0.03,36.24
ST JOHN JUNIOR PRIMARY,PRIMARY SCHOOL,PRIVATE,RIFT VALLEY,NAKURU,MBOGOINI,SUBUKIA,SUBUKIA,NAKURU,,0.04,36.24
PCEA UMOJA PRIMARY,PRIMARY SCHOOL,PRIVATE,RIFT VALLEY,NAKURU,MBOGOINI,SUBUKIA,SUBUKIA,NAKURU,,0,36.23
OAKLANDS JUNIOR PRIMARY,PRIMARY SCHOOL,PRIVATE,RIFT VALLEY,NAKURU,MBOGOINI,SUBUKIA,SUBUKIA,NAKURU,,0,36.23
NISSI PRIMARY,PRIMARY SCHOOL,PRIVATE,RIFT VALLEY,NAKURU,MBOGOINI,SUBUKIA,SUBUKIA,NAKURU,,0.01,36.22
STOO MBILI PRIMARY SCH,PRIMARY SCHOOL,PRIVATE,RIFT VALLEY,NAKURU,NJORO,MOLO,NJORO,NAKURU,,-0.45,35.98
EBENEZAR DAYSTAR ACADEMY,PRIMARY SCHOOL,PRIVATE,RIFT VALLEY,NAKURU,KERINGET,KURESOI,SILIBWET,BOMET,,-0.53,35.7
INTEGRITY EDUCATION CENTRE PRIMARY,PRIMARY SCHOOL,PRIVATE,RIFT VALLEY,NAKURU,NJORO,MOLO,NGATA,NAKURU,,-0.38,35.95
SOLAI LAKEVIEW ACADEMY PRIMARY SCH,PRIMARY SCHOOL,PRIVATE,RIFT VALLEY,NAKURU,MBOGOINI,RONGAI,MAJI TAMU,NAKURU,,0.05,36.17
YASHA MISSION PRIMARY,PRIMARY SCHOOL,PRIVATE,RIFT VALLEY,NAKURU,NJORO,MOLO,NJORO,NAKURU,,-0.38,35.94
ST AUGUSTINE PRIMARY SCH,PRIMARY SCHOOL,PRIVATE,RIFT VALLEY,NAKURU,NJORO,MOLO,NJORO,NAKURU,,-0.37,35.94
MAJI TAMU ACADEMY PRIMARY SCH,PRIMARY SCHOOL,PRIVATE,RIFT VALLEY,NAKURU,MBOGOINI,RONGAI,MAJI TAMU,NAKURU,,0.01,36.16
RIFT VALLEY PRESTIGE PRIMARY,PRIMARY SCHOOL,PRIVATE,RIFT VALLEY,NAKURU,NJORO,MOLO,NJORO,NAKURU,,-0.35,35.94
TERRY ACADEMY,PRIMARY SCHOOL,PRIVATE,RIFT VALLEY,NAKURU,NJORO,MOLO,NJORO,NAKURU,,-0.28,35.86
ZAKAYO GARDEN SCHOOL,PRIMARY SCHOOL,PRIVATE,RIFT VALLEY,NAKURU,KERINGET,KURESOI,KIPSONOI,BOMET,,-0.47,35.65
NGATA STARLET ACADEMY-  PRI,PRIMARY SCHOOL,PRIVATE,RIFT VALLEY,NAKURU,NJORO,RONGAI,NGATA,NAKURU,,-0.28,35.97
GEROL ACADEMY,PRIMARY SCHOOL,PRIVATE,RIFT VALLEY,NAKURU,KERINGET,KURESOI,KERINGET,NAKURU,,-0.43,35.68
SILVER EDUCATION CENTRE PRIMARY,PRIMARY SCHOOL,PRIVATE,RIFT VALLEY,NAKURU,NAKURU MUNI.,NAKURU TOWN,PANGANI,NAKURU,,-0.31,36.08
MURKAN GOODWILL ACADEMY,PRIMARY SCHOOL,PRIVATE,RIFT VALLEY,TRANS MARA,KIRINDONI,KILGORIS,MURKAN,TRANS NZOIA,,-1.06,35.05
LANGALANGA HAPPY CHILD PRIMARY,PRIMARY SCHOOL,PRIVATE,RIFT VALLEY,NAKURU,NAKURU MUNI.,NAKURU TOWN,BAHARINI,NAKURU,,-0.31,36.07
FILADELFIA PRIMARY,PRIMARY SCHOOL,PRIVATE,RIFT VALLEY,NAKURU,NAKURU MUNI.,NAKURU TOWN,BAHARINI,NAKURU,,-0.3,36.07
CHRISCO ACADEMY PRIMARY,PRIMARY SCHOOL,PRIVATE,RIFT VALLEY,NAKURU,NAKURU MUNI.,NAKURU TOWN,BAHARINI,NAKURU,,-0.31,36.07
CAROL ACADEMY PRIMARY,PRIMARY SCHOOL,PRIVATE,RIFT VALLEY,NAKURU,NAKURU MUNI.,NAKURU TOWN,LANGALANGA,NAKURU,,-0.31,36.07
ROYAL ELITES PRIMARY,PRIMARY SCHOOL,PRIVATE,RIFT VALLEY,NAKURU,NAKURU MUNI.,NAKURU TOWN,MWARIKI,NAKURU,,-0.3,36.07
OWEN K ACA,PRIMARY SCHOOL,PRIVATE,RIFT VALLEY,KERICHO,SOIN,AINAMOI,SOIN,NAKURU,,-0.23,35.16
CONNECTOR ACA PRI SCH,PRIMARY SCHOOL,PRIVATE,RIFT VALLEY,MARAKWET,KAPCHEROP,MARAKWET WEST,KOISUNGUR,NAKURU,,1.02,35.43
KINGS ACADEMY PRIMARY,PRIMARY SCHOOL,PRIVATE,RIFT VALLEY,NAKURU,NAKURU MUNI.,NAKURU TOWN,AFRAHA,NAKURU,,-0.3,36.07
NAKURU CHRISTIAN CENTRE PRIMARY,PRIMARY SCHOOL,PRIVATE,RIFT VALLEY,NAKURU,NAKURU MUNI.,NAKURU TOWN,AFRAHA,NAKURU,,-0.3,36.07
CHEPSENGENY ACA,PRIMARY SCHOOL,PRIVATE,RIFT VALLEY,KERICHO,SOIN,AINAMOI,SOIN,NAKURU,,-0.23,35.13
HEKIMA ACADEMY,PRIMARY SCHOOL,PRIVATE,RIFT VALLEY,KERICHO,SOIN,AINAMOI,SOIN,NAKURU,,-0.23,35.15
DARUL ILMI ACADEMY PRIMARY,PRIMARY SCHOOL,PRIVATE,RIFT VALLEY,NAKURU,NAKURU MUNI.,NAKURU TOWN,TOWN,NAKURU,,-0.29,36.07
JOLYDAB ACADEMY,PRIMARY SCHOOL,PRIVATE,RIFT VALLEY,KERICHO,SOIN,AINAMOI,KAPSEGUT,NAKURU,,-0.31,35.16
CHRIST THE KING PRIMARY,PRIMARY SCHOOL,PRIVATE,RIFT VALLEY,NAKURU,NAKURU MUNI.,NAKURU TOWN,BONDENI,NAKURU,,-0.29,36.07
BAPTIST ACADEMY PRIMARY,PRIMARY SCHOOL,PRIVATE,RIFT VALLEY,NAKURU,NAKURU MUNI.,NAKURU TOWN,KAPTEMBWO,NAKURU,,-0.29,36.06
NAKURU SDA PRIMARY,PRIMARY SCHOOL,PRIVATE,RIFT VALLEY,NAKURU,NAKURU MUNI.,NAKURU TOWN,KAPTEMBWO,NAKURU,,-0.3,36.06
PISTIL ACADEMY PRIMARY,PRIMARY SCHOOL,PRIVATE,RIFT VALLEY,NAKURU,NAKURU MUNI.,NAKURU TOWN,KAPTEMBWO,NAKURU,,-0.3,36.06
NAKURU HOLY CROSS PRIMARY,PRIMARY SCHOOL,PRIVATE,RIFT VALLEY,NAKURU,NAKURU MUNI.,NAKURU TOWN,KAPTEMBWO,NAKURU,,-0.3,36.05
TOPEN SOY ACA,PRIMARY SCHOOL,PRIVATE,RIFT VALLEY,KERICHO,SOIN,AINAMOI,KAITUI,NAKURU,,-0.28,35.16
JITEGEMEA PRIMARY,PRIMARY SCHOOL,PRIVATE,RIFT VALLEY,NAKURU,NAKURU MUNI.,NAKURU TOWN,LANET,NAKURU,,-0.29,36.06
IMANI AEPC PRIMARY,PRIMARY SCHOOL,PRIVATE,RIFT VALLEY,NAKURU,NAKURU MUNI.,NAKURU TOWN,LANET,NAKURU,,-0.3,36.05
CHESOEN BAPTIST ACADEMY,PRIMARY SCHOOL,PRIVATE,RIFT VALLEY,TRANS MARA,PIRRAR,KILGORIS,OLOLMASANI,NAROK,,-0.94,35.08
TOWERHILL SENETWET PREPARATORY,PRIMARY SCHOOL,PRIVATE,RIFT VALLEY,KERICHO,SOIN,AINAMOI,SOIN,NAKURU,,-0.25,35.16
MOTHER KEVIN PRIMARY,PRIMARY SCHOOL,PRIVATE,RIFT VALLEY,NAKURU,NAKURU MUNI.,NAKURU TOWN,LANET,NAKURU,,-0.3,36.05
AIC LIFE SPRINGS ACADEMY,PRIMARY SCHOOL,PRIVATE,RIFT VALLEY,MARAKWET,CHEBIEMIT,MARAKWET WEST,MOIBEN,UASIN GISHU,,0.86,35.5
BRITE STAR ACADEMY,PRIMARY SCHOOL,PRIVATE,RIFT VALLEY,NAKURU,NAKURU MUNI.,NAKURU TOWN,LANET,NAKURU,,-0.3,36.07
NAKURU ELITE PRIMARY,PRIMARY SCHOOL,PRIVATE,RIFT VALLEY,NAKURU,NAKURU MUNI.,NAKURU TOWN,LANET,NAKURU,,-0.31,36.07
CHALLEN PRIMARY,PRIMARY SCHOOL,PRIVATE,RIFT VALLEY,NAKURU,NAKURU MUNI.,NAKURU TOWN,LANET,NAKURU,,-0.28,36.05
CHEBARA DAMSITE ACA,PRIMARY SCHOOL,PRIVATE,RIFT VALLEY,MARAKWET,CHEBIEMIT,MARAKWET WEST,MOIBEN,UASIN GISHU,,0.89,35.5
SHALLOM FAITH PRIMARY,PRIMARY SCHOOL,PRIVATE,RIFT VALLEY,NAKURU,NAKURU MUNI.,NAKURU TOWN,LANET,NAKURU,,-0.27,36.05
NDAMAMA SPRINGS ACADEMY,PRIMARY SCHOOL,PRIVATE,RIFT VALLEY,TRANS MARA,PIRRAR,KILGORIS,NJIPSHIP,WEST POKOT,,-0.91,35.02
KAPSAOS ACADEMY,PRIMARY SCHOOL,PRIVATE,RIFT VALLEY,TRANS MARA,PIRRAR,KILGORIS,NJIPSHIP,WEST POKOT,,-0.94,35.03
SUNRISE JUNIOR PRIMARY,PRIMARY SCHOOL,PRIVATE,RIFT VALLEY,NAKURU,NAKURU MUNI.,NAKURU TOWN,LANET,NAKURU,,-0.27,36.05
AIC NAKURU PRIMARY,PRIMARY SCHOOL,PRIVATE,RIFT VALLEY,NAKURU,NAKURU MUNI.,NAKURU TOWN,LANET,NAKURU,,-0.27,36.04
ST. NINIAN'S PCEA PRIMARY,PRIMARY SCHOOL,PRIVATE,RIFT VALLEY,NAKURU,NAKURU MUNI.,NAKURU TOWN,LANET,NAKURU,,-0.28,36.06
CRATER ACADEMY PRIMARY,PRIMARY SCHOOL,PRIVATE,RIFT VALLEY,NAKURU,NAKURU MUNI.,NAKURU TOWN,LANET,NAKURU,,-0.28,36.07
VICTONELL ACADEMY PRIMARY,PRIMARY SCHOOL,PRIVATE,RIFT VALLEY,NAKURU,NAKURU MUNI.,NAKURU TOWN,LANET,NAKURU,,-0.28,36.09
AIC SHAAMAH ACADEMY,PRIMARY SCHOOL,PRIVATE,RIFT VALLEY,MARAKWET,KAPSOWAR,MARAKWET WEST,KAPSOWAR,ELGEYO-MARAKWET,,0.98,35.56
ROROK VICTORY ACADEMY,PRIMARY SCHOOL,PRIVATE,RIFT VALLEY,MARAKWET,KAPSOWAR,MARAKWET WEST,KAPSOWAR,ELGEYO-MARAKWET,,0.99,35.56
CHEPEMA JOY ACADEMY,PRIMARY SCHOOL,PRIVATE,RIFT VALLEY,NAKURU,RONGAI,RONGAI,LENGINET,NAKURU,,-0.06,35.86
MUSTARD SEED PRIMARY SCH,PRIMARY SCHOOL,PRIVATE,RIFT VALLEY,NAKURU,RONGAI,RONGAI,KIAMUNYI,NAKURU,,-0.27,36.03
KAGAKI PRIMARY SCH,PRIMARY SCHOOL,PRIVATE,RIFT VALLEY,NAKURU,RONGAI,RONGAI,KIAMUNYI,NAKURU,,-0.27,36.01
CHESIRIKWA DAYSTAR ACADEMY,PRIMARY SCHOOL,PRIVATE,RIFT VALLEY,NAKURU,KERINGET,KURESOI,NYOTA,NAKURU,,-0.42,35.63
GOOD HOPE ACADEMY PRIMARY SCH,PRIMARY SCHOOL,PRIVATE,RIFT VALLEY,NAKURU,RONGAI,RONGAI,KIAMUNYI,NAKURU,,-0.27,36.02
VIOKIM PRIMARY,PRIMARY SCHOOL,PRIVATE,RIFT VALLEY,NAKURU,RONGAI,RONGAI,KIAMUNYI,NAKURU,,-0.27,36.02
ST. CECILIA PRIMARY SCH,PRIMARY SCHOOL,PRIVATE,RIFT VALLEY,NAKURU,RONGAI,RONGAI,KIAMUNYI,NAKURU,,-0.27,36.02
CHIEF KARIUKI ACADEMY PRIMARY SCH,PRIMARY SCHOOL,PRIVATE,RIFT VALLEY,NAKURU,RONGAI,RONGAI,KIAMUNYI,NAKURU,,-0.15,36
OASIS JACADEMY  PRI SCH,PRIMARY SCHOOL,PRIVATE,RIFT VALLEY,NAKURU,KERINGET,KURESOI,KERINGET,NAKURU,,-0.39,35.73
ST MARK ACADEMY,PRIMARY SCHOOL,PRIVATE,RIFT VALLEY,NAKURU,MAU-NAROK,MOLO,SUGURU,NAKURU,,-0.56,35.98
KIRAM JUNIOR ACADEMY,PRIMARY SCHOOL,PRIVATE,RIFT VALLEY,NAKURU,RONGAI,RONGAI,LENGINET,NAKURU,,-0.16,35.96
SENETWE HILLS VIEW ACADEMY,PRIMARY SCHOOL,PRIVATE,RIFT VALLEY,NAKURU,RONGAI,RONGAI,LENGINET,NAKURU,,-0.15,35.96
PHYLLIS MEMORIAL PRIMARY,PRIMARY SCHOOL,PRIVATE,RIFT VALLEY,NAKURU,RONGAI,RONGAI,LENGINET,NAKURU,,-0.14,35.96
PAMHILL ACADEMY,PRIMARY SCHOOL,PRIVATE,RIFT VALLEY,NAKURU,RONGAI,RONGAI,LENGINET,NAKURU,,-0.24,36
SELILIAN ACADEMY,PRIMARY SCHOOL,PRIVATE,RIFT VALLEY,NAKURU,KERINGET,KURESOI,CHEMANER,BOMET,,-0.41,35.58
STERAH ACADEMY PRIMARY,PRIMARY SCHOOL,PRIVATE,RIFT VALLEY,NAKURU,RONGAI,RONGAI,LENGINET,NAKURU,,-0.23,35.98
VICTORY PRIMARY,PRIMARY SCHOOL,PRIVATE,RIFT VALLEY,NAKURU,MAUCHE,MOLO,KAPKEMBU,NAKURU,,-0.5,35.97
VEROVIAN ACADEMY,PRIMARY SCHOOL,PRIVATE,RIFT VALLEY,NAKURU,RONGAI,RONGAI,LENGINET,NAKURU,,-0.24,35.98
TRINITY ACADEMY,PRIMARY SCHOOL,PRIVATE,RIFT VALLEY,NAKURU,RONGAI,RONGAI,LENGINET,NAKURU,,-0.24,35.94
ST. BONIFACE ACA,PRIMARY SCHOOL,PRIVATE,RIFT VALLEY,TRANS NZOIA,KIMININI,SABOTI,KIMININI,TRANS-NZOIA,,0.96,34.92
PEFA VICTORY PRIMARY,PRIMARY SCHOOL,PRIVATE,RIFT VALLEY,NAKURU,MAUCHE,MOLO,MAUCHE,NAKURU,,-0.48,35.97
GOSPEL CHRISTIAN ACADEMY,PRIMARY SCHOOL,PRIVATE,RIFT VALLEY,NAKURU,RONGAI,RONGAI,BOROR,NAKURU,,-0.25,35.84
WISDOM STAR ACADEMY PRI SCH,PRIMARY SCHOOL,PRIVATE,RIFT VALLEY,NAKURU,MAUCHE,MOLO,TUIYOTICH,NAKURU,,-0.51,35.97
MT. SINAI PRIMARY,PRIMARY SCHOOL,PRIVATE,RIFT VALLEY,NAKURU,RONGAI,RONGAI,BOROR,NAKURU,,-0.23,35.85
DEKKO ACADEMY,PRIMARY SCHOOL,PRIVATE,RIFT VALLEY,TRANS NZOIA,KIMININI,SABOTI,KIMININI,TRANS-NZOIA,,0.93,34.95
CHEPSEON EKE PRIMARY,PRIMARY SCHOOL,PRIVATE,RIFT VALLEY,NAKURU,RONGAI,RONGAI,BOROR,NAKURU,,-0.21,35.84
TUIYOTICH  EMMAH SCHOOL PRI,PRIMARY SCHOOL,PRIVATE,RIFT VALLEY,NAKURU,MAUCHE,MOLO,TUIYOTICH,NAKURU,,-0.53,35.99
BLUMAX ACADEMY PRIMARY,PRIMARY SCHOOL,PRIVATE,RIFT VALLEY,NAKURU,RONGAI,RONGAI,BOROR,NAKURU,,-0.21,35.85
RONGAI VICTORY PRIMARY,PRIMARY SCHOOL,PRIVATE,RIFT VALLEY,NAKURU,RONGAI,RONGAI,BOROR,NAKURU,,-0.21,35.86
ST. LUCIA PRIMARY,PRIMARY SCHOOL,PRIVATE,RIFT VALLEY,NAKURU,RONGAI,RONGAI,BOROR,NAKURU,,-0.22,35.85
ST. BRIGIDS ACADEMY PRI SCH,PRIMARY SCHOOL,PRIVATE,RIFT VALLEY,TRANS NZOIA,KIMININI,SABOTI,KIMININI,TRANS-NZOIA,,0.89,34.92
OUR LADY OF VICTORY PRIMARY,PRIMARY SCHOOL,PRIVATE,RIFT VALLEY,NAKURU,RONGAI,RONGAI,BOROR,NAKURU,,-0.23,35.85
PATHFINDER ACADEMY,PRIMARY SCHOOL,PRIVATE,RIFT VALLEY,TRANS NZOIA,KIMININI,SABOTI,KIMININI,TRANS-NZOIA,,0.88,34.93
KIMININI ANGELS ACADEMY,PRIMARY SCHOOL,PRIVATE,RIFT VALLEY,TRANS NZOIA,KIMININI,SABOTI,KIMININI,TRANS-NZOIA,,0.89,34.93
AMIND VISION PRIMARY,PRIMARY SCHOOL,PRIVATE,RIFT VALLEY,NAKURU,MAU-NAROK,MOLO,MAU-NAROK,NAKURU,,-0.63,35.99
KIMININI SUNSHINE ACA,PRIMARY SCHOOL,PRIVATE,RIFT VALLEY,TRANS NZOIA,KIMININI,SABOTI,KIMININI,TRANS-NZOIA,,0.88,34.96
CHIEF IAN PRIMARY,PRIMARY SCHOOL,PRIVATE,RIFT VALLEY,NAKURU,MAU-NAROK,MOLO,MAU-NAROK,NAKURU,,-0.6,36.01
CORNERIOUS PRIMARY,PRIMARY SCHOOL,PRIVATE,RIFT VALLEY,NAKURU,MAU-NAROK,MOLO,MAU-NAROK,NAKURU,,-0.6,36.01
LULU F. ACADEMY,PRIMARY SCHOOL,PRIVATE,RIFT VALLEY,TRANS NZOIA,KIMININI,SABOTI,KIMININI,TRANS-NZOIA,,0.93,34.9
MASABA BRILLANT ACADEMY,PRIMARY SCHOOL,PRIVATE,RIFT VALLEY,TRANS NZOIA,KIMININI,SABOTI,KIMININI,TRANS-NZOIA,,0.9,34.92
GRACE MOUNT PRIMARY,PRIMARY SCHOOL,PRIVATE,RIFT VALLEY,NAKURU,MAU-NAROK,MOLO,MAU-NAROK,NAKURU,,-0.6,36
ST. ANNES ACADEMY,PRIMARY SCHOOL,PRIVATE,RIFT VALLEY,TRANS NZOIA,KIMININI,SABOTI,KIMININI,TRANS-NZOIA,,0.89,34.92
SOUJANAARS PRIMARY,PRIMARY SCHOOL,PRIVATE,RIFT VALLEY,NAKURU,BAHATI,SUBUKIA,LANET,NAKURU,,-0.28,36.14
WISDOM IMPART ACADEMY,PRIMARY SCHOOL,PRIVATE,RIFT VALLEY,TRANS NZOIA,KIMININI,SABOTI,KIMININI,TRANS-NZOIA,,0.88,34.89
VISION ACA,PRIMARY SCHOOL,PRIVATE,RIFT VALLEY,TRANS NZOIA,KIMININI,SABOTI,KIMININI,TRANS-NZOIA,,0.87,34.87
ANESTAR PRIMARY,PRIMARY SCHOOL,PRIVATE,RIFT VALLEY,NAKURU,BAHATI,SUBUKIA,LANET,NAKURU,,-0.23,36.17
ST. EMMANUEL ACADEMY,PRIMARY SCHOOL,PRIVATE,RIFT VALLEY,TRANS NZOIA,KIMININI,SABOTI,KIMININI,TRANS-NZOIA,,0.87,34.86
VALENTINE EDUCATION CENTRE,PRIMARY SCHOOL,PRIVATE,RIFT VALLEY,TRANS NZOIA,KIMININI,SABOTI,KIMININI,TRANS-NZOIA,,0.85,34.85
JOFEN ACADEMY PRIMARY,PRIMARY SCHOOL,PRIVATE,RIFT VALLEY,NAKURU,BAHATI,SUBUKIA,LANET,NAKURU,,-0.23,36.18
ST. ELIZABETH ACADEMY PRIMARY SCH,PRIMARY SCHOOL,PRIVATE,RIFT VALLEY,NAKURU,NAKURU MUNI.,NAKURU TOWN,LANET,NAKURU,,-0.27,36.11
BRIGHT FUTURE ACA,PRIMARY SCHOOL,PRIVATE,RIFT VALLEY,TRANS NZOIA,KIMININI,SABOTI,SIKHENDU,TRANS-NZOIA,,0.83,34.82
MOUNTAIN PARK PRIMARY,PRIMARY SCHOOL,PRIVATE,RIFT VALLEY,NAKURU,BAHATI,SUBUKIA,LANET,NAKURU,,-0.26,36.19
ST. FRANCIS OF ASSISI PRIMARY SCH,PRIMARY SCHOOL,PRIVATE,RIFT VALLEY,NAKURU,NAKURU MUNI.,NAKURU TOWN,LANET,NAKURU,,-0.28,36.11
ST. LUKES ACA,PRIMARY SCHOOL,PRIVATE,RIFT VALLEY,MARAKWET,TIRAP,MARAKWET WEST,SAMBIRIR,ELGEYO-MARAKWET,,1.08,35.6
SHAH LALJI NANGPAR PRIMARY SCH,PRIMARY SCHOOL,PRIVATE,RIFT VALLEY,NAKURU,NAKURU MUNI.,NAKURU TOWN,LANET,NAKURU,,-0.28,36.1
CENTRAL VALLEY PRI SCH,PRIMARY SCHOOL,PRIVATE,RIFT VALLEY,TRANS NZOIA,KIMININI,SABOTI,SIKHENDU,TRANS-NZOIA,,0.87,34.85
GRACE BIBLE PRIMARY,PRIMARY SCHOOL,PRIVATE,RIFT VALLEY,NAKURU,NAKURU MUNI.,NAKURU TOWN,LANET,NAKURU,,-0.28,36.13
ST. MARY'S DUNDORI ACADEMY PRIMARY,PRIMARY SCHOOL,PRIVATE,RIFT VALLEY,NAKURU,BAHATI,SUBUKIA,LANET,NAKURU,,-0.26,36.23
ST. KEZIAH PRIMARY,PRIMARY SCHOOL,PRIVATE,RIFT VALLEY,NAKURU,BAHATI,NAKURU TOWN,LANET,NAKURU,,-0.27,36.14
ST. SAMUEL FAITH PRIMARY,PRIMARY SCHOOL,PRIVATE,RIFT VALLEY,NAKURU,NAKURU MUNI.,NAKURU TOWN,LANET,NAKURU,,-0.28,36.12
MAKENYA ELITE PRIMARY,PRIMARY SCHOOL,PRIVATE,RIFT VALLEY,NAKURU,KURESOI,KURESOI,KIPTORORO,NAKURU,,-0.36,35.6
MUCHARAGE HIGHLIGHT ACADEMY,PRIMARY SCHOOL,PRIVATE,RIFT VALLEY,TRANS NZOIA,KIMININI,SABOTI,SIKHENDU,TRANS-NZOIA,,0.82,34.85
KIPTANUI CHEPKOG ACA,PRIMARY SCHOOL,PRIVATE,RIFT VALLEY,MARAKWET,TIRAP,MARAKWET WEST,SAMBIRIR,ELGEYO-MARAKWET,,1.06,35.58
BRIGHT MICHAEL PRIMARY,PRIMARY SCHOOL,PRIVATE,RIFT VALLEY,NAKURU,BAHATI,SUBUKIA,LANET,NAKURU,,-0.25,36.24
ST ANNES RANY ACA,PRIMARY SCHOOL,PRIVATE,RIFT VALLEY,TRANS NZOIA,KIMININI,SABOTI,SIKHENDU,TRANS-NZOIA,,0.83,34.85
MWALIMU MKUU PRIMARY SCH,PRIMARY SCHOOL,PRIVATE,RIFT VALLEY,NAKURU,NAKURU MUNI.,NAKURU TOWN,LANET,NAKURU,,-0.29,36.14
LANET LIGHT HOUSE ACADEMY PRIMARY,PRIMARY SCHOOL,PRIVATE,RIFT VALLEY,NAKURU,NAKURU MUNI.,NAKURU TOWN,LANET,NAKURU,,-0.28,36.14
PARAMOUNT ACADEMY PRIMARY SCH,PRIMARY SCHOOL,PRIVATE,RIFT VALLEY,NAKURU,NAKURU MUNI.,NAKURU TOWN,LANET,NAKURU,,-0.3,36.07
VIRGINIA BUENA PRY SCH,PRIMARY SCHOOL,PRIVATE,RIFT VALLEY,NAKURU,NAKURU MUNI.,NAKURU TOWN,LANET,NAKURU,,-0.31,36.06
PETALS VIEW PRIMARY,PRIMARY SCHOOL,PRIVATE,RIFT VALLEY,NAKURU,BAHATI,SUBUKIA,LANET,NAKURU,,-0.24,36.24
SKY HIGH MASIELO ACADEMY,PRIMARY SCHOOL,PRIVATE,RIFT VALLEY,TRANS NZOIA,KIMININI,SABOTI,SIKHENDU,TRANS-NZOIA,,0.84,34.86
FATHER REINHALD ACA,PRIMARY SCHOOL,PRIVATE,RIFT VALLEY,MARAKWET,TIRAP,MARAKWET EAST,EMBOBUT,ELGEYO-MARAKWET,,1.22,35.59
PYRENE PRIMARY SCH,PRIMARY SCHOOL,PRIVATE,RIFT VALLEY,NAKURU,NAKURU MUNI.,NAKURU TOWN,LANET,NAKURU,,-0.32,36.06
PURPOSE DRIVEN EDUCATION CENTRE,PRIMARY SCHOOL,PRIVATE,RIFT VALLEY,TRANS NZOIA,KIMININI,SABOTI,SIKHENDU,TRANS-NZOIA,,0.83,34.87
MELON PRIMARY,PRIMARY SCHOOL,PRIVATE,RIFT VALLEY,NAKURU,NAKURU MUNI.,NAKURU TOWN,LANET,NAKURU,,-0.3,36.06
BELL HOUSE PRIMARY,PRIMARY SCHOOL,PRIVATE,RIFT VALLEY,NAKURU,BAHATI,SUBUKIA,LANET,NAKURU,,-0.27,36.11
UTHABITI PRIMARY,PRIMARY SCHOOL,PRIVATE,RIFT VALLEY,NAKURU,NAKURU MUNI.,NAKURU TOWN,LANET,NAKURU,,-0.3,36.05
ENGASHURA PREPARATORY PRIMARY,PRIMARY SCHOOL,PRIVATE,RIFT VALLEY,NAKURU,BAHATI,SUBUKIA,LANET,NAKURU,,-0.26,36.12
SHANA PRIMARY,PRIMARY SCHOOL,PRIVATE,RIFT VALLEY,NAKURU,NAKURU MUNI.,NAKURU TOWN,LANET,NAKURU,,-0.29,36.04
FARAJA ACA PRI SCH,PRIMARY SCHOOL,PRIVATE,RIFT VALLEY,TRANS NZOIA,KIMININI,SABOTI,KIMININI,TRANS-NZOIA,,0.84,34.89
SKY HIGH PRIMARY,PRIMARY SCHOOL,PRIVATE,RIFT VALLEY,NAKURU,NAKURU MUNI.,NAKURU TOWN,LANET,NAKURU,,-0.3,36.04
KING STAR PRIMARY,PRIMARY SCHOOL,PRIVATE,RIFT VALLEY,NAKURU,NAKURU MUNI.,NAKURU TOWN,LANET,NAKURU,,-0.3,36.04
GLORY ACADEMY PRIMARY,PRIMARY SCHOOL,PRIVATE,RIFT VALLEY,NAKURU,BAHATI,SUBUKIA,LANET,NAKURU,,-0.24,36.14
ST. GEORGES GRASSLAND PRIMARY,PRIMARY SCHOOL,PRIVATE,RIFT VALLEY,NAKURU,BAHATI,SUBUKIA,LANET,NAKURU,,-0.25,36.14
ST. GEORGES GREENLAND PRIMARY,PRIMARY SCHOOL,PRIVATE,RIFT VALLEY,NAKURU,BAHATI,SUBUKIA,LANET,NAKURU,,-0.25,36.14
PCEA JITEGEMEE PRIMARY,PRIMARY SCHOOL,PRIVATE,RIFT VALLEY,NAKURU,NAKURU MUNI.,NAKURU TOWN,LANET,NAKURU,,-0.31,36
EAST AFRICA MISSION ORPHANAGE PRIMARY,PRIMARY SCHOOL,PRIVATE,RIFT VALLEY,NAKURU,NAKURU MUNI.,NAKURU TOWN,LANET,NAKURU,,-0.32,36.01
TUMAINI  PRIMARY,PRIMARY SCHOOL,PRIVATE,RIFT VALLEY,NAKURU,KURESOI,KURESOI,MKULIMA,TRANS NZOIA,,-0.3,35.55
KOKWO PRI SCH,PRIMARY SCHOOL,PRIVATE,RIFT VALLEY,TRANS NZOIA,ENDEBESS,KWANZA,ENDEBESS,TRANS-NZOIA,,1.04,34.81
REHEMA PRIMARY SCH,PRIMARY SCHOOL,PRIVATE,RIFT VALLEY,NAKURU,NAKURU MUNI.,NAKURU TOWN,LANET,NAKURU,,-0.32,36.01
GILGAL PRIMARY SCHOOL,PRIMARY SCHOOL,PRIVATE,RIFT VALLEY,MARAKWET,KAPSOWAR,MARAKWET WEST,KAPSOWAR,ELGEYO-MARAKWET,,0.98,35.55
LIMUKO FOREST ACADEMY PRIMARY,PRIMARY SCHOOL,PRIVATE,RIFT VALLEY,NAKURU,BAHATI,SUBUKIA,LANET,NAKURU,,-0.22,36.16
ST. GABRIEL MISION PRIMARY,PRIMARY SCHOOL,PRIVATE,RIFT VALLEY,NAKURU,BAHATI,SUBUKIA,LANET,NAKURU,,-0.27,36.18
NDAKIMU ACADEMY PRIMARY,PRIMARY SCHOOL,PRIVATE,RIFT VALLEY,NAKURU,BAHATI,SUBUKIA,LANET,NAKURU,,-0.21,36.16
ST MAURUS ACADEMY CHESONGOCH,PRIMARY SCHOOL,PRIVATE,RIFT VALLEY,MARAKWET,TOT,MARAKWET EAST,MURKUTWA,ELGEYO-MARAKWET,,1.13,35.64
LATIK  ACA PRIMARY SCH,PRIMARY SCHOOL,PRIVATE,RIFT VALLEY,TRANS NZOIA,ENDEBESS,KWANZA,KAIBEI,TRANS NZOIA,,1.09,34.8
EXODUS PRIMARY,PRIMARY SCHOOL,PRIVATE,RIFT VALLEY,NAKURU,BAHATI,SUBUKIA,LANET,NAKURU,,-0.26,36.17
KONGOI  MIXED  ACADEMY,PRIMARY SCHOOL,PRIVATE,RIFT VALLEY,NAKURU,KURESOI,KURESOI,KURESOI,NAKURU,,-0.33,35.53
REV. MBUTHIA PRIMARY,PRIMARY SCHOOL,PRIVATE,RIFT VALLEY,NAKURU,BAHATI,SUBUKIA,LANET,NAKURU,,-0.2,36.16
TOWNSHIP EDU CENTER,PRIMARY SCHOOL,PRIVATE,RIFT VALLEY,TRANS NZOIA,ENDEBESS,KWANZA,KAIBEI,TRANS NZOIA,,1.09,34.85
KURESOI  JUNIOR  ACADEMY PRIMARY,PRIMARY SCHOOL,PRIVATE,RIFT VALLEY,NAKURU,KURESOI,KURESOI,KURESOI,NAKURU,,-0.3,35.53
RAINBOW EDUCATION CENTRE PRIMARY,PRIMARY SCHOOL,PRIVATE,RIFT VALLEY,NAKURU,BAHATI,SUBUKIA,LANET,NAKURU,,-0.27,36.16
ELGON JUNOIR ACADEMY,PRIMARY SCHOOL,PRIVATE,RIFT VALLEY,TRANS NZOIA,ENDEBESS,KWANZA,KAIBEI,TRANS NZOIA,,1.1,34.85
LITTLE LILLIES PRIMARY,PRIMARY SCHOOL,PRIVATE,RIFT VALLEY,NAKURU,BAHATI,SUBUKIA,LANET,NAKURU,,-0.27,36.16
GLADWELL SUNRISE PRIMARY,PRIMARY SCHOOL,PRIVATE,RIFT VALLEY,NAKURU,BAHATI,SUBUKIA,LANET,NAKURU,,-0.27,36.16
CRATER VIEW ACADEMY PRIMARY,PRIMARY SCHOOL,PRIVATE,RIFT VALLEY,NAKURU,BAHATI,SUBUKIA,BAHATI,NAKURU,,-0.26,36.11
CHEMWENO TOP HILL ACADEMY,PRIMARY SCHOOL,PRIVATE,RIFT VALLEY,MARAKWET,KAPSOWAR,MARAKWET WEST,KOBUSWA,KAKAMEGA,,0.89,35.56
KOITABOS HILLS ACADEMY,PRIMARY SCHOOL,PRIVATE,RIFT VALLEY,TRANS NZOIA,ENDEBESS,KWANZA,ENDEBESS,TRANS-NZOIA,,1.06,34.8
KIAMUNYEKI ACADEMY PRIMARY,PRIMARY SCHOOL,PRIVATE,RIFT VALLEY,NAKURU,BAHATI,SUBUKIA,LANET,NAKURU,,-0.29,36.15
ST. ANTHONY PRIMARY,PRIMARY SCHOOL,PRIVATE,RIFT VALLEY,NAKURU,BAHATI,SUBUKIA,BAHATI,NAKURU,,-0.25,36.11
ST. GRACIOUS PRIMARY SCH,PRIMARY SCHOOL,PRIVATE,RIFT VALLEY,NAKURU,BAHATI,SUBUKIA,LANET,NAKURU,,-0.28,36.15
SHUNEM PRIMARY SCH,PRIMARY SCHOOL,PRIVATE,RIFT VALLEY,NAKURU,BAHATI,SUBUKIA,LANET,NAKURU,,-0.28,36.15
KIOROGO ACADEMY PRIMARY,PRIMARY SCHOOL,PRIVATE,RIFT VALLEY,NAKURU,BAHATI,SUBUKIA,KIAMAINA,NAKURU,,-0.24,36.11
HOMELAND ACADEMY,PRIMARY SCHOOL,PRIVATE,RIFT VALLEY,NAKURU,KURESOI,KURESOI,KURESOI,NAKURU,,-0.33,35.49
MODERN ACADEMY PRIMARY,PRIMARY SCHOOL,PRIVATE,RIFT VALLEY,NAKURU,BAHATI,SUBUKIA,LANET,NAKURU,,-0.28,36.16
JINGLE ACADEMY PRIMARY,PRIMARY SCHOOL,PRIVATE,RIFT VALLEY,NAKURU,BAHATI,SUBUKIA,LANET,NAKURU,,-0.28,36.15
MAU HILLS ACADEMY,PRIMARY SCHOOL,PRIVATE,RIFT VALLEY,NAKURU,KURESOI,KURESOI,KURESOI,NAKURU,,-0.33,35.48
ST. ANDREWS PRIMARY SCH,PRIMARY SCHOOL,PRIVATE,RIFT VALLEY,TRANS NZOIA,ENDEBESS,KWANZA,CHEPCHOINA,TRANS-NZOIA,,1.13,34.83
JOSMIN ACADEMY PRIMARY,PRIMARY SCHOOL,PRIVATE,RIFT VALLEY,NAKURU,BAHATI,SUBUKIA,BAHATI,NAKURU,,-0.22,36.12
ROHI PRIMARY,PRIMARY SCHOOL,PRIVATE,RIFT VALLEY,NAKURU,BAHATI,SUBUKIA,LANET,NAKURU,,-0.26,36.14
IMMACULATE HEART OF MARY ACADEMY,PRIMARY SCHOOL,PRIVATE,RIFT VALLEY,MARAKWET,CHEBIEMIT,MARAKWET WEST,MOIBEN,UASIN GISHU,,0.92,35.51
GOOD SAMARITAN ACADEMY PRIMARY,PRIMARY SCHOOL,PRIVATE,RIFT VALLEY,NAKURU,BAHATI,SUBUKIA,BAHATI,NAKURU,,-0.22,36.12
GOOD SAMARITAN ACADEMY SOLAI ROAD PRIMARY,PRIMARY SCHOOL,PRIVATE,RIFT VALLEY,NAKURU,BAHATI,SUBUKIA,BAHATI,NAKURU,,-0.22,36.12
PRAISE F ACA,PRIMARY SCHOOL,PRIVATE,RIFT VALLEY,TRANS NZOIA,ENDEBESS,KWANZA,CHEPCHOINA,TRANS-NZOIA,,1.16,34.85
MARK'S BAHATI ACADEMY PRIMARY,PRIMARY SCHOOL,PRIVATE,RIFT VALLEY,NAKURU,BAHATI,SUBUKIA,BAHATI,NAKURU,,-0.23,36.12
ABUNDANT LIFE ACADEMY,PRIMARY SCHOOL,PRIVATE,RIFT VALLEY,MARAKWET,CHEBIEMIT,MARAKWET WEST,KUSERWO,TRANS NZOIA,,0.94,35.51
MIZPAH ACADEMY,PRIMARY SCHOOL,PRIVATE,RIFT VALLEY,MARAKWET,KAPCHEROP,MARAKWET WEST,SENGWER,ELGEYO-MARAKWET,,1.05,35.32
BAHATI CENTRAL PRIMARY,PRIMARY SCHOOL,PRIVATE,RIFT VALLEY,NAKURU,BAHATI,SUBUKIA,BAHATI,NAKURU,,-0.16,36.14
ST. PATRICKS HIGH CLASS ACADEMY,PRIMARY SCHOOL,PRIVATE,RIFT VALLEY,MARAKWET,KAPCHEROP,MARAKWET WEST,SENGWER,ELGEYO-MARAKWET,,1.05,35.32
BAHATI UPPERHILL PRIMARY,PRIMARY SCHOOL,PRIVATE,RIFT VALLEY,NAKURU,BAHATI,SUBUKIA,BAHATI,NAKURU,,-0.14,36.16
BAHATI GIRLS CATHOLIC PRIMARY,PRIMARY SCHOOL,PRIVATE,RIFT VALLEY,NAKURU,BAHATI,SUBUKIA,BAHATI,NAKURU,,-0.15,36.16
ANDERSEN PRI SCH,PRIMARY SCHOOL,PRIVATE,RIFT VALLEY,TRANS NZOIA,ENDEBESS,KWANZA,CHEPCHOINA,TRANS-NZOIA,,1.21,34.79
KITOI SDA PRI SCH,PRIMARY SCHOOL,PRIVATE,RIFT VALLEY,KERICHO,CHILCHILA,KIPKELION,KUNYAK,NAKURU,,-0.1,35.29
TUMA ACADEMY PRI,PRIMARY SCHOOL,PRIVATE,RIFT VALLEY,KERICHO,CHILCHILA,KIPKELION,KUNYAK,NAKURU,,-0.14,35.29
VICTORY EDUCATION CENTRE PRIMARY,PRIMARY SCHOOL,PRIVATE,RIFT VALLEY,NAKURU,NAKURU MUNI.,NAKURU TOWN,BARUT,NAKURU,,-0.39,36.15
FOUNTAIN GATE ACADEMY PRIMARY,PRIMARY SCHOOL,PRIVATE,RIFT VALLEY,NAKURU,NAKURU MUNI.,NAKURU TOWN,BARUT,NAKURU,,-0.4,36.15
MARIFA  ACADEMY - PRI,PRIMARY SCHOOL,PRIVATE,RIFT VALLEY,KERICHO,CHILCHILA,KIPKELION,CHILCHILA,KERICHO,,-0.21,35.35
LION HILL PRIMARY,PRIMARY SCHOOL,PRIVATE,RIFT VALLEY,NAKURU,NAKURU MUNI.,NAKURU TOWN,BARUT,NAKURU,,-0.36,36.15
LABOSO VISION ACADEMY PRI SCH,PRIMARY SCHOOL,PRIVATE,RIFT VALLEY,KERICHO,CHILCHILA,KIPKELION,CHILCHILA,KERICHO,,-0.2,35.36
HILLS VIEW ACADEMY PRIMARY,PRIMARY SCHOOL,PRIVATE,RIFT VALLEY,NAKURU,NAKURU MUNI.,NAKURU TOWN,BARUT,NAKURU,,-0.34,36.15
ST GEORGES MUTHUITI BAHATI PRIMARY,PRIMARY SCHOOL,PRIVATE,RIFT VALLEY,NAKURU,BAHATI,SUBUKIA,BAHATI,NAKURU,,-0.16,36.12
ST DAVIS ACADEMY,PRIMARY SCHOOL,PRIVATE,RIFT VALLEY,NAKURU,BAHATI,SUBUKIA,BAHATI,NAKURU,,-0.17,36.12
GOLDEN HEART ACADEMY PRIMARY,PRIMARY SCHOOL,PRIVATE,RIFT VALLEY,NAKURU,NAKURU MUNI.,NAKURU TOWN,BARUT,NAKURU,,-0.33,36.14
WHIZZ KIDS ACADEMY PRIMARY,PRIMARY SCHOOL,PRIVATE,RIFT VALLEY,NAKURU,NAKURU MUNI.,NAKURU TOWN,LANET,NAKURU,,-0.33,36.15
ST PETERS PRI SCH,PRIMARY SCHOOL,PRIVATE,RIFT VALLEY,KERICHO,CHILCHILA,KIPKELION,CHILCHILA,KERICHO,,-0.2,35.34
PRECIOUS CORNERSTONE PRIMARY,PRIMARY SCHOOL,PRIVATE,RIFT VALLEY,NAKURU,NAKURU MUNI.,NAKURU TOWN,LANET,NAKURU,,-0.32,36.14
NAKURU GOOD SHEPHERED PRIMARY,PRIMARY SCHOOL,PRIVATE,RIFT VALLEY,NAKURU,BAHATI,SUBUKIA,BAHATI,NAKURU,,-0.19,36.13
ROCKHUST PRIMARY,PRIMARY SCHOOL,PRIVATE,RIFT VALLEY,NAKURU,NAKURU MUNI.,NAKURU TOWN,LANET,NAKURU,,-0.31,36.15
FANISI PRIMARY,PRIMARY SCHOOL,PRIVATE,RIFT VALLEY,NAKURU,NAKURU MUNI.,NAKURU TOWN,LANET,NAKURU,,-0.32,36.16
GRAMS PRIMARY,PRIMARY SCHOOL,PRIVATE,RIFT VALLEY,NAKURU,BAHATI,SUBUKIA,BAHATI,NAKURU,,-0.15,36.14
ELITE LANET PRIMARY,PRIMARY SCHOOL,PRIVATE,RIFT VALLEY,NAKURU,BAHATI,SUBUKIA,DUNDORI,NAKURU,,-0.31,36.17
SAMJAN PRI,PRIMARY SCHOOL,PRIVATE,RIFT VALLEY,NAKURU,NAKURU MUNI.,NAKURU TOWN,LANET,NAKURU,,-0.3,36.16
NEIGHBORHOOD ACADEMY,PRIMARY SCHOOL,PRIVATE,RIFT VALLEY,NAKURU,BAHATI,SUBUKIA,BAHATI,NAKURU,,-0.23,36.14
BLESSED KIDS ACADEMY PRIMARY,PRIMARY SCHOOL,PRIVATE,RIFT VALLEY,NAKURU,BAHATI,SUBUKIA,DUNDORI,NAKURU,,-0.3,36.16
MORNING STAR PRIMARY,PRIMARY SCHOOL,PRIVATE,RIFT VALLEY,NAKURU,BAHATI,SUBUKIA,BAHATI,NAKURU,,-0.25,36.11
VICKEY ACADEMY,PRIMARY SCHOOL,PRIVATE,RIFT VALLEY,NAKURU,BAHATI,SUBUKIA,BAHATI,NAKURU,,-0.25,36.13
ST. JANE PRIMARY,PRIMARY SCHOOL,PRIVATE,RIFT VALLEY,NAKURU,NAKURU MUNI.,NAKURU TOWN,LANET,NAKURU,,-0.31,36.15
MUGUGA PRIMARY,PRIMARY SCHOOL,PRIVATE,RIFT VALLEY,NAKURU,NAKURU MUNI.,NAKURU TOWN,LANET,NAKURU,,-0.31,36.15
ST. GEORGE MUTHAITI PRIMARY,PRIMARY SCHOOL,PRIVATE,RIFT VALLEY,NAKURU,NAKURU MUNI.,NAKURU TOWN,LANET,NAKURU,,-0.3,36.14
RASUL AL AKRAM PRIMARY,PRIMARY SCHOOL,PRIVATE,RIFT VALLEY,NAKURU,NAKURU MUNI.,NAKURU TOWN,LANET,NAKURU,,-0.31,36.13
ALL SAINTS PRIMARY,PRIMARY SCHOOL,PRIVATE,RIFT VALLEY,NAKURU,BAHATI,SUBUKIA,KABAZI,NAKURU,,-0.07,36.16
GOLDEN HEART JUNOIR ACADEMY PRIMARY,PRIMARY SCHOOL,PRIVATE,RIFT VALLEY,NAKURU,NAKURU MUNI.,NAKURU TOWN,LANET,NAKURU,,-0.3,36.13
MARYLON ACADEMY PRIMARY,PRIMARY SCHOOL,PRIVATE,RIFT VALLEY,NAKURU,NAKURU MUNI.,NAKURU TOWN,LANET,NAKURU,,-0.29,36.12
MIRACLE ACADEMY PRIMARY,PRIMARY SCHOOL,PRIVATE,RIFT VALLEY,NAKURU,NAKURU MUNI.,NAKURU TOWN,LANET,NAKURU,,-0.29,36.12
EXCEL PRIMARY,PRIMARY SCHOOL,PRIVATE,RIFT VALLEY,NAKURU,NAKURU MUNI.,NAKURU TOWN,LANET,NAKURU,,-0.29,36.11
ST ANDREWS PRIMARY,PRIMARY SCHOOL,PRIVATE,RIFT VALLEY,NAKURU,BAHATI,SUBUKIA,KABAZI,NAKURU,,-0.03,36.19
ST.EMMA PRIMARY,PRIMARY SCHOOL,PRIVATE,RIFT VALLEY,NAKURU,NAKURU MUNI.,NAKURU TOWN,LANET,NAKURU,,-0.29,36.09
LAKEVIEW ACADEMY PRIMARY,PRIMARY SCHOOL,PRIVATE,RIFT VALLEY,NAKURU,NAKURU MUNI.,NAKURU TOWN,LANET,NAKURU,,-0.29,36.09
VISIONS PREPARATORY ACADEMY,PRIMARY SCHOOL,PRIVATE,RIFT VALLEY,NAKURU,BAHATI,SUBUKIA,KABAZI,NAKURU,,-0.04,36.19
LITTLE ROSES PRIMARY,PRIMARY SCHOOL,PRIVATE,RIFT VALLEY,NAKURU,BAHATI,SUBUKIA,KABAZI,NAKURU,,-0.05,36.18
OASIS ACADEMY PRI SCH,PRIMARY SCHOOL,PRIVATE,RIFT VALLEY,KERICHO,CHILCHILA,KIPKELION,KOKWET,NANDI,,-0.14,35.36
NAKURU ELITE PRIMARY,PRIMARY SCHOOL,PRIVATE,RIFT VALLEY,NAKURU,NAKURU MUNI.,NAKURU TOWN,LANET,NAKURU,,-0.28,36.08
NAKURU LIONS PRIMARY,PRIMARY SCHOOL,PRIVATE,RIFT VALLEY,NAKURU,NAKURU MUNI.,NAKURU TOWN,LANET,NAKURU,,-0.29,36.08
MZALENDO BOARDING PRIMARY,PRIMARY SCHOOL,PRIVATE,RIFT VALLEY,NAKURU,BAHATI,RONGAI,SOLAI,NAKURU,,-0.03,36.11
NAKURU STREET CHILDREN CENTRE PRIMARY,PRIMARY SCHOOL,PRIVATE,RIFT VALLEY,NAKURU,NAKURU MUNI.,NAKURU TOWN,LANET,NAKURU,,-0.29,36.09
MARIKI PRIMARY,PRIMARY SCHOOL,PRIVATE,RIFT VALLEY,NAKURU,BAHATI,RONGAI,SOLAI,NAKURU,,-0.16,36.04
DR. ARTHUR ACADEMY PRIMARY,PRIMARY SCHOOL,PRIVATE,RIFT VALLEY,NAKURU,NAKURU MUNI.,NAKURU TOWN,AFRAHA,NAKURU,,-0.3,36.08
OASIS ACADEMY,PRIMARY SCHOOL,PRIVATE,RIFT VALLEY,NAKURU,BAHATI,RONGAI,SOLAI,NAKURU,,-0.15,36.1
SHABELT ACADEMY PRI,PRIMARY SCHOOL,PRIVATE,WESTERN,BUTERE/MUMIAS,MATUNGU,MATUNGU,MATUNGU,KAKAMEGA,,0.39,34.48
ST MARGARET'S PRI,PRIMARY SCHOOL,PRIVATE,WESTERN,BUTERE/MUMIAS,MATUNGU,KOYONZO,MATUNGU,KAKAMEGA,,0.35,34.41
ST MAGDELINE PRI,PRIMARY SCHOOL,PRIVATE,WESTERN,BUTERE/MUMIAS,MATUNGU,MATUNGU,MATUNGU,KAKAMEGA,,0.44,34.51
STEADFAST PRI,PRIMARY SCHOOL,PRIVATE,WESTERN,BUTERE/MUMIAS,MATUNGU,MATUNGU,MATUNGU,KAKAMEGA,,0.46,34.51
MORNING GLORY PRI,PRIMARY SCHOOL,PRIVATE,WESTERN,BUTERE/MUMIAS,MATUNGU,MATUNGU,MATUNGU,KAKAMEGA,,0.44,34.52
GOOD HOPE ACADEMY SEREM PRY SCH,PRIMARY SCHOOL,PRIVATE,WESTERN,VIHIGA,TIRIKI EAST,SHAMAKHOKHO,HAMISI,VIHIGA,,0.09,34.85
MANYIKA PRI,PRIMARY SCHOOL,PRIVATE,WESTERN,BUTERE/MUMIAS,BUTERE,CENTRAL MARAMA,BUTERE,KAKAMEGA,,0.23,34.53
LITTLE FLOWER JUNIOR PRI,PRIMARY SCHOOL,PRIVATE,WESTERN,BUTERE/MUMIAS,BUTERE,CENTRAL MARAMA,BUTERE,KAKAMEGA,,0.24,34.52
SERVE  ACADEMY  PR. SCH.,PRIMARY SCHOOL,PRIVATE,WESTERN,VIHIGA,SABATIA,WODANGA,SABATIA,VIHIGA,,0.12,34.79
VICTORY ACADEMY PRI SCH,PRIMARY SCHOOL,PRIVATE,WESTERN,KAKAMEGA,ILEHO,KAMBIRI,SHINYALU,KAKAMEGA,,0.38,34.91
BUTERE MIRACLE PRI,PRIMARY SCHOOL,PRIVATE,WESTERN,BUTERE/MUMIAS,BUTERE,TOWNSHIP,BUTERE,KAKAMEGA,,0.21,34.49
GOODSTART PRI,PRIMARY SCHOOL,PRIVATE,WESTERN,BUTERE/MUMIAS,BUTERE,SOUTH MARAMA,BUTERE,KAKAMEGA,,0.18,34.48
MANNA ACADEMY PRI,PRIMARY SCHOOL,PRIVATE,WESTERN,BUTERE/MUMIAS,BUTERE,SOUTH MARAMA,BUTERE,KAKAMEGA,,0.18,34.48
OVERCOMING FAITH ACADEMY,PRIMARY SCHOOL,PRIVATE,WESTERN,KAKAMEGA,MUNICIPALITY,SHIEYWE,LURAMBI,KAKAMEGA,,0.3,34.76
SKYLIGHT  CHILDREN AND RESOURCE CENTRE PRI. SCH.,PRIMARY SCHOOL,PRIVATE,WESTERN,VIHIGA,TIRIKI EAST,SHAVIRINGA,HAMISI,VIHIGA,,0.12,34.85
MONTESSORI PRI,PRIMARY SCHOOL,PRIVATE,WESTERN,BUSIA,MATAYOS,BUKHAYO WEST,NAMBALE,BUSIA,,0.46,34.15
USHIRIKA SA ACADEMY,PRIMARY SCHOOL,PRIVATE,WESTERN,BUNGOMA,NDIVISI,NAMARAMBI,WEBUYE,BUNGOMA,,0.71,34.81
LILLY WHITE EDUCATIONAL CENTRE,PRIMARY SCHOOL,PRIVATE,WESTERN,BUNGOMA,NDIVISI,NAMARAMBI,WEBUYE,BUNGOMA,,0.73,34.82
SATELLITE PRI,PRIMARY SCHOOL,PRIVATE,WESTERN,BUSIA,MATAYOS,BUKHAYO WEST,NAMBALE,BUSIA,,0.45,34.14
COLLEGE HILL PRI,PRIMARY SCHOOL,PRIVATE,WESTERN,BUSIA,MATAYOS,BUKHAYO WEST,NAMBALE,BUSIA,,0.44,34.15
BUSIA EBENEZER PRI,PRIMARY SCHOOL,PRIVATE,WESTERN,BUSIA,TOWNSHIP - BUSIA,TOWNSHIP,NAMBALE,BUSIA,,0.46,34.13
AHAMADIYYA MUSLIM PRI,PRIMARY SCHOOL,PRIVATE,WESTERN,BUTERE/MUMIAS,MATUNGU,MATUNGU,MATUNGU,KAKAMEGA,,0.44,34.55
DUNAMIS EDUCATION CENTRE,PRIMARY SCHOOL,PRIVATE,WESTERN,VIHIGA,VIHIGA,WAMULUMA,VIHIGA,VIHIGA,,0.08,34.72
CHATEX ACADEMY PRY SCH,PRIMARY SCHOOL,PRIVATE,WESTERN,VIHIGA,SABATIA,CHAVAKALI,SABATIA,VIHIGA,,0.11,34.72
AGAPE PRI,PRIMARY SCHOOL,PRIVATE,WESTERN,BUSIA,TOWNSHIP - BUSIA,TOWNSHIP,NAMBALE,BUSIA,,0.47,34.1
PERFECT SEED ACADEMY,PRIMARY SCHOOL,PRIVATE,WESTERN,BUNGOMA,NDIVISI,LUGUSI,WEBUYE,BUNGOMA,,0.7,34.76
TETE ACA PRI SCH,PRIMARY SCHOOL,PRIVATE,WESTERN,BUNGOMA,NDIVISI,LUGUSI,WEBUYE,BUNGOMA,,0.68,34.76
ST KEVIN BUSIA HILL PRI,PRIMARY SCHOOL,PRIVATE,WESTERN,BUSIA,TOWNSHIP - BUSIA,TOWNSHIP,NAMBALE,BUSIA,,0.46,34.1
YMCA  BUSIAPRI,PRIMARY SCHOOL,PRIVATE,WESTERN,BUSIA,TOWNSHIP - BUSIA,TOWNSHIP,NAMBALE,BUSIA,,0.46,34.11
SAPPHIRE ACADEMY,PRIMARY SCHOOL,PRIVATE,WESTERN,VIHIGA,VIHIGA,CENTRAL BUNYORE,VIHIGA,VIHIGA,,0.06,34.72
ST MARY'S BOYS' PRI,PRIMARY SCHOOL,PRIVATE,WESTERN,BUSIA,TOWNSHIP - BUSIA,TOWNSHIP,NAMBALE,BUSIA,,0.45,34.11
SUNSHINE PRI,PRIMARY SCHOOL,PRIVATE,WESTERN,BUSIA,NAMBALE,NAMBALE T/SHIP,NAMBALE,BUSIA,,0.46,34.24
ST JAMES MODEL PRI,PRIMARY SCHOOL,PRIVATE,WESTERN,BUSIA,NAMBALE,NAMBALE T/SHIP,NAMBALE,BUSIA,,0.45,34.24
NURU VISION ACA PRI SCH,PRIMARY SCHOOL,PRIVATE,WESTERN,BUNGOMA,CHWELE,CHWELE,WEBUYE,BUNGOMA,,0.78,34.64
OVERCOMING FAITH PRI,PRIMARY SCHOOL,PRIVATE,WESTERN,BUSIA,NAMBALE,NAMBALE T/SHIP,NAMBALE,BUSIA,,0.48,34.26
MILAN S  ACA PRI SCH,PRIMARY SCHOOL,PRIVATE,WESTERN,BUNGOMA,CHWELE,CHWELE,SIRISIA,BUNGOMA,,0.75,34.64
NAMBALE PREPARATORY PRI,PRIMARY SCHOOL,PRIVATE,WESTERN,BUSIA,NAMBALE,NAMBALE T/SHIP,NAMBALE,BUSIA,,0.45,34.25
ST APPOLONIUS PRI,PRIMARY SCHOOL,PRIVATE,WESTERN,BUSIA,NAMBALE,BUKHAYO CENTRAL,NAMBALE,BUSIA,,0.46,34.28
DREAMSHINE ACA PRI SCH,PRIMARY SCHOOL,PRIVATE,WESTERN,BUNGOMA,CHWELE,MUKUYUNI,SIRISIA,BUNGOMA,,0.78,34.6
LUCKY STAR ACADEMY,PRIMARY SCHOOL,PRIVATE,WESTERN,VIHIGA,VIHIGA,MANZUU,VIHIGA,VIHIGA,,0.04,34.69
CHWELE ACA PRI SCH,PRIMARY SCHOOL,PRIVATE,WESTERN,BUNGOMA,CHWELE,CHWELE,SIRISIA,BUNGOMA,,0.74,34.58
CHEPTULU SUNRISE ACDEMY PRI. SCH.,PRIMARY SCHOOL,PRIVATE,WESTERN,VIHIGA,TIRIKI EAST,SHAVIRINGA,HAMISI,VIHIGA,,0.13,34.86
MAARIFA PRI SCH,PRIMARY SCHOOL,PRIVATE,WESTERN,BUNGOMA,CHWELE,CHWELE,SIRISIA,BUNGOMA,,0.74,34.58
ST ANNE'S GREEN SCHOOL KARUNGU PRI,PRIMARY SCHOOL,PRIVATE,WESTERN,BUSIA,NAMBALE,BUKHAYO EAST,NAMBALE,BUSIA,,0.48,34.36
NEEMA ACADEMY,PRIMARY SCHOOL,PRIVATE,WESTERN,VIHIGA,LUANDA,WEST BUNYORE,EMUHAYA,VIHIGA,,0.05,34.58
TIRIKI ACADEMY PRI. SCH.,PRIMARY SCHOOL,PRIVATE,WESTERN,VIHIGA,TIRIKI EAST,SHAMAKHOKHO,HAMISI,VIHIGA,,0.1,34.85
ERUSUI TUITION CENTRE PRI. SCH,PRIMARY SCHOOL,PRIVATE,WESTERN,VIHIGA,TIRIKI EAST,SHAMAKHOKHO,HAMISI,VIHIGA,,0.1,34.84
GLORIOUS LIFE PRI,PRIMARY SCHOOL,PRIVATE,WESTERN,BUTERE/MUMIAS,KHWISERO,KISA SOUTH,KHWISERO,KAKAMEGA,,0.13,34.64
BUKAYWA PRY SCH,PRIMARY SCHOOL,PRIVATE,WESTERN,VIHIGA,SABATIA,LYADUYWA,SABATIA,VIHIGA,,0.1,34.71
HEKIMA ACADEMY PRY SCH,PRIMARY SCHOOL,PRIVATE,WESTERN,VIHIGA,SABATIA,IZAVA,SABATIA,VIHIGA,,0.09,34.71
HILL LIGHT DAY CARE PRI,PRIMARY SCHOOL,PRIVATE,WESTERN,BUTERE/MUMIAS,MUMIAS,ETENJE,MUMIAS,KAKAMEGA,,0.26,34.45
BRIGHT STAR ACADEMY,PRIMARY SCHOOL,PRIVATE,WESTERN,VIHIGA,LUANDA,CENTRAL BUNYORE,EMUHAYA,VIHIGA,,0.07,34.61
IMANGA MIRACLE PRI,PRIMARY SCHOOL,PRIVATE,WESTERN,BUTERE/MUMIAS,MUMIAS,ETENJE,MUMIAS,KAKAMEGA,,0.28,34.46
AMANI ACADEMY,PRIMARY SCHOOL,PRIVATE,WESTERN,VIHIGA,LUANDA,CENTRAL BUNYORE,EMUHAYA,VIHIGA,,0.1,34.61
SHALOM ACADEMY PRY SCH,PRIMARY SCHOOL,PRIVATE,WESTERN,VIHIGA,SABATIA,IZAVA,SABATIA,VIHIGA,,0.09,34.72
FADHILI STAR ACADEMY,PRIMARY SCHOOL,PRIVATE,WESTERN,VIHIGA,LUANDA,SOUTH WEST BUNYORE,EMUHAYA,VIHIGA,,0.02,34.59
HAMISI CROSSROADS ACADEMY PRY SCH,PRIMARY SCHOOL,PRIVATE,WESTERN,VIHIGA,TIRIKI WEST,GISAMBAI,HAMISI,VIHIGA,,0.07,34.8
EDITH JUNIOR ACADEMY PRY SCH,PRIMARY SCHOOL,PRIVATE,WESTERN,VIHIGA,TIRIKI WEST,GISAMBAI,HAMISI,VIHIGA,,0.06,34.76
ST. JOHNS MUSTARD SEED PRY SCH,PRIMARY SCHOOL,PRIVATE,WESTERN,VIHIGA,TIRIKI WEST,GISAMBAI,HAMISI,VIHIGA,,0.06,34.75
MELONISSI JUNIOR PRI,PRIMARY SCHOOL,PRIVATE,WESTERN,BUTERE/MUMIAS,MUMIAS,TOWNSHIP,MUMIAS,KAKAMEGA,,0.34,34.48
REMEDY PRI,PRIMARY SCHOOL,PRIVATE,WESTERN,BUTERE/MUMIAS,MUMIAS,NABONGO,MUMIAS,KAKAMEGA,,0.33,34.49
LUMINO NON FORMAL PRI,PRIMARY SCHOOL,PRIVATE,WESTERN,BUTERE/MUMIAS,MUMIAS,NABONGO,MUMIAS,KAKAMEGA,,0.33,34.49
ALBRIGHT ACADEMY PRI,PRIMARY SCHOOL,PRIVATE,WESTERN,BUTERE/MUMIAS,MUMIAS,NABONGO,MUMIAS,KAKAMEGA,,0.34,34.49
REHEMA PRI,PRIMARY SCHOOL,PRIVATE,WESTERN,BUTERE/MUMIAS,MUMIAS,NABONGO,MUMIAS,KAKAMEGA,,0.35,34.49
BOOKER ACADEMY PRI SCH,PRIMARY SCHOOL,PRIVATE,WESTERN,BUTERE/MUMIAS,MUMIAS,NABONGO,MUMIAS,KAKAMEGA,,0.36,34.5
SKY HIGH ACADEMY,PRIMARY SCHOOL,PRIVATE,WESTERN,VIHIGA,EMUHAYA,NORTH BUNYORE,EMUHAYA,VIHIGA,,0.05,34.62
AMANI PRI,PRIMARY SCHOOL,PRIVATE,WESTERN,BUSIA,BUDALANGI,BUNYALA CENTRAL,BUDALANGI,BUSIA,,0.09,34.05
ST JOSEPH'S PRI,PRIMARY SCHOOL,PRIVATE,WESTERN,BUSIA,MATAYOS,LWANYA,NAMBALE,BUSIA,,0.36,34.17
EMAHENE PRI,PRIMARY SCHOOL,PRIVATE,WESTERN,BUTERE/MUMIAS,KHWISERO,CENTRAL KISA,KHWISERO,KAKAMEGA,,0.18,34.59
SPRINGBOARD PRI,PRIMARY SCHOOL,PRIVATE,WESTERN,BUSIA,MATAYOS,BUKHAYO WEST,NAMBALE,BUSIA,,0.4,34.14
AMIABLE ACA. PRY,PRIMARY SCHOOL,PRIVATE,WESTERN,VIHIGA,SABATIA,WEST MARAGOLI,SABATIA,VIHIGA,,0.12,34.73
HAPPY ANGELS PRI,PRIMARY SCHOOL,PRIVATE,WESTERN,BUTERE/MUMIAS,KHWISERO,MULWANDA,KHWISERO,KAKAMEGA,,0.11,34.57
ELIAN PREP SCH PRY,PRIMARY SCHOOL,PRIVATE,WESTERN,VIHIGA,SABATIA,WEST MARAGOLI,SABATIA,VIHIGA,,0.13,34.74
ST GEORGE'S MUSHIANGUBU PRI,PRIMARY SCHOOL,PRIVATE,WESTERN,BUTERE/MUMIAS,KHWISERO,MULWANDA,KHWISERO,KAKAMEGA,,0.13,34.57
ST PAUL'S BUDERIE PRI,PRIMARY SCHOOL,PRIVATE,WESTERN,BUSIA,MATAYOS,BUKHAYO WEST,NAMBALE,BUSIA,,0.36,34.11
LIGHT AND SALT ACADEMY PRI,PRIMARY SCHOOL,PRIVATE,WESTERN,VIHIGA,VIHIGA,MUNGOMA,VIHIGA,VIHIGA,,0.04,34.66
BABY SHINES ACADEMY,PRIMARY SCHOOL,PRIVATE,WESTERN,VIHIGA,VIHIGA,MUNGOMA,VIHIGA,VIHIGA,,0.03,34.66
NAM EDU. CENTER,PRIMARY SCHOOL,PRIVATE,WESTERN,BUNGOMA,NDIVISI,CHETAMBE,WEBUYE,BUNGOMA,,0.66,34.76
MOUNT OLIVES ACA PRI SCH,PRIMARY SCHOOL,PRIVATE,WESTERN,BUNGOMA,CENTRAL,KABUCHAI,SIRISIA,BUNGOMA,,0.72,34.58
NILE HILLS CHRISTIAN ACA PRI SCH,PRIMARY SCHOOL,PRIVATE,WESTERN,BUNGOMA,CENTRAL,KABUCHAI,SIRISIA,BUNGOMA,,0.68,34.58
BEST CARE PRI,PRIMARY SCHOOL,PRIVATE,WESTERN,BUTERE/MUMIAS,BUTERE,TOWNSHIP,BUTERE,KAKAMEGA,,0.22,34.5
BUTERE PACE JUNIOR PRI,PRIMARY SCHOOL,PRIVATE,WESTERN,BUTERE/MUMIAS,BUTERE,TOWNSHIP,BUTERE,KAKAMEGA,,0.22,34.5
RURAL LIGHT ACA PRI SCH,PRIMARY SCHOOL,PRIVATE,WESTERN,BUNGOMA,CENTRAL,KABUCHAI,SIRISIA,BUNGOMA,,0.66,34.57
VISIONARY ACA PRI SCH,PRIMARY SCHOOL,PRIVATE,WESTERN,BUNGOMA,CENTRAL,KABUCHAI,SIRISIA,BUNGOMA,,0.64,34.58
PENTAGON ACADEMY,PRIMARY SCHOOL,PRIVATE,WESTERN,BUNGOMA,NDIVISI,NAMARAMBI,WEBUYE,BUNGOMA,,0.72,34.76
ADVENT JUNIOR PRI ACADEMY,PRIMARY SCHOOL,PRIVATE,WESTERN,BUNGOMA,NDIVISI,NAMARAMBI,WEBUYE,BUNGOMA,,0.72,34.76
BOOKFIELD ACADEMY,PRIMARY SCHOOL,PRIVATE,WESTERN,BUNGOMA,CENTRAL,KABUCHAI,SIRISIA,BUNGOMA,,0.66,34.59
HUDUMA LITTLE ONES PRI SCH,PRIMARY SCHOOL,PRIVATE,WESTERN,BUNGOMA,NDIVISI,NAMARAMBI,WEBUYE,BUNGOMA,,0.72,34.76
SHINNERS ACA PRI SCH,PRIMARY SCHOOL,PRIVATE,WESTERN,BUNGOMA,CENTRAL,LUUYA,SIRISIA,BUNGOMA,,0.72,34.57
BLESSED ACADEMY PRI,PRIMARY SCHOOL,PRIVATE,WESTERN,BUNGOMA,NDIVISI,NAMARAMBI,WEBUYE,BUNGOMA,,0.74,34.77
KING DAVID CHRISTIAN ACA PRI SCH,PRIMARY SCHOOL,PRIVATE,WESTERN,BUNGOMA,CENTRAL,LUUYA,SIRISIA,BUNGOMA,,0.69,34.63
ST MARY'S FAITH ACA PRI SCH,PRIMARY SCHOOL,PRIVATE,WESTERN,BUNGOMA,CENTRAL,LUUYA,SIRISIA,BUNGOMA,,0.69,34.63
SUNSET ACA PRI SCH,PRIMARY SCHOOL,PRIVATE,WESTERN,BUNGOMA,CENTRAL,LUUYA,SIRISIA,BUNGOMA,,0.63,34.64
GREAN LEAF ACA PRI SCH,PRIMARY SCHOOL,PRIVATE,WESTERN,BUNGOMA,WEBUYE,BOKOLI,WEBUYE,BUNGOMA,,0.68,34.66
SUNSHINE JUNIOR ACADEMY PRY SCH,PRIMARY SCHOOL,PRIVATE,WESTERN,VIHIGA,TIRIKI WEST,JEPKOYAI,HAMISI,VIHIGA,,0.01,34.73
DUDUZILE ACADEMY PRY SCH,PRIMARY SCHOOL,PRIVATE,WESTERN,VIHIGA,TIRIKI WEST,JEPKOYAI,HAMISI,VIHIGA,,0.01,34.73
FIELD OF LIFE EDUCATION CENTRE PRI,PRIMARY SCHOOL,PRIVATE,WESTERN,BUTERE/MUMIAS,MUMIAS,NABONGO,MUMIAS,KAKAMEGA,,0.34,34.5
JOSEPH MIKUZI SCHOOL FOR THE DEAF PRI,PRIMARY SCHOOL,PRIVATE,WESTERN,VIHIGA,TIRIKI WEST,TAMBUA,HAMISI,VIHIGA,,0.02,34.77
MUMIAS JUNIOR PRI,PRIMARY SCHOOL,PRIVATE,WESTERN,BUTERE/MUMIAS,MUMIAS,NABONGO,MUMIAS,KAKAMEGA,,0.33,34.5
SHAWA JUNIOR ACADEMY PRI,PRIMARY SCHOOL,PRIVATE,WESTERN,BUTERE/MUMIAS,MUMIAS,NABONGO,MUMIAS,KAKAMEGA,,0.31,34.5
BRIGHT ACADEMY ESIARAMBATSI,PRIMARY SCHOOL,PRIVATE,WESTERN,VIHIGA,EMUHAYA,NORTH BUNYORE,EMUHAYA,VIHIGA,,0.08,34.67
REHOBOTH ACADEMY,PRIMARY SCHOOL,PRIVATE,WESTERN,VIHIGA,EMUHAYA,EAST BUNYORE,EMUHAYA,VIHIGA,,0.07,34.67
ABUNDANT LIFE ACADEMY PRI,PRIMARY SCHOOL,PRIVATE,WESTERN,VIHIGA,TIRIKI EAST,SHAVIRINGA,HAMISI,VIHIGA,,0.13,34.87
HAPPY DAY ACADEMY,PRIMARY SCHOOL,PRIVATE,WESTERN,VIHIGA,LUANDA,WEST BUNYORE,EMUHAYA,VIHIGA,,0.03,34.58
SHARRY JUNIOR PRI,PRIMARY SCHOOL,PRIVATE,WESTERN,BUTERE/MUMIAS,MUMIAS,SHIBINGA,MUMIAS,KAKAMEGA,,0.32,34.58
ANNOINTED JUNIOR PRI,PRIMARY SCHOOL,PRIVATE,WESTERN,BUTERE/MUMIAS,EAST WANGA,SHIBINGA,MUMIAS,KAKAMEGA,,0.32,34.58
SHILOH ACADEMY PRI,PRIMARY SCHOOL,PRIVATE,WESTERN,BUTERE/MUMIAS,EAST WANGA,LBINU,MUMIAS,KAKAMEGA,,0.32,34.57
CLEVER BEE JUNIOR PRI,PRIMARY SCHOOL,PRIVATE,WESTERN,BUTERE/MUMIAS,EAST WANGA,SHIBINGA,MUMIAS,KAKAMEGA,,0.32,34.57
FAITH JUNIOR PRI,PRIMARY SCHOOL,PRIVATE,WESTERN,BUTERE/MUMIAS,MUMIAS,SHIBINGA,MUMIAS,KAKAMEGA,,0.35,34.57
WONDERLAND ACADEMY MASENO,PRIMARY SCHOOL,PRIVATE,WESTERN,VIHIGA,EMUHAYA,WEKHOMO,EMUHAYA,VIHIGA,,0.01,34.61
MUDASA ACADEMY,PRIMARY SCHOOL,PRIVATE,WESTERN,VIHIGA,VIHIGA,CENTRAL MARAGOLI,VIHIGA,VIHIGA,,0.05,34.72
TAITO ELLITE'S ACADEMY PRI SCH,PRIMARY SCHOOL,PRIVATE,RIFT VALLEY,TRANS NZOIA,KAPLAMAI,CHERANGANY,SITATUNGA,TRANS-NZOIA,,1.07,35.07
KIAHUKO PRY SCH,PRIMARY SCHOOL,PRIVATE,RIFT VALLEY,LAIKIPIA,LAMURIA,LAIKIPIA EAST,TIGITHI,LAIKIPIA,,-0.08,36.97
HILLTOP ACADEMY PRI SCH,PRIMARY SCHOOL,PRIVATE,RIFT VALLEY,TRANS NZOIA,KAPLAMAI,CHERANGANY,SITATUNGA,TRANS-NZOIA,,1.1,35.08
TONGI' PRI SCH,PRIMARY SCHOOL,PRIVATE,RIFT VALLEY,TRANS NZOIA,KAPLAMAI,CHERANGANY,SITATUNGA,TRANS-NZOIA,,1.12,35.08
TUMAINI ADVENT ACADEMY PRI SCH,PRIMARY SCHOOL,PRIVATE,RIFT VALLEY,TRANS NZOIA,KAPLAMAI,CHERANGANY,SINYERERE,TRANS-NZOIA,,1.14,35.14
ST. PETER MUKURI ACA. PRY SCH,PRIMARY SCHOOL,PRIVATE,RIFT VALLEY,LAIKIPIA,LAMURIA,LAIKIPIA EAST,TIGITHI,LAIKIPIA,,-0.05,36.98
REHEMA PRI SCH,PRIMARY SCHOOL,PRIVATE,RIFT VALLEY,TRANS NZOIA,KAPLAMAI,CHERANGANY,SINYERERE,TRANS-NZOIA,,1.16,35.11
RIVERSIDE PRY SCH,PRIMARY SCHOOL,PRIVATE,RIFT VALLEY,LAIKIPIA,LAMURIA,LAIKIPIA EAST,LAMURIA,LAIKIPIA,,-0.13,36.85
TOP ACHIEVERS PRY SCH,PRIMARY SCHOOL,PRIVATE,RIFT VALLEY,LAIKIPIA,LAMURIA,LAIKIPIA EAST,LAMURIA,LAIKIPIA,,-0.12,36.85
NGOBIT RIVERSIDE ACA PRY,PRIMARY SCHOOL,PRIVATE,RIFT VALLEY,LAIKIPIA,LAMURIA,LAIKIPIA EAST,SIRIMA,LAIKIPIA,,-0.05,36.78
KIPSINGORE PRI SCH,PRIMARY SCHOOL,PRIVATE,RIFT VALLEY,TRANS NZOIA,KAPLAMAI,CHERANGANY,MOTOSIET,NANDI,,0.95,35.15
LITTIIK PRI SCH,PRIMARY SCHOOL,PRIVATE,RIFT VALLEY,TRANS NZOIA,KAPLAMAI,CHERANGANY,MOTOSIET,NANDI,,0.98,35.15
MWANZO ACADEMY PRI SCH,PRIMARY SCHOOL,PRIVATE,RIFT VALLEY,TRANS NZOIA,KAPLAMAI,CHERANGANY,MOTOSIET,NANDI,,1.03,35.15
FRAMER PRY SCH,PRIMARY SCHOOL,PRIVATE,RIFT VALLEY,LAIKIPIA,LAMURIA,LAIKIPIA EAST,NGOBIT,LAIKIPIA,,-0.12,36.69
JJ ACADEMY PRI SCH,PRIMARY SCHOOL,PRIVATE,RIFT VALLEY,TRANS NZOIA,KAPLAMAI,CHERANGANY,KAPLAMAI,TRANS NZOIA,,1.03,35.09
ST PATRICKS WINNERS ACA PRY,PRIMARY SCHOOL,PRIVATE,RIFT VALLEY,LAIKIPIA,LAMURIA,LAIKIPIA EAST,NGOBIT,LAIKIPIA,,-0.12,36.66
EXCEL JUNIOR ACADEMY PRI SCH,PRIMARY SCHOOL,PRIVATE,RIFT VALLEY,TRANS NZOIA,KAPLAMAI,CHERANGANY,KAPLAMAI,TRANS NZOIA,,1.02,35.08
CHORONOK ACADEMY PRI SCH,PRIMARY SCHOOL,PRIVATE,RIFT VALLEY,TRANS NZOIA,KAPLAMAI,CHERANGANY,KAPLAMAI,TRANS NZOIA,,0.99,35.12
MODERN ACADEMY PRI SCH,PRIMARY SCHOOL,PRIVATE,RIFT VALLEY,TRANS NZOIA,CENTRAL - TRANS NZOIA,SABOTI,WAITALUK,TRANS-NZOIA,,0.99,35.04
IMPALA PRY SCH,PRIMARY SCHOOL,PRIVATE,RIFT VALLEY,LAIKIPIA,CENTRAL - LAIKIPIA,LAIKIPIA EAST,SEGERA,SAMBURU,,0.33,36.9
LENNY VISION ACADEMY PRI SCH,PRIMARY SCHOOL,PRIVATE,RIFT VALLEY,TRANS NZOIA,CENTRAL - TRANS NZOIA,SABOTI,WAITALUK,TRANS-NZOIA,,0.99,35.02
ST. LAWRENCE CHILDREN'S CENTRE PRI SCH,PRIMARY SCHOOL,PRIVATE,RIFT VALLEY,TRANS NZOIA,CENTRAL - TRANS NZOIA,SABOTI,WAITALUK,TRANS-NZOIA,,1,35.02
ADANED SHINING STAR ACA. PRY,PRIMARY SCHOOL,PRIVATE,RIFT VALLEY,LAIKIPIA,NGARUA,LAIKIPIA WEST,SIPILI,LAIKIPIA,,0.4,36.38
ADAMS ACADEMY PRI SCH,PRIMARY SCHOOL,PRIVATE,RIFT VALLEY,TRANS NZOIA,CENTRAL - TRANS NZOIA,SABOTI,WAITALUK,TRANS-NZOIA,,0.96,35
YOUNG ROSES ACA. PRY,PRIMARY SCHOOL,PRIVATE,RIFT VALLEY,LAIKIPIA,NGARUA,LAIKIPIA WEST,SIPILI,LAIKIPIA,,0.41,36.38
NATURE ACADEMY PRI SCH,PRIMARY SCHOOL,PRIVATE,RIFT VALLEY,TRANS NZOIA,CENTRAL - TRANS NZOIA,SABOTI,WAITALUK,TRANS-NZOIA,,0.97,35.05
KIBAGENGE ACADEMY PRI SCH,PRIMARY SCHOOL,PRIVATE,RIFT VALLEY,TRANS NZOIA,CENTRAL - TRANS NZOIA,SABOTI,WAITALUK,TRANS-NZOIA,,0.97,35.04
LINE MEMBER ACADEMY PRI SCH,PRIMARY SCHOOL,PRIVATE,RIFT VALLEY,TRANS NZOIA,CENTRAL - TRANS NZOIA,SABOTI,WAITALUK,TRANS-NZOIA,,0.98,35.04
GRACE ACADEMY PRI SCH,PRIMARY SCHOOL,PRIVATE,RIFT VALLEY,TRANS NZOIA,CENTRAL - TRANS NZOIA,SABOTI,WAITALUK,TRANS-NZOIA,,0.95,35.06
AIC GUTONGORIO PRI SCH,PRIMARY SCHOOL,PRIVATE,RIFT VALLEY,TRANS NZOIA,CENTRAL - TRANS NZOIA,SABOTI,WAITALUK,TRANS-NZOIA,,0.93,35.08
JACK AND JILL PRI SCH,PRIMARY SCHOOL,PRIVATE,RIFT VALLEY,TRANS NZOIA,CENTRAL - TRANS NZOIA,SABOTI,MUNICIPALITY,LAIKIPIA,,1.01,35.01
KITALE FAMILY SCH,PRIMARY SCHOOL,PRIVATE,RIFT VALLEY,TRANS NZOIA,CENTRAL - TRANS NZOIA,SABOTI,MUNICIPALITY,LAIKIPIA,,1.01,35.01
ALL SAINTS ACADEMY PRI SCH,PRIMARY SCHOOL,PRIVATE,RIFT VALLEY,TRANS NZOIA,CENTRAL - TRANS NZOIA,SABOTI,MUNICIPALITY,LAIKIPIA,,1.03,35.02
LEGACY PRI SCH,PRIMARY SCHOOL,PRIVATE,RIFT VALLEY,TRANS NZOIA,CENTRAL - TRANS NZOIA,SABOTI,MUNICIPALITY,LAIKIPIA,,1.02,35.06
DAYSTAR ACA PRY,PRIMARY SCHOOL,PRIVATE,RIFT VALLEY,LAIKIPIA,NGARUA,LAIKIPIA WEST,OLMORAN,LAIKIPIA,,0.53,36.49
LIKII HILL PRY SCH,PRIMARY SCHOOL,PRIVATE,RIFT VALLEY,LAIKIPIA,CENTRAL - LAIKIPIA,LAIKIPIA EAST,NANYUKI,LAIKIPIA,,0.01,37.1
MT. KENYA BAPTIST PRY SCH,PRIMARY SCHOOL,PRIVATE,RIFT VALLEY,LAIKIPIA,CENTRAL - LAIKIPIA,LAIKIPIA EAST,NANYUKI,LAIKIPIA,,0.01,37.09
RIVERSIDE ADVENTIST SCH PRI,PRIMARY SCHOOL,PRIVATE,RIFT VALLEY,TURKANA,CENTRAL - TURKANA,TURKANA CENTRAL,LODWAR TOWN,TURKANA,,3.12,35.6
MAKUSUDI ACADEMY PRI SCH,PRIMARY SCHOOL,PRIVATE,RIFT VALLEY,TRANS NZOIA,CENTRAL - TRANS NZOIA,SABOTI,KIBOMET,TRANS-NZOIA,,0.99,35.03
ERAIT ACADEMY PRI,PRIMARY SCHOOL,PRIVATE,RIFT VALLEY,TURKANA,CENTRAL - TURKANA,TURKANA CENTRAL,LODWAR TOWN,TURKANA,,3.12,35.6
MARY IMMACULATE PRY SCH,PRIMARY SCHOOL,PRIVATE,RIFT VALLEY,LAIKIPIA,CENTRAL - LAIKIPIA,LAIKIPIA EAST,NANYUKI,LAIKIPIA,,0.02,37.08
ELIMU STAR ACADEMY PRI,PRIMARY SCHOOL,PRIVATE,RIFT VALLEY,TRANS NZOIA,CENTRAL - TRANS NZOIA,SABOTI,MUNICIPALITY,LAIKIPIA,,0.99,35.03
BRIGHT SCH PRI,PRIMARY SCHOOL,PRIVATE,RIFT VALLEY,TURKANA,CENTRAL - TURKANA,TURKANA CENTRAL,LODWAR TOWN,TURKANA,,3.13,35.6
MERCY AND CARING ACADEMY PRI SCH,PRIMARY SCHOOL,PRIVATE,RIFT VALLEY,TRANS NZOIA,CENTRAL - TRANS NZOIA,SABOTI,MUNICIPALITY,LAIKIPIA,,0.99,35.01
SHALOW MARK PRI SCH,PRIMARY SCHOOL,PRIVATE,RIFT VALLEY,LAIKIPIA,CENTRAL - LAIKIPIA,LAIKIPIA EAST,NTURUKUMA,TRANS-NZOIA,,0.04,37.07
MELBON PRY SCH,PRIMARY SCHOOL,PRIVATE,RIFT VALLEY,LAIKIPIA,CENTRAL - LAIKIPIA,LAIKIPIA EAST,NTURUKUMA,TRANS-NZOIA,,0.03,37.09
BARBS CACADEMY PRI SCH,PRIMARY SCHOOL,PRIVATE,RIFT VALLEY,TRANS NZOIA,CENTRAL - TRANS NZOIA,SABOTI,MUNICIPALITY,LAIKIPIA,,1.02,35.01
PRISPET ACA. PRY SCH,PRIMARY SCHOOL,PRIVATE,RIFT VALLEY,LAIKIPIA,CENTRAL - LAIKIPIA,LAIKIPIA EAST,NANYUKI,LAIKIPIA,,0.04,37.1
NANYUKI PEAKVIEW ACA. PRY SCH,PRIMARY SCHOOL,PRIVATE,RIFT VALLEY,LAIKIPIA,CENTRAL - LAIKIPIA,LAIKIPIA EAST,NTURUKUMA,TRANS-NZOIA,,0.04,37.1
BAHARINI ACADEMY PRI SCH,PRIMARY SCHOOL,PRIVATE,RIFT VALLEY,TRANS NZOIA,CENTRAL - TRANS NZOIA,SABOTI,MUNICIPALITY,LAIKIPIA,,1.02,35.03
JOERA ACA PRY,PRIMARY SCHOOL,PRIVATE,RIFT VALLEY,LAIKIPIA,RUMURUTI,LAIKIPIA WEST,MUTARA,LAIKIPIA,,0.05,36.63
ALMOND PREP PRI SCH,PRIMARY SCHOOL,PRIVATE,RIFT VALLEY,TRANS NZOIA,CENTRAL - TRANS NZOIA,SABOTI,KIBOMET,TRANS-NZOIA,,1.01,35.04
THE CRANE ACADEMY PRI SCH,PRIMARY SCHOOL,PRIVATE,RIFT VALLEY,TRANS NZOIA,CENTRAL - TRANS NZOIA,SABOTI,MUNICIPALITY,LAIKIPIA,,0.98,34.96
GLOUCESTER PRI SCH,PRIMARY SCHOOL,PRIVATE,RIFT VALLEY,TRANS NZOIA,CENTRAL - TRANS NZOIA,SABOTI,MUNICIPALITY,LAIKIPIA,,1,35.02
GREEN FIELDS PRI SCH,PRIMARY SCHOOL,PRIVATE,RIFT VALLEY,TRANS NZOIA,CENTRAL - TRANS NZOIA,SABOTI,MUNICIPALITY,LAIKIPIA,,1.02,35.01
NOREC PRI SCH,PRIMARY SCHOOL,PRIVATE,RIFT VALLEY,TRANS NZOIA,CENTRAL - TRANS NZOIA,SABOTI,MUNICIPALITY,LAIKIPIA,,1.02,35.02
MT. ELGON ACADEMY PRI SCH,PRIMARY SCHOOL,PRIVATE,RIFT VALLEY,TRANS NZOIA,CENTRAL - TRANS NZOIA,SABOTI,MUNICIPALITY,LAIKIPIA,,1.03,35
BAHATI CHILDRENS HOME PRI SCH,PRIMARY SCHOOL,PRIVATE,RIFT VALLEY,TRANS NZOIA,CENTRAL - TRANS NZOIA,SABOTI,CENTRAL,NYERI,,1.02,34.99
ERNEST FIFE PRI SCH,PRIMARY SCHOOL,PRIVATE,RIFT VALLEY,TRANS NZOIA,CENTRAL - TRANS NZOIA,KWANZA,NAMANJALALA,TRANS NZOIA,,1.04,34.98
ABERDARE FOUNTAIN ACA. PRY SCH,PRIMARY SCHOOL,PRIVATE,RIFT VALLEY,LAIKIPIA,LAMURIA,LAIKIPIA EAST,NGOBIT,LAIKIPIA,,-0.08,36.57
ST. KIZITO ORPHANAGE PRI SCH,PRIMARY SCHOOL,PRIVATE,RIFT VALLEY,TRANS NZOIA,CENTRAL - TRANS NZOIA,KWANZA,NAMANJALALA,TRANS NZOIA,,1.04,34.98
ST. XAVIER'S ACA. PRY SCH,PRIMARY SCHOOL,PRIVATE,RIFT VALLEY,LAIKIPIA,CENTRAL - LAIKIPIA,LAIKIPIA EAST,NANYUKI,LAIKIPIA,,0.02,37.07
GILESTHER PREPARATORY PRY SCH,PRIMARY SCHOOL,PRIVATE,RIFT VALLEY,LAIKIPIA,LAMURIA,LAIKIPIA EAST,NGOBIT,LAIKIPIA,,-0.08,36.58
RASSA PRI SCH,PRIMARY SCHOOL,PRIVATE,RIFT VALLEY,TRANS NZOIA,CENTRAL - TRANS NZOIA,SABOTI,NAMANJALALA,TRANS NZOIA,,1.04,34.98
KILOTACT PRI SCH,PRIMARY SCHOOL,PRIVATE,RIFT VALLEY,TRANS NZOIA,CENTRAL - TRANS NZOIA,SABOTI,NAMANJALALA,TRANS NZOIA,,1.04,34.97
HURUMA PRI SCH,PRIMARY SCHOOL,PRIVATE,RIFT VALLEY,TRANS NZOIA,CENTRAL - TRANS NZOIA,SABOTI,MUNICIPALITY,LAIKIPIA,,1.03,34.98
ST JOHN EDUCATION CENTRE PRI SCH,PRIMARY SCHOOL,PRIVATE,RIFT VALLEY,TRANS NZOIA,CENTRAL - TRANS NZOIA,SABOTI,NAMANJALALA,TRANS NZOIA,,1.04,34.98
BETHEL PRY SCH NANYUKI,PRIMARY SCHOOL,PRIVATE,RIFT VALLEY,LAIKIPIA,CENTRAL - LAIKIPIA,LAIKIPIA EAST,NANYUKI,LAIKIPIA,,0.02,37.07
KITALE ADVENTIST  PRI SCH,PRIMARY SCHOOL,PRIVATE,RIFT VALLEY,TRANS NZOIA,CENTRAL - TRANS NZOIA,SABOTI,MUNICIPALITY,LAIKIPIA,,1.03,34.99
BEKAMO ACA PRY,PRIMARY SCHOOL,PRIVATE,RIFT VALLEY,LAIKIPIA,LAMURIA,LAIKIPIA EAST,NGOBIT,LAIKIPIA,,-0.07,36.57
EXODUS PRI SCH,PRIMARY SCHOOL,PRIVATE,RIFT VALLEY,TRANS NZOIA,CENTRAL - TRANS NZOIA,SABOTI,NAMANJALALA,TRANS NZOIA,,1.03,34.98
UJENZI PRI SCH,PRIMARY SCHOOL,PRIVATE,RIFT VALLEY,TRANS NZOIA,CENTRAL - TRANS NZOIA,SABOTI,MUNICIPALITY,LAIKIPIA,,1.03,34.99
KETIGOI PREP PRI SCH,PRIMARY SCHOOL,PRIVATE,RIFT VALLEY,NAKURU,KAMARA,KURESOI,MAU SUMMIT,NAKURU,,-0.16,35.7
ST JUSTINA ACA. PRY SCH,PRIMARY SCHOOL,PRIVATE,RIFT VALLEY,LAIKIPIA,CENTRAL - LAIKIPIA,LAIKIPIA EAST,MARURA,LAIKIPIA,,0.01,37.06
JOHATO ACADEMY PRI SCH,PRIMARY SCHOOL,PRIVATE,RIFT VALLEY,NAKURU,KAMARA,KURESOI,MAU SUMMIT,NAKURU,,-0.15,35.69
IMANI JUNIOR ACA. PRY SCH,PRIMARY SCHOOL,PRIVATE,RIFT VALLEY,LAIKIPIA,CENTRAL - LAIKIPIA,LAIKIPIA EAST,NANYUKI,LAIKIPIA,,0.02,37.06
NYAHURURU PCEA ACADEMY PRY,PRIMARY SCHOOL,PRIVATE,RIFT VALLEY,LAIKIPIA,NYAHURURU,LAIKIPIA WEST,NYAHURURU,LAIKIPIA,,0.03,36.36
GOODSHEPHERD ACADEMY PRI SCH,PRIMARY SCHOOL,PRIVATE,RIFT VALLEY,NAKURU,KAMARA,KURESOI,MAU SUMMIT,NAKURU,,-0.15,35.68
DOMINION TALENT PRI SCH,PRIMARY SCHOOL,PRIVATE,RIFT VALLEY,TRANS NZOIA,CENTRAL - TRANS NZOIA,SABOTI,MUNICIPALITY,LAIKIPIA,,1.03,34.98
SAVATI ACADEMY PRI SCH,PRIMARY SCHOOL,PRIVATE,RIFT VALLEY,TRANS NZOIA,CENTRAL - TRANS NZOIA,SABOTI,MUNICIPALITY,LAIKIPIA,,1.03,34.99
MT. EMORU PRI SCH,PRIMARY SCHOOL,PRIVATE,RIFT VALLEY,TRANS NZOIA,CENTRAL - TRANS NZOIA,SABOTI,MUNICIPALITY,LAIKIPIA,,1.03,35
ST MARGARTE MUTHENGERA PRY SCH,PRIMARY SCHOOL,PRIVATE,RIFT VALLEY,LAIKIPIA,RUMURUTI,LAIKIPIA WEST,MUTHENGERA,NYANDARUA,,0.21,36.31
ST. MARTIN'S MUTHENGERA ACA. PRY,PRIMARY SCHOOL,PRIVATE,RIFT VALLEY,LAIKIPIA,RUMURUTI,LAIKIPIA WEST,MUTHENGERA,NYANDARUA,,0.22,36.32
SHANTI CHILDCARE PRI SCH,PRIMARY SCHOOL,PRIVATE,RIFT VALLEY,TRANS NZOIA,CENTRAL - TRANS NZOIA,SABOTI,MATISI,TRANS-NZOIA,,1.02,34.98
BISHOP NDINGI PRI SCH,PRIMARY SCHOOL,PRIVATE,RIFT VALLEY,NAKURU,KAMARA,KURESOI,MAU SUMMIT,NAKURU,,-0.19,35.69
BARAKA BOYS PRI SCH,PRIMARY SCHOOL,PRIVATE,RIFT VALLEY,NAKURU,KAMARA,KURESOI,MAU SUMMIT,NAKURU,,-0.2,35.69
AMAZING GRACE ACA. PRY SCH,PRIMARY SCHOOL,PRIVATE,RIFT VALLEY,LAIKIPIA,RUMURUTI,LAIKIPIA WEST,MARMANET,LAIKIPIA,,0.17,36.37
KITALE MUSLIM ACADEMY PRI SCH,PRIMARY SCHOOL,PRIVATE,RIFT VALLEY,TRANS NZOIA,CENTRAL - TRANS NZOIA,SABOTI,MUNICIPALITY,LAIKIPIA,,1.03,35
ST. ANGELICA ACADEMY PRI SCH,PRIMARY SCHOOL,PRIVATE,RIFT VALLEY,TRANS NZOIA,CENTRAL - TRANS NZOIA,SABOTI,WAITALUK,TRANS-NZOIA,,0.94,35
FAIRWAY EDUCATIONCENTRE PRI SCH,PRIMARY SCHOOL,PRIVATE,RIFT VALLEY,TRANS NZOIA,CENTRAL - TRANS NZOIA,SABOTI,MUNICIPALITY,LAIKIPIA,,1.03,34.99
ST. FRANCIS PRY SCH KWANJIKU,PRIMARY SCHOOL,PRIVATE,RIFT VALLEY,LAIKIPIA,RUMURUTI,LAIKIPIA WEST,MARMANET,LAIKIPIA,,0.14,36.37
BONDENI ACADEMY PRI SCH,PRIMARY SCHOOL,PRIVATE,RIFT VALLEY,TRANS NZOIA,CENTRAL - TRANS NZOIA,SABOTI,MUNICIPALITY,LAIKIPIA,,1.03,34.99
RIVER SIDE ACADEMY PRI,PRIMARY SCHOOL,PRIVATE,RIFT VALLEY,TRANS NZOIA,CENTRAL - TRANS NZOIA,SABOTI,WAITALUK,TRANS-NZOIA,,0.95,35.03
PURPOSE DRIVEN PRI SCH,PRIMARY SCHOOL,PRIVATE,RIFT VALLEY,TRANS NZOIA,CENTRAL - TRANS NZOIA,SABOTI,MUNICIPALITY,LAIKIPIA,,1.03,34.99
AKITES ACADEMY PRI SCH,PRIMARY SCHOOL,PRIVATE,RIFT VALLEY,TRANS NZOIA,CENTRAL - TRANS NZOIA,SABOTI,WAITALUK,TRANS-NZOIA,,0.95,35.03
KAMARA ADVENTIST ACADEMY PRI SCH,PRIMARY SCHOOL,PRIVATE,RIFT VALLEY,NAKURU,KAMARA,KURESOI,KAMARA,NAKURU,,-0.08,35.67
BEAITY BABIES EDUCATION CENTRE,PRIMARY SCHOOL,PRIVATE,RIFT VALLEY,TRANS NZOIA,CENTRAL - TRANS NZOIA,SABOTI,MUNICIPALITY,LAIKIPIA,,1.04,34.99
KONGASIS PRI SCH,PRIMARY SCHOOL,PRIVATE,RIFT VALLEY,NAKURU,KAMARA,KURESOI,KAMARA,NAKURU,,-0.08,35.67
KING DAVID ACADEMY PRI SCH,PRIMARY SCHOOL,PRIVATE,RIFT VALLEY,TRANS NZOIA,CENTRAL - TRANS NZOIA,SABOTI,WAITALUK,TRANS-NZOIA,,0.95,35.02
QUACKER HILL ACADEMY  PRI SCH,PRIMARY SCHOOL,PRIVATE,RIFT VALLEY,TRANS NZOIA,CENTRAL - TRANS NZOIA,SABOTI,WAITALUK,TRANS-NZOIA,,0.94,35.02
PROSPER PRY SCH,PRIMARY SCHOOL,PRIVATE,RIFT VALLEY,LAIKIPIA,RUMURUTI,LAIKIPIA WEST,MARMANET,LAIKIPIA,,0.16,36.39
WAMUINI SHEFERD PRI SCH,PRIMARY SCHOOL,PRIVATE,RIFT VALLEY,TRANS NZOIA,CENTRAL - TRANS NZOIA,SABOTI,WAITALUK,TRANS-NZOIA,,0.96,34.99
QUEEN ESTHER PRY SCH,PRIMARY SCHOOL,PRIVATE,RIFT VALLEY,LAIKIPIA,RUMURUTI,LAIKIPIA WEST,MUTHENGERA,NYANDARUA,,0.18,36.37
MARMANET HILL PRY SCH,PRIMARY SCHOOL,PRIVATE,RIFT VALLEY,LAIKIPIA,RUMURUTI,LAIKIPIA WEST,MUTHENGERA,NYANDARUA,,0.19,36.36
BALMAS ACADEMY PRI SCH,PRIMARY SCHOOL,PRIVATE,RIFT VALLEY,NAKURU,KAMARA,KURESOI,SIRIKWA,UASIN GISHU,,-0.26,35.67
PHADITH PRI SCH,PRIMARY SCHOOL,PRIVATE,RIFT VALLEY,TRANS NZOIA,CENTRAL - TRANS NZOIA,SABOTI,WAITALUK,TRANS-NZOIA,,0.92,35.01
SWEET SPRINGS PRY SCH,PRIMARY SCHOOL,PRIVATE,RIFT VALLEY,LAIKIPIA,RUMURUTI,LAIKIPIA WEST,MARMANET,LAIKIPIA,,0.17,36.38
MWENCHA PRI SCH,PRIMARY SCHOOL,PRIVATE,RIFT VALLEY,TRANS NZOIA,CENTRAL - TRANS NZOIA,SABOTI,WAITALUK,TRANS-NZOIA,,0.91,35
THE SEED ACA. PRY SCH,PRIMARY SCHOOL,PRIVATE,RIFT VALLEY,LAIKIPIA,NGARUA,LAIKIPIA WEST,MUHOTETU,NYANDARUA,,0.23,36.37
MAKORI ACADEMY PRI SCH,PRIMARY SCHOOL,PRIVATE,RIFT VALLEY,TRANS NZOIA,CENTRAL - TRANS NZOIA,SABOTI,WAITALUK,TRANS-NZOIA,,0.92,35.01
EPSONS ACADEMY PRI SCH,PRIMARY SCHOOL,PRIVATE,RIFT VALLEY,TRANS NZOIA,CENTRAL - TRANS NZOIA,SABOTI,WAITALUK,TRANS-NZOIA,,0.96,35.06
PCEA MUHOTETU ACA PRY,PRIMARY SCHOOL,PRIVATE,RIFT VALLEY,LAIKIPIA,NGARUA,LAIKIPIA WEST,MUHOTETU,NYANDARUA,,0.28,36.36
BORRS EDUCATION CENTRE PRI SCH,PRIMARY SCHOOL,PRIVATE,RIFT VALLEY,TRANS NZOIA,CENTRAL - TRANS NZOIA,SABOTI,WAITALUK,TRANS-NZOIA,,0.96,35.06
SOUTH RIFT ACA PRY,PRIMARY SCHOOL,PRIVATE,RIFT VALLEY,LAIKIPIA,NGARUA,LAIKIPIA WEST,MUHOTETU,NYANDARUA,,0.27,36.37
BETHSAIDA ACADEMY PRI SCH,PRIMARY SCHOOL,PRIVATE,RIFT VALLEY,TRANS NZOIA,CENTRAL - TRANS NZOIA,SABOTI,WAITALUK,TRANS-NZOIA,,0.95,35.07
FRAJASA ACADEMY PRY,PRIMARY SCHOOL,PRIVATE,RIFT VALLEY,LAIKIPIA,NGARUA,LAIKIPIA WEST,MUHOTETU,NYANDARUA,,0.3,36.39
LUMA 2000 ACADEMY PRI,PRIMARY SCHOOL,PRIVATE,RIFT VALLEY,TURKANA,KAKUMA,TURKANA NORTH,KAKUMA,TURKANA,,3.71,34.86
LAND MARK ACADEMY PRI SCH,PRIMARY SCHOOL,PRIVATE,RIFT VALLEY,TRANS NZOIA,KWANZA,KWANZA,KWANZA,TRANS-NZOIA,,1.17,34.99
ST. PATRIC PRI SCH,PRIMARY SCHOOL,PRIVATE,RIFT VALLEY,NAKURU,GILGIL,NAIVASHA,GILGIL,NAKURU,,-0.5,36.33
TERESIA'S ACADEMY PRI,PRIMARY SCHOOL,PRIVATE,RIFT VALLEY,NAKURU,GILGIL,NAIVASHA,GILGIL,NAKURU,,-0.49,36.33
GILGIL HILLS ACADEMY PRI SCH,PRIMARY SCHOOL,PRIVATE,RIFT VALLEY,NAKURU,GILGIL,NAIVASHA,GILGIL,NAKURU,,-0.49,36.32
DICKSON MEMORIAL ACA PRY,PRIMARY SCHOOL,PRIVATE,RIFT VALLEY,LAIKIPIA,RUMURUTI,LAIKIPIA WEST,MARMANET,LAIKIPIA,,0.22,36.39
GILGIL MILIMANI PRI,PRIMARY SCHOOL,PRIVATE,RIFT VALLEY,NAKURU,GILGIL,NAIVASHA,GILGIL,NAKURU,,-0.48,36.32
ST. PETERS ELITE PRI SCH,PRIMARY SCHOOL,PRIVATE,RIFT VALLEY,NAKURU,GILGIL,NAIVASHA,GILGIL,NAKURU,,-0.48,36.33
TOP MARK ACADEMY PRI SCH,PRIMARY SCHOOL,PRIVATE,RIFT VALLEY,TRANS NZOIA,KWANZA,KWANZA,KAPOMBOI,TRANS-NZOIA,,1.22,34.97
MUHOTETU JUNIOR SCH PRY,PRIMARY SCHOOL,PRIVATE,RIFT VALLEY,LAIKIPIA,RUMURUTI,LAIKIPIA WEST,MARMANET,LAIKIPIA,,0.24,36.44
WEST WOOD PRI SCH,PRIMARY SCHOOL,PRIVATE,RIFT VALLEY,NAKURU,GILGIL,NAIVASHA,GILGIL,NAKURU,,-0.48,36.33
KOLONGOLO AC ACADEMY PRI SCH,PRIMARY SCHOOL,PRIVATE,RIFT VALLEY,TRANS NZOIA,KWANZA,KWANZA,KAPOMBOI,TRANS-NZOIA,,1.22,34.97
FAMILIA TAKATIFU PRY SCH,PRIMARY SCHOOL,PRIVATE,RIFT VALLEY,LAIKIPIA,RUMURUTI,LAIKIPIA WEST,RUMURUTI,LAIKIPIA,,0.27,36.54
RUMURUTI ST. PAUL ACA PRY,PRIMARY SCHOOL,PRIVATE,RIFT VALLEY,LAIKIPIA,RUMURUTI,LAIKIPIA WEST,RUMURUTI,LAIKIPIA,,0.27,36.54
ST. ANN ACADEMY PRI SCH,PRIMARY SCHOOL,PRIVATE,RIFT VALLEY,TRANS NZOIA,KWANZA,KWANZA,KAPOMBOI,TRANS-NZOIA,,1.15,34.96
ST. TERESA ACADEMY PRI SCH,PRIMARY SCHOOL,PRIVATE,RIFT VALLEY,TRANS NZOIA,KWANZA,KWANZA,KAPOMBOI,TRANS-NZOIA,,1.16,34.95
LANGALANGA PRI SCH,PRIMARY SCHOOL,PRIVATE,RIFT VALLEY,NAKURU,GILGIL,NAIVASHA,KARUNGA,LAIKIPIA,,-0.5,36.37
THE GRADUATE PRI SCH,PRIMARY SCHOOL,PRIVATE,RIFT VALLEY,NAKURU,GILGIL,NAIVASHA,KARUNGA,LAIKIPIA,,-0.52,36.36
KAIMBEI ACADEMY PRI SCH,PRIMARY SCHOOL,PRIVATE,RIFT VALLEY,TRANS NZOIA,KWANZA,KWANZA,KAPOMBOI,TRANS-NZOIA,,1.14,34.9
ROPHIS PRI SCH,PRIMARY SCHOOL,PRIVATE,RIFT VALLEY,TRANS NZOIA,CHERANGANY,CHERANGANY,CHEPSIRO,WEST POKOT,,0.96,35.26
NEEMA CHEBARUS PRI SCH,PRIMARY SCHOOL,PRIVATE,RIFT VALLEY,TRANS NZOIA,CHERANGANY,CHERANGANY,CHEPSIRO,WEST POKOT,,0.96,35.25
POPE BENEDICT XVI PRI SCH,PRIMARY SCHOOL,PRIVATE,RIFT VALLEY,TRANS NZOIA,CHERANGANY,CHERANGANY,CHEPSIRO,WEST POKOT,,0.96,35.24
ROYAL LOBES ACADEMY PRI SCH,PRIMARY SCHOOL,PRIVATE,RIFT VALLEY,TRANS NZOIA,KWANZA,KWANZA,KAPOMBOI,TRANS-NZOIA,,1.21,34.9
SOTI ACADEMY PRI SCH,PRIMARY SCHOOL,PRIVATE,RIFT VALLEY,TRANS NZOIA,CHERANGANY,CHERANGANY,CHEPSIRO,WEST POKOT,,0.96,35.29
CHEMOSET PRI SCH,PRIMARY SCHOOL,PRIVATE,RIFT VALLEY,TRANS NZOIA,CHERANGANY,CHERANGANY,CHEPSIRO,WEST POKOT,,0.93,35.29
ZEA ROYAL  AIC PRI,PRIMARY SCHOOL,PRIVATE,RIFT VALLEY,TRANS NZOIA,KWANZA,KWANZA,KAPOMBOI,TRANS-NZOIA,,1.09,34.93
OKOA ACAD PRI,PRIMARY SCHOOL,PRIVATE,RIFT VALLEY,LAIKIPIA,RUMURUTI,LAIKIPIA WEST,SALAAMA,MOMBASA,,0.14,36.5
RUIRU ACADEMY PRI GOSETA,PRIMARY SCHOOL,PRIVATE,RIFT VALLEY,TRANS NZOIA,KWANZA,KWANZA,KAISAGAT,UASIN GISHU,,1.08,35.06
ST. BAKHITA ACADEMY PRI SCH,PRIMARY SCHOOL,PRIVATE,RIFT VALLEY,TRANS NZOIA,KWANZA,KWANZA,KAISAGAT,UASIN GISHU,,1.07,35.06
USHINDI ACADEMY PRI SCH,PRIMARY SCHOOL,PRIVATE,RIFT VALLEY,TRANS NZOIA,KWANZA,KWANZA,KAISAGAT,UASIN GISHU,,1.07,35.05
KIMARAN ELITE ACADEMY PRI SCH,PRIMARY SCHOOL,PRIVATE,RIFT VALLEY,TRANS NZOIA,KWANZA,KWANZA,KAISAGAT,UASIN GISHU,,1.1,35.02
KAPLELUCH PRI SCH,PRIMARY SCHOOL,PRIVATE,RIFT VALLEY,TRANS NZOIA,CHERANGANY,CHERANGANY,CHERANGANY,TRANS NZOIA,,1.01,35.2
CHERANGANY FRIENDS ACADEMY PRI SCH,PRIMARY SCHOOL,PRIVATE,RIFT VALLEY,TRANS NZOIA,CHERANGANY,CHERANGANY,CHERANGANY,TRANS NZOIA,,0.99,35.22
MERRY LAND PRI SCH,PRIMARY SCHOOL,PRIVATE,RIFT VALLEY,TRANS NZOIA,CHERANGANY,CHERANGANY,CHERANGANY,TRANS NZOIA,,1.02,35.2
INTERGRITY CENTRE PRI SCH,PRIMARY SCHOOL,PRIVATE,RIFT VALLEY,TRANS NZOIA,CHERANGANY,CHERANGANY,CHERANGANY,TRANS NZOIA,,0.98,35.22
FRIENDS BRIGHT ACADEMY PRI SCH,PRIMARY SCHOOL,PRIVATE,RIFT VALLEY,TRANS NZOIA,KWANZA,CHERANGANY,KAISAGAT,UASIN GISHU,,1.18,35.11
KIDRON BROOKE JUNIOR PRY SCH,PRIMARY SCHOOL,PRIVATE,RIFT VALLEY,LAIKIPIA,NGARUA,LAIKIPIA WEST,GITUAMBA,KIAMBU,,0.29,36.26
BISHOP MUGE PRI SCH,PRIMARY SCHOOL,PRIVATE,RIFT VALLEY,TRANS NZOIA,KWANZA,KWANZA,KAISAGAT,UASIN GISHU,,1.13,35.08
MIREMBE ACADEMY PRI SCH,PRIMARY SCHOOL,PRIVATE,RIFT VALLEY,TRANS NZOIA,KWANZA,KWANZA,KAISAGAT,UASIN GISHU,,1.15,35.08
PERKERRA PRI SCH,PRIMARY SCHOOL,PRIVATE,RIFT VALLEY,TRANS NZOIA,CHERANGANY,CHERANGANY,CHERANGANY,TRANS NZOIA,,0.93,35.18
GREENVALLEY ACADEMY PRI SCH,PRIMARY SCHOOL,PRIVATE,RIFT VALLEY,TRANS NZOIA,SABOTI,SABOTI,KINYORO,TRANS NZOIA,,0.98,34.92
MICHE PRI SCH,PRIMARY SCHOOL,PRIVATE,RIFT VALLEY,TRANS NZOIA,CHERANGANY,CHERANGANY,CHERANGANY,TRANS NZOIA,,0.94,35.18
ST PEVA ACADEMY PRY,PRIMARY SCHOOL,PRIVATE,RIFT VALLEY,LAIKIPIA,NGARUA,LAIKIPIA WEST,GITUAMBA,KIAMBU,,0.3,36.25
KAHAWA ACADEMY PRY,PRIMARY SCHOOL,PRIVATE,RIFT VALLEY,LAIKIPIA,NGARUA,LAIKIPIA WEST,GITUAMBA,KIAMBU,,0.31,36.26
SOLOWA ACA. PRY SCH,PRIMARY SCHOOL,PRIVATE,RIFT VALLEY,LAIKIPIA,CENTRAL - LAIKIPIA,LAIKIPIA EAST,DAIGA,KIAMBU,,0.06,37.11
DIWOPA PRI SCH,PRIMARY SCHOOL,PRIVATE,NAIROBI,NAIROBI,EMBAKASI,KAYOLE,EMBAKASI,NAIROBI,,-1.27,36.91
NANYUKI PREPARATORY PRY SCH,PRIMARY SCHOOL,PRIVATE,RIFT VALLEY,LAIKIPIA,CENTRAL - LAIKIPIA,LAIKIPIA EAST,MUNICIPALITY,LAIKIPIA,,0.02,37.08
ST. CHRISTOPHER'S ACA. PRY,PRIMARY SCHOOL,PRIVATE,RIFT VALLEY,LAIKIPIA,CENTRAL - LAIKIPIA,LAIKIPIA EAST,NANYUKI,LAIKIPIA,,0.01,37.08
MAMUROCK JUNIOR ACADEMY PRY,PRIMARY SCHOOL,PRIVATE,RIFT VALLEY,LAIKIPIA,CENTRAL - LAIKIPIA,LAIKIPIA EAST,BAHATI,NAKURU,,0.01,37.06
BENAM PRI SCH,PRIMARY SCHOOL,PRIVATE,RIFT VALLEY,TRANS NZOIA,CENTRAL - TRANS NZOIA,SABOTI,MUNICIPALITY,LAIKIPIA,,1.04,34.99
KITALE PROGRESSIVE SCH PRI,PRIMARY SCHOOL,PRIVATE,RIFT VALLEY,TRANS NZOIA,CENTRAL - TRANS NZOIA,SABOTI,KIBOMET,TRANS-NZOIA,,1.05,35
DAYSTAR PRI SCH,PRIMARY SCHOOL,PRIVATE,RIFT VALLEY,TRANS NZOIA,CENTRAL - TRANS NZOIA,SABOTI,KIBOMET,TRANS-NZOIA,,1.05,35
BARAKA ACADEMY PRI SCH,PRIMARY SCHOOL,PRIVATE,RIFT VALLEY,TRANS NZOIA,CENTRAL - TRANS NZOIA,SABOTI,MUNICIPALITY,LAIKIPIA,,1.04,35
SUNSHINE ACADEMY PRI SCH,PRIMARY SCHOOL,PRIVATE,RIFT VALLEY,TRANS NZOIA,CENTRAL - TRANS NZOIA,SABOTI,MUNICIPALITY,LAIKIPIA,,1.04,34.99
JANE AND HILDA ACADEMY PRY,PRIMARY SCHOOL,PRIVATE,RIFT VALLEY,LAIKIPIA,CENTRAL - LAIKIPIA,LAIKIPIA EAST,MARURA,LAIKIPIA,,0,37.05
NANYUKI NEEMA ACA PRY,PRIMARY SCHOOL,PRIVATE,RIFT VALLEY,LAIKIPIA,CENTRAL - LAIKIPIA,LAIKIPIA EAST,MARURA,LAIKIPIA,,0,37.06
JUNIOR KIN AND KINGS PRI SCH,PRIMARY SCHOOL,PRIVATE,RIFT VALLEY,TRANS NZOIA,CENTRAL - TRANS NZOIA,SABOTI,KIBOMET,TRANS-NZOIA,,1.04,35
HILLTOP PREP SCH PRI,PRIMARY SCHOOL,PRIVATE,RIFT VALLEY,TRANS NZOIA,CENTRAL - TRANS NZOIA,SABOTI,KIBOMET,TRANS-NZOIA,,1.05,35.01
ST. MARY IMMACULATE PRI SCH,PRIMARY SCHOOL,PRIVATE,RIFT VALLEY,TRANS NZOIA,CENTRAL - TRANS NZOIA,SABOTI,KIBOMET,TRANS-NZOIA,,1.03,35.01
ACK KALALU PRY SCH,PRIMARY SCHOOL,PRIVATE,RIFT VALLEY,LAIKIPIA,CENTRAL - LAIKIPIA,LAIKIPIA EAST,DAIGA,KIAMBU,,0.06,37.19
BURNNETT PREP SCH PRI,PRIMARY SCHOOL,PRIVATE,RIFT VALLEY,TRANS NZOIA,CENTRAL - TRANS NZOIA,SABOTI,KIBOMET,TRANS-NZOIA,,1.03,35.02
AQUINOE PRI SCH,PRIMARY SCHOOL,PRIVATE,RIFT VALLEY,TRANS NZOIA,CENTRAL - TRANS NZOIA,SABOTI,KIBOMET,TRANS-NZOIA,,1.03,35.03
VICTORY JUNIOR ACA. PRY SCH,PRIMARY SCHOOL,PRIVATE,RIFT VALLEY,LAIKIPIA,CENTRAL - LAIKIPIA,LAIKIPIA EAST,DAIGA,KIAMBU,,0.06,37.18
JOYLAND ACACDEMY PRI SCH,PRIMARY SCHOOL,PRIVATE,RIFT VALLEY,TRANS NZOIA,CENTRAL - TRANS NZOIA,SABOTI,KIBOMET,TRANS-NZOIA,,1.04,35.03
QUIET WATERS ACADEMY PRI SCH,PRIMARY SCHOOL,PRIVATE,RIFT VALLEY,TRANS NZOIA,CENTRAL - TRANS NZOIA,SABOTI,KIBOMET,TRANS-NZOIA,,1.04,35.03
ST. JOHN BOSCO PRI SCH,PRIMARY SCHOOL,PRIVATE,RIFT VALLEY,TRANS NZOIA,CENTRAL - TRANS NZOIA,SABOTI,KIBOMET,TRANS-NZOIA,,1.05,35.05
FAITH IS VICTOTRY PRI SCH,PRIMARY SCHOOL,PRIVATE,RIFT VALLEY,TRANS NZOIA,CENTRAL - TRANS NZOIA,SABOTI,KIBOMET,TRANS-NZOIA,,1.02,35.04
ELIMU ACA. PRY SCH,PRIMARY SCHOOL,PRIVATE,RIFT VALLEY,LAIKIPIA,CENTRAL - LAIKIPIA,LAIKIPIA EAST,NTURUKUMA,TRANS-NZOIA,,0.03,37.09
MAMA J'S ACADEMY PRI SCH,PRIMARY SCHOOL,PRIVATE,RIFT VALLEY,TRANS NZOIA,KWANZA,KWANZA,KWANZA,TRANS-NZOIA,,1.05,34.96
SEED OF HOPE PRI SCH,PRIMARY SCHOOL,PRIVATE,RIFT VALLEY,TRANS NZOIA,KWANZA,KWANZA,KWANZA,TRANS-NZOIA,,1.06,34.96
GOOD HOPE ACA PRY,PRIMARY SCHOOL,PRIVATE,RIFT VALLEY,LAIKIPIA,LAMURIA,LAIKIPIA EAST,TIGITHI,LAIKIPIA,,-0.06,36.96
NEEMA PRI SCH,PRIMARY SCHOOL,PRIVATE,RIFT VALLEY,TRANS NZOIA,KWANZA,KWANZA,KWANZA,TRANS-NZOIA,,1.12,35
FRIENDS ACADEMY PRI SCH,PRIMARY SCHOOL,PRIVATE,RIFT VALLEY,TRANS NZOIA,KWANZA,KWANZA,KWANZA,TRANS-NZOIA,,1.14,35
VISION KIAMBOGO ACADEMY PRI,PRIMARY SCHOOL,PRIVATE,RIFT VALLEY,NAKURU,GILGIL,NAIVASHA,KIAMBOGO,KIAMBU,,-0.58,36.14
DOALNARA ACADEMY PRI SCH,PRIMARY SCHOOL,PRIVATE,RIFT VALLEY,TRANS NZOIA,KWANZA,KWANZA,KWANZA,TRANS-NZOIA,,1.14,34.98
MANYATTA ACADEMY PRI,PRIMARY SCHOOL,PRIVATE,RIFT VALLEY,NAKURU,GILGIL,NAIVASHA,KIAMBOGO,KIAMBU,,-0.56,36.17
KWANZA SUN RISE ACADEMY PRI SCH,PRIMARY SCHOOL,PRIVATE,RIFT VALLEY,TRANS NZOIA,KWANZA,KWANZA,KWANZA,TRANS-NZOIA,,1.16,35.03
GERIZIM ACA PRY,PRIMARY SCHOOL,PRIVATE,RIFT VALLEY,LAIKIPIA,NGARUA,LAIKIPIA WEST,MUHOTETU,NYANDARUA,,0.32,36.36
DAMSITE JUNIOR PRY SCH,PRIMARY SCHOOL,PRIVATE,RIFT VALLEY,LAIKIPIA,NGARUA,LAIKIPIA WEST,MUHOTETU,NYANDARUA,,0.35,36.38
MBIO ACACDEMY PRI SCH,PRIMARY SCHOOL,PRIVATE,RIFT VALLEY,TRANS NZOIA,SABOTI,SABOTI,KINYORO,TRANS NZOIA,,1,34.88
SIMATWET RC PRI SCH,PRIMARY SCHOOL,PRIVATE,RIFT VALLEY,TRANS NZOIA,CHERANGANY,CHERANGANY,CHERANGANY,TRANS NZOIA,,0.95,35.32
KINAMBA ST TERESA ACA. PRY SCH,PRIMARY SCHOOL,PRIVATE,RIFT VALLEY,LAIKIPIA,NGARUA,LAIKIPIA WEST,KINAMBA,KIAMBU,,0.41,36.31
KIPTANDANI BAPTIST PRI SCH,PRIMARY SCHOOL,PRIVATE,RIFT VALLEY,TRANS NZOIA,SABOTI,SABOTI,KINYORO,TRANS NZOIA,,1,34.89
PANOCAL PRI SCH,PRIMARY SCHOOL,PRIVATE,RIFT VALLEY,TRANS NZOIA,SABOTI,SABOTI,KINYORO,TRANS NZOIA,,1.01,34.87
SILVERSTONE ACADEMY PRI SCH,PRIMARY SCHOOL,PRIVATE,RIFT VALLEY,TRANS NZOIA,SABOTI,SABOTI,KINYORO,TRANS NZOIA,,1,34.9
HOSANNA COMPLEX PRY SCH,PRIMARY SCHOOL,PRIVATE,RIFT VALLEY,LAIKIPIA,NGARUA,LAIKIPIA WEST,KINAMBA,KIAMBU,,0.42,36.33
KATALEEL PRI SCH,PRIMARY SCHOOL,PRIVATE,RIFT VALLEY,TRANS NZOIA,SABOTI,SABOTI,KINYORO,TRANS NZOIA,,1.02,34.92
NGARUA DESTINY PRY SCH,PRIMARY SCHOOL,PRIVATE,RIFT VALLEY,LAIKIPIA,NGARUA,LAIKIPIA WEST,KINAMBA,KIAMBU,,0.42,36.32
MUNTAIN VIEW PRI SCH,PRIMARY SCHOOL,PRIVATE,RIFT VALLEY,TRANS NZOIA,SABOTI,SABOTI,KINYORO,TRANS NZOIA,,1.02,34.91
KITALALE PREP PRI SCH,PRIMARY SCHOOL,PRIVATE,RIFT VALLEY,TRANS NZOIA,SABOTI,SABOTI,KINYORO,TRANS NZOIA,,1.02,34.91
UNIQUE IDEAL ACA. PRY SCH,PRIMARY SCHOOL,PRIVATE,RIFT VALLEY,LAIKIPIA,NGARUA,LAIKIPIA WEST,KINAMBA,KIAMBU,,0.46,36.32
KALYEET PRI SCH,PRIMARY SCHOOL,PRIVATE,RIFT VALLEY,TRANS NZOIA,SABOTI,SABOTI,KINYORO,TRANS NZOIA,,1.01,34.91
EMMANUEL JUNIOR ACACDEMY PRI SCH,PRIMARY SCHOOL,PRIVATE,RIFT VALLEY,TRANS NZOIA,SABOTI,SABOTI,KINYORO,TRANS NZOIA,,1.01,34.91
SKY VISION ACADEMY PRI,PRIMARY SCHOOL,PRIVATE,RIFT VALLEY,TRANS NZOIA,CHERANGANY,CHERANGANY,KIPTOROR,NANDI,,1.03,35.3
CEM GOOD HOPE ACA. PRY SCH,PRIMARY SCHOOL,PRIVATE,RIFT VALLEY,LAIKIPIA,NGARUA,LAIKIPIA WEST,KINAMBA,KIAMBU,,0.46,36.29
MIMA ELLITE ACACDEMY PRI SCH,PRIMARY SCHOOL,PRIVATE,RIFT VALLEY,TRANS NZOIA,SABOTI,SABOTI,KINYORO,TRANS NZOIA,,1,34.86
PAMARI JUNIOR ACADEMY PRI SCH,PRIMARY SCHOOL,PRIVATE,RIFT VALLEY,TRANS NZOIA,CHERANGANY,CHERANGANY,KIPTOROR,NANDI,,1.02,35.27
KONY ACADEMY PRI SCH,PRIMARY SCHOOL,PRIVATE,RIFT VALLEY,TRANS NZOIA,SABOTI,SABOTI,KISAWAI,KIAMBU,,1,34.82
CHERANGANY UPENDO PRI SCH,PRIMARY SCHOOL,PRIVATE,RIFT VALLEY,TRANS NZOIA,CHERANGANY,CHERANGANY,KIPTOROR,NANDI,,1.03,35.26
TANDARE JUNIOR ACA PRY SCH,PRIMARY SCHOOL,PRIVATE,RIFT VALLEY,LAIKIPIA,NGARUA,LAIKIPIA WEST,KINAMBA,KIAMBU,,0.38,36.29
SAEKWO ACADEMY PRI SCH,PRIMARY SCHOOL,PRIVATE,RIFT VALLEY,TRANS NZOIA,SABOTI,SABOTI,KIBPROA,KIAMBU,,0.97,34.81
TUMAINI HILLS ACADEMY PRI SCH,PRIMARY SCHOOL,PRIVATE,RIFT VALLEY,TRANS NZOIA,CHERANGANY,CHERANGANY,SUWERWA,KIAMBU,,1.05,35.27
ST. JOSEPH LAIKIPIA ACA PRY,PRIMARY SCHOOL,PRIVATE,RIFT VALLEY,LAIKIPIA,NGARUA,LAIKIPIA WEST,KINAMBA,KIAMBU,,0.43,36.29
HILL SCHOOL ACADEMY PRI SCH,PRIMARY SCHOOL,PRIVATE,RIFT VALLEY,TRANS NZOIA,SABOTI,SABOTI,SABOTI,TRANS NZOIA,,0.93,34.76
ST. MATHEWS ACADEMY PRI SCH,PRIMARY SCHOOL,PRIVATE,RIFT VALLEY,TRANS NZOIA,SABOTI,SABOTI,KIBPROA,KIAMBU,,0.94,34.97
ROYAL GLORY ACADEMY PRY,PRIMARY SCHOOL,PRIVATE,RIFT VALLEY,LAIKIPIA,NGARUA,LAIKIPIA WEST,KINAMBA,KIAMBU,,0.45,36.35
CLASSIC PRI SCH,PRIMARY SCHOOL,PRIVATE,RIFT VALLEY,TRANS NZOIA,CHERANGANY,CHERANGANY,SUWERWA,KIAMBU,,1.05,35.22
MOSS ACADEMY PRI SCH,PRIMARY SCHOOL,PRIVATE,RIFT VALLEY,TRANS NZOIA,SABOTI,SABOTI,SABOTI,TRANS NZOIA,,0.94,34.85
KIRUNGUBII ACA PRY,PRIMARY SCHOOL,PRIVATE,RIFT VALLEY,LAIKIPIA,NGARUA,LAIKIPIA WEST,SIPILI,LAIKIPIA,,0.42,36.36
CHEPTILIL PRI SCH,PRIMARY SCHOOL,PRIVATE,RIFT VALLEY,TRANS NZOIA,SABOTI,SABOTI,SABOTI,TRANS NZOIA,,0.95,34.83
ST LUCIA PRY SCH,PRIMARY SCHOOL,PRIVATE,RIFT VALLEY,LAIKIPIA,NGARUA,LAIKIPIA WEST,KINAMBA,KIAMBU,,0.41,36.35
WELFARE ACADEMY PRI SCH,PRIMARY SCHOOL,PRIVATE,RIFT VALLEY,TRANS NZOIA,KAPLAMAI,CHERANGANY,MAKUTANO,KIAMBU,,1.09,35.17
EVERGREEN EDUCATIONAL CENTRE,PRIMARY SCHOOL,PRIVATE,RIFT VALLEY,TRANS NZOIA,SABOTI,SABOTI,KIBPROA,KIAMBU,,0.94,34.78
SISELA ACADEMY PRI SCH,PRIMARY SCHOOL,PRIVATE,RIFT VALLEY,TRANS NZOIA,KAPLAMAI,CHERANGANY,MAKUTANO,KIAMBU,,1.04,35.19
LIMA ACADEMY PRI SCH,PRIMARY SCHOOL,PRIVATE,RIFT VALLEY,TRANS NZOIA,SABOTI,SABOTI,SABOTI,TRANS NZOIA,,0.92,34.86
CARLIFONIA ACADEMY PRI SCH,PRIMARY SCHOOL,PRIVATE,RIFT VALLEY,TRANS NZOIA,KAPLAMAI,CHERANGANY,SINYERERE,TRANS-NZOIA,,1.04,35.12
BIDII ACA PRY,PRIMARY SCHOOL,PRIVATE,RIFT VALLEY,LAIKIPIA,NGARUA,LAIKIPIA WEST,SIPILI,LAIKIPIA,,0.42,36.38
MAX GS ACADEMY PRI SCH,PRIMARY SCHOOL,PRIVATE,RIFT VALLEY,TRANS NZOIA,KAPLAMAI,CHERANGANY,SITATUNGA,TRANS-NZOIA,,1.03,35.12
MT. OLIVES ACADEMY,PRIMARY SCHOOL,PRIVATE,RIFT VALLEY,TRANS NZOIA,KAPLAMAI,CHERANGANY,SITATUNGA,TRANS-NZOIA,,1.03,35.12
NGAKORIYEK ACADEMY PRI,PRIMARY SCHOOL,PRIVATE,RIFT VALLEY,TURKANA,CENTRAL - TURKANA,TURKANA CENTRAL,LODWAR TOWN,TURKANA,,3.1,35.61
AIC NAKULUJA ACADEMY PRI SCH,PRIMARY SCHOOL,PRIVATE,RIFT VALLEY,TURKANA,CENTRAL - TURKANA,TURKANA CENTRAL,LODWAR TOWN,TURKANA,,3.12,35.61
AFRESOMO PRI SCH,PRIMARY SCHOOL,PRIVATE,RIFT VALLEY,TRANS NZOIA,KAPLAMAI,CHERANGANY,SINYERERE,TRANS-NZOIA,,1.11,35.13
CHRENGANY HILLS PRI SCH,PRIMARY SCHOOL,PRIVATE,RIFT VALLEY,TRANS NZOIA,KAPLAMAI,CHERANGANY,SINYERERE,TRANS-NZOIA,,1.09,35.14
MUHIASON ACADEMY PRI SCH,PRIMARY SCHOOL,PRIVATE,RIFT VALLEY,TRANS NZOIA,KAPLAMAI,CHERANGANY,SINYERERE,TRANS-NZOIA,,1.13,35.16
CREST ACADEMY PRI SCH,PRIMARY SCHOOL,PRIVATE,RIFT VALLEY,NAKURU,MOLO,MOLO,MOLO,NAKURU,,-0.26,35.74
MUTIRITHIA PRI SCH,PRIMARY SCHOOL,PRIVATE,RIFT VALLEY,NAKURU,MOLO,MOSOP,MOLO,NAKURU,,-0.24,35.73
NAOMI PRI SCH,PRIMARY SCHOOL,PRIVATE,RIFT VALLEY,NAKURU,MOLO,MOLO,MOLO,NAKURU,,-0.24,35.72
NAZARITE PRI SCH,PRIMARY SCHOOL,PRIVATE,RIFT VALLEY,NAKURU,MOLO,MOLO,MOLO,NAKURU,,-0.24,35.73
SUNSHINE PRI SCH,PRIMARY SCHOOL,PRIVATE,RIFT VALLEY,NAKURU,MOLO,MOLO,MOLO,NAKURU,,-0.24,35.73
3-WAY ACADEMY PRI SCH,PRIMARY SCHOOL,PRIVATE,RIFT VALLEY,NAKURU,MOLO,MOLO,MOLO,NAKURU,,-0.23,35.71
ECHAMI LEARNING CENTER PRI,PRIMARY SCHOOL,PRIVATE,RIFT VALLEY,TURKANA,KAKUMA,TURKANA NORTH,KAKUMA,TURKANA,,3.71,34.87
KAKUMA MUSLIM ACADEMY PRI SCH,PRIMARY SCHOOL,PRIVATE,RIFT VALLEY,TURKANA,KAKUMA,TURKANA NORTH,KAKUMA,TURKANA,,3.71,34.86
MWERISTAR ACADEMY PRI SCH,PRIMARY SCHOOL,PRIVATE,RIFT VALLEY,NAKURU,MOLO,MOLO,MOLO,NAKURU,,-0.24,35.72
NOBOLE PRI SCH,PRIMARY SCHOOL,PRIVATE,RIFT VALLEY,NAKURU,MOLO,MOLO,MOCHONGOI,BARINGO,,-0.22,35.74
CUSH PRI SCH,PRIMARY SCHOOL,PRIVATE,RIFT VALLEY,TURKANA,KAKUMA,TURKANA NORTH,KAKUMA,TURKANA,,3.75,34.84
MALAKAL PRI SCH,PRIMARY SCHOOL,PRIVATE,RIFT VALLEY,TURKANA,KAKUMA,TURKANA NORTH,KAKUMA,TURKANA,,3.75,34.84
KADUGULI PRI SCH,PRIMARY SCHOOL,PRIVATE,RIFT VALLEY,TURKANA,KAKUMA,TURKANA NORTH,KAKUMA,TURKANA,,3.75,34.84
JUBA GIRLS PRI SCH,PRIMARY SCHOOL,PRIVATE,RIFT VALLEY,TURKANA,KAKUMA,TURKANA NORTH,KAKUMA,TURKANA,,3.75,34.83
MILIMANI ELLITE PRI SC,PRIMARY SCHOOL,PRIVATE,RIFT VALLEY,NAKURU,MOLO,MOLO,MOLO,NAKURU,,-0.24,35.73
SOBAT PRI SCH,PRIMARY SCHOOL,PRIVATE,RIFT VALLEY,TURKANA,KAKUMA,TURKANA NORTH,KAKUMA,TURKANA,,3.75,34.83
CHAZON SHOOLS PRI SCH,PRIMARY SCHOOL,PRIVATE,RIFT VALLEY,NAKURU,MOLO,MOLO,MOLO,NAKURU,,-0.24,35.73
IMATONG PRI SCH,PRIMARY SCHOOL,PRIVATE,RIFT VALLEY,TURKANA,KAKUMA,TURKANA NORTH,KAKUMA,TURKANA,,3.75,34.83
RAJA PRI SCH,PRIMARY SCHOOL,PRIVATE,RIFT VALLEY,TURKANA,KAKUMA,TURKANA NORTH,KAKUMA,TURKANA,,3.75,34.84
SHAMBE PRI SCH,PRIMARY SCHOOL,PRIVATE,RIFT VALLEY,TURKANA,KAKUMA,TURKANA NORTH,KAKUMA,TURKANA,,3.75,34.84
TORIT PRI SCH,PRIMARY SCHOOL,PRIVATE,RIFT VALLEY,TURKANA,KAKUMA,TURKANA NORTH,KAKUMA,TURKANA,,3.75,34.84
ROOTS ACADEMY PRI SCH,PRIMARY SCHOOL,PRIVATE,RIFT VALLEY,NAKURU,GILGIL,NAIVASHA,GILGIL,NAKURU,,-0.34,36.17
FUJI ACADEMY PRI,PRIMARY SCHOOL,PRIVATE,RIFT VALLEY,TURKANA,KAKUMA,TURKANA NORTH,KAKUMA,TURKANA,,3.75,34.82
HORSEED PRI SCH,PRIMARY SCHOOL,PRIVATE,RIFT VALLEY,TURKANA,KAKUMA,TURKANA NORTH,KAKUMA,TURKANA,,3.76,34.83
PALOTAKA PRI SCH,PRIMARY SCHOOL,PRIVATE,RIFT VALLEY,TURKANA,KAKUMA,TURKANA NORTH,KAKUMA,TURKANA,,3.77,34.82
ANGELINA JOLIE GIRLS PRI SCH,PRIMARY SCHOOL,PRIVATE,RIFT VALLEY,TURKANA,KAKUMA,TURKANA NORTH,KAKUMA,TURKANA,,3.73,34.83
NGUDENG' PRI SCH,PRIMARY SCHOOL,PRIVATE,RIFT VALLEY,TURKANA,KAKUMA,TURKANA NORTH,KAKUMA,TURKANA,,3.72,34.85
MOGADISHU PRI SCH,PRIMARY SCHOOL,PRIVATE,RIFT VALLEY,TURKANA,KAKUMA,TURKANA NORTH,KAKUMA,TURKANA,,3.72,34.85
MAWAKA JUNIOR PRI SCH,PRIMARY SCHOOL,PRIVATE,RIFT VALLEY,NAKURU,GILGIL,NAIVASHA,GILGIL,NAKURU,,-0.5,36.3
SPRINGS JUNIOR ACADEMY PRI SCH,PRIMARY SCHOOL,PRIVATE,RIFT VALLEY,NAKURU,GILGIL,NAIVASHA,GILGIL,NAKURU,,-0.5,36.31
ST. DANIEL KOMBONI PRI SCH,PRIMARY SCHOOL,PRIVATE,RIFT VALLEY,NAKURU,GILGIL,NAIVASHA,GILGIL,NAKURU,,-0.5,36.32
FASHODA REFUGEE CAMP PRI SCH,PRIMARY SCHOOL,PRIVATE,RIFT VALLEY,TURKANA,KAKUMA,TURKANA NORTH,KAKUMA,TURKANA,,3.73,34.84
RAJAF PRI SCH,PRIMARY SCHOOL,PRIVATE,RIFT VALLEY,TURKANA,KAKUMA,TURKANA NORTH,KAKUMA,TURKANA,,3.73,34.84
BHAR-EL-NAAM GIRLS PRI SCH,PRIMARY SCHOOL,PRIVATE,RIFT VALLEY,TURKANA,KAKUMA,TURKANA NORTH,KAKUMA,TURKANA,,3.73,34.84
JEBEL MARRA PRI SCH,PRIMARY SCHOOL,PRIVATE,RIFT VALLEY,TURKANA,KAKUMA,TURKANA NORTH,KAKUMA,TURKANA,,3.73,34.84
UNITY PRI SCH,PRIMARY SCHOOL,PRIVATE,RIFT VALLEY,TURKANA,KAKUMA,TURKANA NORTH,KAKUMA,TURKANA,,3.73,34.85
AIC CATHEDRAL SCHOOL,PRIMARY SCHOOL,PRIVATE,RIFT VALLEY,NAKURU,GILGIL,NAIVASHA,GILGIL,NAKURU,,-0.51,36.32
GLOBAL SEED ACADEMY PRI,PRIMARY SCHOOL,PRIVATE,RIFT VALLEY,TURKANA,LOKICHOGGIO,TURKANA NORTH,LOKICHOGGIO,TURKANA,,4.21,34.36
LOKI LIGHT ACADEMY,PRIMARY SCHOOL,PRIVATE,RIFT VALLEY,TURKANA,LOKICHOGGIO,TURKANA NORTH,LOKICHOGGIO,TURKANA,,4.21,34.36
THE CHARIOT PRI,PRIMARY SCHOOL,PRIVATE,RIFT VALLEY,UASIN GISHU,MOIBEN,ELDORET EAST,CHEPKEMEL,NANDI,,0.56,35.32
FREDAN ACADEMY PRI SCH,PRIMARY SCHOOL,PRIVATE,RIFT VALLEY,UASIN GISHU,MOIBEN,ELDORET EAST,CHEPKOILEL,NANDI,,0.55,35.31
THE PROMISE ACADEMY PRI SCH,PRIMARY SCHOOL,PRIVATE,RIFT VALLEY,UASIN GISHU,MOIBEN,ELDORET EAST,KIMUMU,NANDI,,0.55,35.31
ELDOROCK ACADEMY PRI,PRIMARY SCHOOL,PRIVATE,RIFT VALLEY,UASIN GISHU,MOIBEN,ELDORET EAST,CHEPKOILEL,NANDI,,0.54,35.3
ELDORET ADVENTIST PRI SCH,PRIMARY SCHOOL,PRIVATE,RIFT VALLEY,UASIN GISHU,SOY,ELDORET NORTH,KIBULGENY,NANDI,,0.53,35.26
OUR LADY OF ASSUMPTION PRI SCH,PRIMARY SCHOOL,PRIVATE,RIFT VALLEY,UASIN GISHU,SOY,ELDORET NORTH,KIBULGENY,NANDI,,0.54,35.26
ELDORET CHILDRENS RESCUE CENTRE PRI,PRIMARY SCHOOL,PRIVATE,RIFT VALLEY,UASIN GISHU,SOY,ELDORET NORTH,KIBULGENY,NANDI,,0.54,35.26
RHEMA ACADEMY PRI,PRIMARY SCHOOL,PRIVATE,RIFT VALLEY,UASIN GISHU,SOY,ELDORET NORTH,KIBULGENY,NANDI,,0.53,35.26
FAITH ACADEMY PRI,PRIMARY SCHOOL,PRIVATE,RIFT VALLEY,UASIN GISHU,SOY,ELDORET NORTH,KIBULGENY,NANDI,,0.54,35.26
ELDO VALLEY BAPTIST PRI SCH,PRIMARY SCHOOL,PRIVATE,RIFT VALLEY,UASIN GISHU,SOY,ELDORET NORTH,KIBULGENY,NANDI,,0.53,35.25
CHEBICHI ACADEMY PRI SCH,PRIMARY SCHOOL,PRIVATE,RIFT VALLEY,UASIN GISHU,SOY,ELDORET NORTH,KIBULGENY,NANDI,,0.56,35.24
JIRE CHILDREN CENTRE PRI,PRIMARY SCHOOL,PRIVATE,RIFT VALLEY,UASIN GISHU,TURBO,ELDORET NORTH,KAPYEMIT,NANDI,,0.54,35.24
HIGHLAND EDUCATION CENTRE PRI SCH,PRIMARY SCHOOL,PRIVATE,RIFT VALLEY,UASIN GISHU,SOY,ELDORET NORTH,KIBULGENY,NANDI,,0.56,35.24
NEEMA JUNIOR PRI SCH,PRIMARY SCHOOL,PRIVATE,RIFT VALLEY,UASIN GISHU,TURBO,ELDORET NORTH,KIBULGENY,NANDI,,0.57,35.23
ST ALEX PRI,PRIMARY SCHOOL,PRIVATE,RIFT VALLEY,UASIN GISHU,TURBO,ELDORET NORTH,KAPYEMIT,NANDI,,0.54,35.23
NGERIA HILL ACADEMY PRI,PRIMARY SCHOOL,PRIVATE,RIFT VALLEY,UASIN GISHU,KESSES,ELDORET SOUTH,MEGUN,NANDI,,0.34,35.28
SOLID ROCK PRI SCH,PRIMARY SCHOOL,PRIVATE,RIFT VALLEY,UASIN GISHU,TURBO,ELDORET NORTH,KAPYEMIT,NANDI,,0.57,35.24
DEMA ACADEMY PRI,PRIMARY SCHOOL,PRIVATE,RIFT VALLEY,UASIN GISHU,TURBO,ELDORET NORTH,KAPYEMIT,NANDI,,0.57,35.22
BABY SHINE PRI,PRIMARY SCHOOL,PRIVATE,RIFT VALLEY,UASIN GISHU,TURBO,ELDORET NORTH,KAPYEMIT,NANDI,,0.57,35.22
MAY JUNIOR PRI SCH,PRIMARY SCHOOL,PRIVATE,RIFT VALLEY,UASIN GISHU,TURBO,ELDORET NORTH,KAPYEMIT,NANDI,,0.58,35.24
OMEGA ACADEMY PRI,PRIMARY SCHOOL,PRIVATE,RIFT VALLEY,UASIN GISHU,TURBO,ELDORET NORTH,KAPYEMIT,NANDI,,0.57,35.23
GUARDIAN ACADEMY PRI,PRIMARY SCHOOL,PRIVATE,RIFT VALLEY,UASIN GISHU,TURBO,ELDORET NORTH,KAPYEMIT,NANDI,,0.57,35.23
KINGONGO B PRI SCH,PRIMARY SCHOOL,PRIVATE,RIFT VALLEY,UASIN GISHU,SOY,ELDORET NORTH,KIBULGENY,NANDI,,0.58,35.25
PILLAR PRI,PRIMARY SCHOOL,PRIVATE,RIFT VALLEY,UASIN GISHU,TURBO,ELDORET NORTH,KAPYEMIT,NANDI,,0.56,35.23
KALLYPET'S PRI SCH,PRIMARY SCHOOL,PRIVATE,RIFT VALLEY,UASIN GISHU,SOY,ELDORET NORTH,KIBULGENY,NANDI,,0.57,35.24
SHOWERS CHILDREN PRI,PRIMARY SCHOOL,PRIVATE,RIFT VALLEY,UASIN GISHU,TURBO,ELDORET NORTH,KAPYEMIT,NANDI,,0.57,35.24
STAR ROCK ACADEMY PRI,PRIMARY SCHOOL,PRIVATE,RIFT VALLEY,UASIN GISHU,TURBO,ELDORET NORTH,KAPYEMIT,NANDI,,0.56,35.24
LUCKSTAR PRI,PRIMARY SCHOOL,PRIVATE,RIFT VALLEY,UASIN GISHU,TURBO,ELDORET NORTH,KAPYEMIT,NANDI,,0.57,35.23
SDA ASURURIET PRI,PRIMARY SCHOOL,PRIVATE,RIFT VALLEY,UASIN GISHU,KESSES,ELDORET SOUTH,TULWET,TRANS NZOIA,,0.28,35.31
SUNRISE ACADEMY PRI,PRIMARY SCHOOL,PRIVATE,RIFT VALLEY,UASIN GISHU,TURBO,ELDORET NORTH,KAPYEMIT,NANDI,,0.57,35.23
IMMACULATE HEART JUNIORATE PRI,PRIMARY SCHOOL,PRIVATE,RIFT VALLEY,UASIN GISHU,AINABKOI,ELDORET EAST,KAPSOYA,TRANS NZOIA,,0.53,35.29
ST MARY - ANNE ACADEMY PRI,PRIMARY SCHOOL,PRIVATE,RIFT VALLEY,NAKURU,GILGIL,NAIVASHA,KIAMBOGO,KIAMBU,,-0.63,36.12
ELDO BARAKA PRI,PRIMARY SCHOOL,PRIVATE,RIFT VALLEY,UASIN GISHU,AINABKOI,ELDORET EAST,KAPSOYA,TRANS NZOIA,,0.52,35.3
SIRIKWA ACADEMY PRI,PRIMARY SCHOOL,PRIVATE,RIFT VALLEY,UASIN GISHU,KAPSARET,ELDORET SOUTH,PIONEER,UASIN GISHU,,0.51,35.28
ALPHA JUNIOR PRI SCH,PRIMARY SCHOOL,PRIVATE,RIFT VALLEY,UASIN GISHU,AINABKOI,ELDORET EAST,KAPSOYA,TRANS NZOIA,,0.52,35.3
ELVIEW PRI,PRIMARY SCHOOL,PRIVATE,RIFT VALLEY,UASIN GISHU,KAPSARET,ELDORET SOUTH,PIONEER,UASIN GISHU,,0.51,35.28
BUSARA PRI,PRIMARY SCHOOL,PRIVATE,RIFT VALLEY,UASIN GISHU,KAPSARET,ELDORET SOUTH,PIONEER,UASIN GISHU,,0.51,35.27
BRIGHT STAR PRI,PRIMARY SCHOOL,PRIVATE,RIFT VALLEY,UASIN GISHU,AINABKOI,ELDORET EAST,KAPSOYA,TRANS NZOIA,,0.52,35.3
RAINBOW PRI,PRIMARY SCHOOL,PRIVATE,RIFT VALLEY,UASIN GISHU,KAPSARET,ELDORET SOUTH,PIONEER,UASIN GISHU,,0.51,35.27
PRECIOUS JEWELS PRI,PRIMARY SCHOOL,PRIVATE,RIFT VALLEY,UASIN GISHU,KAPSARET,ELDORET SOUTH,PIONEER,UASIN GISHU,,0.51,35.27
ST PETER AND PAUL ACADEMY PRI,PRIMARY SCHOOL,PRIVATE,RIFT VALLEY,NAKURU,GILGIL,NAIVASHA,MITI MINGI,UASIN GISHU,,-0.57,36.11
SOS HERMANN GMEINER PRI SCH,PRIMARY SCHOOL,PRIVATE,RIFT VALLEY,UASIN GISHU,AINABKOI,ELDORET EAST,KAPSOYA,TRANS NZOIA,,0.51,35.3
EMMANUEL COMPLEX PRI,PRIMARY SCHOOL,PRIVATE,RIFT VALLEY,UASIN GISHU,KAPSARET,ELDORET SOUTH,PIONEER,UASIN GISHU,,0.51,35.27
ST ANTHONY'S PRI SCH,PRIMARY SCHOOL,PRIVATE,RIFT VALLEY,UASIN GISHU,AINABKOI,ELDORET EAST,KAPSOYA,TRANS NZOIA,,0.51,35.28
POTTERS HOUSE PRI,PRIMARY SCHOOL,PRIVATE,RIFT VALLEY,UASIN GISHU,KAPSARET,ELDORET SOUTH,PIONEER,UASIN GISHU,,0.51,35.27
LIONS PRI SCH,PRIMARY SCHOOL,PRIVATE,RIFT VALLEY,UASIN GISHU,AINABKOI,ELDORET EAST,KAPSOYA,TRANS NZOIA,,0.51,35.29
BIREMO ACADEMY PRI,PRIMARY SCHOOL,PRIVATE,RIFT VALLEY,UASIN GISHU,AINABKOI,ELDORET EAST,KAPTAGAT,UASIN GISHU,,0.48,35.35
TOLOSIO ACADEMY PRI,PRIMARY SCHOOL,PRIVATE,RIFT VALLEY,UASIN GISHU,KESSES,ELDORET SOUTH,OL'LEINGUSE,UASIN GISHU,,0.17,35.41
HILL PRI ELDORET,PRIMARY SCHOOL,PRIVATE,RIFT VALLEY,UASIN GISHU,KAPSARET,ELDORET SOUTH,PIONEER,UASIN GISHU,,0.5,35.27
LITTLE LAMBS PRI SCH,PRIMARY SCHOOL,PRIVATE,RIFT VALLEY,UASIN GISHU,AINABKOI,ELDORET EAST,KAPSOYA,TRANS NZOIA,,0.51,35.29
KAHUNJA ACADEMY PRI SCH,PRIMARY SCHOOL,PRIVATE,RIFT VALLEY,NAKURU,GILGIL,NAIVASHA,KIAMBOGO,KIAMBU,,-0.57,36.13
SHAYONA PRI SCH,PRIMARY SCHOOL,PRIVATE,RIFT VALLEY,UASIN GISHU,KAPSARET,ELDORET SOUTH,PIONEER,UASIN GISHU,,0.51,35.28
USHINDI PAG PRI,PRIMARY SCHOOL,PRIVATE,RIFT VALLEY,UASIN GISHU,KAPSARET,ELDORET SOUTH,PIONEER,UASIN GISHU,,0.49,35.27
TESTIMONY PRI SCH,PRIMARY SCHOOL,PRIVATE,RIFT VALLEY,UASIN GISHU,KAPSARET,ELDORET SOUTH,PIONEER,UASIN GISHU,,0.5,35.28
ST TERESA PRI,PRIMARY SCHOOL,PRIVATE,RIFT VALLEY,UASIN GISHU,KAPSARET,ELDORET SOUTH,PIONEER,UASIN GISHU,,0.49,35.27
ELDORET PREPARATORY PRI SCH,PRIMARY SCHOOL,PRIVATE,RIFT VALLEY,UASIN GISHU,KAPSARET,ELDORET SOUTH,PIONEER,UASIN GISHU,,0.5,35.28
KIBANJA ACADEMY PRI,PRIMARY SCHOOL,PRIVATE,RIFT VALLEY,UASIN GISHU,KESSES,ELDORET SOUTH,OL'LEINGUSE,UASIN GISHU,,0.18,35.39
SHIRLY CHILDREN CARE CENTRE PRI,PRIMARY SCHOOL,PRIVATE,RIFT VALLEY,UASIN GISHU,KAPSARET,ELDORET SOUTH,PIONEER,UASIN GISHU,,0.49,35.27
GREEN VAIL PRI SCH,PRIMARY SCHOOL,PRIVATE,RIFT VALLEY,UASIN GISHU,KESSES,ELDORET SOUTH,KIPCHAMO,NANDI,,0.49,35.29
JOYLAND ACADEMY PRI SCH,PRIMARY SCHOOL,PRIVATE,RIFT VALLEY,NAKURU,GILGIL,NAIVASHA,KIAMBOGO,KIAMBU,,-0.55,36.15
IFC ACADEMY PRI,PRIMARY SCHOOL,PRIVATE,RIFT VALLEY,UASIN GISHU,KAPSARET,ELDORET SOUTH,PIONEER,UASIN GISHU,,0.49,35.27
BLOSSOM PRI SCH,PRIMARY SCHOOL,PRIVATE,RIFT VALLEY,UASIN GISHU,KESSES,ELDORET SOUTH,KIPCHAMO,NANDI,,0.48,35.29
JUBILEE CATHOLIC PRI,PRIMARY SCHOOL,PRIVATE,RIFT VALLEY,UASIN GISHU,KAPSARET,ELDORET SOUTH,PIONEER,UASIN GISHU,,0.48,35.26
OUTSPAN PRI SCH,PRIMARY SCHOOL,PRIVATE,RIFT VALLEY,UASIN GISHU,KESSES,ELDORET SOUTH,KIPCHAMO,NANDI,,0.45,35.31
MOKOCHORET JUNIOR PRI SCH,PRIMARY SCHOOL,PRIVATE,RIFT VALLEY,UASIN GISHU,AINABKOI,ELDORET EAST,AINABKOI,UASIN GISHU,,0.49,35.42
WILLINE GLORY PRI SCH,PRIMARY SCHOOL,PRIVATE,RIFT VALLEY,UASIN GISHU,KESSES,ELDORET SOUTH,KIPCHAMO,NANDI,,0.45,35.3
LIGHT HOUSE BAPTIST PRI,PRIMARY SCHOOL,PRIVATE,RIFT VALLEY,UASIN GISHU,KAPSARET,ELDORET SOUTH,PIONEER,UASIN GISHU,,0.47,35.26
LITTLE JOY PRI SCH,PRIMARY SCHOOL,PRIVATE,RIFT VALLEY,UASIN GISHU,KESSES,ELDORET SOUTH,KIPCHAMO,NANDI,,0.46,35.3
ELDORET ACHIEVER'S PRI,PRIMARY SCHOOL,PRIVATE,RIFT VALLEY,UASIN GISHU,KAPSARET,ELDORET SOUTH,PIONEER,UASIN GISHU,,0.47,35.26
MISSIONARY CONERSTONE PRI,PRIMARY SCHOOL,PRIVATE,RIFT VALLEY,UASIN GISHU,AINABKOI,ELDORET EAST,KAPSOYA,TRANS NZOIA,,0.51,35.32
COMEN ACADEMY PRI,PRIMARY SCHOOL,PRIVATE,RIFT VALLEY,UASIN GISHU,KAPSARET,ELDORET SOUTH,PIONEER,UASIN GISHU,,0.48,35.26
BARAKA JUNIOR PRI,PRIMARY SCHOOL,PRIVATE,RIFT VALLEY,UASIN GISHU,KESSES,ELDORET SOUTH,KESSES,UASIN GISHU,,0.32,35.33
ST JOHN'S KAPSIRWO PRI SCH,PRIMARY SCHOOL,PRIVATE,RIFT VALLEY,UASIN GISHU,AINABKOI,ELDORET EAST,KAPTAGAT,UASIN GISHU,,0.46,35.43
HARVEST VISION PRI,PRIMARY SCHOOL,PRIVATE,RIFT VALLEY,UASIN GISHU,KAPSARET,ELDORET SOUTH,PIONEER,UASIN GISHU,,0.48,35.26
JOYDAY ACADEMY PRI,PRIMARY SCHOOL,PRIVATE,RIFT VALLEY,UASIN GISHU,KESSES,ELDORET SOUTH,KESSES,UASIN GISHU,,0.31,35.33
AIC MALEL PRI,PRIMARY SCHOOL,PRIVATE,RIFT VALLEY,UASIN GISHU,KAPSARET,ELDORET SOUTH,PIONEER,UASIN GISHU,,0.47,35.26
HILLSIDE PREPARATORY PRI,PRIMARY SCHOOL,PRIVATE,RIFT VALLEY,UASIN GISHU,KESSES,ELDORET SOUTH,KESSES,UASIN GISHU,,0.3,35.32
GREEN PARK PRI,PRIMARY SCHOOL,PRIVATE,RIFT VALLEY,UASIN GISHU,KAPSARET,ELDORET SOUTH,PIONEER,UASIN GISHU,,0.47,35.26
ST MARY'S MASABA PRI,PRIMARY SCHOOL,PRIVATE,RIFT VALLEY,UASIN GISHU,KESSES,ELDORET SOUTH,KESSES,UASIN GISHU,,0.24,35.35
EDMA PRI,PRIMARY SCHOOL,PRIVATE,RIFT VALLEY,UASIN GISHU,KAPSARET,ELDORET SOUTH,PIONEER,UASIN GISHU,,0.47,35.25
HIGHLANDS ACADEMY PRI SCH,PRIMARY SCHOOL,PRIVATE,RIFT VALLEY,UASIN GISHU,AINABKOI,ELDORET EAST,KAPSOYA,TRANS NZOIA,,0.52,35.29
PLANET ACADEMY PRI,PRIMARY SCHOOL,PRIVATE,RIFT VALLEY,UASIN GISHU,KAPSARET,ELDORET SOUTH,PIONEER,UASIN GISHU,,0.47,35.25
MARY IMMACULATE PRI SCH,PRIMARY SCHOOL,PRIVATE,RIFT VALLEY,UASIN GISHU,AINABKOI,ELDORET EAST,KAPTAGAT,UASIN GISHU,,0.44,35.46
ROCK MIRROR PRI,PRIMARY SCHOOL,PRIVATE,RIFT VALLEY,UASIN GISHU,KAPSARET,ELDORET SOUTH,PIONEER,UASIN GISHU,,0.48,35.25
AIC CHILDRENS HOME PRI,PRIMARY SCHOOL,PRIVATE,RIFT VALLEY,UASIN GISHU,KESSES,ELDORET SOUTH,TULWET,TRANS NZOIA,,0.28,35.36
ST FRANCIS PRI,PRIMARY SCHOOL,PRIVATE,RIFT VALLEY,UASIN GISHU,KAPSARET,ELDORET SOUTH,PIONEER,UASIN GISHU,,0.48,35.25
TRANSITION PRI,PRIMARY SCHOOL,PRIVATE,RIFT VALLEY,UASIN GISHU,KAPSARET,ELDORET SOUTH,PIONEER,UASIN GISHU,,0.48,35.25
ST TERESA B PRI,PRIMARY SCHOOL,PRIVATE,RIFT VALLEY,UASIN GISHU,KAPSARET,ELDORET SOUTH,PIONEER,UASIN GISHU,,0.48,35.25
EMAUS PRI,PRIMARY SCHOOL,PRIVATE,RIFT VALLEY,UASIN GISHU,KAPSARET,ELDORET SOUTH,PIONEER,UASIN GISHU,,0.48,35.25
KAGONGO VICTORY PRI,PRIMARY SCHOOL,PRIVATE,RIFT VALLEY,UASIN GISHU,KESSES,ELDORET SOUTH,TARAKWA,UASIN GISHU,,0.21,35.41
ROCMA PRI SCH,PRIMARY SCHOOL,PRIVATE,RIFT VALLEY,UASIN GISHU,AINABKOI,ELDORET EAST,PLATEAU,UASIN GISHU,,0.37,35.47
ST GRACE ACADEMY PRI,PRIMARY SCHOOL,PRIVATE,RIFT VALLEY,UASIN GISHU,KAPSARET,ELDORET SOUTH,PIONEER,UASIN GISHU,,0.48,35.26
SUNSHINE PRI,PRIMARY SCHOOL,PRIVATE,RIFT VALLEY,UASIN GISHU,KAPSARET,ELDORET SOUTH,PIONEER,UASIN GISHU,,0.48,35.26
ST JOHN PRI,PRIMARY SCHOOL,PRIVATE,RIFT VALLEY,UASIN GISHU,KAPSARET,ELDORET SOUTH,PIONEER,UASIN GISHU,,0.48,35.26
THE REAL SCHOOL KAPTAGAT PRI SCH,PRIMARY SCHOOL,PRIVATE,RIFT VALLEY,UASIN GISHU,AINABKOI,ELDORET EAST,CHEPKERO,UASIN GISHU,,0.39,35.46
GOOD SHEPHERD PRI,PRIMARY SCHOOL,PRIVATE,RIFT VALLEY,UASIN GISHU,KAPSARET,ELDORET SOUTH,PIONEER,UASIN GISHU,,0.49,35.26
JOY HILL PRI,PRIMARY SCHOOL,PRIVATE,RIFT VALLEY,UASIN GISHU,KAPSARET,ELDORET SOUTH,PIONEER,UASIN GISHU,,0.49,35.26
ST MARY'S CATHOLIC PRI,PRIMARY SCHOOL,PRIVATE,RIFT VALLEY,UASIN GISHU,KESSES,ELDORET SOUTH,TIMBOROA,UASIN GISHU,,0.11,35.5
ELDORET ROHI PRI,PRIMARY SCHOOL,PRIVATE,RIFT VALLEY,UASIN GISHU,KAPSARET,ELDORET SOUTH,PIONEER,UASIN GISHU,,0.49,35.26
MAXIMUM MIRACLE PRI,PRIMARY SCHOOL,PRIVATE,RIFT VALLEY,UASIN GISHU,KAPSARET,ELDORET SOUTH,PIONEER,UASIN GISHU,,0.49,35.26
HOPKINS PRI,PRIMARY SCHOOL,PRIVATE,RIFT VALLEY,UASIN GISHU,KAPSARET,ELDORET SOUTH,PIONEER,UASIN GISHU,,0.49,35.26
ELFEMA ACADEMY PRI,PRIMARY SCHOOL,PRIVATE,RIFT VALLEY,UASIN GISHU,KAPSARET,ELDORET SOUTH,PIONEER,UASIN GISHU,,0.49,35.26
LANGAS BAPTIST PRI,PRIMARY SCHOOL,PRIVATE,RIFT VALLEY,UASIN GISHU,KAPSARET,ELDORET SOUTH,PIONEER,UASIN GISHU,,0.49,35.26
SUGUTA CONSOLATA PRI,PRIMARY SCHOOL,PRIVATE,RIFT VALLEY,SAMBURU,LORROKI,SAMBURU WEST,SUGUTA MARMAR,BARINGO,,0.83,36.69
ACK CALIMO EDUCATION CENTRE PRI SCH,PRIMARY SCHOOL,PRIVATE,RIFT VALLEY,UASIN GISHU,AINABKOI,ELDORET EAST,KAPTAGAT,UASIN GISHU,,0.45,35.43
HILLSIDE KAYANET PRI SCH,PRIMARY SCHOOL,PRIVATE,RIFT VALLEY,UASIN GISHU,AINABKOI,ELDORET EAST,KIPSINENDE,TRANS-NZOIA,,0.44,35.43
TALAI ACADEMY PRI SCH,PRIMARY SCHOOL,PRIVATE,RIFT VALLEY,UASIN GISHU,AINABKOI,ELDORET EAST,KIPSINENDE,TRANS-NZOIA,,0.45,35.41
LEACHILIMO PRI SCH,PRIMARY SCHOOL,PRIVATE,RIFT VALLEY,UASIN GISHU,MOIBEN,ELDORET EAST,TEMBELIO,TRANS-NZOIA,,0.53,35.44
ST MONICA ACADEMY PRI SCH,PRIMARY SCHOOL,PRIVATE,RIFT VALLEY,UASIN GISHU,MOIBEN,ELDORET EAST,KOITOROR,NANDI,,0.54,35.4
ST MAGDALINE ACADEMY PRI SCH,PRIMARY SCHOOL,PRIVATE,RIFT VALLEY,UASIN GISHU,MOIBEN,ELDORET EAST,KOITOROR,NANDI,,0.56,35.38
LIGHT JUNIOR ACADEMY PRI SCH,PRIMARY SCHOOL,PRIVATE,RIFT VALLEY,UASIN GISHU,MOIBEN,ELDORET EAST,MEIBEKI,NANDI,,0.83,35.43
ROYAL KIDS ACA PRI SCH,PRIMARY SCHOOL,PRIVATE,RIFT VALLEY,BOMET,BOMET CENTRAL,BOMET,SINGORWET,NANDI,,-0.7,35.36
BROOK OF ESH'COL ACA PRI SCH,PRIMARY SCHOOL,PRIVATE,RIFT VALLEY,BOMET,BOMET CENTRAL,BOMET,NDAREWETA,NANDI,,-0.7,35.36
ST VINCENT DEPAUL PRI SCH,PRIMARY SCHOOL,PRIVATE,RIFT VALLEY,UASIN GISHU,MOIBEN,ELDORET EAST,MEIBEKI,NANDI,,0.91,35.41
SHINERS EDUCATIONAL CENTRE PRI SCH,PRIMARY SCHOOL,PRIVATE,RIFT VALLEY,UASIN GISHU,MOIBEN,ELDORET EAST,MEIBEKI,NANDI,,0.89,35.38
JUNIOR AMBASSADORS ACA PRI SCH,PRIMARY SCHOOL,PRIVATE,RIFT VALLEY,BOMET,BOMET CENTRAL,BOMET,NDAREWETA,NANDI,,-0.69,35.38
AIC UPENDO PRI SCH,PRIMARY SCHOOL,PRIVATE,RIFT VALLEY,UASIN GISHU,MOIBEN,ELDORET EAST,MEIBEKI,NANDI,,0.89,35.36
ST PETER'S MOGOIYWET PRI SCH,PRIMARY SCHOOL,PRIVATE,RIFT VALLEY,UASIN GISHU,MOIBEN,ELDORET EAST,MEIBEKI,NANDI,,0.88,35.36
THE SOLID ROCK PRI SCH,PRIMARY SCHOOL,PRIVATE,RIFT VALLEY,UASIN GISHU,MOIBEN,ELDORET EAST,MOIBEN,UASIN GISHU,,0.84,35.38
THE CONQUERORS PRI SCH,PRIMARY SCHOOL,PRIVATE,RIFT VALLEY,UASIN GISHU,MOIBEN,ELDORET EAST,MOIBEN,UASIN GISHU,,0.84,35.41
AIC MOIBEN PREPARATORY PRI SCH,PRIMARY SCHOOL,PRIVATE,RIFT VALLEY,UASIN GISHU,MOIBEN,ELDORET EAST,MOIBEN,UASIN GISHU,,0.82,35.39
EMKWEN BOR ACADEMY PRI SCH,PRIMARY SCHOOL,PRIVATE,RIFT VALLEY,BOMET,BOMET CENTRAL,BOMET,NDAREWETA,NANDI,,-0.65,35.35
OUR LADY OF FATIMA PRI SCH,PRIMARY SCHOOL,PRIVATE,RIFT VALLEY,UASIN GISHU,MOIBEN,ELDORET EAST,MOIBEN,UASIN GISHU,,0.83,35.38
PARK ACADEMY PRI SCH,PRIMARY SCHOOL,PRIVATE,RIFT VALLEY,UASIN GISHU,MOIBEN,ELDORET EAST,MOIBEN,UASIN GISHU,,0.8,35.41
KIPKOI JUNIOR ACA. PRI SCH,PRIMARY SCHOOL,PRIVATE,RIFT VALLEY,BOMET,BOMET CENTRAL,BOMET,SINGORWET,NANDI,,-0.72,35.33
ST.JOHN'S ACA.BALEK PRI SCH,PRIMARY SCHOOL,PRIVATE,RIFT VALLEY,BOMET,BOMET CENTRAL,BOMET,SINGORWET,NANDI,,-0.72,35.31
MULWO ACA. PRI SCH,PRIMARY SCHOOL,PRIVATE,RIFT VALLEY,BOMET,BOMET CENTRAL,BOMET,SINGORWET,NANDI,,-0.73,35.3
SAMOEI EDUCATIONAL CENTRE PRI,PRIMARY SCHOOL,PRIVATE,RIFT VALLEY,UASIN GISHU,MOIBEN,ELDORET EAST,SERGOIT,UASIN GISHU,,0.69,35.39
WILKO ACA. PRI SCH,PRIMARY SCHOOL,PRIVATE,RIFT VALLEY,BOMET,BOMET CENTRAL,BOMET,SINGORWET,NANDI,,-0.73,35.3
BISHOP MUGE PRI SCH,PRIMARY SCHOOL,PRIVATE,RIFT VALLEY,UASIN GISHU,MOIBEN,ELDORET EAST,SERGOIT,UASIN GISHU,,0.62,35.36
BALEK CHRISTIAN PRY SCH,PRIMARY SCHOOL,PRIVATE,RIFT VALLEY,BOMET,BOMET CENTRAL,BOMET,SINGORWET,NANDI,,-0.71,35.3
NEW VISION PRI,PRIMARY SCHOOL,PRIVATE,RIFT VALLEY,UASIN GISHU,MOIBEN,ELDORET EAST,SERGOIT,UASIN GISHU,,0.65,35.34
ST PATRICK'S CATHOLIC PRI,PRIMARY SCHOOL,PRIVATE,RIFT VALLEY,UASIN GISHU,AINABKOI,ELDORET EAST,OLARE,NAROK,,0.22,35.43
KAMINJEIWET CHRISTIAN PRI SCH,PRIMARY SCHOOL,PRIVATE,RIFT VALLEY,BOMET,BOMET CENTRAL,BOMET,SINGORWET,NANDI,,-0.72,35.33
ARISE AND SHINE CHEPSAITA PRI,PRIMARY SCHOOL,PRIVATE,RIFT VALLEY,UASIN GISHU,TURBO,ELDORET NORTH,NGENYILEL,UASIN GISHU,,0.57,34.9
KUINET JUNIOR PRI SCH,PRIMARY SCHOOL,PRIVATE,RIFT VALLEY,UASIN GISHU,SOY,ELDORET NORTH,KIPLOMBE,BOMET,,0.61,35.31
KAPSURUM ACADEMY PRI,PRIMARY SCHOOL,PRIVATE,RIFT VALLEY,UASIN GISHU,AINABKOI,ELDORET EAST,OLARE,NAROK,,0.23,35.47
SHEPHERD'S  ACADEMY PRI,PRIMARY SCHOOL,PRIVATE,RIFT VALLEY,UASIN GISHU,SOY,ELDORET NORTH,SEGERA,SAMBURU,,0.89,35.24
MASHUA ACADEMY PRI SCH,PRIMARY SCHOOL,PRIVATE,RIFT VALLEY,UASIN GISHU,SOY,ELDORET NORTH,KIPLOMBE,BOMET,,0.62,35.31
KIPLOKYI COMPLEX ACADEMY PRI SCH,PRIMARY SCHOOL,PRIVATE,RIFT VALLEY,BOMET,BOMET CENTRAL,BOMET,SIBAIYAN,UASIN GISHU,,-0.67,35.32
ST MARKS PROGRESSIVE PRI,PRIMARY SCHOOL,PRIVATE,RIFT VALLEY,UASIN GISHU,TURBO,ELDORET NORTH,NGENYILEL,UASIN GISHU,,0.59,34.97
ROYAL KING ACADEMY PRI SCH,PRIMARY SCHOOL,PRIVATE,RIFT VALLEY,BOMET,BOMET CENTRAL,BOMET,SIBAIYAN,UASIN GISHU,,-0.67,35.31
METKEI ACADEMY PRI,PRIMARY SCHOOL,PRIVATE,RIFT VALLEY,UASIN GISHU,AINABKOI,ELDORET EAST,OLARE,NAROK,,0.2,35.47
BIDII PREPARATORY PRI,PRIMARY SCHOOL,PRIVATE,RIFT VALLEY,UASIN GISHU,SOY,ELDORET NORTH,SEGERO,UASIN GISHU,,0.92,35.25
HIGH RISE ACADEMY PRI,PRIMARY SCHOOL,PRIVATE,RIFT VALLEY,UASIN GISHU,TURBO,ELDORET NORTH,NGENYILEL,UASIN GISHU,,0.56,34.99
ALIMA TAUSI PRI SCH,PRIMARY SCHOOL,PRIVATE,RIFT VALLEY,BOMET,BOMET CENTRAL,BOMET,SIBAIYAN,UASIN GISHU,,-0.67,35.32
MT OLIVE PRI,PRIMARY SCHOOL,PRIVATE,RIFT VALLEY,UASIN GISHU,AINABKOI,ELDORET EAST,OLARE,NAROK,,0.21,35.49
BANIS ACADEMY PRI SCH,PRIMARY SCHOOL,PRIVATE,RIFT VALLEY,UASIN GISHU,SOY,ELDORET NORTH,KIPLOMBE,BOMET,,0.64,35.31
KAPKOROS JUNIOR ACADEMY PRI SCH,PRIMARY SCHOOL,PRIVATE,RIFT VALLEY,BOMET,BOMET CENTRAL,BOMET,SIBAIYAN,UASIN GISHU,,-0.67,35.31
FADHILI ACADEMY PRI SCH,PRIMARY SCHOOL,PRIVATE,RIFT VALLEY,UASIN GISHU,SOY,ELDORET NORTH,KIPLOMBE,BOMET,,0.59,35.3
PIONEER ELITE PRI,PRIMARY SCHOOL,PRIVATE,RIFT VALLEY,UASIN GISHU,AINABKOI,ELDORET EAST,AINABKOI,UASIN GISHU,,0.17,35.53
CHORONOK GREENFIELDS ACADEMY PRI SCH,PRIMARY SCHOOL,PRIVATE,RIFT VALLEY,BOMET,BOMET CENTRAL,BOMET,SIBAIYAN,UASIN GISHU,,-0.68,35.32
VISIONARY ACADEMY PRI SCH,PRIMARY SCHOOL,PRIVATE,RIFT VALLEY,UASIN GISHU,SOY,ELDORET NORTH,SOY,UASIN GISHU,,0.69,35.17
KIPKAREN PREPARATORY PRI,PRIMARY SCHOOL,PRIVATE,RIFT VALLEY,UASIN GISHU,TURBO,ELDORET NORTH,NGENYILEL,UASIN GISHU,,0.6,34.96
MOUNTAIN ACADEMY PRI,PRIMARY SCHOOL,PRIVATE,RIFT VALLEY,UASIN GISHU,SOY,ELDORET NORTH,SOY,UASIN GISHU,,0.68,35.21
KAPKISIARA RESOURCE CENTRE ACADEMY PRI SCH,PRIMARY SCHOOL,PRIVATE,RIFT VALLEY,BOMET,BOMET CENTRAL,BOMET,SIBAIYAN,UASIN GISHU,,-0.67,35.28
HEKIMA ACADEMY PRI SCH,PRIMARY SCHOOL,PRIVATE,RIFT VALLEY,UASIN GISHU,SOY,ELDORET NORTH,SOY,UASIN GISHU,,0.7,35.22
BROOK OF FAITH PRI,PRIMARY SCHOOL,PRIVATE,RIFT VALLEY,UASIN GISHU,TURBO,ELDORET NORTH,NGENYILEL,UASIN GISHU,,0.6,35
OASIS ACADEMY PRI,PRIMARY SCHOOL,PRIVATE,RIFT VALLEY,UASIN GISHU,TURBO,ELDORET NORTH,NGENYILEL,UASIN GISHU,,0.59,34.99
QUEEN OF ANGELS PRI,PRIMARY SCHOOL,PRIVATE,RIFT VALLEY,UASIN GISHU,TURBO,ELDORET NORTH,TAPSAGOI,UASIN GISHU,,0.63,35.05
ARISE AND SHINE ACADEMY (SIRIKWA) PRI,PRIMARY SCHOOL,PRIVATE,RIFT VALLEY,UASIN GISHU,SOY,ELDORET NORTH,SIRIKWA,UASIN GISHU,,0.84,35.26
NEBET ACADEMY PRI,PRIMARY SCHOOL,PRIVATE,RIFT VALLEY,UASIN GISHU,TURBO,ELDORET NORTH,KAPTEBEI,UASIN GISHU,,0.62,35.05
KAPKAWA ACADEMY PRI SCH,PRIMARY SCHOOL,PRIVATE,RIFT VALLEY,UASIN GISHU,SOY,ELDORET NORTH,SOY,UASIN GISHU,,0.69,35.19
SOY PROGRESSIVE ACADEMY PRI SCH,PRIMARY SCHOOL,PRIVATE,RIFT VALLEY,UASIN GISHU,SOY,ELDORET NORTH,SOY,UASIN GISHU,,0.68,35.19
PCEA SOY TOWNSHIP ACADEMY PRI SCH,PRIMARY SCHOOL,PRIVATE,RIFT VALLEY,UASIN GISHU,SOY,ELDORET NORTH,SOY,UASIN GISHU,,0.67,35.15
SAROPHINA ACADEMY PRI,PRIMARY SCHOOL,PRIVATE,RIFT VALLEY,UASIN GISHU,SOY,ELDORET NORTH,SOY,UASIN GISHU,,0.68,35.16
SUNRISE ACADEMY PRI,PRIMARY SCHOOL,PRIVATE,RIFT VALLEY,UASIN GISHU,TURBO,ELDORET NORTH,TAPSAGOI,UASIN GISHU,,0.6,35.02
SOY PRECIOUS HOPE ACADEMY PRI SCH,PRIMARY SCHOOL,PRIVATE,RIFT VALLEY,UASIN GISHU,SOY,ELDORET NORTH,SOY,UASIN GISHU,,0.69,35.16
ST LENVINE ACADEMY PRI,PRIMARY SCHOOL,PRIVATE,RIFT VALLEY,UASIN GISHU,SOY,ELDORET NORTH,SOY,UASIN GISHU,,0.69,35.15
MORISSO EDUCATION CENTRE PRI,PRIMARY SCHOOL,PRIVATE,RIFT VALLEY,UASIN GISHU,TURBO,ELDORET NORTH,KAPTEBEE,UASIN GISHU,,0.58,35.06
ST LUCY EDUCATION CENTRE PRI,PRIMARY SCHOOL,PRIVATE,RIFT VALLEY,UASIN GISHU,SOY,ELDORET NORTH,SOY,UASIN GISHU,,0.71,35.16
PRIME ACADEMY PRI,PRIMARY SCHOOL,PRIVATE,RIFT VALLEY,UASIN GISHU,TURBO,ELDORET NORTH,KAPTEBEE,UASIN GISHU,,0.57,35.07
LITTLE ANGELS PRI,PRIMARY SCHOOL,PRIVATE,RIFT VALLEY,UASIN GISHU,SOY,ELDORET NORTH,BARSOMBE,UASIN GISHU,,0.88,35.32
HOLY CROSS JUNIOR ACADEMY PRI,PRIMARY SCHOOL,PRIVATE,RIFT VALLEY,UASIN GISHU,SOY,ELDORET NORTH,BARSOMBE,UASIN GISHU,,0.88,35.32
VICTORY ACADEMY PRI,PRIMARY SCHOOL,PRIVATE,RIFT VALLEY,UASIN GISHU,TURBO,ELDORET NORTH,KAPTEBEE,UASIN GISHU,,0.55,35.08
KAMULAT PREPARATORY PRI,PRIMARY SCHOOL,PRIVATE,RIFT VALLEY,UASIN GISHU,TURBO,ELDORET NORTH,KAPTEBEE,UASIN GISHU,,0.57,35.08
AIC SITIYOT ACADEMY PRI,PRIMARY SCHOOL,PRIVATE,RIFT VALLEY,UASIN GISHU,SOY,ELDORET NORTH,BARSOMBE,UASIN GISHU,,0.9,35.32
PCEA MUNSINGEN PRI,PRIMARY SCHOOL,PRIVATE,RIFT VALLEY,UASIN GISHU,TURBO,ELDORET NORTH,SUGOI,UASIN GISHU,,0.59,35.09
ST PETER'S JUNIOR ACADEMY BARSOMBE  PRI,PRIMARY SCHOOL,PRIVATE,RIFT VALLEY,UASIN GISHU,SOY,ELDORET NORTH,BARSOMBE,UASIN GISHU,,0.92,35.35
EDWARD JUNIOR PRI,PRIMARY SCHOOL,PRIVATE,RIFT VALLEY,UASIN GISHU,SOY,ELDORET NORTH,KIPSOMBA,UASIN GISHU,,0.81,35.17
PCEA ACADEMY LANGAS PRI,PRIMARY SCHOOL,PRIVATE,RIFT VALLEY,UASIN GISHU,KAPSARET,ELDORET SOUTH,LANGAS,UASIN GISHU,,0.48,35.25
AIC CHEPLELAIBEI PREPARATORY PRI,PRIMARY SCHOOL,PRIVATE,RIFT VALLEY,UASIN GISHU,SOY,ELDORET NORTH,KIPSOMBA,UASIN GISHU,,0.82,35.21
BIG SIX ACADEMY PRI,PRIMARY SCHOOL,PRIVATE,RIFT VALLEY,UASIN GISHU,SOY,ELDORET NORTH,SOY,UASIN GISHU,,0.67,35.16
ATLAS ACADEMY PRI,PRIMARY SCHOOL,PRIVATE,RIFT VALLEY,UASIN GISHU,TURBO,ELDORET NORTH,SUGOI,UASIN GISHU,,0.62,35.08
CHEPLELAIBEI SDA ACADEMY PRI,PRIMARY SCHOOL,PRIVATE,RIFT VALLEY,UASIN GISHU,SOY,ELDORET NORTH,KIPSOMBA,UASIN GISHU,,0.81,35.21
SUPAS ELITE PRI,PRIMARY SCHOOL,PRIVATE,RIFT VALLEY,UASIN GISHU,TURBO,ELDORET NORTH,SUGOI,UASIN GISHU,,0.62,35.09
CHEES ACADEMY PRI,PRIMARY SCHOOL,PRIVATE,RIFT VALLEY,UASIN GISHU,TURBO,ELDORET NORTH,KAMAGUT,UASIN GISHU,,0.6,35.14
DAROSS OXFORD PRI,PRIMARY SCHOOL,PRIVATE,RIFT VALLEY,UASIN GISHU,TURBO,ELDORET NORTH,KAMAGUT,UASIN GISHU,,0.61,35.15
SILGICH HILL ACADEMY PRI,PRIMARY SCHOOL,PRIVATE,RIFT VALLEY,UASIN GISHU,SOY,ELDORET NORTH,KIPSOMBA,UASIN GISHU,,0.78,35.18
ST JACOB'S EDUCATION CENTRE PRI,PRIMARY SCHOOL,PRIVATE,RIFT VALLEY,UASIN GISHU,TURBO,ELDORET NORTH,KAMAGUT,UASIN GISHU,,0.59,35.18
ST MARY'S MIXED DAY PRI SCH,PRIMARY SCHOOL,PRIVATE,RIFT VALLEY,BOMET,BOMET CENTRAL,BOMET,TOWNSHIP,TRANS NZOIA,,-0.78,35.33
ST MARY'S GIRLS BOARDING PRI SCH,PRIMARY SCHOOL,PRIVATE,RIFT VALLEY,BOMET,BOMET CENTRAL,BOMET,TOWNSHIP,TRANS NZOIA,,-0.78,35.33
BOMET ACADEMY PRY SCH,PRIMARY SCHOOL,PRIVATE,RIFT VALLEY,BOMET,BOMET CENTRAL,CHEPALUNGU,TOWNSHIP,TRANS NZOIA,,-0.79,35.33
ILYO ACADEMY PRY SCH,PRIMARY SCHOOL,PRIVATE,RIFT VALLEY,BOMET,BOMET CENTRAL,CHEPALUNGU,TOWNSHIP,TRANS NZOIA,,-0.79,35.34
ELGON HILLS ACADEMY PRI,PRIMARY SCHOOL,PRIVATE,RIFT VALLEY,UASIN GISHU,TURBO,ELDORET NORTH,KAMAGUT,UASIN GISHU,,0.6,35.16
USHINDI ACADEMY PRI,PRIMARY SCHOOL,PRIVATE,RIFT VALLEY,UASIN GISHU,TURBO,ELDORET NORTH,KAMAGUT,UASIN GISHU,,0.6,35.14
CAMP DAVID ACADEMY PRI,PRIMARY SCHOOL,PRIVATE,RIFT VALLEY,UASIN GISHU,SOY,ELDORET NORTH,SOY,UASIN GISHU,,0.75,35.24
NELKON EDUCATION CENTRE PRI,PRIMARY SCHOOL,PRIVATE,RIFT VALLEY,UASIN GISHU,SOY,ELDORET NORTH,SOY,UASIN GISHU,,0.74,35.25
BOMET UNITY PRY,PRIMARY SCHOOL,PRIVATE,RIFT VALLEY,BOMET,BOMET CENTRAL,CHEPALUNGU,TOWNSHIP,TRANS NZOIA,,-0.78,35.34
TAMASON ACADEMY PRY SCH,PRIMARY SCHOOL,PRIVATE,RIFT VALLEY,BOMET,BOMET CENTRAL,BOMET,TOWNSHIP,TRANS NZOIA,,-0.78,35.35
CHELEMEI EDUCATION CENTRE PRI,PRIMARY SCHOOL,PRIVATE,RIFT VALLEY,UASIN GISHU,SOY,ELDORET NORTH,KIPSOMBA,UASIN GISHU,,0.78,35.28
EMMANUEL SPECIAL UNIT,PRIMARY SCHOOL,PRIVATE,RIFT VALLEY,BOMET,BOMET CENTRAL,BOMET,TOWNSHIP,TRANS NZOIA,,-0.78,35.35
KIMOSOP ACADEMY PRI,PRIMARY SCHOOL,PRIVATE,RIFT VALLEY,UASIN GISHU,SOY,ELDORET NORTH,SOY,UASIN GISHU,,0.78,35.25
CHEPTABACH ACADEMY PRI,PRIMARY SCHOOL,PRIVATE,RIFT VALLEY,UASIN GISHU,TURBO,ELDORET NORTH,SOSIAN,LAIKIPIA,,0.58,35.11
LONGISA ACADEMY PRY SCH,PRIMARY SCHOOL,PRIVATE,RIFT VALLEY,BOMET,LONGISA,BOMET,CHEBOIN,BOMET,,-0.85,35.39
JOYLAND PRI SCH,PRIMARY SCHOOL,PRIVATE,RIFT VALLEY,UASIN GISHU,TURBO,ELDORET NORTH,KAMAGUT,UASIN GISHU,,0.61,35.15
SUNSHINE ACADEMY PRI SCH,PRIMARY SCHOOL,PRIVATE,RIFT VALLEY,BOMET,BOMET CENTRAL,BOMET,SIBAIYAN,UASIN GISHU,,-0.68,35.28
WAUNIFOR CENTRAL PRI,PRIMARY SCHOOL,PRIVATE,RIFT VALLEY,UASIN GISHU,AINABKOI,ELDORET EAST,KIPKABUS,UASIN GISHU,,0.33,35.46
RERIKO ACADEMY PRI SCH,PRIMARY SCHOOL,PRIVATE,RIFT VALLEY,BOMET,BOMET CENTRAL,BOMET,CHESOEN,UASIN GISHU,,-0.7,35.26
EMMANUEL MISSION PRI SCH,PRIMARY SCHOOL,PRIVATE,RIFT VALLEY,BOMET,BOMET CENTRAL,BOMET,CHESOEN,UASIN GISHU,,-0.74,35.25
TOP HILL ACADEMY PRI,PRIMARY SCHOOL,PRIVATE,RIFT VALLEY,UASIN GISHU,AINABKOI,ELDORET EAST,PLATEAU,UASIN GISHU,,0.35,35.44
CHEUCH ACADEMY PRI SCH,PRIMARY SCHOOL,PRIVATE,RIFT VALLEY,BOMET,BOMET CENTRAL,BOMET,CHESOEN,UASIN GISHU,,-0.7,35.28
DAVSTAR ACADEMY PRI SCH,PRIMARY SCHOOL,PRIVATE,RIFT VALLEY,BOMET,SOTIK,SOTIK,MUTARAKWA,NYANDARUA,,-0.77,35.27
DAY STAR ACADEMY PRI,PRIMARY SCHOOL,PRIVATE,RIFT VALLEY,UASIN GISHU,MOIBEN,ELDORET EAST,KIMONING,UASIN GISHU,,0.55,35.33
GETHSEMAN CHRISTIAN PRI SCH,PRIMARY SCHOOL,PRIVATE,RIFT VALLEY,UASIN GISHU,MOIBEN,ELDORET EAST,KOITOROR,NANDI,,0.56,35.33
MOSOP MISSION PRI SCH,PRIMARY SCHOOL,PRIVATE,RIFT VALLEY,BOMET,SOTIK,SOTIK,KIPTULWA,NANDI,,-0.74,35.21
BRIGHT STAR ACADEMY PRI SCH,PRIMARY SCHOOL,PRIVATE,RIFT VALLEY,UASIN GISHU,MOIBEN,ELDORET EAST,SERGOIT,UASIN GISHU,,0.57,35.34
NGERIA WEST ACADEMY PRI,PRIMARY SCHOOL,PRIVATE,RIFT VALLEY,UASIN GISHU,KESSES,ELDORET SOUTH,CHEPTIRET,UASIN GISHU,,0.4,35.32
MUTARAKWA HIGHWAY ACADEMY PRI SCH,PRIMARY SCHOOL,PRIVATE,RIFT VALLEY,BOMET,SOTIK,SOTIK,MUTARAKWA,NYANDARUA,,-0.76,35.24
DIAMOND ACADEMY PRI,PRIMARY SCHOOL,PRIVATE,RIFT VALLEY,UASIN GISHU,KESSES,ELDORET SOUTH,CHEPTIRET,UASIN GISHU,,0.4,35.32
DAYTON ACADEMY PRI,PRIMARY SCHOOL,PRIVATE,RIFT VALLEY,UASIN GISHU,KESSES,ELDORET SOUTH,CHEPTIRET,UASIN GISHU,,0.42,35.31
SUNVIEW ACADEMY PRI SCH,PRIMARY SCHOOL,PRIVATE,RIFT VALLEY,UASIN GISHU,MOIBEN,ELDORET EAST,SERGOIT,UASIN GISHU,,0.58,35.34
ROCK MIRROR ACADEMY PRI,PRIMARY SCHOOL,PRIVATE,RIFT VALLEY,UASIN GISHU,KESSES,ELDORET SOUTH,CHEPTIRET,UASIN GISHU,,0.45,35.32
KAPKURES SACHANGWAN ACA. PRI SCH,PRIMARY SCHOOL,PRIVATE,RIFT VALLEY,BOMET,SOTIK,SOTIK,KIPTULWA,NANDI,,-0.75,35.13
KAAA ACADEMY OF HOPE PRI SCH,PRIMARY SCHOOL,PRIVATE,RIFT VALLEY,UASIN GISHU,KESSES,ELDORET SOUTH,KIPCHAMO,NANDI,,0.44,35.36
KING OFKINGS PRI SCH,PRIMARY SCHOOL,PRIVATE,RIFT VALLEY,BOMET,SOTIK,SOTIK,KIPTULWA,NANDI,,-0.77,35.15
KOIBEY LELDAET ACADEMY PRI SCH,PRIMARY SCHOOL,PRIVATE,RIFT VALLEY,BOMET,SOTIK,SOTIK,MUTARAKWA,NYANDARUA,,-0.73,35.28
QUEEN OF ANGELS PRI SCH,PRIMARY SCHOOL,PRIVATE,RIFT VALLEY,UASIN GISHU,MOIBEN,ELDORET EAST,CHEPKOILEL,NANDI,,0.53,35.28
PRESBYTERIAN ABUNDANT HOPE PRI SCH,PRIMARY SCHOOL,PRIVATE,RIFT VALLEY,UASIN GISHU,SOY,ELDORET EAST,KIBULGENY,NANDI,,0.53,35.28
ELDORET RALPHA EDUCATION CENTRE PRI,PRIMARY SCHOOL,PRIVATE,RIFT VALLEY,UASIN GISHU,SOY,ELDORET EAST,KIBULGENY,NANDI,,0.53,35.28
EBENEZER ACADEMY PRI,PRIMARY SCHOOL,PRIVATE,RIFT VALLEY,UASIN GISHU,KESSES,ELDORET SOUTH,KESSES,UASIN GISHU,,0.3,35.33
JERUSALEM PRI,PRIMARY SCHOOL,PRIVATE,RIFT VALLEY,UASIN GISHU,MOIBEN,ELDORET EAST,CHEPKOILEL,NANDI,,0.54,35.29
THE EAGLE PRI,PRIMARY SCHOOL,PRIVATE,RIFT VALLEY,UASIN GISHU,MOIBEN,ELDORET EAST,CHEPKOILEL,NANDI,,0.55,35.3
SOLACE ACADEMY PRI,PRIMARY SCHOOL,PRIVATE,RIFT VALLEY,UASIN GISHU,KESSES,ELDORET SOUTH,KESSES,UASIN GISHU,,0.29,35.29
JACKSON MAIYO PRI SCH,PRIMARY SCHOOL,PRIVATE,RIFT VALLEY,UASIN GISHU,MOIBEN,ELDORET EAST,CHEPKOILEL,NANDI,,0.57,35.28
KAPLES PRI SCH,PRIMARY SCHOOL,PRIVATE,RIFT VALLEY,UASIN GISHU,KESSES,ELDORET SOUTH,KESSES,UASIN GISHU,,0.28,35.28
JIRETH MOUNT PRI,PRIMARY SCHOOL,PRIVATE,RIFT VALLEY,UASIN GISHU,MOIBEN,ELDORET EAST,CHEPKOILEL,NANDI,,0.56,35.3
DESTINY CHILD CENTRE PRI,PRIMARY SCHOOL,PRIVATE,RIFT VALLEY,UASIN GISHU,MOIBEN,ELDORET EAST,CHEPKOILEL,NANDI,,0.56,35.3
HIGHLANDS PLATEAU PRI,PRIMARY SCHOOL,PRIVATE,RIFT VALLEY,UASIN GISHU,MOIBEN,ELDORET EAST,CHEPKOILEL,NANDI,,0.56,35.31
LARY ACADEMY PRI SCH,PRIMARY SCHOOL,PRIVATE,RIFT VALLEY,UASIN GISHU,MOIBEN,ELDORET EAST,CHEPKOILEL,NANDI,,0.57,35.29
ST CATHERINE PRI KIMUMU SCH,PRIMARY SCHOOL,PRIVATE,RIFT VALLEY,UASIN GISHU,MOIBEN,ELDORET EAST,KIMUMU,NANDI,,0.56,35.31
BETHAMY ACADEMY PRI,PRIMARY SCHOOL,PRIVATE,RIFT VALLEY,UASIN GISHU,KESSES,ELDORET SOUTH,MEGUN,NANDI,,0.32,35.26
EXCEL ACADEMY PRI SCH,PRIMARY SCHOOL,PRIVATE,RIFT VALLEY,UASIN GISHU,MOIBEN,ELDORET EAST,KIMUMU,NANDI,,0.55,35.32
HAPPY TIMES PRI SCH,PRIMARY SCHOOL,PRIVATE,RIFT VALLEY,UASIN GISHU,MOIBEN,ELDORET EAST,KIMUMU,NANDI,,0.56,35.32
CHEBAROS PRI,PRIMARY SCHOOL,PRIVATE,RIFT VALLEY,UASIN GISHU,MOIBEN,ELDORET EAST,KIMUMU,NANDI,,0.54,35.32
SAMRO PRI,PRIMARY SCHOOL,PRIVATE,RIFT VALLEY,UASIN GISHU,MOIBEN,ELDORET EAST,KIMUMU,NANDI,,0.54,35.33
HAPPY DAYS PRI,PRIMARY SCHOOL,PRIVATE,RIFT VALLEY,BOMET,LONGISA,BOMET,CHEBOIN,BOMET,,-0.84,35.37
KAPLAMAI ACADEMY PRI SCH,PRIMARY SCHOOL,PRIVATE,RIFT VALLEY,UASIN GISHU,TURBO,ELDORET NORTH,KAMAGUT,UASIN GISHU,,0.61,35.15
ST CECILIA JUNIOR PRI SCH,PRIMARY SCHOOL,PRIVATE,RIFT VALLEY,UASIN GISHU,TURBO,ELDORET NORTH,KAMAGUT,UASIN GISHU,,0.6,35.15
KIPCHOI JUNIOR PRI,PRIMARY SCHOOL,PRIVATE,RIFT VALLEY,UASIN GISHU,SOY,ELDORET NORTH,MOI'S BRIDGE,UASIN GISHU,,0.84,35.17
SUCCESS ACADEMY PRI,PRIMARY SCHOOL,PRIVATE,RIFT VALLEY,UASIN GISHU,SOY,ELDORET NORTH,MOI'S BRIDGE,UASIN GISHU,,0.84,35.15
SIMBIOS KAIBEIYO PRI SCH,PRIMARY SCHOOL,PRIVATE,RIFT VALLEY,UASIN GISHU,TURBO,ELDORET NORTH,SOSIAN,LAIKIPIA,,0.59,35.15
ST JOSEPH'S ACADEMY PRI,PRIMARY SCHOOL,PRIVATE,RIFT VALLEY,UASIN GISHU,SOY,ELDORET NORTH,MOI'S BRIDGE,UASIN GISHU,,0.84,35.15
BABY JOY PRI,PRIMARY SCHOOL,PRIVATE,RIFT VALLEY,UASIN GISHU,SOY,ELDORET NORTH,MOI'S BRIDGE,UASIN GISHU,,0.84,35.14
SILIBWET TOWNSHIP ACA PRI SCH,PRIMARY SCHOOL,PRIVATE,RIFT VALLEY,BOMET,BOMET CENTRAL,BOMET,TOWNSHIP,TRANS NZOIA,,-0.73,35.35
ST PETER'S ACADEMY PRI SCH,PRIMARY SCHOOL,PRIVATE,RIFT VALLEY,UASIN GISHU,TURBO,ELDORET NORTH,SOSIAN,LAIKIPIA,,0.55,35.14
CHELSA ACA PRI SCH,PRIMARY SCHOOL,PRIVATE,RIFT VALLEY,BOMET,BOMET CENTRAL,BOMET,TOWNSHIP,TRANS NZOIA,,-0.77,35.34
SIVER BELLS ACADEMY PRI,PRIMARY SCHOOL,PRIVATE,RIFT VALLEY,UASIN GISHU,SOY,ELDORET NORTH,MOI'S BRIDGE,UASIN GISHU,,0.82,35.12
GREEN GARDEN PRI SCH,PRIMARY SCHOOL,PRIVATE,RIFT VALLEY,UASIN GISHU,TURBO,ELDORET NORTH,KAMAGUT,UASIN GISHU,,0.64,35.14
SUNRISE ACADEMY KAMAGUT PRI SCH,PRIMARY SCHOOL,PRIVATE,RIFT VALLEY,UASIN GISHU,TURBO,ELDORET NORTH,KAMAGUT,UASIN GISHU,,0.65,35.16
SOY ACADEMY PRI SCH,PRIMARY SCHOOL,PRIVATE,RIFT VALLEY,UASIN GISHU,TURBO,ELDORET NORTH,KAMAGUT,UASIN GISHU,,0.66,35.16
MADIRA PRI,PRIMARY SCHOOL,PRIVATE,RIFT VALLEY,UASIN GISHU,SOY,ELDORET NORTH,MOI'S BRIDGE,UASIN GISHU,,0.87,35.13
BARATON ROADSIDE PRI,PRIMARY SCHOOL,PRIVATE,RIFT VALLEY,UASIN GISHU,SOY,ELDORET NORTH,MOI'S BRIDGE,UASIN GISHU,,0.87,35.12
ST STEPHEN'S ACK PRI,PRIMARY SCHOOL,PRIVATE,RIFT VALLEY,UASIN GISHU,SOY,ELDORET NORTH,MOI'S BRIDGE,UASIN GISHU,,0.88,35.12
HOUSE OF JACOB PRI SCH,PRIMARY SCHOOL,PRIVATE,RIFT VALLEY,UASIN GISHU,TURBO,ELDORET NORTH,KAMAGUT,UASIN GISHU,,0.65,35.17
MATUMO ROAD PRI SCH,PRIMARY SCHOOL,PRIVATE,RIFT VALLEY,UASIN GISHU,TURBO,ELDORET NORTH,KAMAGUT,UASIN GISHU,,0.65,35.17
MOI'S BRIDGE JUNIOR PRI,PRIMARY SCHOOL,PRIVATE,RIFT VALLEY,UASIN GISHU,SOY,ELDORET NORTH,MOI'S BRIDGE,UASIN GISHU,,0.88,35.12
BEJOS VALLEY ACADEMY PRI,PRIMARY SCHOOL,PRIVATE,RIFT VALLEY,UASIN GISHU,SOY,ELDORET NORTH,MOI'S BRIDGE,UASIN GISHU,,0.88,35.11
STAR LIGHT PRI SCH,PRIMARY SCHOOL,PRIVATE,RIFT VALLEY,UASIN GISHU,TURBO,ELDORET NORTH,KAMAGUT,UASIN GISHU,,0.65,35.17
KINGS ACADEMY PRI,PRIMARY SCHOOL,PRIVATE,RIFT VALLEY,UASIN GISHU,SOY,ELDORET NORTH,MOI'S BRIDGE,UASIN GISHU,,0.88,35.12
SIGOWET GOOD SHEPHERD PRI SCH,PRIMARY SCHOOL,PRIVATE,RIFT VALLEY,UASIN GISHU,SOY,ELDORET NORTH,KIPLOMBE,BOMET,,0.59,35.22
WAYMARKS EDUCATION CENTRE PRI,PRIMARY SCHOOL,PRIVATE,RIFT VALLEY,UASIN GISHU,SOY,ELDORET NORTH,MOI'S BRIDGE,UASIN GISHU,,0.88,35.13
KINGS HIGHWAY PRI SCH,PRIMARY SCHOOL,PRIVATE,RIFT VALLEY,UASIN GISHU,SOY,ELDORET NORTH,KIPLOMBE,BOMET,,0.6,35.23
VISION JOY PRI,PRIMARY SCHOOL,PRIVATE,RIFT VALLEY,UASIN GISHU,SOY,ELDORET NORTH,MOI'S BRIDGE,UASIN GISHU,,0.88,35.13
BARAKA UMOJA ACADEMY PRI,PRIMARY SCHOOL,PRIVATE,RIFT VALLEY,UASIN GISHU,SOY,ELDORET NORTH,MOI'S BRIDGE,UASIN GISHU,,0.9,35.13
MIDLAND ACADEMY PRI SCH,PRIMARY SCHOOL,PRIVATE,RIFT VALLEY,UASIN GISHU,TURBO,ELDORET NORTH,KAMAGUT,UASIN GISHU,,0.57,35.19
JOYSHINERS ACADEMY PRI SCH,PRIMARY SCHOOL,PRIVATE,RIFT VALLEY,UASIN GISHU,TURBO,ELDORET NORTH,KAMAGUT,UASIN GISHU,,0.57,35.2
AMAI SUNSHINE ACADEMY PRI,PRIMARY SCHOOL,PRIVATE,RIFT VALLEY,UASIN GISHU,SOY,ELDORET NORTH,MOI'S BRIDGE,UASIN GISHU,,0.91,35.17
AFRI-TECH ACADEMY PRI SCH,PRIMARY SCHOOL,PRIVATE,RIFT VALLEY,BOMET,BOMET CENTRAL,CHEPALUNGU,TOWNSHIP,TRANS NZOIA,,-0.77,35.32
ST PATRICK'S MEREWET PRI SCH,PRIMARY SCHOOL,PRIVATE,RIFT VALLEY,UASIN GISHU,MOIBEN,ELDORET EAST,SERGOIT,UASIN GISHU,,0.71,35.3
DOWNHILL MISSIONARY ACADEMY PRI,PRIMARY SCHOOL,PRIVATE,RIFT VALLEY,UASIN GISHU,SOY,ELDORET NORTH,MOI'S BRIDGE,UASIN GISHU,,0.91,35.21
SHAJERO ACADEMY PRI SCH,PRIMARY SCHOOL,PRIVATE,RIFT VALLEY,UASIN GISHU,MOIBEN,ELDORET EAST,MOIBEN,UASIN GISHU,,0.73,35.3
JOSEBET ACADEMY PRI,PRIMARY SCHOOL,PRIVATE,RIFT VALLEY,UASIN GISHU,SOY,ELDORET NORTH,MOI'S BRIDGE,UASIN GISHU,,0.87,35.17
PRILIMO ACADEMY PRI SCH,PRIMARY SCHOOL,PRIVATE,RIFT VALLEY,UASIN GISHU,MOIBEN,ELDORET EAST,MOIBEN,UASIN GISHU,,0.77,35.3
MAROON ACADEMY PRI,PRIMARY SCHOOL,PRIVATE,RIFT VALLEY,UASIN GISHU,SOY,ELDORET NORTH,MOI'S BRIDGE,UASIN GISHU,,0.86,35.15
SISAL HIGHLIGHT PRI,PRIMARY SCHOOL,PRIVATE,RIFT VALLEY,UASIN GISHU,SOY,ELDORET NORTH,MOI'S BRIDGE,UASIN GISHU,,0.86,35.15
ZOCHIN ACADEMY PRI SCH,PRIMARY SCHOOL,PRIVATE,RIFT VALLEY,UASIN GISHU,MOIBEN,ELDORET EAST,MOIBEN,UASIN GISHU,,0.78,35.34
SALAIK ACADEMY PRI SCH,PRIMARY SCHOOL,PRIVATE,RIFT VALLEY,BOMET,BOMET CENTRAL,BOMET,MUGANGO,VIHIGA,,-0.72,35.37
JOHNCHES ACADEMY PRI SCH,PRIMARY SCHOOL,PRIVATE,RIFT VALLEY,BOMET,BOMET CENTRAL,BOMET,MUGANGO,VIHIGA,,-0.72,35.36
RAYFARM ACADEMY PRI SCH,PRIMARY SCHOOL,PRIVATE,RIFT VALLEY,UASIN GISHU,MOIBEN,ELDORET EAST,KARONA,UASIN GISHU,,0.75,35.44
ZIWA UPCOUNTRY PRI,PRIMARY SCHOOL,PRIVATE,RIFT VALLEY,UASIN GISHU,SOY,ELDORET NORTH,SIRIKWA,UASIN GISHU,,0.85,35.21
ST VERONICA TOWNSHIP PRI,PRIMARY SCHOOL,PRIVATE,RIFT VALLEY,UASIN GISHU,SOY,ELDORET NORTH,ZIWA,UASIN GISHU,,0.84,35.22
REVIVAL ACADEMY PRI SCH,PRIMARY SCHOOL,PRIVATE,RIFT VALLEY,BOMET,BOMET CENTRAL,BOMET,MUGANGO,VIHIGA,,-0.72,35.4
ARISE AND SHINE ACADEMY ZIWA PRI,PRIMARY SCHOOL,PRIVATE,RIFT VALLEY,UASIN GISHU,SOY,ELDORET NORTH,ZIWA,UASIN GISHU,,0.84,35.2
MASESE ACADEMY PRI SCH,PRIMARY SCHOOL,PRIVATE,RIFT VALLEY,BOMET,BOMET CENTRAL,BOMET,MUGANGO,VIHIGA,,-0.72,35.41
ST LUKE ACK SAOS PRI,PRIMARY SCHOOL,PRIVATE,RIFT VALLEY,UASIN GISHU,SOY,ELDORET NORTH,ZIWA,UASIN GISHU,,0.87,35.22
MENGECH ACADEMY PRI,PRIMARY SCHOOL,PRIVATE,RIFT VALLEY,UASIN GISHU,SOY,ELDORET NORTH,ZIWA,UASIN GISHU,,0.85,35.25
WINNERS ACADEMY PRI,PRIMARY SCHOOL,PRIVATE,RIFT VALLEY,UASIN GISHU,AINABKOI,ELDORET EAST,KAPSOYA,TRANS NZOIA,,0.53,35.31
ELDO EXCEL LEARNING CENTRE PRI SCH,PRIMARY SCHOOL,PRIVATE,RIFT VALLEY,UASIN GISHU,AINABKOI,ELDORET EAST,KAPSOYA,TRANS NZOIA,,0.53,35.3
FAITH ACADEMY MUNYAKA PRI SCH,PRIMARY SCHOOL,PRIVATE,RIFT VALLEY,UASIN GISHU,AINABKOI,ELDORET EAST,KAPSOYA,TRANS NZOIA,,0.53,35.31
MOTHER'S JOY PRI,PRIMARY SCHOOL,PRIVATE,RIFT VALLEY,UASIN GISHU,AINABKOI,ELDORET EAST,KAPSOYA,TRANS NZOIA,,0.53,35.31
ABUNDANT LIFE PRI SCH,PRIMARY SCHOOL,PRIVATE,RIFT VALLEY,UASIN GISHU,AINABKOI,ELDORET EAST,KAPSOYA,TRANS NZOIA,,0.53,35.31
ARYA PRI SCH,PRIMARY SCHOOL,PRIVATE,RIFT VALLEY,UASIN GISHU,TURBO,ELDORET NORTH,KAPYEMIT,NANDI,,0.52,35.27
GULAB LOCHAB PRI SCH,PRIMARY SCHOOL,PRIVATE,RIFT VALLEY,UASIN GISHU,TURBO,ELDORET NORTH,KAPYEMIT,NANDI,,0.52,35.26
MOHAN ACADEMY PRI SCH,PRIMARY SCHOOL,PRIVATE,RIFT VALLEY,UASIN GISHU,TURBO,ELDORET NORTH,KAPYEMIT,NANDI,,0.52,35.26
TOM N JERRY PRI SCH,PRIMARY SCHOOL,PRIVATE,RIFT VALLEY,UASIN GISHU,TURBO,ELDORET NORTH,KAPYEMIT,NANDI,,0.52,35.25
MITUME CHILD CARE PRI,PRIMARY SCHOOL,PRIVATE,RIFT VALLEY,UASIN GISHU,TURBO,ELDORET NORTH,KAPYEMIT,NANDI,,0.53,35.25
PROVIDENCE PRI,PRIMARY SCHOOL,PRIVATE,RIFT VALLEY,UASIN GISHU,TURBO,ELDORET NORTH,KAPYEMIT,NANDI,,0.54,35.25
GATEWAY PRI SCH,PRIMARY SCHOOL,PRIVATE,RIFT VALLEY,UASIN GISHU,TURBO,ELDORET NORTH,KAPYEMIT,NANDI,,0.54,35.24
HADDY PRI SCH,PRIMARY SCHOOL,PRIVATE,RIFT VALLEY,UASIN GISHU,TURBO,ELDORET NORTH,KAPYEMIT,NANDI,,0.53,35.24
JUNIOR STAR PRI SCH,PRIMARY SCHOOL,PRIVATE,RIFT VALLEY,UASIN GISHU,TURBO,ELDORET NORTH,KAPYEMIT,NANDI,,0.53,35.24
BLUE BELLS JUNIOR PRI SCH,PRIMARY SCHOOL,PRIVATE,RIFT VALLEY,UASIN GISHU,TURBO,ELDORET NORTH,KAPYEMIT,NANDI,,0.53,35.24
BEAUTY BABIES PRI SCH,PRIMARY SCHOOL,PRIVATE,RIFT VALLEY,UASIN GISHU,TURBO,ELDORET NORTH,KAPYEMIT,NANDI,,0.54,35.25
HAPPY CUT JUNIOR PRI SCH,PRIMARY SCHOOL,PRIVATE,RIFT VALLEY,UASIN GISHU,TURBO,ELDORET NORTH,KAPYEMIT,NANDI,,0.54,35.24
JOY VICTORY PRI SCH,PRIMARY SCHOOL,PRIVATE,RIFT VALLEY,UASIN GISHU,TURBO,ELDORET NORTH,KAPYEMIT,NANDI,,0.54,35.24
HURUMA BAPTIST PRI,PRIMARY SCHOOL,PRIVATE,RIFT VALLEY,UASIN GISHU,TURBO,ELDORET NORTH,KAPYEMIT,NANDI,,0.54,35.24
PRECIOUS ACADEMY PRI SCH,PRIMARY SCHOOL,PRIVATE,RIFT VALLEY,UASIN GISHU,TURBO,ELDORET NORTH,KAPYEMIT,NANDI,,0.54,35.24
WEMA PRI SCH,PRIMARY SCHOOL,PRIVATE,RIFT VALLEY,UASIN GISHU,TURBO,ELDORET NORTH,KAPYEMIT,NANDI,,0.54,35.24
REVIMA ACADEMY PRI,PRIMARY SCHOOL,PRIVATE,RIFT VALLEY,UASIN GISHU,KAPSARET,ELDORET SOUTH,PIONEER,UASIN GISHU,,0.49,35.26
ST THERESE'S HEKIMA PRI,PRIMARY SCHOOL,PRIVATE,RIFT VALLEY,UASIN GISHU,KAPSARET,ELDORET SOUTH,NGERIA,UASIN GISHU,,0.42,35.29
BLESSED KID PRI,PRIMARY SCHOOL,PRIVATE,RIFT VALLEY,UASIN GISHU,TURBO,ELDORET NORTH,KAPYEMIT,NANDI,,0.54,35.24
LANGAS PAG PRI,PRIMARY SCHOOL,PRIVATE,RIFT VALLEY,UASIN GISHU,KAPSARET,ELDORET SOUTH,PIONEER,UASIN GISHU,,0.49,35.26
ELDO LIGHT PRI,PRIMARY SCHOOL,PRIVATE,RIFT VALLEY,UASIN GISHU,KAPSARET,ELDORET SOUTH,NGERIA,UASIN GISHU,,0.41,35.31
COMIDO PRI,PRIMARY SCHOOL,PRIVATE,RIFT VALLEY,UASIN GISHU,TURBO,ELDORET NORTH,KAPYEMIT,NANDI,,0.54,35.24
LIFE FOUNDATION PRI,PRIMARY SCHOOL,PRIVATE,RIFT VALLEY,UASIN GISHU,TURBO,ELDORET NORTH,KAPYEMIT,NANDI,,0.54,35.24
TOWN TOWERS PRI,PRIMARY SCHOOL,PRIVATE,RIFT VALLEY,UASIN GISHU,KAPSARET,ELDORET SOUTH,PIONEER,UASIN GISHU,,0.49,35.26
TAMARILLO JUNIOR PRI SCH,PRIMARY SCHOOL,PRIVATE,RIFT VALLEY,UASIN GISHU,TURBO,ELDORET NORTH,KAPYEMIT,NANDI,,0.54,35.24
PRECIOUS PRI,PRIMARY SCHOOL,PRIVATE,RIFT VALLEY,UASIN GISHU,KAPSARET,ELDORET SOUTH,PIONEER,UASIN GISHU,,0.49,35.26
GOOD NEWS CHILDREN CENTRE PRI SCH,PRIMARY SCHOOL,PRIVATE,RIFT VALLEY,UASIN GISHU,TURBO,ELDORET NORTH,KAPYEMIT,NANDI,,0.54,35.24
JECET ACADEMY PRI,PRIMARY SCHOOL,PRIVATE,RIFT VALLEY,UASIN GISHU,KAPSARET,ELDORET SOUTH,PIONEER,UASIN GISHU,,0.49,35.26
MIMOSA ACADEMY PRI SCH,PRIMARY SCHOOL,PRIVATE,RIFT VALLEY,UASIN GISHU,KAPSARET,ELDORET SOUTH,MEGUN,NANDI,,0.39,35.28
HAPPY CHILD PRI,PRIMARY SCHOOL,PRIVATE,RIFT VALLEY,UASIN GISHU,KAPSARET,ELDORET SOUTH,PIONEER,UASIN GISHU,,0.49,35.25
DAISSTI VISION PRI,PRIMARY SCHOOL,PRIVATE,RIFT VALLEY,UASIN GISHU,KAPSARET,ELDORET SOUTH,NGERIA,UASIN GISHU,,0.39,35.27
KAHOYA CHAMPIONS PRI SCH,PRIMARY SCHOOL,PRIVATE,RIFT VALLEY,UASIN GISHU,TURBO,ELDORET NORTH,KAPYEMIT,NANDI,,0.54,35.24
SAMINGO ACADEMY PRI,PRIMARY SCHOOL,PRIVATE,RIFT VALLEY,UASIN GISHU,KAPSARET,ELDORET SOUTH,PIONEER,UASIN GISHU,,0.49,35.25
HESHIMA JUNIOR PRI,PRIMARY SCHOOL,PRIVATE,RIFT VALLEY,UASIN GISHU,TURBO,ELDORET NORTH,KAPYEMIT,NANDI,,0.54,35.23
LANGAS GOLDEN GATEWAY PRI,PRIMARY SCHOOL,PRIVATE,RIFT VALLEY,UASIN GISHU,KAPSARET,ELDORET SOUTH,PIONEER,UASIN GISHU,,0.49,35.25
APOSTLE JABEZ PRI,PRIMARY SCHOOL,PRIVATE,RIFT VALLEY,UASIN GISHU,TURBO,ELDORET NORTH,KAPYEMIT,NANDI,,0.54,35.23
JITEGEMEA PRI,PRIMARY SCHOOL,PRIVATE,RIFT VALLEY,UASIN GISHU,KAPSARET,ELDORET SOUTH,PIONEER,UASIN GISHU,,0.48,35.25
LITTLE WOODS EDUCATION CENTRE PRI,PRIMARY SCHOOL,PRIVATE,RIFT VALLEY,UASIN GISHU,TURBO,ELDORET NORTH,KAPYEMIT,NANDI,,0.54,35.24
HARVEST ACADEMY PRI,PRIMARY SCHOOL,PRIVATE,RIFT VALLEY,UASIN GISHU,KAPSARET,ELDORET SOUTH,PIONEER,UASIN GISHU,,0.48,35.25
GOLDENB TOTS CHILDREN CENTRE PRI,PRIMARY SCHOOL,PRIVATE,RIFT VALLEY,UASIN GISHU,TURBO,ELDORET NORTH,KAPYEMIT,NANDI,,0.54,35.24
GREMA ACADEMY PRI,PRIMARY SCHOOL,PRIVATE,RIFT VALLEY,UASIN GISHU,KAPSARET,ELDORET SOUTH,NGERIA,UASIN GISHU,,0.39,35.23
LIGHT HOUSE ACADEMY LANGAS PRI,PRIMARY SCHOOL,PRIVATE,RIFT VALLEY,UASIN GISHU,KAPSARET,ELDORET SOUTH,PIONEER,UASIN GISHU,,0.48,35.25
ANNES ACADEMY PRI,PRIMARY SCHOOL,PRIVATE,RIFT VALLEY,UASIN GISHU,TURBO,ELDORET NORTH,KAPYEMIT,NANDI,,0.55,35.24
SHALOM ELITE PRI,PRIMARY SCHOOL,PRIVATE,RIFT VALLEY,UASIN GISHU,KAPSARET,ELDORET SOUTH,PIONEER,UASIN GISHU,,0.48,35.25
RABBI PRI,PRIMARY SCHOOL,PRIVATE,RIFT VALLEY,UASIN GISHU,TURBO,ELDORET NORTH,KAPYEMIT,NANDI,,0.55,35.24
FOUNTAIN ACADEMY PRI,PRIMARY SCHOOL,PRIVATE,RIFT VALLEY,UASIN GISHU,TURBO,ELDORET NORTH,KAPYEMIT,NANDI,,0.54,35.23
GATEWAYS ACADEMY PRI,PRIMARY SCHOOL,PRIVATE,RIFT VALLEY,UASIN GISHU,KAPSARET,ELDORET SOUTH,NGERIA,UASIN GISHU,,0.39,35.2
TALENTED KIDS PRI,PRIMARY SCHOOL,PRIVATE,RIFT VALLEY,UASIN GISHU,KAPSARET,ELDORET SOUTH,PIONEER,UASIN GISHU,,0.48,35.25
HERITAGE ACADEMY PRI,PRIMARY SCHOOL,PRIVATE,RIFT VALLEY,UASIN GISHU,KAPSARET,ELDORET SOUTH,PIONEER,UASIN GISHU,,0.49,35.25
DREAM ROCK PRI,PRIMARY SCHOOL,PRIVATE,RIFT VALLEY,UASIN GISHU,TURBO,ELDORET NORTH,KAPYEMIT,NANDI,,0.55,35.24
KALANGI HVD PRI,PRIMARY SCHOOL,PRIVATE,RIFT VALLEY,UASIN GISHU,KAPSARET,ELDORET SOUTH,PIONEER,UASIN GISHU,,0.49,35.25
MONES COMPLEX PRI,PRIMARY SCHOOL,PRIVATE,RIFT VALLEY,UASIN GISHU,TURBO,ELDORET NORTH,KAPYEMIT,NANDI,,0.54,35.24
GOODHOPE PRI,PRIMARY SCHOOL,PRIVATE,RIFT VALLEY,UASIN GISHU,KAPSARET,ELDORET SOUTH,PIONEER,UASIN GISHU,,0.49,35.25
LIVINGSTONE ACADEMY PRI,PRIMARY SCHOOL,PRIVATE,RIFT VALLEY,UASIN GISHU,TURBO,ELDORET NORTH,KAPYEMIT,NANDI,,0.55,35.24
JULAT ACADEY PRI SCH,PRIMARY SCHOOL,PRIVATE,RIFT VALLEY,UASIN GISHU,KAPSARET,ELDORET SOUTH,KAPSARET,UASIN GISHU,,0.42,35.22
BRIGHT FIELD PRI,PRIMARY SCHOOL,PRIVATE,RIFT VALLEY,UASIN GISHU,KAPSARET,ELDORET SOUTH,PIONEER,UASIN GISHU,,0.49,35.25
JOYLAND ACADEMY PRI,PRIMARY SCHOOL,PRIVATE,RIFT VALLEY,UASIN GISHU,TURBO,ELDORET NORTH,KAPYEMIT,NANDI,,0.55,35.24
CHRISTIAN HOPE PRI,PRIMARY SCHOOL,PRIVATE,RIFT VALLEY,UASIN GISHU,KAPSARET,ELDORET SOUTH,PIONEER,UASIN GISHU,,0.49,35.25
JUNIOR ELITE PRI,PRIMARY SCHOOL,PRIVATE,RIFT VALLEY,UASIN GISHU,KAPSARET,ELDORET SOUTH,PIONEER,UASIN GISHU,,0.49,35.25
AFLAME PRI,PRIMARY SCHOOL,PRIVATE,RIFT VALLEY,UASIN GISHU,TURBO,ELDORET NORTH,KAPYEMIT,NANDI,,0.55,35.23
BRIGHT STAR PRI,PRIMARY SCHOOL,PRIVATE,RIFT VALLEY,UASIN GISHU,KAPSARET,ELDORET SOUTH,PIONEER,UASIN GISHU,,0.49,35.25
PHILADELPHIA PRI,PRIMARY SCHOOL,PRIVATE,RIFT VALLEY,UASIN GISHU,TURBO,ELDORET NORTH,KAPYEMIT,NANDI,,0.55,35.24
ELIZABETH MEMORIAL PRI,PRIMARY SCHOOL,PRIVATE,RIFT VALLEY,UASIN GISHU,KAPSARET,ELDORET SOUTH,PIONEER,UASIN GISHU,,0.49,35.25
ABUNDANT LIFE PRI,PRIMARY SCHOOL,PRIVATE,RIFT VALLEY,UASIN GISHU,KAPSARET,ELDORET SOUTH,PIONEER,UASIN GISHU,,0.48,35.25
MUSTARD SEED PREPARATORY PRI SCH,PRIMARY SCHOOL,PRIVATE,RIFT VALLEY,UASIN GISHU,KAPSARET,ELDORET SOUTH,KAPSARET,UASIN GISHU,,0.48,35.17
AMOOS JUNIOR PRI,PRIMARY SCHOOL,PRIVATE,RIFT VALLEY,UASIN GISHU,KAPSARET,ELDORET SOUTH,PIONEER,UASIN GISHU,,0.51,35.26
MARK'S ACADEMY PRI,PRIMARY SCHOOL,PRIVATE,RIFT VALLEY,UASIN GISHU,KAPSARET,ELDORET SOUTH,KAPSARET,UASIN GISHU,,0.49,35.2
FAITH CHILDREN CENTRE PRI SCH,PRIMARY SCHOOL,PRIVATE,RIFT VALLEY,UASIN GISHU,KAPSARET,ELDORET SOUTH,PIONEER,UASIN GISHU,,0.51,35.26
ATUREI ADVENTIST PRI SCH,PRIMARY SCHOOL,PRIVATE,RIFT VALLEY,UASIN GISHU,KAPSARET,ELDORET SOUTH,KAPSARET,UASIN GISHU,,0.48,35.2
MARANATHA ACADEMY PRI,PRIMARY SCHOOL,PRIVATE,RIFT VALLEY,UASIN GISHU,KAPSARET,ELDORET SOUTH,PIONEER,UASIN GISHU,,0.51,35.26
EPC ACADEMY PRI,PRIMARY SCHOOL,PRIVATE,RIFT VALLEY,UASIN GISHU,KAPSARET,ELDORET SOUTH,PIONEER,UASIN GISHU,,0.51,35.25
MOSOMBOR PRI,PRIMARY SCHOOL,PRIVATE,RIFT VALLEY,UASIN GISHU,KAPSARET,ELDORET SOUTH,KAPSARET,UASIN GISHU,,0.46,35.24
ST JUDE MUMBI PRI,PRIMARY SCHOOL,PRIVATE,RIFT VALLEY,UASIN GISHU,KAPSARET,ELDORET SOUTH,PIONEER,UASIN GISHU,,0.51,35.23
DISNEYLAND ACADEMY PRI SCH,PRIMARY SCHOOL,PRIVATE,RIFT VALLEY,UASIN GISHU,KAPSARET,ELDORET SOUTH,KAPSARET,UASIN GISHU,,0.45,35.24
ST GIDEON ACADEMY PRI,PRIMARY SCHOOL,PRIVATE,RIFT VALLEY,UASIN GISHU,KAPSARET,ELDORET SOUTH,KAPSARET,UASIN GISHU,,0.45,35.27
PATRICIA - PRI SCH KABONGO,PRIMARY SCHOOL,PRIVATE,RIFT VALLEY,UASIN GISHU,KAPSARET,ELDORET SOUTH,KAPSARET,UASIN GISHU,,0.44,35.26
THE ROCK KIREMOTIO ACADEMY PRI SCH,PRIMARY SCHOOL,PRIVATE,RIFT VALLEY,UASIN GISHU,KAPSARET,ELDORET SOUTH,KAPSARET,UASIN GISHU,,0.44,35.26
AMAZING DISCOVERY ACADEMY PRI SCH,PRIMARY SCHOOL,PRIVATE,RIFT VALLEY,UASIN GISHU,KAPSARET,ELDORET SOUTH,KAPSARET,UASIN GISHU,,0.45,35.24
WEMA ACADEMY PRI,PRIMARY SCHOOL,PRIVATE,RIFT VALLEY,UASIN GISHU,KAPSARET,ELDORET SOUTH,PIONEER,UASIN GISHU,,0.53,35.23
KORMAET PREPARATORY PRI SCH,PRIMARY SCHOOL,PRIVATE,RIFT VALLEY,UASIN GISHU,KAPSARET,ELDORET SOUTH,KAPSARET,UASIN GISHU,,0.5,35.16
AIC KIMOSSON ACADEMY PRI,PRIMARY SCHOOL,PRIVATE,RIFT VALLEY,UASIN GISHU,KAPSARET,ELDORET SOUTH,PIONEER,UASIN GISHU,,0.55,35.22
TAR - TAR ADVENTIST PRI SCH,PRIMARY SCHOOL,PRIVATE,RIFT VALLEY,UASIN GISHU,KAPSARET,ELDORET SOUTH,SIMAT,UASIN GISHU,,0.51,35.17
SAMETO ACADEMY PRI,PRIMARY SCHOOL,PRIVATE,RIFT VALLEY,UASIN GISHU,KAPSARET,ELDORET SOUTH,SIMAT,UASIN GISHU,,0.51,35.18
NJIWANI PRI,PRIMARY SCHOOL,PRIVATE,RIFT VALLEY,UASIN GISHU,TURBO,ELDORET NORTH,NGENYILEL,UASIN GISHU,,0.6,34.93
GLORY ACA. PRY,PRIMARY SCHOOL,PRIVATE,WESTERN,KAKAMEGA,NAVAKHOLO,BUNYALA WEST,LURAMBI,KAKAMEGA,,0.37,34.62
HESHIMA BEAMS ACADEMY,PRIMARY SCHOOL,PRIVATE,WESTERN,LUGARI,LUGARI,LUGARI,LUGARI,KAKAMEGA,,0.69,34.99
JOYLAND ACA PRY,PRIMARY SCHOOL,PRIVATE,WESTERN,KAKAMEGA,KABRAS,KABRAS CENTRAL,MALAVA,KAKAMEGA,,0.53,34.81
NEW HOPE CHRISTIAN ACADEMY PRI SCH,PRIMARY SCHOOL,PRIVATE,WESTERN,BUSIA,BUDALANGI,BUNYALA EAST,BUDALANGI,BUSIA,,0.15,34.03
ST. MARTINS PRY,PRIMARY SCHOOL,PRIVATE,WESTERN,KAKAMEGA,KABRAS,KABRAS CENTRAL,MALAVA,KAKAMEGA,,0.52,34.82
MONTEZUMA JUNIOR PRY,PRIMARY SCHOOL,PRIVATE,WESTERN,KAKAMEGA,NAVAKHOLO,BUNYALA WEST,LURAMBI,KAKAMEGA,,0.43,34.61
BRIGHTLIGHT ECADEMY PRI SCH,PRIMARY SCHOOL,PRIVATE,WESTERN,KAKAMEGA,NAVAKHOLO,BUNYALA WEST,LURAMBI,KAKAMEGA,,0.45,34.63
LAKE BREEZE ACADEMY PRI,PRIMARY SCHOOL,PRIVATE,WESTERN,BUSIA,BUDALANGI,BUNYALA WEST,BUDALANGI,BUSIA,,0.1,33.97
ST. MARY IMMACULATE PRY,PRIMARY SCHOOL,PRIVATE,WESTERN,KAKAMEGA,KABRAS,SHIVANGA,MALAVA,KAKAMEGA,,0.58,34.83
SHALOM JUNIOUR ACA. PRY,PRIMARY SCHOOL,PRIVATE,WESTERN,KAKAMEGA,NAVAKHOLO,NAMBACHA,LURAMBI,KAKAMEGA,,0.42,34.68
NAMIRAMA ARISE AND SHINE PRY,PRIMARY SCHOOL,PRIVATE,WESTERN,KAKAMEGA,NAVAKHOLO,BUNYALA EAST,LURAMBI,KAKAMEGA,,0.43,34.71
MOONLIGHT ACADEMY PRI,PRIMARY SCHOOL,PRIVATE,WESTERN,KAKAMEGA,KABRAS,KABRAS EAST,MALAVA,KAKAMEGA,,0.38,34.85
HARVEST LAND PRY SCH,PRIMARY SCHOOL,PRIVATE,WESTERN,KAKAMEGA,NAVAKHOLO,BUNYALA EAST,LURAMBI,KAKAMEGA,,0.48,34.7
BLESSED HOPE ACADEMY PRY SCH,PRIMARY SCHOOL,PRIVATE,WESTERN,KAKAMEGA,NAVAKHOLO,BUNYALA EAST,LURAMBI,KAKAMEGA,,0.48,34.7
ST. OUTREACH PRI SCH,PRIMARY SCHOOL,PRIVATE,WESTERN,KAKAMEGA,KABRAS,KABRAS EAST,MALAVA,KAKAMEGA,,0.41,34.86
MILIMANI JUNIOR ACADEMY PRI,PRIMARY SCHOOL,PRIVATE,WESTERN,KAKAMEGA,KABRAS,KABRAS SOUTH,MALAVA,KAKAMEGA,,0.41,34.86
SUNRISE PRI,PRIMARY SCHOOL,PRIVATE,WESTERN,KAKAMEGA,KABRAS,KABRAS EAST,MALAVA,KAKAMEGA,,0.44,34.85
BRIGHT FOUNTAIN ACADEMY,PRIMARY SCHOOL,PRIVATE,WESTERN,BUNGOMA,WEBUYE,WEBUYE,WEBUYE,BUNGOMA,,0.61,34.77
THE BELLS PRI,PRIMARY SCHOOL,PRIVATE,WESTERN,BUNGOMA,WEBUYE,WEBUYE,WEBUYE,BUNGOMA,,0.6,34.77
AGAPE ACADEMY PRI,PRIMARY SCHOOL,PRIVATE,WESTERN,BUNGOMA,WEBUYE,WEBUYE,WEBUYE,BUNGOMA,,0.6,34.77
ST. PETER'S ACADEMY MILIMANI,PRIMARY SCHOOL,PRIVATE,WESTERN,BUNGOMA,WEBUYE,WEBUYE,WEBUYE,BUNGOMA,,0.62,34.76
MOTHERLAND SCHOOL,PRIMARY SCHOOL,PRIVATE,WESTERN,BUNGOMA,WEBUYE,WEBUYE,WEBUYE,BUNGOMA,,0.62,34.76
EVONA PRI SCH,PRIMARY SCHOOL,PRIVATE,WESTERN,KAKAMEGA,SHINYALU,ILESI,SHINYALU,KAKAMEGA,,0.22,34.73
ROI EDUCATION CENTRE,PRIMARY SCHOOL,PRIVATE,WESTERN,BUNGOMA,WEBUYE,BOKOLI,WEBUYE,BUNGOMA,,0.63,34.69
NEW STAR ACADEMY,PRIMARY SCHOOL,PRIVATE,WESTERN,BUNGOMA,WEBUYE,BOKOLI,WEBUYE,BUNGOMA,,0.64,34.69
BARAKA ACADEMY PRI SCH,PRIMARY SCHOOL,PRIVATE,WESTERN,KAKAMEGA,SHINYALU,SHIBUYE,SHINYALU,KAKAMEGA,,0.23,34.81
SAVANA ACADEMY PRI SCH,PRIMARY SCHOOL,PRIVATE,WESTERN,KAKAMEGA,SHINYALU,SHIBUYE,SHINYALU,KAKAMEGA,,0.23,34.81
MARBLE ACADEMY PRI SCH,PRIMARY SCHOOL,PRIVATE,WESTERN,BUNGOMA,WEBUYE,BOKOLI,WEBUYE,BUNGOMA,,0.67,34.69
ST. ANTONY ADAMS ACADEMY PRI SCH,PRIMARY SCHOOL,PRIVATE,WESTERN,TESO,AMAGORO,AKADETEWAI,AMAGORO,BUSIA,,0.64,34.28
GENERATION MARAKA PRI,PRIMARY SCHOOL,PRIVATE,WESTERN,BUNGOMA,WEBUYE,WEBUYE,WEBUYE,BUNGOMA,,0.58,34.76
LITTLE STAR JUNIOR ACADEMYPRI SCH,PRIMARY SCHOOL,PRIVATE,WESTERN,TESO,AMAGORO,AKADETEWAI,AMAGORO,BUSIA,,0.64,34.28
ST. JAMES ACK ACADEMY MALABA PRI SCH,PRIMARY SCHOOL,PRIVATE,WESTERN,TESO,AMAGORO,AKADETEWAI,AMAGORO,BUSIA,,0.64,34.28
SUNRISE JUNIOR ACADEMY PRI SCH,PRIMARY SCHOOL,PRIVATE,WESTERN,KAKAMEGA,KABRAS,EAST KABRAS,MALAVA,KAKAMEGA,,0.34,34.26
WIMAR PRI SCH,PRIMARY SCHOOL,PRIVATE,WESTERN,TESO,AMAGORO,AKADETEWAI,AMAGORO,BUSIA,,0.64,34.28
VISION HILL ACADEMY PRI SCH,PRIMARY SCHOOL,PRIVATE,WESTERN,TESO,AMAGORO,AMONI,AMAGORO,BUSIA,,0.63,34.27
MARUTI SA JUNIOR ACADEMY,PRIMARY SCHOOL,PRIVATE,WESTERN,BUNGOMA,WEBUYE,WEBUYE,WEBUYE,BUNGOMA,,0.57,34.74
MILO CENTRAL ACADEMY,PRIMARY SCHOOL,PRIVATE,WESTERN,BUNGOMA,WEBUYE,SITIKHO,WEBUYE,BUNGOMA,,0.53,34.72
FANAKA JUNIOR ACADEMY PRI SCH,PRIMARY SCHOOL,PRIVATE,WESTERN,BUSIA,BUTULA,MARACHI CENTRAL,BUTULA,BUSIA,,0.32,34.28
MERCY JUNIOR ACADEMY,PRIMARY SCHOOL,PRIVATE,WESTERN,BUNGOMA,WEBUYE,SITIKHO,WEBUYE,BUNGOMA,,0.59,34.72
MERCY CHILDREN'S CENTRE,PRIMARY SCHOOL,PRIVATE,WESTERN,BUSIA,BUTULA,BUMALA,BUTULA,BUSIA,,0.31,34.2
FUNYULA ROAD ACADEMY,PRIMARY SCHOOL,PRIVATE,WESTERN,BUSIA,BUTULA,BUMULA,BUTULA,BUSIA,,0.31,34.2
MORNING PHELLY PRI SCH,PRIMARY SCHOOL,PRIVATE,WESTERN,BUSIA,BUTULA,BUMALA,BUTULA,BUSIA,,0.31,34.2
THE OASIS ACADEMY,PRIMARY SCHOOL,PRIVATE,WESTERN,BUSIA,BUTULA,ELUKHARI,BUTULA,BUSIA,,0.34,34.33
NDURUSIA PEFA PRI SCH,PRIMARY SCHOOL,PRIVATE,WESTERN,BUNGOMA,WEBUYE,BOKOLI,WEBUYE,BUNGOMA,,0.68,34.7
VICTORY JUNIOR ACADEMY,PRIMARY SCHOOL,PRIVATE,WESTERN,BUNGOMA,WEBUYE,MISIKHU,WEBUYE,BUNGOMA,,0.63,34.74
EBENEZER EDUCATION CENTRE,PRIMARY SCHOOL,PRIVATE,WESTERN,BUNGOMA,WEBUYE,MISIKHU,WEBUYE,BUNGOMA,,0.64,34.74
ELITE PREPARATORY PRI,PRIMARY SCHOOL,PRIVATE,WESTERN,BUNGOMA,WEBUYE,MISIKHU,WEBUYE,BUNGOMA,,0.66,34.73
KATELENYANG'A PRI SCH,PRIMARY SCHOOL,PRIVATE,WESTERN,TESO,ANGURAI,CHAMASIRI,AMAGORO,BUSIA,,0.74,34.37
KOLAIT PRI SCH,PRIMARY SCHOOL,PRIVATE,WESTERN,TESO,ANGURAI,MODING,AMAGORO,BUSIA,,0.75,34.33
ST. JUDE EDUCATION CENTRE ACADEMY PRI,PRIMARY SCHOOL,PRIVATE,WESTERN,TESO,CHAKOL,OKAME,AMAGORO,BUSIA,,0.52,34.15
BUTULA HEKIMA ACADEMY PRI SCH,PRIMARY SCHOOL,PRIVATE,WESTERN,BUSIA,BUTULA,ELUKHARI,BUTULA,BUSIA,,0.34,34.34
SUNRISE PRI SCH,PRIMARY SCHOOL,PRIVATE,WESTERN,KAKAMEGA,KABRAS,KABRAS EAST,MALAVA,KAKAMEGA,,0.45,34.86
KIMANG'ETI SDA PRI SCH,PRIMARY SCHOOL,PRIVATE,WESTERN,KAKAMEGA,KABRAS,KABRAS EAST,MALAVA,KAKAMEGA,,0.43,34.92
LIVINGSTONE PRI SCH,PRIMARY SCHOOL,PRIVATE,WESTERN,KAKAMEGA,KABRAS,KABRAS EAST,MALAVA,KAKAMEGA,,0.4,34.94
EAGLET ACADEMY PRI SCH,PRIMARY SCHOOL,PRIVATE,WESTERN,BUSIA,FUNYULA,ODIADO,FUNYULA,BUSIA,,0.28,34.12
MWANGAZA PRI SCH,PRIMARY SCHOOL,PRIVATE,WESTERN,KAKAMEGA,KABRAS,KABRAS EAST,MALAVA,KAKAMEGA,,0.41,34.92
FESBETH PRI,PRIMARY SCHOOL,PRIVATE,WESTERN,KAKAMEGA,IKOLOMANI,IGUHU,IKOLOMANI,KAKAMEGA,,0.2,34.75
SERA JOY ACADEMY PRI SCH,PRIMARY SCHOOL,PRIVATE,WESTERN,BUSIA,FUNYULA,NANGUBA,FUNYULA,BUSIA,,0.23,34.02
LAKESIDE ACADEMY PRI SCH,PRIMARY SCHOOL,PRIVATE,WESTERN,BUSIA,FUNYULA,NANGUBA,FUNYULA,BUSIA,,0.22,34.02
ST. MARK'S JUNIOR PRI SCH,PRIMARY SCHOOL,PRIVATE,WESTERN,KAKAMEGA,KABRAS,KABRAS EAST,MALAVA,KAKAMEGA,,0.43,34.86
ST. GERALD PRI SCH,PRIMARY SCHOOL,PRIVATE,WESTERN,KAKAMEGA,KABRAS,KABRAS SOUTH,MALAVA,KAKAMEGA,,0.38,34.84
BUMALA ACADEMY PRI SCH,PRIMARY SCHOOL,PRIVATE,WESTERN,BUSIA,BUTULA,BUMALA,BUTULA,BUSIA,,0.31,34.2
BUMALA TOWNSHIP PRI SCH,PRIMARY SCHOOL,PRIVATE,WESTERN,BUSIA,BUTULA,BUMALA,BUTULA,BUSIA,,0.31,34.2
SIFA SCHOOL,PRIMARY SCHOOL,PRIVATE,WESTERN,BUSIA,BUTULA,BUMALA,BUTULA,BUSIA,,0.3,34.2
ST AUGUSTINE ACADEMY,PRIMARY SCHOOL,PRIVATE,WESTERN,BUNGOMA,WEBUYE,MISIKHU,WEBUYE,BUNGOMA,,0.73,34.71
ST ELIZABETH FAITH ACADEMY,PRIMARY SCHOOL,PRIVATE,WESTERN,BUNGOMA,WEBUYE,BOKOLI,WEBUYE,BUNGOMA,,0.72,34.66
CENTRE ACADEMY BUMULA,PRIMARY SCHOOL,PRIVATE,WESTERN,BUNGOMA,BUMULA,BUMULA,BUMULA,BUNGOMA,,0.55,34.47
EDEN JUNIOR PRI,PRIMARY SCHOOL,PRIVATE,WESTERN,BUNGOMA,BUMULA,BUMULA,BUMULA,BUNGOMA,,0.55,34.45
KEMODO PRI SCH,PRIMARY SCHOOL,PRIVATE,WESTERN,TESO,CHAKOL,OCHUDE,AMAGORO,BUSIA,,0.47,34.18
ST ROSINA ACADEMY,PRIMARY SCHOOL,PRIVATE,WESTERN,BUNGOMA,BUMULA,BUMULA,BUMULA,BUNGOMA,,0.56,34.42
STAR OF THE BORDER PRI SCH,PRIMARY SCHOOL,PRIVATE,WESTERN,TESO,CHAKOL,ANGOROM,AMAGORO,BUSIA,,0.45,34.14
DORRY ACADEMY,PRIMARY SCHOOL,PRIVATE,WESTERN,BUNGOMA,BUMULA,BUMULA,BUMULA,BUNGOMA,,0.56,34.4
ST DOMINIC ACADEMY PRI,PRIMARY SCHOOL,PRIVATE,WESTERN,BUNGOMA,BUMULA,BUMULA,BUMULA,BUNGOMA,,0.56,34.4
BLUE BELLS PRI SCH,PRIMARY SCHOOL,PRIVATE,WESTERN,TESO,CHAKOL,ANGOROM,AMAGORO,BUSIA,,0.5,34.13
VICTORY JUNIOR ACADEMY PRI,PRIMARY SCHOOL,PRIVATE,WESTERN,TESO,CHAKOL,ANGOROM,AMAGORO,BUSIA,,0.46,34.12
GREEN TOWN ACADEMY,PRIMARY SCHOOL,PRIVATE,WESTERN,TESO,AMAGORO,AKADETEWAI,AMAGORO,BUSIA,,0.64,34.28
NEW ERA ACADEMY KHASOKO,PRIMARY SCHOOL,PRIVATE,WESTERN,BUNGOMA,BUMULA,MABUSI,BUMULA,BUNGOMA,,0.49,34.4
BR. RICHARD DAVIDSON PRI SCH,PRIMARY SCHOOL,PRIVATE,WESTERN,KAKAMEGA,SHINYALU,SHIBUYE,SHINYALU,KAKAMEGA,,0.23,34.82
MALABA ACADEMY PRI SCH,PRIMARY SCHOOL,PRIVATE,WESTERN,TESO,AMAGORO,AKADETEWAI,AMAGORO,BUSIA,,0.64,34.29
WINNERS ACADEMY PRI,PRIMARY SCHOOL,PRIVATE,WESTERN,KAKAMEGA,KABRAS,KABRAS WEST,MALAVA,KAKAMEGA,,0.42,34.75
SUNRISE ACADEMY PRI SCH,PRIMARY SCHOOL,PRIVATE,WESTERN,KAKAMEGA,KABRAS,SHIRUGU,MALAVA,KAKAMEGA,,0.47,34.76
KOCHOLIA HILLS PRI SCH,PRIMARY SCHOOL,PRIVATE,WESTERN,TESO,AMAGORO,KOCHOLIA,AMAGORO,BUSIA,,0.62,34.34
AMAGORO JUNIOR ACADEMY PRI SCH,PRIMARY SCHOOL,PRIVATE,WESTERN,TESO,AMAGORO,AMAGORO,AMAGORO,BUSIA,,0.64,34.33
ASIANUT PRI SCH,PRIMARY SCHOOL,PRIVATE,WESTERN,TESO,AMAGORO,KAMURIAI,AMAGORO,BUSIA,,0.66,34.29
MALEKHA PREPARATORY ACADEMY PRI SCH,PRIMARY SCHOOL,PRIVATE,WESTERN,KAKAMEGA,KABRAS,SHIRUGU,MALAVA,KAKAMEGA,,0.46,34.8
WEMA ACADEMY,PRIMARY SCHOOL,PRIVATE,WESTERN,KAKAMEGA,SHINYALU,KHAYEGA,SHINYALU,KAKAMEGA,,0.21,34.77
MALABA GREENTOWN ACADEMY,PRIMARY SCHOOL,PRIVATE,WESTERN,TESO,AMAGORO,AKADETEWAI,AMAGORO,BUSIA,,0.64,34.28
ELGON VIEW ACADEMY PRI,PRIMARY SCHOOL,PRIVATE,WESTERN,TESO,AMUKURA,AREMIT,AMAGORO,BUSIA,,0.61,34.24
BAPTIST ACADEMY MUNASIO PRI SCH,PRIMARY SCHOOL,PRIVATE,WESTERN,KAKAMEGA,SHINYALU,ILESI,SHINYALU,KAKAMEGA,,0.24,34.74
ST SARAH ACADEMY,PRIMARY SCHOOL,PRIVATE,WESTERN,LUGARI,LIKUYANI,NZOIA,LUGARI,KAKAMEGA,,0.81,35.06
JOVIAL ACADEMY,PRIMARY SCHOOL,PRIVATE,WESTERN,BUNGOMA,KANDUYI,BUKEMBE,KANDUYI,BUNGOMA,,0.58,34.65
FAVO ORPHANAGE ACADEMY,PRIMARY SCHOOL,PRIVATE,WESTERN,LUGARI,LIKUYANI,NZOIA,LUGARI,KAKAMEGA,,0.83,35.08
NASIANDA INCLUSIVE EDUCATION PROGRAMME,PRIMARY SCHOOL,PRIVATE,WESTERN,BUNGOMA,BUMULA,KHASOKO,BUMULA,BUNGOMA,,0.49,34.45
NZOIA REHEMA ACADEMY,PRIMARY SCHOOL,PRIVATE,WESTERN,BUNGOMA,KANDUYI,BUKEMBE,KANDUYI,BUNGOMA,,0.53,34.65
MAWHIBAT ACADEMY,PRIMARY SCHOOL,PRIVATE,WESTERN,BUNGOMA,BUMULA,MABUSI,BUMULA,BUNGOMA,,0.5,34.45
MATUNDA COMPLEX ACADEMY,PRIMARY SCHOOL,PRIVATE,WESTERN,LUGARI,LIKUYANI,NZOIA,LUGARI,KAKAMEGA,,0.8,35.09
NASYANDA CENTRAL ACADEMY,PRIMARY SCHOOL,PRIVATE,WESTERN,BUNGOMA,BUMULA,MABUSI,BUMULA,BUNGOMA,,0.5,34.46
AMANI PRI,PRIMARY SCHOOL,PRIVATE,WESTERN,BUNGOMA,KANDUYI,BUKEMBE,KANDUYI,BUNGOMA,,0.58,34.65
SUNFLOWER ACADEMY PRI,PRIMARY SCHOOL,PRIVATE,WESTERN,BUNGOMA,KANDUYI,BUKEMBE,KANDUYI,BUNGOMA,,0.59,34.65
JENNIFER ACADEMY MASUNO,PRIMARY SCHOOL,PRIVATE,WESTERN,BUNGOMA,BUMULA,MABUSI,BUMULA,BUNGOMA,,0.49,34.47
TRINITY ACADEMY PRI,PRIMARY SCHOOL,PRIVATE,WESTERN,LUGARI,LIKUYANI,NZOIA,LUGARI,KAKAMEGA,,0.84,35.09
HIGHWAY ACADEMY,PRIMARY SCHOOL,PRIVATE,WESTERN,BUNGOMA,KANDUYI,BUKEMBE,KANDUYI,BUNGOMA,,0.61,34.65
JUHUDI ACADEMY,PRIMARY SCHOOL,PRIVATE,WESTERN,BUNGOMA,BUMULA,SOUTH BUKUSU,BUMULA,BUNGOMA,,0.53,34.48
ST IDAH PRI,PRIMARY SCHOOL,PRIVATE,WESTERN,LUGARI,LIKUYANI,NZOIA,LUGARI,KAKAMEGA,,0.84,35.08
ALMOND COMPLEX ACADMY,PRIMARY SCHOOL,PRIVATE,WESTERN,BUNGOMA,KANDUYI,BUKEMBE,KANDUYI,BUNGOMA,,0.62,34.66
TRINITY ACADEMY,PRIMARY SCHOOL,PRIVATE,WESTERN,LUGARI,LIKUYANI,NZOIA,LUGARI,KAKAMEGA,,0.84,35.09
GATEWAY JUNIOR SCH BUKEMBE,PRIMARY SCHOOL,PRIVATE,WESTERN,BUNGOMA,KANDUYI,BUKEMBE,KANDUYI,BUNGOMA,,0.62,34.65
BRIDGEWAYS ACADEMY,PRIMARY SCHOOL,PRIVATE,WESTERN,LUGARI,LIKUYANI,SINOKO,LUGARI,KAKAMEGA,,0.87,35.09
UPENDO PRI,PRIMARY SCHOOL,PRIVATE,COAST,KILIFI,KIKAMBALA,MTWAPA,BAHARI,KILIFI,,-3.9,39.78
MATUNDA HIGHWAY PRI,PRIMARY SCHOOL,PRIVATE,WESTERN,LUGARI,LIKUYANI,SINOKO,LUGARI,KAKAMEGA,,0.84,35.11
MUANDA MISSION ACADEMY,PRIMARY SCHOOL,PRIVATE,WESTERN,BUNGOMA,BUMULA,SOUTH BUKUSU,BUMULA,BUNGOMA,,0.56,34.5
ST BASIL'S ACADEMY PRI,PRIMARY SCHOOL,PRIVATE,WESTERN,LUGARI,LIKUYANI,NZOIA,LUGARI,KAKAMEGA,,0.83,35.11
MLELA ACADEMY,PRIMARY SCHOOL,PRIVATE,WESTERN,LUGARI,LIKUYANI,NZOIA,LUGARI,KAKAMEGA,,0.83,35.12
ST AQUANAS PRI,PRIMARY SCHOOL,PRIVATE,WESTERN,BUNGOMA,BUMULA,SOUTH BUKUSU,BUMULA,BUNGOMA,,0.54,34.5
NAIGAI ACADEMY,PRIMARY SCHOOL,PRIVATE,WESTERN,BUNGOMA,BUMULA,SOUTH BUKUSU,BUMULA,BUNGOMA,,0.55,34.51
GOLDEN TOTS PREPARATORY,PRIMARY SCHOOL,PRIVATE,WESTERN,LUGARI,LIKUYANI,KONGONI,LUGARI,KAKAMEGA,,0.8,35.13
SUNSHINE ACADEMY,PRIMARY SCHOOL,PRIVATE,WESTERN,BUNGOMA,BUMULA,S.BUKUSU,BUMULA,BUNGOMA,,0.53,34.5
ST MARTINS LUYEKHE PRI,PRIMARY SCHOOL,PRIVATE,WESTERN,LUGARI,LIKUYANI,KONGONI,LUGARI,KAKAMEGA,,0.81,35.12
LIGHT AND HOPE ACADEMY,PRIMARY SCHOOL,PRIVATE,WESTERN,BUNGOMA,BUMULA,S.BUKUSU,BUMULA,BUNGOMA,,0.53,34.5
PRECIOUS ANGELS PRI,PRIMARY SCHOOL,PRIVATE,WESTERN,LUGARI,LIKUYANI,KONGONI,LUGARI,KAKAMEGA,,0.79,35.13
PHILMA ACADEMY,PRIMARY SCHOOL,PRIVATE,WESTERN,LUGARI,MATETE,CHEVAYWA,MALAVA,KAKAMEGA,,0.57,34.8
STAR RAYS EDUCATION CENTRE,PRIMARY SCHOOL,PRIVATE,WESTERN,LUGARI,LIKUYANI,KONGONI,LUGARI,KAKAMEGA,,0.77,35.13
EPICO JAHNS ACADEMY,PRIMARY SCHOOL,PRIVATE,WESTERN,BUNGOMA,BUMULA,KABULA,BUMULA,BUNGOMA,,0.48,34.52
VICTORIA ACADEMY,PRIMARY SCHOOL,PRIVATE,WESTERN,LUGARI,MATETE,CHEVAYWA,MALAVA,KAKAMEGA,,0.57,34.81
BEZALEL ACADEMY,PRIMARY SCHOOL,PRIVATE,WESTERN,LUGARI,MATETE,CHEVAYWA,LUGARI,KAKAMEGA,,0.58,34.81
AGATHE ACADEMY,PRIMARY SCHOOL,PRIVATE,WESTERN,LUGARI,LUGARI,CHEKALINI,LUGARI,KAKAMEGA,,0.61,34.96
EAGLES ACADEMY,PRIMARY SCHOOL,PRIVATE,WESTERN,BUNGOMA,BUMULA,KABULA,BUMULA,BUNGOMA,,0.49,34.53
ST JOHNS KABULA ACADEMY,PRIMARY SCHOOL,PRIVATE,WESTERN,BUNGOMA,BUMULA,KABULA,BUMULA,BUNGOMA,,0.5,34.53
TREASURE ACADEMY PRI,PRIMARY SCHOOL,PRIVATE,WESTERN,LUGARI,LUGARI,CHEKALINI,LUGARI,KAKAMEGA,,0.6,34.91
SUNRISE CHILDREN EDU CENTRE - PRI,PRIMARY SCHOOL,PRIVATE,WESTERN,BUNGOMA,TONGAREN,MBAKALO,KIMILILI,BUNGOMA,,0.7,34.84
FANA B SCH,PRIMARY SCHOOL,PRIVATE,WESTERN,BUNGOMA,KANDUYI,KIBABI,KANDUYI,BUNGOMA,,0.69,34.55
MARTI WARD ACADEMY,PRIMARY SCHOOL,PRIVATE,WESTERN,BUNGOMA,KANDUYI,KIBABI,KANDUYI,BUNGOMA,,0.68,34.54
TOP MARK ACADEMY,PRIMARY SCHOOL,PRIVATE,WESTERN,LUGARI,LUGARI,LUGARI,LUGARI,KAKAMEGA,,0.65,34.87
LUGARI ACADEMY,PRIMARY SCHOOL,PRIVATE,WESTERN,LUGARI,LUGARI,LUGARI,LUGARI,KAKAMEGA,,0.66,34.88
CHRISTIAN RESOURCE CENTRE PRI,PRIMARY SCHOOL,PRIVATE,WESTERN,LUGARI,MATETE,LUANDETI,MALAVA,KAKAMEGA,,0.63,34.85
UNIVERSAL ACADEMY,PRIMARY SCHOOL,PRIVATE,WESTERN,LUGARI,MATETE,LUANDETI,MALAVA,KAKAMEGA,,0.61,34.85
RISING ANGELS ACADEMY,PRIMARY SCHOOL,PRIVATE,WESTERN,BUNGOMA,KANDUYI,KIBABI,KANDUYI,BUNGOMA,,0.66,34.51
LWANDETI TOWNSHIP PRI,PRIMARY SCHOOL,PRIVATE,WESTERN,LUGARI,MATETE,LUANDETI,MALAVA,KAKAMEGA,,0.61,34.85
IMANI B INTERGRATED CENTRE,PRIMARY SCHOOL,PRIVATE,WESTERN,BUNGOMA,KANDUYI,KIBABI,KANDUYI,BUNGOMA,,0.65,34.51
IMANI INTEGTRATED EDUCATION CENTRE,PRIMARY SCHOOL,PRIVATE,WESTERN,BUNGOMA,KANDUYI,KIBABI,KANDUYI,BUNGOMA,,0.63,34.53
BUNGOMA ELITE SCH,PRIMARY SCHOOL,PRIVATE,WESTERN,BUNGOMA,KANDUYI,KIBABI,KANDUYI,BUNGOMA,,0.61,34.54
HII VIEW ACADEMY,PRIMARY SCHOOL,PRIVATE,WESTERN,BUNGOMA,KANDUYI,KIBABI,KANDUYI,BUNGOMA,,0.61,34.54
MEWA ACADEMY,PRIMARY SCHOOL,PRIVATE,WESTERN,BUNGOMA,KANDUYI,TOWNSHIP,KANDUYI,BUNGOMA,,0.6,34.56
MOONLIGHT SCH,PRIMARY SCHOOL,PRIVATE,WESTERN,BUNGOMA,KANDUYI,TOWNSHIP,KANDUYI,BUNGOMA,,0.6,34.55
CANA SCHOOLS,PRIMARY SCHOOL,PRIVATE,WESTERN,BUNGOMA,KANDUYI,TOWNSHIP,KANDUYI,BUNGOMA,,0.6,34.55
PINNACLE ACADEMY,PRIMARY SCHOOL,PRIVATE,WESTERN,BUNGOMA,KANDUYI,TOWNSHIP,KANDUYI,BUNGOMA,,0.59,34.55
SUNRISE ACADEMY,PRIMARY SCHOOL,PRIVATE,WESTERN,BUNGOMA,KANDUYI,TOWNSHIP,KANDUYI,BUNGOMA,,0.59,34.56
MARELL ACADEMY,PRIMARY SCHOOL,PRIVATE,WESTERN,BUNGOMA,KANDUYI,TOWNSHIP,KANDUYI,BUNGOMA,,0.58,34.56
CHRIST THE KING PRI,PRIMARY SCHOOL,PRIVATE,WESTERN,BUNGOMA,KANDUYI,TOWNSHIP,KANDUYI,BUNGOMA,,0.57,34.56
SOUTHEND ACADEMY,PRIMARY SCHOOL,PRIVATE,WESTERN,BUNGOMA,KANDUYI,TOWNSHIP,KANDUYI,BUNGOMA,,0.56,34.56
FOUNTAIN GATE PREPARATORY,PRIMARY SCHOOL,PRIVATE,WESTERN,BUNGOMA,KANDUYI,TOWNSHIP,KANDUYI,BUNGOMA,,0.56,34.56
BAPTIST PRECIOUS ACADEMY,PRIMARY SCHOOL,PRIVATE,WESTERN,BUNGOMA,KANDUYI,MUSIKOMA,BUMULA,BUNGOMA,,0.55,34.56
LAVIN ACADEMY,PRIMARY SCHOOL,PRIVATE,WESTERN,BUNGOMA,KANDUYI,MUSIKOMA,BUMULA,BUNGOMA,,0.51,34.56
NABII ACADEMY,PRIMARY SCHOOL,PRIVATE,WESTERN,BUNGOMA,KANDUYI,TOWNSHIP,KANDUYI,BUNGOMA,,0.57,34.56
MADELEINE ACADEMY,PRIMARY SCHOOL,PRIVATE,WESTERN,BUNGOMA,KANDUYI,EAST BUKUSU,KANDUYI,BUNGOMA,,0.51,34.65
INDAGANA ACADEMY,PRIMARY SCHOOL,PRIVATE,WESTERN,LUGARI,LUGARI,LUGARI,LUGARI,KAKAMEGA,,0.69,34.93
EXODUS ACADEMY PRI,PRIMARY SCHOOL,PRIVATE,WESTERN,LUGARI,LIKUYANI,LIKUYANI,LUGARI,KAKAMEGA,,0.65,35.08
KIPKAREN VISION JUNIOR ACADEMY PRI,PRIMARY SCHOOL,PRIVATE,WESTERN,LUGARI,LUGARI,LUMAKANDA,LUGARI,KAKAMEGA,,0.61,34.96
SUNRISE VALLEY ACADEMY PRI,PRIMARY SCHOOL,PRIVATE,WESTERN,LUGARI,LUGARI,LUMAKANDA,LUGARI,KAKAMEGA,,0.63,34.97
LITTLE STARS JUNIOR ACADEMY,PRIMARY SCHOOL,PRIVATE,WESTERN,LUGARI,LUGARI,LUMAKANDA,LUGARI,KAKAMEGA,,0.63,34.97
TRIMAMS ACADEMY PRI,PRIMARY SCHOOL,PRIVATE,WESTERN,LUGARI,LUGARI,LUMAKANDA,LUGARI,KAKAMEGA,,0.63,34.95
GRACIOUS ACADEMY,PRIMARY SCHOOL,PRIVATE,WESTERN,LUGARI,LIKUYANI,LIKUYANI,LUGARI,KAKAMEGA,,0.71,35.15
IVUGWI  BAPTIST ORPHANAGE PRI,PRIMARY SCHOOL,PRIVATE,WESTERN,LUGARI,LIKUYANI,LIKUYANI,LUGARI,KAKAMEGA,,0.69,35.15
EDMOS JUNIOR ACADEMY,PRIMARY SCHOOL,PRIVATE,WESTERN,LUGARI,LUGARI,LUMAKANDA,LUGARI,KAKAMEGA,,0.64,35.03
ST PETERS HILL SHALOM ACADEMY,PRIMARY SCHOOL,PRIVATE,WESTERN,LUGARI,LUGARI,LUMAKANDA,LUGARI,KAKAMEGA,,0.64,35.01
SHEPHERED PREPARATORY ACADEMY,PRIMARY SCHOOL,PRIVATE,WESTERN,LUGARI,LUGARI,LUMAKANDA,LUGARI,KAKAMEGA,,0.64,35.02
ST PETERS BOYS BOARDING PRI,PRIMARY SCHOOL,PRIVATE,WESTERN,LUGARI,LUGARI,MAUTUMA,LUGARI,KAKAMEGA,,0.71,35.01
MSAMARIA PRI,PRIMARY SCHOOL,PRIVATE,WESTERN,LUGARI,LIKUYANI,KONGONI,LUGARI,KAKAMEGA,,0.74,35.09
MAUTUMA ACADEMY,PRIMARY SCHOOL,PRIVATE,WESTERN,LUGARI,LUGARI,MAUTUMA,LUGARI,KAKAMEGA,,0.74,34.98
SET LIGHT PRI,PRIMARY SCHOOL,PRIVATE,WESTERN,LUGARI,LIKUYANI,KONGONI,LUGARI,KAKAMEGA,,0.75,35.12
MAUTUMA CHRISTIAN BROTHERHOOD PRI,PRIMARY SCHOOL,PRIVATE,WESTERN,LUGARI,LUGARI,MAUTUMA,LUGARI,KAKAMEGA,,0.74,34.98
JOOP AND CECILE PRI,PRIMARY SCHOOL,PRIVATE,WESTERN,LUGARI,LIKUYANI,KONGONI,LUGARI,KAKAMEGA,,0.75,35.13
NZOIA ACADEMY PRI,PRIMARY SCHOOL,PRIVATE,WESTERN,LUGARI,LIKUYANI,SINOKO,LUGARI,KAKAMEGA,,0.89,35.04
BRENARDSS ACADEMY PRI,PRIMARY SCHOOL,PRIVATE,WESTERN,LUGARI,LIKUYANI,SINOKO,LUGARI,KAKAMEGA,,0.87,35.04
PANACA ACADEMY,PRIMARY SCHOOL,PRIVATE,WESTERN,LUGARI,LUGARI,LUGARI,LUGARI,KAKAMEGA,,0.7,34.99
ST GABRIEL ACADEMY-PRI,PRIMARY SCHOOL,PRIVATE,WESTERN,LUGARI,LUGARI,LUGARI,LUGARI,KAKAMEGA,,0.71,34.98
KINGS AND QUEENS PRI,PRIMARY SCHOOL,PRIVATE,WESTERN,LUGARI,LIKUYANI,NZOIA,LUGARI,KAKAMEGA,,0.84,35.06
SPRINGS JUNIOR ACADEMY,PRIMARY SCHOOL,PRIVATE,NYANZA,MIGORI,NYATIKE,SOUTH KADEM,NYATIKE,MIGORI,,-1,34.25
MWANA ACADEMY PRIMARY,PRIMARY SCHOOL,PRIVATE,WESTERN,BUNGOMA,BUMULA,KIMAETI,BUMULA,BUNGOMA,,0.57,34.39
SHINE BRIGHTER JUNIOR ACADEMY,PRIMARY SCHOOL,PRIVATE,NYANZA,MIGORI,NYATIKE,SOUTH KADEM,NYARIBARI MASABA,KISII,,-0.95,34.21
KAMURUMBA JOY ACADEMY PRIMARY,PRIMARY SCHOOL,PRIVATE,WESTERN,BUNGOMA,BUMULA,NAPARA,BUMULA,BUNGOMA,,0.63,34.42
ST. MICHAEL'S MACALDER ACADEMY PRI,PRIMARY SCHOOL,PRIVATE,NYANZA,MIGORI,NYATIKE,NORTH EAST KADEM,NYATIKE,MIGORI,,-0.96,34.29
KIMAETI ACADEMY PRIMARY,PRIMARY SCHOOL,PRIVATE,WESTERN,BUNGOMA,BUMULA,NAPARA,BUMULA,BUNGOMA,,0.61,34.41
NAKALILA ORPHANAGE PRIMARY,PRIMARY SCHOOL,PRIVATE,WESTERN,BUNGOMA,BUMULA,KIMAETI,BUMULA,BUNGOMA,,0.6,34.42
BARAKA ACADEMY PRIMARY,PRIMARY SCHOOL,PRIVATE,WESTERN,BUNGOMA,BUMULA,KIBUKE,BUMULA,BUNGOMA,,0.6,34.46
ST PETERS ACADEMY,PRIMARY SCHOOL,PRIVATE,NYANZA,MIGORI,NYATIKE,WEST KADEM,NYATIKE,MIGORI,,-0.87,34.2
ST. MARY'S HOPE PROGRESSIVE PRIMARY,PRIMARY SCHOOL,PRIVATE,WESTERN,BUNGOMA,BUMULA,MUKWA,BUMULA,BUNGOMA,,0.69,34.49
ANNA ACADEMY,PRIMARY SCHOOL,PRIVATE,NYANZA,MIGORI,NYATIKE,WEST KADEM,NYATIKE,MIGORI,,-0.88,34.19
IMANI INTERGRATED PRIMARY SCH,PRIMARY SCHOOL,PRIVATE,WESTERN,BUNGOMA,BUMULA,MUKWA,BUMULA,BUNGOMA,,0.65,34.51
ST MATTIA NZZOLI NYAKWERI PRI,PRIMARY SCHOOL,PRIVATE,NYANZA,MIGORI,NYATIKE,CENTRAL KADEM,NYATIKE,MIGORI,,-0.93,34.22
ST RONALD PHILIP ACADEMY,PRIMARY SCHOOL,PRIVATE,NYANZA,MIGORI,NYATIKE,WEST KADEM,NYATIKE,MIGORI,,-0.93,34.14
ST JOHN ORPHANAGE PRI,PRIMARY SCHOOL,PRIVATE,NYANZA,MIGORI,NYATIKE,WEST KADEM,NYATIKE,MIGORI,,-0.93,34.14
HOPESTEP ACADEMIC CENTRE PRIMARY,PRIMARY SCHOOL,PRIVATE,WESTERN,BUNGOMA,BUMULA,SIBOTI,BUMULA,BUNGOMA,,0.67,34.43
ST. PAULS JUNIOR ACADEMY PRI,PRIMARY SCHOOL,PRIVATE,NYANZA,MIGORI,NYATIKE,NORTH KADEM,NYATIKE,MIGORI,,-0.88,34.28
CHEPKWISIMO EDUCATIONAL CENTRE PRI,PRIMARY SCHOOL,PRIVATE,WESTERN,MT ELGON,KAPTAMA,KONGIT,MT ELGON,BUNGOMA,,0.88,34.73
ST. KABARY ACADEMY PRI,PRIMARY SCHOOL,PRIVATE,NYANZA,MIGORI,NYATIKE,NORTH EAST KADEM,NYATIKE,MIGORI,,-0.91,34.28
NDORI PRI SCH,PRIMARY SCHOOL,PRIVATE,NYANZA,MIGORI,URIRI,CENTRAL KABUOCH,URIRI,MIGORI,,-0.92,34.45
NOMORIO BLESSED ACADEMY,PRIMARY SCHOOL,PRIVATE,WESTERN,MT ELGON,KAPSOKWONY,NOMORIO,MT ELGON,BUNGOMA,,0.84,34.68
ONACHA ACADEMY,PRIMARY SCHOOL,PRIVATE,NYANZA,MIGORI,NYATIKE,NORTH KADEM,NYATIKE,MIGORI,,-0.87,34.2
HURUMA DOLOAR PRIMARY SCHOOL,PRIMARY SCHOOL,PRIVATE,NYANZA,MIGORI,URIRI,WEST KANYAMKAGO,URIRI,MIGORI,,-0.99,34.47
OMBO ACADEMY,PRIMARY SCHOOL,PRIVATE,NYANZA,MIGORI,URIRI,CENTRAL KANYAMKAGO,URIRI,MIGORI,,-0.91,34.42
BEAM ACADEMY PRIMARY,PRIMARY SCHOOL,PRIVATE,WESTERN,BUNGOMA,KIMILILI,MAENI,KIMILILI,BUNGOMA,,0.82,34.73
NGURESAI SS ACADEMY,PRIMARY SCHOOL,PRIVATE,WESTERN,MT ELGON,KAPSOKWONY,KAPSOKWONY,MT ELGON,BUNGOMA,,0.85,34.72
CHEPTIKIT ACADEMY PRI,PRIMARY SCHOOL,PRIVATE,WESTERN,MT ELGON,KAPSOKWONY,KAPSOKWONY,MT ELGON,BUNGOMA,,0.85,34.71
REVEREND OKERE PRECIOUS PRI SCH,PRIMARY SCHOOL,PRIVATE,WESTERN,MT ELGON,KAPTAMA,CHEMOGE,MT ELGON,BUNGOMA,,0.84,34.75
FAITH VICTORY ACADEMY,PRIMARY SCHOOL,PRIVATE,WESTERN,MT ELGON,KAPSOKWONY,ELGON,MT ELGON,BUNGOMA,,0.82,34.7
KAMUTIONG GLORY ACADEMY,PRIMARY SCHOOL,PRIVATE,WESTERN,MT ELGON,KAPSOKWONY,ELGON,MT ELGON,BUNGOMA,,0.81,34.7
HIGHLIGHT BAPTIST SCHOOL,PRIMARY SCHOOL,PRIVATE,NYANZA,MIGORI,URIRI,SOUTH KANYAMKAGO,URIRI,MIGORI,,-1.01,34.48
KAMUSINDE COMPLEX ACADEMY PRIMARY,PRIMARY SCHOOL,PRIVATE,WESTERN,BUNGOMA,KIMILILI,MAENI,KIMILILI,BUNGOMA,,0.82,34.76
OYANI BRIDGE ACADEMY,PRIMARY SCHOOL,PRIVATE,NYANZA,MIGORI,URIRI,SOUTH KANYAMKAGO,URIRI,MIGORI,,-0.98,34.5
KOONY ACADEMY PRI,PRIMARY SCHOOL,PRIVATE,WESTERN,MT ELGON,KAPTAMA,CHESITO,MT ELGON,BUNGOMA,,0.88,34.77
BARRY ACADEMY PRI,PRIMARY SCHOOL,PRIVATE,NYANZA,MIGORI,URIRI,SOUTH KANYAMKAGO,URIRI,MIGORI,,-0.99,34.5
SHALOM ACADEMY PRIMARY,PRIMARY SCHOOL,PRIVATE,WESTERN,BUNGOMA,KIMILILI,MAENI,KIMILILI,BUNGOMA,,0.82,34.76
TRUE FOUND EMMANUEL PRI,PRIMARY SCHOOL,PRIVATE,NYANZA,MIGORI,URIRI,SOUTH KANYAMKAGO,URIRI,MIGORI,,-0.98,34.5
BWARE JUNIOR ACADEMY,PRIMARY SCHOOL,PRIVATE,NYANZA,MIGORI,URIRI,SOUTH KANYAMKAGO,URIRI,MIGORI,,-1,34.53
PROMISED LAND ACADEMY,PRIMARY SCHOOL,PRIVATE,WESTERN,BUNGOMA,KIMILILI,MAENI,KIMILILI,BUNGOMA,,0.83,34.76
TRANS ELGON PREPARATORY PRI SCH,PRIMARY SCHOOL,PRIVATE,WESTERN,MT ELGON,KAPTAMA,KONGIT,MT ELGON,BUNGOMA,,0.89,34.73
CHEMONDI SDA ACADEMY,PRIMARY SCHOOL,PRIVATE,WESTERN,MT ELGON,CHEPTAIS,CHESIKAK,MT ELGON,BUNGOMA,,0.82,34.5
BETHEL DAIMA ACADEMY,PRIMARY SCHOOL,PRIVATE,WESTERN,BUNGOMA,KIMILILI,KAMUKUYWA,KIMILILI,BUNGOMA,,0.85,34.79
ZAKAYO ACADEMY PRIMARY,PRIMARY SCHOOL,PRIVATE,WESTERN,BUNGOMA,KIMILILI,KAMUKUYWA,KIMILILI,BUNGOMA,,0.84,34.79
GENESIS ACADEMY PRIMARY,PRIMARY SCHOOL,PRIVATE,WESTERN,BUNGOMA,KIMILILI,KAMUKUYWA,KIMILILI,BUNGOMA,,0.82,34.8
ST KEVINS RAPOGI JUNIOR,PRIMARY SCHOOL,PRIVATE,NYANZA,MIGORI,URIRI,NORTH KANYAMKAGO,URIRI,MIGORI,,-0.91,34.47
CHEPTAIS ELITE ACADEMY PRI SCH,PRIMARY SCHOOL,PRIVATE,WESTERN,MT ELGON,CHEPTAIS,CHEPTAIS,MT ELGON,BUNGOMA,,0.81,34.46
ST.THOMAS ACADEMY PRIMARY,PRIMARY SCHOOL,PRIVATE,WESTERN,BUNGOMA,KIMILILI,KAMUKUYWA,KIMILILI,BUNGOMA,,0.76,34.8
ST MICHAEL ACADEMY,PRIMARY SCHOOL,PRIVATE,NYANZA,SUBA,MBITA,RUSINGA EAST,MBITA,HOMA BAY,,-0.41,34.2
MOTHER TERESA ACADEMY,PRIMARY SCHOOL,PRIVATE,NYANZA,SUBA,CENTRAL,RUMA,GWASSI,HOMA BAY,,-0.49,34.17
NEEMA EDUCATION CENTRE PRIMARY,PRIMARY SCHOOL,PRIVATE,WESTERN,BUNGOMA,KIMILILI,KAMUKUYWA,KIMILILI,BUNGOMA,,0.76,34.78
KAMUKUYWA CENTRAL ACADEMY PRIMARY,PRIMARY SCHOOL,PRIVATE,WESTERN,BUNGOMA,KIMILILI,KAMUKUYWA,KIMILILI,BUNGOMA,,0.78,34.79
KOGEMBO SUCCESS ACADEMY,PRIMARY SCHOOL,PRIVATE,NYANZA,MIGORI,URIRI,S.E. KANYAMKAGO,URIRI,MIGORI,,-0.95,34.51
ALPHA ACADEMY PRIMARY SCH,PRIMARY SCHOOL,PRIVATE,WESTERN,BUNGOMA,KIMILILI,KAMUKUYWA,KIMILILI,BUNGOMA,,0.78,34.78
HILL VIEW ACADEMY,PRIMARY SCHOOL,PRIVATE,NYANZA,MIGORI,URIRI,S.E. KANYAMKAGO,URIRI,MIGORI,,-0.95,34.51
FURAHA ACADEMY,PRIMARY SCHOOL,PRIVATE,NYANZA,SUBA,CENTRAL,KAKSINGRI CENTRAL,GWASSI,HOMA BAY,,-0.53,34.17
GIRAFFE ACADEMY PRIMARY,PRIMARY SCHOOL,PRIVATE,WESTERN,BUNGOMA,KIMILILI,KAMUKUYWA,KIMILILI,BUNGOMA,,0.78,34.78
KISANGURA PRI,PRIMARY SCHOOL,PRIVATE,NYANZA,MIGORI,URIRI,S.E.KANYAMKAGO,URIRI,MIGORI,,-0.97,34.52
FORTUNE ACADEMY,PRIMARY SCHOOL,PRIVATE,NYANZA,SUBA,CENTRAL,KAKSINGRI CENTRAL,GWASSI,HOMA BAY,,-0.54,34.17
UTUBORA EDUCATION CENTRE PRIMARY,PRIMARY SCHOOL,PRIVATE,WESTERN,BUNGOMA,KIMILILI,KAMUKUYWA,KIMILILI,BUNGOMA,,0.78,34.78
BABY SHINE ACADEMY,PRIMARY SCHOOL,PRIVATE,NYANZA,SUBA,CENTRAL,KAKSINGRI CENTRAL,GWASSI,HOMA BAY,,-0.54,34.17
LITTLE ROOTS ACADEMY SINDO,PRIMARY SCHOOL,PRIVATE,NYANZA,SUBA,CENTRAL,KAKSINGRI CENTRAL,GWASSI,HOMA BAY,,-0.54,34.17
GREY BRICK ACADEMY PRIMARY,PRIMARY SCHOOL,PRIVATE,WESTERN,BUNGOMA,MALAKISI,MALAKISI,SIRISIA,BUNGOMA,,0.68,34.42
SINDO BAPTIST ACADEMY,PRIMARY SCHOOL,PRIVATE,NYANZA,SUBA,CENTRAL,KAKSINGRI CENTRAL,GWASSI,HOMA BAY,,-0.54,34.17
NISSISINO ACADEMY,PRIMARY SCHOOL,PRIVATE,NYANZA,SUBA,CENTRAL,RUMA,GWASSI,HOMA BAY,,-0.53,34.17
GOOD HOPE ACADEMY,PRIMARY SCHOOL,PRIVATE,NYANZA,SUBA,CENTRAL,RUMA,GWASSI,HOMA BAY,,-0.54,34.17
CHEMWAY,PRIMARY SCHOOL,PRIVATE,WESTERN,MT ELGON,KOPSIRO,KAPKATENY,MT ELGON,BUNGOMA,,0.82,34.59
JOYBRIBGERS ACADEMY,PRIMARY SCHOOL,PRIVATE,NYANZA,MIGORI,URIRI,EAST KANYAMKAGO,URIRI,MIGORI,,-1.04,34.6
BERUR ACADEMY,PRIMARY SCHOOL,PRIVATE,WESTERN,MT ELGON,KOPSIRO,CHEPYUK,MT ELGON,BUNGOMA,,0.84,34.59
SPRINGFIELD ACADEMY,PRIMARY SCHOOL,PRIVATE,WESTERN,MT ELGON,KOPSIRO,CHEPYUK,MT ELGON,BUNGOMA,,0.86,34.59
KASTAAY ACADEMY,PRIMARY SCHOOL,PRIVATE,WESTERN,MT ELGON,KOPSIRO,CHEPYUK,MT ELGON,BUNGOMA,,0.87,34.59
ST. BASIL JUNIOR ACADEMY,PRIMARY SCHOOL,PRIVATE,NYANZA,MIGORI,AWENDO,SOUTH SAKWA,RONGO,MIGORI,,-1,34.59
KIBUMET K.C.C,PRIMARY SCHOOL,PRIVATE,WESTERN,MT ELGON,KOPSIRO,CHEPYUK,MT ELGON,BUNGOMA,,0.86,34.59
HILL VIEW ACADEMY,PRIMARY SCHOOL,PRIVATE,NYANZA,SUBA,CENTRAL,KAKSINGRI CENTRAL,GWASSI,HOMA BAY,,-0.59,34.16
RAGWE PRI,PRIMARY SCHOOL,PRIVATE,NYANZA,SUBA,CENTRAL,KAKSINGRI WEST,GWASSI,HOMA BAY,,-0.57,34.09
RUKONGO OVC PRI,PRIMARY SCHOOL,PRIVATE,NYANZA,SUBA,CENTRAL,KAKSINGRI EAST,GWASSI,HOMA BAY,,-0.55,34.21
MEJA JUNIOR PRI,PRIMARY SCHOOL,PRIVATE,NYANZA,SUBA,CENTRAL,KAKSINGRI WEST,GWASSI,HOMA BAY,,-0.55,34.25
RED SILVER ACADEMY,PRIMARY SCHOOL,PRIVATE,NYANZA,SUBA,CENTRAL,RUMA,GWASSI,HOMA BAY,,-0.55,34.28
LENA PREPARATORY COMPLEX PRIMARY,PRIMARY SCHOOL,PRIVATE,WESTERN,BUNGOMA,MALAKISI,LWANDANYI,SIRISIA,BUNGOMA,,0.79,34.38
VALLEY ACADEMY,PRIMARY SCHOOL,PRIVATE,NYANZA,SUBA,CENTRAL,RUMA,GWASSI,HOMA BAY,,-0.56,34.28
NYALKEMBO PRI,PRIMARY SCHOOL,PRIVATE,NYANZA,SUBA,CENTRAL,RUMA,GWASSI,HOMA BAY,,-0.59,34.24
MULIMA BORA ACADEMY,PRIMARY SCHOOL,PRIVATE,WESTERN,BUNGOMA,SIRISIA,SIRISIA,SIRISIA,BUNGOMA,,0.76,34.5
BRIGHT TON ACADEMY,PRIMARY SCHOOL,PRIVATE,NYANZA,SUBA,LAMBWE,LAMBWE WEST,MBITA,HOMA BAY,,-0.56,34.32
HILL GATES ACADEMY,PRIMARY SCHOOL,PRIVATE,NYANZA,SUBA,LAMBWE,LAMBWE WEST,MBITA,HOMA BAY,,-0.57,34.37
ST LUKES ACADEMY,PRIMARY SCHOOL,PRIVATE,NYANZA,SUBA,LAMBWE,LAMBWE WEST,MBITA,HOMA BAY,,-0.57,34.37
WARINGA PRI,PRIMARY SCHOOL,PRIVATE,NYANZA,SUBA,LAMBWE,LAMBWE WEST,MBITA,HOMA BAY,,-0.58,34.35
BETHEL ACADEMY PRIMARY SCH,PRIMARY SCHOOL,PRIVATE,WESTERN,BUNGOMA,SIRISIA,NAMWELA,SIRISIA,BUNGOMA,,0.77,34.55
NAMWELA TOWNSHIP PRIMARY SCH,PRIMARY SCHOOL,PRIVATE,WESTERN,BUNGOMA,SIRISIA,NAMWELA,SIRISIA,BUNGOMA,,0.77,34.55
AMBES ACADEMY PRIMARY SCHOOL,PRIMARY SCHOOL,PRIVATE,NYANZA,MIGORI,AWENDO,SOUTH SAKWA,RONGO,MIGORI,,-1,34.58
MARIWA JUNIOR ACADEMY (PRI),PRIMARY SCHOOL,PRIVATE,NYANZA,MIGORI,AWENDO,SOUTH SAKWA,RONGO,MIGORI,,-0.97,34.57
PRAISE ACADEMY,PRIMARY SCHOOL,PRIVATE,WESTERN,MT ELGON,KOPSIRO,EMIA,MT ELGON,BUNGOMA,,0.83,34.55
JISTO KUTERE ACADEMY,PRIMARY SCHOOL,PRIVATE,WESTERN,MT ELGON,KOPSIRO,CHONGEYWO,MT ELGON,BUNGOMA,,0.81,34.57
KING DANIEL ORPHANAGE PRI,PRIMARY SCHOOL,PRIVATE,NYANZA,MIGORI,AWENDO,EAST SAKWA,RONGO,MIGORI,,-0.88,34.58
STARLING ACADEMY PRI,PRIMARY SCHOOL,PRIVATE,NYANZA,MIGORI,AWENDO,EAST SAKWA,RONGO,MIGORI,,-0.91,34.53
RANEN JUNIOR ACADEMY,PRIMARY SCHOOL,PRIVATE,NYANZA,MIGORI,AWENDO,NORTH SAKWA,RONGO,MIGORI,,-0.86,34.56
YAYA ACADEMY,PRIMARY SCHOOL,PRIVATE,WESTERN,MT ELGON,KOPSIRO,KAPKATENY,MT ELGON,BUNGOMA,,0.8,34.62
ESTARO PRI,PRIMARY SCHOOL,PRIVATE,NYANZA,MIGORI,AWENDO,NORTH SAKWA,RONGO,MIGORI,,-0.86,34.56
MPAKANI ELIM ACADEMY,PRIMARY SCHOOL,PRIVATE,WESTERN,MT ELGON,KOPSIRO,KAPKATENY,MT ELGON,BUNGOMA,,0.79,34.59
ST JOHN ACADEMY RANEN,PRIMARY SCHOOL,PRIVATE,NYANZA,MIGORI,AWENDO,NORTH SAKWA,RONGO,MIGORI,,-0.86,34.57
GOOD HOPE ACADEMY,PRIMARY SCHOOL,PRIVATE,NYANZA,MIGORI,AWENDO,NORTH SAKWA,RONGO,MIGORI,,-0.86,34.57
KANG'ANGA ACADEMY,PRIMARY SCHOOL,PRIVATE,WESTERN,MT ELGON,MT ELGON FOREST,CHEPTAIS,MT ELGON,BUNGOMA,,0.83,34.47
CHEPTIYA SDA,PRIMARY SCHOOL,PRIVATE,WESTERN,MT ELGON,CHEPTAIS,CHEPTAIS,MT ELGON,BUNGOMA,,0.84,34.47
RANEN SDA PRI,PRIMARY SCHOOL,PRIVATE,NYANZA,MIGORI,AWENDO,NORTH SAKWA,RONGO,MIGORI,,-0.84,34.56
BURKENWO PRIMARY,PRIMARY SCHOOL,PRIVATE,WESTERN,MT ELGON,CHEPTAIS,CHEPKUBE,MT ELGON,BUNGOMA,,0.85,34.44
CHEBWEK SDA,PRIMARY SCHOOL,PRIVATE,WESTERN,MT ELGON,CHEPTAIS,CHEPKUBE,MT ELGON,BUNGOMA,,0.86,34.46
KABERO (KAMARANG),PRIMARY SCHOOL,PRIVATE,WESTERN,MT ELGON,CHEPTAIS,SASURI,MT ELGON,BUNGOMA,,0.83,34.48
ZAKSTAR ACADEMY,PRIMARY SCHOOL,PRIVATE,WESTERN,MT ELGON,CHEPTAIS,CHEPTAIS,MT ELGON,BUNGOMA,,0.81,34.46
UPPER HILL ACADEMY,PRIMARY SCHOOL,PRIVATE,NYANZA,MIGORI,AWENDO,NORTH SAKWA,RONGO,MIGORI,,-0.78,34.51
ST KIZITO PREPARATOR SCH,PRIMARY SCHOOL,PRIVATE,NYANZA,MIGORI,AWENDO,NORTH SAKWA,RONGO,MIGORI,,-0.77,34.52
CHEPTAIS GREEN VALLEY PRIMARY,PRIMARY SCHOOL,PRIVATE,WESTERN,MT ELGON,CHEPTAIS,SASURI,MT ELGON,BUNGOMA,,0.81,34.47
BANDA MEMORIAL ACA PRI SCH,PRIMARY SCHOOL,PRIVATE,WESTERN,BUNGOMA,WEBUYE,BOKOLI,WEBUYE,BUNGOMA,,0.7,34.65
LADY ESTHER ACADEMY,PRIMARY SCHOOL,PRIVATE,NYANZA,SUBA,GWASSI,GWASSI CENTRAL,GWASSI,HOMA BAY,,-0.69,34.15
GOODNEWS ACADEMY,PRIMARY SCHOOL,PRIVATE,NYANZA,SUBA,GWASSI,GWASSI CENTRAL,GWASSI,HOMA BAY,,-0.69,34.15
MAKRIAS CHRISTIAN SCHOOL,PRIMARY SCHOOL,PRIVATE,NYANZA,SUBA,GWASSI,GWASSI CENTRAL,GWASSI,HOMA BAY,,-0.69,34.15
CHEBWARE GATEWAY ACADEMY,PRIMARY SCHOOL,PRIVATE,WESTERN,MT ELGON,KAPSOKWONY, ,MT ELGON,BUNGOMA,,0.83,34.63
KAKAMEGA INTERNATIONAL  SCHOOL,PRIMARY SCHOOL,PRIVATE,WESTERN,KAKAMEGA,LURAMBI,BUTSOTSO CENTRAL,LURAMBI,KAKAMEGA,,0.27,34.7
KING JESUS ACA PRI SCH,PRIMARY SCHOOL,PRIVATE,WESTERN,BUNGOMA,KANDUYI,BUKEMBE,KANDUYI,BUNGOMA,,0.6,34.62
RUSH ACADEMY PRY SCH,PRIMARY SCHOOL,PRIVATE,WESTERN,KAKAMEGA,MUNICIPALITY,BUKHUNGU,LURAMBI,KAKAMEGA,,0.27,34.72
MT. ELGON EAST ACADEMY,PRIMARY SCHOOL,PRIVATE,WESTERN,MT ELGON,KAPTAMA,KAPTAMA,MT ELGON,BUNGOMA,,0.89,34.77
MONTESSORY PRINCE ACADEMY,PRIMARY SCHOOL,PRIVATE,WESTERN,MT ELGON,KAPTAMA,KABOYWO,MT ELGON,BUNGOMA,,0.92,34.77
VICTORY ACADEMY,PRIMARY SCHOOL,PRIVATE,WESTERN,MT ELGON,KAPTAMA,KABOYWO,MT ELGON,BUNGOMA,,0.93,34.75
LORDS AND QUEENS ACADEMY,PRIMARY SCHOOL,PRIVATE,WESTERN,MT ELGON,KAPTAMA, ,MT ELGON,BUNGOMA,,0.87,34.75
EASTERN GATE ACADEMY,PRIMARY SCHOOL,PRIVATE,WESTERN,MT ELGON,KAPTAMA, ,MT ELGON,BUNGOMA,,0.89,34.75
ST JOHN'S ACADEMY MASINDET,PRIMARY SCHOOL,PRIVATE,WESTERN,MT ELGON,KAPTAMA,CHEMOGE,MT ELGON,BUNGOMA,,0.84,34.74
REHOBOTH PREP PRY SCH,PRIMARY SCHOOL,PRIVATE,WESTERN,KAKAMEGA,MUNICIPALITY,SHIEYWE,LURAMBI,KAKAMEGA,,0.32,34.75
LITTLE STAR PRI SCH,PRIMARY SCHOOL,PRIVATE,WESTERN,BUNGOMA,KANDUYI,BUKEMBE,KANDUYI,BUNGOMA,,0.53,34.6
TUMAINI ACADEMY PRY SCH,PRIMARY SCHOOL,PRIVATE,WESTERN,KAKAMEGA,MUNICIPALITY,SHIEYWE,LURAMBI,KAKAMEGA,,0.31,34.76
OVERCOMING FAITH PRY SCH,PRIMARY SCHOOL,PRIVATE,WESTERN,KAKAMEGA,MUNICIPALITY,SHIEYWE,LURAMBI,KAKAMEGA,,0.3,34.76
ST JOSEPHS JUNIOR PRI,PRIMARY SCHOOL,PRIVATE,NYANZA,SUBA,GWASSI,GWASSI WEST,GWASSI,HOMA BAY,,-0.72,34.06
ALL SAINTS ACADEMY,PRIMARY SCHOOL,PRIVATE,NYANZA,KISUMU,MASENO,NORTH WEST KISUMU,KISUMU RURAL,KISUMU,,0,34.6
SANGALO HILLVIEW ACA PRI SCH,PRIMARY SCHOOL,PRIVATE,WESTERN,BUNGOMA,KANDUYI,BUKEMBE,KANDUYI,BUNGOMA,,0.52,34.59
VISION ACADEMY,PRIMARY SCHOOL,PRIVATE,NYANZA,KISUMU,MASENO,NORTH WEST KISUMU,KISUMU RURAL,KISUMU,,0,34.6
THE HAVEN ACADEMY,PRIMARY SCHOOL,PRIVATE,NYANZA,KISUMU,MASENO,NORTH WEST KISUMU,KISUMU RURAL,KISUMU,,-0.01,34.59
KIWA JUNIOR,PRIMARY SCHOOL,PRIVATE,NYANZA,SUBA,GWASSI,GWASSI WEST,GWASSI,HOMA BAY,,-0.75,34.03
KAKAMEGA ELITE PRY SCH,PRIMARY SCHOOL,PRIVATE,WESTERN,KAKAMEGA,MUNICIPALITY,BUKHUNGU,LURAMBI,KAKAMEGA,,0.28,34.72
OSIMBO PRY SCH,PRIMARY SCHOOL,PRIVATE,WESTERN,KAKAMEGA,MUNICIPALITY,BUKHUNGU,LURAMBI,KAKAMEGA,,0.28,34.74
OUR LADY OF ORORE PRI,PRIMARY SCHOOL,PRIVATE,NYANZA,SUBA,GWASSI,GWASSI SOUTH,GWASSI,HOMA BAY,,-0.78,34.09
WONDERLAND ACADEMY LELA,PRIMARY SCHOOL,PRIVATE,NYANZA,KISUMU,MASENO,NORTH WEST KISUMU,KISUMU RURAL,KISUMU,,-0.02,34.61
KING DAVID ACADEMY PRY SCH,PRIMARY SCHOOL,PRIVATE,WESTERN,KAKAMEGA,MUNICIPALITY,BUKHUNGU,LURAMBI,KAKAMEGA,,0.27,34.75
KHAKA JNR ACA PRI SCH,PRIMARY SCHOOL,PRIVATE,WESTERN,BUNGOMA,KANDUYI,EAST BUKUSU,KANDUYI,BUNGOMA,,0.49,34.61
KISAKU CENTRAL ACADEMY,PRIMARY SCHOOL,PRIVATE,NYANZA,SUBA,GWASSI,GWASSI NORTH,GWASSI,HOMA BAY,,-0.66,34.11
ALBERTOS DIVINE PROVIDENCE PRY SCH,PRIMARY SCHOOL,PRIVATE,WESTERN,KAKAMEGA,MUNICIPALITY,BUKHUNGU,LURAMBI,KAKAMEGA,,0.27,34.75
GETHSEMANE GARDEN CHRISTIAN CENTRE,PRIMARY SCHOOL,PRIVATE,NYANZA,SUBA,MFANGANO,MFANGANO NORTH,MBITA,HOMA BAY,,-0.46,34.06
ST GABRIEL'S UPPERSPRING ACA PRI,PRIMARY SCHOOL,PRIVATE,WESTERN,BUNGOMA,CHWELE,CHWELE,SIRISIA,BUNGOMA,,0.75,34.61
LIONS PRY SCH,PRIMARY SCHOOL,PRIVATE,WESTERN,KAKAMEGA,MUNICIPALITY,BUKHUNGU,LURAMBI,KAKAMEGA,,0.27,34.77
KAKAMEGA SDA SATELITE ACADEMY PRY SCH,PRIMARY SCHOOL,PRIVATE,WESTERN,KAKAMEGA,MUNICIPALITY,BUKHUNGU,LURAMBI,KAKAMEGA,,0.28,34.75
ST.JOSEPH'S ACADEMY PRY SCH,PRIMARY SCHOOL,PRIVATE,WESTERN,KAKAMEGA,MUNICIPALITY,BUKHUNGU,LURAMBI,KAKAMEGA,,0.28,34.75
BABYSHINE PRI,PRIMARY SCHOOL,PRIVATE,NYANZA,SUBA,CENTRAL,KAKSINGRI CENTRAL,GWASSI,HOMA BAY,,-0.59,34.1
KAKAMEGA HILL PRY SCH,PRIMARY SCHOOL,PRIVATE,WESTERN,KAKAMEGA,MUNICIPALITY,BUKHUNGU,LURAMBI,KAKAMEGA,,0.28,34.75
ELUFAFWA PRY SCH,PRIMARY SCHOOL,PRIVATE,WESTERN,KAKAMEGA,LURAMBI,BUTSOTSO EAST,LURAMBI,KAKAMEGA,,0.35,34.77
NYAGWETHE JUNIOR PRI,PRIMARY SCHOOL,PRIVATE,NYANZA,SUBA,GWASSI,GWASSI NORTH,GWASSI,HOMA BAY,,-0.61,34.1
APPLE GATE  PRY SCH,PRIMARY SCHOOL,PRIVATE,WESTERN,KAKAMEGA,MUNICIPALITY,BUKHUNGU,LURAMBI,KAKAMEGA,,0.29,34.76
SHAMTA ACADEMY PRY SCH,PRIMARY SCHOOL,PRIVATE,WESTERN,KAKAMEGA,MUNICIPALITY,BUKHUNGU,LURAMBI,KAKAMEGA,,0.3,34.74
NEW VISION PRI,PRIMARY SCHOOL,PRIVATE,NYANZA,SUBA,MFANGANO,MFANGANO WEST,MBITA,HOMA BAY,,-0.46,33.96
BARAKA COMPREHENSIVE PRY SCH,PRIMARY SCHOOL,PRIVATE,WESTERN,KAKAMEGA,MUNICIPALITY,BUKHUNGU,LURAMBI,KAKAMEGA,,0.29,34.75
VESSELS OF HONOUR PRI,PRIMARY SCHOOL,PRIVATE,NYANZA,SUBA,MFANGANO,MFANGANO NORTH,MBITA,HOMA BAY,,-0.43,34.02
VALENTINEACADEMY  PRY SCH,PRIMARY SCHOOL,PRIVATE,WESTERN,KAKAMEGA,LURAMBI,BUTSOTSO NORTH,LURAMBI,KAKAMEGA,,0.37,34.76
PINE BREEZE PRY SCH,PRIMARY SCHOOL,PRIVATE,WESTERN,KAKAMEGA,MUNICIPALITY,BUKHUNGU,LURAMBI,KAKAMEGA,,0.29,34.75
RIVER TERRACE ACADEMY  PRY SCH,PRIMARY SCHOOL,PRIVATE,WESTERN,KAKAMEGA,MUNICIPALITY,BUKHUNGU,LURAMBI,KAKAMEGA,,0.29,34.75
TERBANACLE I.P.S PRI,PRIMARY SCHOOL,PRIVATE,NYANZA,SUBA,MFANGANO,MFANGANO SOUTH,MBITA,HOMA BAY,,-0.43,34.04
VALLEY VIEW ACADEMY PRY SCH,PRIMARY SCHOOL,PRIVATE,WESTERN,KAKAMEGA,MUNICIPALITY,SHIEYWE,LURAMBI,KAKAMEGA,,0.3,34.75
GODSWILL ACADEMY PRY SCH,PRIMARY SCHOOL,PRIVATE,WESTERN,KAKAMEGA,ILEHO,KAMBIRI,SHINYALU,KAKAMEGA,,0.33,34.82
ST JAMES ACADEMY,PRIMARY SCHOOL,PRIVATE,NYANZA,KISUMU,KOMBEWA,SOUTH CENTRAL SEME,KISUMU RURAL,KISUMU,,-0.1,34.53
BRILLIANT ACADEMY,PRIMARY SCHOOL,PRIVATE,NYANZA,SUBA,MFANGANO,MFANGANO EAST,MBITA,HOMA BAY,,-0.49,34.03
MIRUNDA BEACH ACADEMY,PRIMARY SCHOOL,PRIVATE,NYANZA,SUBA,MBITA,GEMBE EAST,MBITA,HOMA BAY,,-0.45,34.32
ALERO ACADEMY PRI,PRIMARY SCHOOL,PRIVATE,NYANZA,SUBA,MBITA,GEMBE EAST,MBITA,HOMA BAY,,-0.47,34.34
GOOD SHEPHERD ACADEMY,PRIMARY SCHOOL,PRIVATE,NYANZA,SUBA,MBITA,GEMBE WEST,MBITA,HOMA BAY,,-0.42,34.21
ST TERESA ACADEMY,PRIMARY SCHOOL,PRIVATE,NYANZA,SUBA,MBITA,GEMBE WEST,MBITA,HOMA BAY,,-0.42,34.2
CHRISTS GIFT ACADEMY,PRIMARY SCHOOL,PRIVATE,NYANZA,SUBA,MBITA,GEMBE WEST,MBITA,HOMA BAY,,-0.45,34.2
MILIMANI ACADEMY,PRIMARY SCHOOL,PRIVATE,NYANZA,SUBA,MBITA,GEMBE WEST,MBITA,HOMA BAY,,-0.44,34.2
ONGORO SDA ACADEMY PRI,PRIMARY SCHOOL,PRIVATE,NYANZA,MIGORI,NYATIKE,WEST KADEM,NYATIKE,MIGORI,,-0.96,34.14
MA MBITA ACADEMY,PRIMARY SCHOOL,PRIVATE,NYANZA,SUBA,MBITA,GEMBE WEST,MBITA,HOMA BAY,,-0.43,34.21
RADIENYA NOMIYA PRI,PRIMARY SCHOOL,PRIVATE,NYANZA,MIGORI,NYATIKE,WEST KADEM,NYATIKE,MIGORI,,-0.95,34.14
J.N KAMBARAGE ACADEMY,PRIMARY SCHOOL,PRIVATE,NYANZA,SUBA,MBITA,GEMBE WEST,MBITA,HOMA BAY,,-0.43,34.21
ST CHRISTOPHER ACADEMY,PRIMARY SCHOOL,PRIVATE,NYANZA,MIGORI,NYATIKE,WEST KADEM,NYATIKE,MIGORI,,-1,34.17
BORDER CHIRLDREN HOME AND SCH,PRIMARY SCHOOL,PRIVATE,NYANZA,MIGORI,NYATIKE,KALER,NYATIKE,MIGORI,,-1.07,34.21
RAEGO EDUCATION CENTRE,PRIMARY SCHOOL,PRIVATE,NYANZA,SUBA,MBITA,GEMBE WEST,MBITA,HOMA BAY,,-0.47,34.29
ST TERESA OSODO ACADEMY,PRIMARY SCHOOL,PRIVATE,NYANZA,SUBA,MBITA,GEMBE CENTRAL,MBITA,HOMA BAY,,-0.52,34.26
EARLY BIRD ACADEMY,PRIMARY SCHOOL,PRIVATE,NYANZA,SUBA,MBITA,GEMBE WEST,MBITA,HOMA BAY,,-0.45,34.27
ST.ANNES JUNIOR ACADEMY PRY SCH,PRIMARY SCHOOL,PRIVATE,WESTERN,KAKAMEGA,ILEHO,KAMBIRI,SHINYALU,KAKAMEGA,,0.34,34.82
ST. MARK'S KINGS ACADEMY,PRIMARY SCHOOL,PRIVATE,WESTERN,BUNGOMA,KIMILILI,KIBINGEI,KIMILILI,BUNGOMA,,0.78,34.7
DARAJA MUNGU PRIMARY,PRIMARY SCHOOL,PRIVATE,WESTERN,BUNGOMA,KIMILILI,KIBINGEI,KIMILILI,BUNGOMA,,0.81,34.65
NEW VISION KAPTABOI PRIMARY,PRIMARY SCHOOL,PRIVATE,WESTERN,BUNGOMA,KIMILILI,KIBINGEI,KIMILILI,BUNGOMA,,0.81,34.66
DAYLIGHT CARE CENTRE PRIMARY,PRIMARY SCHOOL,PRIVATE,WESTERN,BUNGOMA,KIMILILI,KIBINGEI,KIMILILI,BUNGOMA,,0.8,34.67
VICTORY ACADEMY PRIMARY,PRIMARY SCHOOL,PRIVATE,WESTERN,BUNGOMA,KIMILILI,KIBINGEI,KIMILILI,BUNGOMA,,0.8,34.69
DREAMLAND EDUCATION CENTRE PRIMARY,PRIMARY SCHOOL,PRIVATE,WESTERN,BUNGOMA,KIMILILI,KIBINGEI,KIMILILI,BUNGOMA,,0.81,34.7
SHEKINA JUNIOR PRIMARY,PRIMARY SCHOOL,PRIVATE,WESTERN,BUNGOMA,KIMILILI,KIBINGEI,KIMILILI,BUNGOMA,,0.79,34.71
FARCON ACADEMY-PRIMARY,PRIMARY SCHOOL,PRIVATE,WESTERN,BUNGOMA,KIMILILI,KIBINGEI,KIMILILI,BUNGOMA,,0.79,34.7
PESH ACADEMY (PRIMARY),PRIMARY SCHOOL,PRIVATE,WESTERN,BUNGOMA,KIMILILI,KIBINGEI,KIMILILI,BUNGOMA,,0.79,34.7
ST. JAMES A.C.K ACADEMY,PRIMARY SCHOOL,PRIVATE,WESTERN,BUNGOMA,KIMILILI,KIMILILI,KIMILILI,BUNGOMA,,0.78,34.72
NEEMA GARDENS ACADEMY,PRIMARY SCHOOL,PRIVATE,WESTERN,BUNGOMA,KIMILILI,KIMILILI,KIMILILI,BUNGOMA,,0.77,34.71
REV. JOHNSTONE PRIMARY,PRIMARY SCHOOL,PRIVATE,WESTERN,BUNGOMA,KIMILILI,KIMILILI,KIMILILI,BUNGOMA,,0.77,34.71
ELITE ACADEMY PRIMARY,PRIMARY SCHOOL,PRIVATE,WESTERN,BUNGOMA,KIMILILI,KIMILILI,KIMILILI,BUNGOMA,,0.77,34.72
ROCK ACADEMY PRIMARY,PRIMARY SCHOOL,PRIVATE,WESTERN,BUNGOMA,KIMILILI,KIMILILI,KIMILILI,BUNGOMA,,0.74,34.75
OASIS ACADEMY PRIMARY,PRIMARY SCHOOL,PRIVATE,WESTERN,BUNGOMA,KIMILILI,KIMILILI,KIMILILI,BUNGOMA,,0.74,34.75
PHIM SCHOOL PRIMARY,PRIMARY SCHOOL,PRIVATE,WESTERN,BUNGOMA,KIMILILI,KIMILILI,KIMILILI,BUNGOMA,,0.78,34.72
WAEN ACADEMY PRIMARY SCH,PRIMARY SCHOOL,PRIVATE,WESTERN,BUNGOMA,KIMILILI,KIMILILI,KIMILILI,BUNGOMA,,0.77,34.72
ST. JOHN'S ACADEMY PRIMARY,PRIMARY SCHOOL,PRIVATE,WESTERN,BUNGOMA,KIMILILI,MAENI,KIMILILI,BUNGOMA,,0.79,34.76
LIFE SPRINGS ACADEMY PRY SCH,PRIMARY SCHOOL,PRIVATE,WESTERN,KAKAMEGA,LURAMBI,BUTSOTSO NORTH,LURAMBI,KAKAMEGA,,0.34,34.66
PRECIUOS ACADEMY PRY SCH,PRIMARY SCHOOL,PRIVATE,WESTERN,KAKAMEGA,LURAMBI,BUTSOTSO NORTH,LURAMBI,KAKAMEGA,,0.3,34.62
BUKURA EDUCATIONAL CENTRE PRY SCH,PRIMARY SCHOOL,PRIVATE,WESTERN,KAKAMEGA,LURAMBI,BUTSOTSO SOUTH,LURAMBI,KAKAMEGA,,0.22,34.61
BENA ACA. PRY,PRIMARY SCHOOL,PRIVATE,NYANZA,KURIA,KEGONGA,KIBAROTI,KURIA,MIGORI,,-1.3,34.62
BENRICH PRY,PRIMARY SCHOOL,PRIVATE,NYANZA,KURIA,KEGONGA,KIBAROTI,KURIA,MIGORI,,-1.3,34.62
MIGORI BABYCARE ACADEMY PRY,PRIMARY SCHOOL,PRIVATE,NYANZA,MIGORI,SUBA EAST,SUNA RAGANA,MIGORI,MIGORI,,-1.09,34.46
NYAMUTIRO MFA PRY,PRIMARY SCHOOL,PRIVATE,NYANZA,KURIA,KEGONGA,KIBAROTI,KURIA,MIGORI,,-1.3,34.59
KUIGOGO PRY,PRIMARY SCHOOL,PRIVATE,NYANZA,KURIA,KEGONGA,KIBAROTI,KURIA,MIGORI,,-1.31,34.59
EUREKA ACADEMY PRY,PRIMARY SCHOOL,PRIVATE,NYANZA,MIGORI,SUBA EAST,SUNA RAGANA,MIGORI,MIGORI,,-1.08,34.47
ST. CLAVERS VICTONEL ACADEMY PRY,PRIMARY SCHOOL,PRIVATE,NYANZA,MIGORI,SUBA EAST,SUNA RAGANA,MIGORI,MIGORI,,-1.08,34.47
"ST ANNE,S NTIMARU JUNIOR ACA PRY",PRIMARY SCHOOL,PRIVATE,NYANZA,KURIA,NTIMARU,BWIREGE WEST,KURIA,MIGORI,,-1.34,34.69
TABITHA ACADEMY PRY,PRIMARY SCHOOL,PRIVATE,NYANZA,MIGORI,SUBA EAST,SUNA RAGANA,MIGORI,MIGORI,,-1.08,34.47
ST. BENEDICTS CATHOLIC PRY,PRIMARY SCHOOL,PRIVATE,NYANZA,MIGORI,SUBA EAST,SUNA RAGANA,MIGORI,MIGORI,,-1.08,34.46
TUNGAINE PRY SCH,PRIMARY SCHOOL,PRIVATE,NYANZA,KURIA,NTIMARU,BWIREGE WEST,KURIA,MIGORI,,-1.34,34.69
MUSOMI ACADEMY PRY,PRIMARY SCHOOL,PRIVATE,NYANZA,MIGORI,SUBA EAST,SUNA RAGANA,MIGORI,MIGORI,,-1.08,34.46
KEBARISIA JUNIOR ACA.PRY,PRIMARY SCHOOL,PRIVATE,NYANZA,KURIA,KEGONGA,KIBAROTI,KURIA,MIGORI,,-1.27,34.61
BETHEL G.H ACADEMY PRY,PRIMARY SCHOOL,PRIVATE,NYANZA,MIGORI,SUBA EAST,SUNA RAGANA,MIGORI,MIGORI,,-1.08,34.46
WAMBURA COMPLEX PRY,PRIMARY SCHOOL,PRIVATE,NYANZA,KURIA,KEGONGA,KIBAROTI,KURIA,MIGORI,,-1.26,34.61
FANIKI JUNIOR ACADEMY PRY,PRIMARY SCHOOL,PRIVATE,NYANZA,MIGORI,SUBA EAST,SUNA RAGANA,MIGORI,MIGORI,,-1.08,34.46
BABY SHINNERS ACADEMY PRY,PRIMARY SCHOOL,PRIVATE,NYANZA,MIGORI,SUBA EAST,SUNA CENTRAL,MIGORI,MIGORI,,-1.06,34.47
PONGEZI ACA. PRY,PRIMARY SCHOOL,PRIVATE,NYANZA,KURIA,MASABA,BUGUMBE CENTRAL,KURIA,MIGORI,,-1.12,34.49
GLORY ACADEMY PRY,PRIMARY SCHOOL,PRIVATE,NYANZA,MIGORI,SUBA EAST,SUNA CENTRAL,MIGORI,MIGORI,,-1.06,34.48
MIGORI JUNIOR ACADEMY PRI,PRIMARY SCHOOL,PRIVATE,NYANZA,MIGORI,SUBA EAST,SUNA CENTRAL,MIGORI,MIGORI,,-1.06,34.48
EKEMORE MASABA PRY,PRIMARY SCHOOL,PRIVATE,NYANZA,KURIA,MASABA,BUGUMBE NORTH,KURIA,MIGORI,,-1.12,34.53
GATAWAY ACA. PRY,PRIMARY SCHOOL,PRIVATE,NYANZA,KURIA,MASABA,BUGUMBE NORTH,KURIA,MIGORI,,-1.12,34.53
HILL BREEZE ACADEMY PRY,PRIMARY SCHOOL,PRIVATE,NYANZA,MIGORI,SUBA EAST,SUNA CENTRAL,MIGORI,MIGORI,,-1.06,34.48
ST JOSEPH MASABA PRY,PRIMARY SCHOOL,PRIVATE,NYANZA,KURIA,MASABA,BUGUMBE NORTH,KURIA,MIGORI,,-1.12,34.53
AL-HADI MUSLIM ACADEMY PRY,PRIMARY SCHOOL,PRIVATE,NYANZA,MIGORI,SUBA EAST,SUNA CENTRAL,MIGORI,MIGORI,,-1.06,34.47
MIGORI CHRISTIAN PRY SCH,PRIMARY SCHOOL,PRIVATE,NYANZA,MIGORI,SUBA EAST,SUNA CENTRAL,MIGORI,MIGORI,,-1.06,34.47
DAIMA MALEZI PRI,PRIMARY SCHOOL,PRIVATE,NYANZA,MIGORI,SUBA EAST,SUNA CENTRAL,MIGORI,MIGORI,,-1.06,34.47
BARAKA ACADEMY PRY,PRIMARY SCHOOL,PRIVATE,NYANZA,MIGORI,SUBA EAST,SUNA CENTRAL,MIGORI,MIGORI,,-1.06,34.47
VICTORY ACADEMY PRY,PRIMARY SCHOOL,PRIVATE,NYANZA,MIGORI,SUBA EAST,SUNA CENTRAL,MIGORI,MIGORI,,-1.06,34.47
SHINING STAR ACADEMY PRY,PRIMARY SCHOOL,PRIVATE,NYANZA,MIGORI,MUHURU,EAST MUHURU,NYATIKE,MIGORI,,-1.01,34.13
SUNSHINE ACA. PRY,PRIMARY SCHOOL,PRIVATE,NYANZA,KURIA,MASABA,BUGUMBE NORTH,KURIA,MIGORI,,-1.13,34.56
BONDO COMPLEX ACADEMY PRI SCH,PRIMARY SCHOOL,PRIVATE,NYANZA,BONDO,MARANDA,TOWNSHIP,BONDO,SIAYA,,-0.11,34.26
DEDE JUNIOR ACADEMY,PRIMARY SCHOOL,PRIVATE,NYANZA,MIGORI,AWENDO,WEST SAKWA,RONGO,MIGORI,,-0.81,34.53
GOODHOPE PRY,PRIMARY SCHOOL,PRIVATE,NYANZA,KURIA,MASABA,BUGUMBE CENTRAL,KURIA,MIGORI,,-1.15,34.51
STARSHINE ACA. PRY,PRIMARY SCHOOL,PRIVATE,NYANZA,KURIA,MASABA,BUGUMBE CENTRAL,KURIA,MIGORI,,-1.15,34.51
GLORY ANNEXE ACADEMY PRY,PRIMARY SCHOOL,PRIVATE,NYANZA,MIGORI,SUBA EAST,SUNA CENTRAL,MIGORI,MIGORI,,-1.05,34.48
ST SHEILA PRY,PRIMARY SCHOOL,PRIVATE,NYANZA,KURIA,MASABA,BUGUMBE CENTRAL,KURIA,MIGORI,,-1.15,34.51
ST BRIGHT HILL SCH,PRIMARY SCHOOL,PRIVATE,NYANZA,MIGORI,AWENDO,WEST SAKWA,RONGO,MIGORI,,-0.82,34.53
ST STEPHENE'S MEMORIAL PRI SCH,PRIMARY SCHOOL,PRIVATE,NYANZA,GUCHA,OGEMBO,MAJOGE CHACHE,BOMACHOGE,KISII,,-0.79,34.73
ST WILLIAMS MARIA ROSA ACADEMY,PRIMARY SCHOOL,PRIVATE,NYANZA,MIGORI,AWENDO,WEST SAKWA,RONGO,MIGORI,,-0.82,34.53
ST. MATHEWS SIRONYO PRI,PRIMARY SCHOOL,PRIVATE,NYANZA,BONDO,MARANDA,TOWNSHIP,BONDO,SIAYA,,-0.09,34.25
AGAPE JUNIOR PRI,PRIMARY SCHOOL,PRIVATE,NYANZA,GUCHA,OGEMBO,MAJOGE CHACHE,BOMACHOGE,KISII,,-0.79,34.73
ST. ALICE ANGELS ACADEMY PRI SCH,PRIMARY SCHOOL,PRIVATE,NYANZA,BONDO,RARIEDA,EAST ASEMBO,RARIEDA,SIAYA,,-0.16,34.43
ELSA PREPARATORY PRI,PRIMARY SCHOOL,PRIVATE,NYANZA,GUCHA,OGEMBO,MAJOGE CHACHE,BOMACHOGE,KISII,,-0.8,34.72
LOYOLA ACADEMY PRI,PRIMARY SCHOOL,PRIVATE,NYANZA,GUCHA,OGEMBO,MAJOGE CHACHE,BOMACHOGE,KISII,,-0.8,34.72
MASANGA PRI,PRIMARY SCHOOL,PRIVATE,NYANZA,GUCHA,OGEMBO,MAJOGE CHACHE,BOMACHOGE,KISII,,-0.8,34.72
RIBWAGO MIXED ACADEMY PRI,PRIMARY SCHOOL,PRIVATE,NYANZA,GUCHA,OGEMBO,MAJOGE CHACHE,BOMACHOGE,KISII,,-0.81,34.73
ST. VITALIS OWIRO NYAPALA PRY SCH,PRIMARY SCHOOL,PRIVATE,NYANZA,MIGORI,KARUNGU,KARUNGU CENTRAL,NYATIKE,MIGORI,,-0.83,34.17
KING SOLOMON ACADEMY,PRIMARY SCHOOL,PRIVATE,NYANZA,MIGORI,AWENDO,CENTRAL SAKWA,RONGO,MIGORI,,-0.82,34.54
ST STEPHEN NYANGOGE PRY,PRIMARY SCHOOL,PRIVATE,NYANZA,KURIA,MASABA,BUGUMBE EAST,KURIA,MIGORI,,-1.17,34.48
MT SINAI ACADEMY PRI,PRIMARY SCHOOL,PRIVATE,NYANZA,GUCHA,OGEMBO,MAJOGE CHACHE,BOMACHOGE,KISII,,-0.82,34.73
ANDREA MANNA ACA. PRY,PRIMARY SCHOOL,PRIVATE,NYANZA,MIGORI,KARUNGU,KARUNGU WEST,NYATIKE,MIGORI,,-0.84,34.16
ST. MARY'SORPHAN & VULNERABLE CHILDREN PRY SCH,PRIMARY SCHOOL,PRIVATE,NYANZA,MIGORI,KARUNGU,KARUNGU WEST,NYATIKE,MIGORI,,-0.84,34.16
SALVADO ACADEMY PRI,PRIMARY SCHOOL,PRIVATE,NYANZA,GUCHA,OGEMBO,MAJOGE CHACHE,BOMACHOGE,KISII,,-0.82,34.73
ST. FRANCIS XAVIER ACA. PRY,PRIMARY SCHOOL,PRIVATE,NYANZA,MIGORI,KARUNGU,KARUNGU WEST,NYATIKE,MIGORI,,-0.84,34.15
SORI LAKESIDE ACA. PRY SCH,PRIMARY SCHOOL,PRIVATE,NYANZA,MIGORI,KARUNGU,KARUNGU WEST,NYATIKE,MIGORI,,-0.84,34.15
ST. SHEILA PRY SCH,PRIMARY SCHOOL,PRIVATE,NYANZA,KURIA,MABERA,TAGARE,KURIA,MIGORI,,-1.13,34.45
SMITH HIGHLIGHTS ACADEMY PRI,PRIMARY SCHOOL,PRIVATE,NYANZA,MIGORI,AWENDO,CENTRAL SAKWA,RONGO,MIGORI,,-0.84,34.53
DOZAM PRI,PRIMARY SCHOOL,PRIVATE,NYANZA,GUCHA,OGEMBO,MAJOGE CHACHE,BOMACHOGE,KISII,,-0.83,34.75
SORI BAPTIST PRY SCH,PRIMARY SCHOOL,PRIVATE,NYANZA,MIGORI,KARUNGU,KARUNGU WEST,NYATIKE,MIGORI,,-0.84,34.16
SUPERB ACADEMY PRI,PRIMARY SCHOOL,PRIVATE,NYANZA,MIGORI,AWENDO,CENTRAL SAKWA,RONGO,MIGORI,,-0.85,34.53
ST. CHRISTINE PRY SCH,PRIMARY SCHOOL,PRIVATE,NYANZA,KURIA,MABERA,TAGARE,KURIA,MIGORI,,-1.16,34.45
MAGAIWA PRY SCH,PRIMARY SCHOOL,PRIVATE,NYANZA,KURIA,MABERA,TAGARE,KURIA,MIGORI,,-1.16,34.44
KOKURO ACADEMY,PRIMARY SCHOOL,PRIVATE,NYANZA,MIGORI,AWENDO,CENTRAL SAKWA,RONGO,MIGORI,,-0.86,34.53
CHARKEN'S ACADEMY PRI,PRIMARY SCHOOL,PRIVATE,NYANZA,GUCHA,OGEMBO,MAJOGE CHACHE,BOMACHOGE,KISII,,-0.8,34.73
REHEMA ACA. PRY,PRIMARY SCHOOL,PRIVATE,NYANZA,KISUMU,WINAM,KAJULU EAST,KISUMU TOWN EAST,KISUMU,,-0.04,34.81
EGETUKI  GOLDEN ACADEMY PRI,PRIMARY SCHOOL,PRIVATE,NYANZA,GUCHA,OGEMBO,MAJOGE CHACHE,BOMACHOGE,KISII,,-0.77,34.72
AWENDO PREPARATORY PRI,PRIMARY SCHOOL,PRIVATE,NYANZA,MIGORI,AWENDO,CENTRAL SAKWA,RONGO,MIGORI,,-0.88,34.54
ACTS ACADEMY PRI,PRIMARY SCHOOL,PRIVATE,NYANZA,GUCHA,OGEMBO,MAJOGE CHACHE,BOMACHOGE,KISII,,-0.77,34.72
SONY COMPLEX,PRIMARY SCHOOL,PRIVATE,NYANZA,MIGORI,AWENDO,CENTRAL SAKWA,RONGO,MIGORI,,-0.89,34.53
DISCIPLES OF MERCY PRY,PRIMARY SCHOOL,PRIVATE,NYANZA,KISUMU,WINAM,KAJULU EAST,KISUMU TOWN EAST,KISUMU,,-0.05,34.8
GITENYI JUNIOR PRI,PRIMARY SCHOOL,PRIVATE,NYANZA,GUCHA,OGEMBO,MAJOGE CHACHE,BOMACHOGE,KISII,,-0.74,34.72
BL. TEZZA COMPLEX PRY SCH,PRIMARY SCHOOL,PRIVATE,NYANZA,MIGORI,KARUNGU,KARUNGU WEST,NYATIKE,MIGORI,,-0.82,34.13
AWENDO JUNIOR ACADEMY,PRIMARY SCHOOL,PRIVATE,NYANZA,MIGORI,AWENDO,CENTRAL SAKWA,RONGO,MIGORI,,-0.9,34.53
ST PETERS JUNIOR ACA. PRY,PRIMARY SCHOOL,PRIVATE,NYANZA,MIGORI,KARUNGU,KARUNGU WEST,NYATIKE,MIGORI,,-0.84,34.16
AWENDO SDA PRI,PRIMARY SCHOOL,PRIVATE,NYANZA,MIGORI,AWENDO,CENTRAL SAKWA,RONGO,MIGORI,,-0.91,34.53
SUSANA MILLENIUM ACADEMY,PRIMARY SCHOOL,PRIVATE,NYANZA,MIGORI,AWENDO,CENTRAL SAKWA,RONGO,MIGORI,,-0.9,34.53
VICTORY JUNIOR ACADEMY,PRIMARY SCHOOL,PRIVATE,NYANZA,MIGORI,AWENDO,CENTRAL SAKWA,RONGO,MIGORI,,-0.9,34.53
ST BENEDICT SONY ACADEMY,PRIMARY SCHOOL,PRIVATE,NYANZA,MIGORI,AWENDO,CENTRAL SAKWA,RONGO,MIGORI,,-0.9,34.53
WIN ACADEMY PRY SCH,PRIMARY SCHOOL,PRIVATE,NYANZA,MIGORI,SUBA WEST,SUNA SOUTH,MIGORI,MIGORI,,-1.11,34.45
YOMA ALFAH PRI,PRIMARY SCHOOL,PRIVATE,NYANZA,GUCHA,OGEMBO,MAJOGE CHACHE,BOMACHOGE,KISII,,-0.72,34.71
DISCIPLES OF MERCY SPECIAL UNIT,PRIMARY SCHOOL,PRIVATE,NYANZA,KISUMU,WINAM,KAJULU EAST,KISUMU TOWN EAST,KISUMU,,-0.05,34.8
ANT. TREZA ACADEMY PRI,PRIMARY SCHOOL,PRIVATE,NYANZA,MIGORI,RONGO,NORTH KAMAGAMBO,RONGO,MIGORI,,-0.71,34.63
BRIGHTON ACADEMY PRI SCH,PRIMARY SCHOOL,PRIVATE,NYANZA,BONDO,RARIEDA,CENTRAL ASEMBO,RARIEDA,SIAYA,,-0.07,34.38
WISDOM ADVENTIST PRY SCH,PRIMARY SCHOOL,PRIVATE,NYANZA,KURIA,KEHANCHA,GOKEHARAKA,KURIA,MIGORI,,-1.26,34.57
MAKONJE JUNIOR PRY SCH,PRIMARY SCHOOL,PRIVATE,NYANZA,KURIA,KEHANCHA,GOKEHARAKA,KURIA,MIGORI,,-1.26,34.56
RONGO SHOWVIEW ACADEMY PRI,PRIMARY SCHOOL,PRIVATE,NYANZA,MIGORI,RONGO,CENTRAL KAMAGAMBO,RONGO,MIGORI,,-0.76,34.6
ST. MARK'S ACADEMY PRY SCH,PRIMARY SCHOOL,PRIVATE,NYANZA,KURIA,KEHANCHA,GOKEHARAKA,KURIA,MIGORI,,-1.24,34.54
EMMAH HILLS ACADEMY PRI,PRIMARY SCHOOL,PRIVATE,NYANZA,MIGORI,RONGO,CENTRAL KAMAGAMBO,RONGO,MIGORI,,-0.76,34.61
DORCAS MEMORIAL ACADEMY PRI,PRIMARY SCHOOL,PRIVATE,NYANZA,MIGORI,RONGO,CENTRAL KAMAGAMBO,RONGO,MIGORI,,-0.76,34.61
MASANGURA FAITH PRY SCH,PRIMARY SCHOOL,PRIVATE,NYANZA,KURIA,KEHANCHA,BUKIRA SOUTH,KURIA,MIGORI,,-1.29,34.57
LUTHERAN ACADEMY,PRIMARY SCHOOL,PRIVATE,NYANZA,MIGORI,RONGO,CENTRAL KAMAGAMBO,RONGO,MIGORI,,-0.75,34.6
BAGEN FRIENDS PRY SCH,PRIMARY SCHOOL,PRIVATE,NYANZA,KURIA,KEHANCHA,BUKIRA SOUTH,KURIA,MIGORI,,-1.29,34.57
EL-BETHEL EDUCATION CENTRE,PRIMARY SCHOOL,PRIVATE,NYANZA,MIGORI,RONGO,CENTRAL KAMAGAMBO,RONGO,MIGORI,,-0.75,34.6
AREK MEMORIAL PRI,PRIMARY SCHOOL,PRIVATE,NYANZA,MIGORI,RONGO,CENTRAL KAMAGAMBO,RONGO,MIGORI,,-0.75,34.6
KWIBANCHA PRY SCH,PRIMARY SCHOOL,PRIVATE,NYANZA,KURIA,KEHANCHA,NYAMOTAMBE,KURIA,MIGORI,,-1.28,34.58
ST FRANCIS INTERNATIONAL ACADEMY,PRIMARY SCHOOL,PRIVATE,NYANZA,MIGORI,RONGO,CENTRAL KAMAGAMBO,RONGO,MIGORI,,-0.75,34.6
SMALL ANGELES PRY SCH,PRIMARY SCHOOL,PRIVATE,NYANZA,KURIA,KEHANCHA,BUKIRA SOUTH,KURIA,MIGORI,,-1.26,34.58
SUNRISE ACADEMY PRY SCH,PRIMARY SCHOOL,PRIVATE,NYANZA,KURIA,KEHANCHA,BUKIRA SOUTH,KURIA,MIGORI,,-1.24,34.6
SARA BEST ACADEMY,PRIMARY SCHOOL,PRIVATE,NYANZA,MIGORI,RONGO,CENTRAL KAMAGAMBO,RONGO,MIGORI,,-0.76,34.6
LADY DIANA PREPARATORY PRI,PRIMARY SCHOOL,PRIVATE,NYANZA,MIGORI,RONGO,CENTRAL KAMAGAMBO,RONGO,MIGORI,,-0.76,34.59
STARLIGHT ACADEMY PRY SCH,PRIMARY SCHOOL,PRIVATE,NYANZA,KURIA,KEHANCHA,BUKIRA CENTRAL,KURIA,MIGORI,,-1.24,34.59
BHOKERO PRY SCH,PRIMARY SCHOOL,PRIVATE,NYANZA,KURIA,KEHANCHA,BUKIRA CENTRAL,KURIA,MIGORI,,-1.22,34.58
RONGO GOOD HOPE PRI,PRIMARY SCHOOL,PRIVATE,NYANZA,MIGORI,RONGO,CENTRAL KAMAGAMBO,RONGO,MIGORI,,-0.75,34.6
ST PATRICIA MEMORIAL ACADEMY,PRIMARY SCHOOL,PRIVATE,NYANZA,MIGORI,RONGO,CENTRAL KAMAGAMBO,RONGO,MIGORI,,-0.75,34.6
RONGO JUNIOR PRI,PRIMARY SCHOOL,PRIVATE,NYANZA,MIGORI,RONGO,CENTRAL KAMAGAMBO,RONGO,MIGORI,,-0.75,34.59
FATHER ANGELO PRY SCH,PRIMARY SCHOOL,PRIVATE,NYANZA,KURIA,KEHANCHA,BUKIRA EAST,KURIA,MIGORI,,-1.2,34.62
RONGO WESTLANDS ACADEMY PRI,PRIMARY SCHOOL,PRIVATE,NYANZA,MIGORI,RONGO,CENTRAL KAMAGAMBO,RONGO,MIGORI,,-0.75,34.59
ST. FRANCIS OF ASSISI,PRIMARY SCHOOL,PRIVATE,NYANZA,MIGORI,RONGO,CENTRAL KAMAGAMBO,RONGO,MIGORI,,-0.76,34.6
KEHANCHA EDUCATION CENTRE PRY SCH,PRIMARY SCHOOL,PRIVATE,NYANZA,KURIA,KEHANCHA,BUKIRA EAST,KURIA,MIGORI,,-1.19,34.62
ST ALFA KABONYO ACADEMY,PRIMARY SCHOOL,PRIVATE,NYANZA,MIGORI,RONGO,CENTRAL KAMAGAMBO,RONGO,MIGORI,,-0.76,34.59
JOSKA ACADEMY PRY SCH,PRIMARY SCHOOL,PRIVATE,NYANZA,KURIA,KEHANCHA,BUKIRA EAST,KURIA,MIGORI,,-1.2,34.62
KEHANCHA PROGRESSIVE PRY SCH,PRIMARY SCHOOL,PRIVATE,NYANZA,KURIA,KEHANCHA,BUKIRA EAST,KURIA,MIGORI,,-1.19,34.62
MWIRO ACA. PRY,PRIMARY SCHOOL,PRIVATE,NYANZA,KURIA,KEHANCHA,BUKIRA CENTRAL,KURIA,MIGORI,,-1.15,34.6
MUUNGANO ACADEMY PRI,PRIMARY SCHOOL,PRIVATE,NYANZA,MIGORI,RONGO,SOUTH KAMAGAMBO,RONGO,MIGORI,,-0.85,34.59
ST CECILIA ACADEMY PRI,PRIMARY SCHOOL,PRIVATE,NYANZA,MIGORI,RONGO,SOUTH KAMAGAMBO,RONGO,MIGORI,,-0.85,34.59
IAC PREPARATORY SCHOOL,PRIMARY SCHOOL,PRIVATE,NYANZA,MIGORI,RONGO,SOUTH KAMAGAMBO,RONGO,MIGORI,,-0.87,34.59
HERO BCM PREP. PRY,PRIMARY SCHOOL,PRIVATE,NYANZA,KURIA,KEHANCHA,BUKIRA EAST,KURIA,MIGORI,,-1.18,34.62
ST CECILIA ACADEMY,PRIMARY SCHOOL,PRIVATE,NYANZA,MIGORI,RONGO,WEST KAMAGAMBO,RONGO,MIGORI,,-0.89,34.6
BUKURIA SCHOOLS PRY,PRIMARY SCHOOL,PRIVATE,NYANZA,KURIA,KEHANCHA,BUKIRA EAST,KURIA,MIGORI,,-1.19,34.61
WANGWE PRY,PRIMARY SCHOOL,PRIVATE,NYANZA,KURIA,KEHANCHA,BUKIRA CENTRAL,KURIA,MIGORI,,-1.19,34.59
NGEMERIA JUNIOR PRY,PRIMARY SCHOOL,PRIVATE,NYANZA,KURIA,KEHANCHA,BUKIRA CENTRAL,KURIA,MIGORI,,-1.18,34.58
FARO KIDS ACADEMY,PRIMARY SCHOOL,PRIVATE,NYANZA,MIGORI,RONGO,WEST KAMAGAMBO,RONGO,MIGORI,,-0.92,34.6
SAUME JUNESCHO ACADEMY,PRIMARY SCHOOL,PRIVATE,NYANZA,MIGORI,MUHURU,CENTRAL MUHURU,NYATIKE,MIGORI,,-0.99,34.09
GOOD HOPE ACADEMY PRI,PRIMARY SCHOOL,PRIVATE,NYANZA,MIGORI,MUHURU,CENTRAL MUHURU,NYATIKE,MIGORI,,-0.99,34.09
NYARANGOS MEMORIAL PRI,PRIMARY SCHOOL,PRIVATE,NYANZA,GUCHA,OGEMBO,SENGERA,BOMACHOGE,KISII,,-0.85,34.71
KINENI JUNIOR PRI,PRIMARY SCHOOL,PRIVATE,NYANZA,GUCHA,OGEMBO,SENGERA,BOMACHOGE,KISII,,-0.84,34.7
DON MCINDO MEMORIAL PRI,PRIMARY SCHOOL,PRIVATE,NYANZA,GUCHA,OGEMBO,SENGERA,BOMACHOGE,KISII,,-0.84,34.7
SENGERA PRI,PRIMARY SCHOOL,PRIVATE,NYANZA,GUCHA,OGEMBO,SENGERA,BOMACHOGE,KISII,,-0.85,34.73
SENGERA DAJA'S PRI,PRIMARY SCHOOL,PRIVATE,NYANZA,GUCHA,OGEMBO,SENGERA,BOMACHOGE,KISII,,-0.85,34.72
NYABIOTO JUNIOR PRI,PRIMARY SCHOOL,PRIVATE,NYANZA,GUCHA,OGEMBO,SENGERA,BOMACHOGE,KISII,,-0.86,34.71
NYAMIOBO SELF PRI,PRIMARY SCHOOL,PRIVATE,NYANZA,GUCHA,OGEMBO,SENGERA,BOMACHOGE,KISII,,-0.85,34.7
SAFANA JUNIOR PRI,PRIMARY SCHOOL,PRIVATE,NYANZA,GUCHA,OGEMBO,SENGERA,BOMACHOGE,KISII,,-0.85,34.69
ST MARY'S JOJA PRI,PRIMARY SCHOOL,PRIVATE,NYANZA,GUCHA,OGEMBO,SENGERA,BOMACHOGE,KISII,,-0.87,34.69
BOARDER ACADEMY PRI,PRIMARY SCHOOL,PRIVATE,NYANZA,GUCHA,OGEMBO,SENGERA,BOMACHOGE,KISII,,-0.86,34.68
NYAONDO PRI SCH,PRIMARY SCHOOL,PRIVATE,NYANZA,BONDO,MADIANY,S. UYOMA,RARIEDA,SIAYA,,-0.39,34.29
LENROSE PRI SCH,PRIMARY SCHOOL,PRIVATE,NYANZA,BONDO,MADIANY,S. UYOMA,RARIEDA,SIAYA,,-0.39,34.29
NYAKONI JUNIOR PRI SCH,PRIMARY SCHOOL,PRIVATE,NYANZA,GUCHA,OGEMBO,SENGERA,BOMACHOGE,KISII,,-0.89,34.72
PARADISE JUNIOR PRI SCH,PRIMARY SCHOOL,PRIVATE,NYANZA,GUCHA,OGEMBO,SENGERA,BOMACHOGE,KISII,,-0.9,34.7
KENYENYA JOYLIGHT PRI,PRIMARY SCHOOL,PRIVATE,NYANZA,GUCHA,KENYENYA,MAJOGE MASABA,BOMACHOGE,KISII,,-0.89,34.73
KENYENYA GIL PRI,PRIMARY SCHOOL,PRIVATE,NYANZA,GUCHA,KENYENYA,MAJOGE MASABA,BOMACHOGE,KISII,,-0.89,34.73
ST THERESA'S KENYENYA PRI,PRIMARY SCHOOL,PRIVATE,NYANZA,GUCHA,OGEMBO,SENGERA,BOMACHOGE,KISII,,-0.84,34.73
ST JAMES MOGONGA PRI,PRIMARY SCHOOL,PRIVATE,NYANZA,GUCHA,KENYENYA,MAJOGE BORABU,BOMACHOGE,KISII,,-0.86,34.76
ST ELIZABETH PRI,PRIMARY SCHOOL,PRIVATE,NYANZA,GUCHA,KENYENYA,MAJOGE BORABU,BOMACHOGE,KISII,,-0.87,34.76
OSWETA ACADEMY PRI,PRIMARY SCHOOL,PRIVATE,NYANZA,GUCHA,KENYENYA,MAJOGE BORABU,BOMACHOGE,KISII,,-0.88,34.75
MASSIRANDI ACADEMY PRI,PRIMARY SCHOOL,PRIVATE,NYANZA,GUCHA,KENYENYA,MAJOGE MASABA,BOMACHOGE,KISII,,-0.89,34.75
MARY OF ANGELS PRI SCH,PRIMARY SCHOOL,PRIVATE,NYANZA,BONDO,USIGU,N. YIMBO,BONDO,SIAYA,,-0.05,34.14
RANDANI JUNIOR ACADEMY PRI,PRIMARY SCHOOL,PRIVATE,NYANZA,GUCHA,KENYENYA,MAJOGE MASABA,BOMACHOGE,KISII,,-0.91,34.77
ELITE ACADEMY PRI SCH,PRIMARY SCHOOL,PRIVATE,NYANZA,GUCHA,KENYENYA,MAJOGE BORABU,BOMACHOGE,KISII,,-0.91,34.76
EMILES ACADEMY PRI SCH,PRIMARY SCHOOL,PRIVATE,NYANZA,BONDO,USIGU,C. YIMBO,BONDO,SIAYA,,-0.06,34.09
GUCHA MIXED PRI,PRIMARY SCHOOL,PRIVATE,NYANZA,GUCHA,KENYENYA,MAJOGE MASABA,BOMACHOGE,KISII,,-0.9,34.74
KENYENYA JUNIOR ACADEMY PRI,PRIMARY SCHOOL,PRIVATE,NYANZA,GUCHA,KENYENYA,MAJOGE MASABA,BOMACHOGE,KISII,,-0.89,34.73
OMOGWA ACADEMY PRI,PRIMARY SCHOOL,PRIVATE,NYANZA,GUCHA,KENYENYA,MAJOGE MASABA,BOMACHOGE,KISII,,-0.88,34.73
GLAD TOTO PRI SCH,PRIMARY SCHOOL,PRIVATE,NYANZA,BONDO,USIGU,W. YIMBO,BONDO,SIAYA,,-0.09,34.07
ZEDEKIAH ODUMA ACADEMY PRI SCH,PRIMARY SCHOOL,PRIVATE,NYANZA,BONDO,USIGU,W. YIMBO,BONDO,SIAYA,,-0.06,34.06
SAMBA SELF HELP PRI,PRIMARY SCHOOL,PRIVATE,NYANZA,GUCHA,KENYENYA,MAJOGE MASABA,BOMACHOGE,KISII,,-0.86,34.74
USENGE TOWNSHIP ACADEMY PRI SCH,PRIMARY SCHOOL,PRIVATE,NYANZA,BONDO,USIGU,W. YIMBO,BONDO,SIAYA,,-0.07,34.06
MASIAGA JUNIOR ACADEMY PRY SCH,PRIMARY SCHOOL,PRIVATE,NYANZA,KURIA,MABERA,TAGARE,KURIA,MIGORI,,-1.16,34.45
AJUMBO ACADEMY PRY SCH,PRIMARY SCHOOL,PRIVATE,NYANZA,KURIA,MABERA,TAGARE,KURIA,MIGORI,,-1.16,34.44
THE CHACHA'S JUNIOR ACADEMY PRY SCH,PRIMARY SCHOOL,PRIVATE,NYANZA,KURIA,MABERA,BUGUMBE SOUTH,KURIA,MIGORI,,-1.21,34.47
WEMA MODEL ACADEMY PRY SCH,PRIMARY SCHOOL,PRIVATE,NYANZA,KURIA,MABERA,BUGUMBE SOUTH,KURIA,MIGORI,,-1.2,34.46
KINARIOBAS ACADEMY PRY SCH,PRIMARY SCHOOL,PRIVATE,NYANZA,KURIA,MABERA,BUGUMBE SOUTH,KURIA,MIGORI,,-1.22,34.44
NTABURO ACADEMY PRY SCH,PRIMARY SCHOOL,PRIVATE,NYANZA,KURIA,MABERA,BUGUMBE WEST,KURIA,MIGORI,,-1.18,34.43
SOKORO JUNIOR ACADEMY PRY SCH,PRIMARY SCHOOL,PRIVATE,NYANZA,KURIA,MABERA,BUGUMBE WEST,KURIA,MIGORI,,-1.19,34.4
MUSOGO/OTAIGO WANKWE PRY SCH,PRIMARY SCHOOL,PRIVATE,NYANZA,KURIA,MABERA,BUGUMBE WEST,KURIA,MIGORI,,-1.2,34.4
ST. PAUL GIOSAHI PRY SCH,PRIMARY SCHOOL,PRIVATE,NYANZA,KURIA,MABERA,BUGUMBE WEST,KURIA,MIGORI,,-1.2,34.41
UFUFUO EDUCATION CENTRE PRI,PRIMARY SCHOOL,PRIVATE,NYANZA,GUCHA,OGEMBO,MAJOGE CHACHE,BOMACHOGE,KISII,,-0.74,34.7
IRAHA GOOD HOPE ACADEMY PRY SCH,PRIMARY SCHOOL,PRIVATE,NYANZA,KURIA,MABERA,BUGUMBE WEST,KURIA,MIGORI,,-1.16,34.42
IRAHA JUNIOR PRY SCH,PRIMARY SCHOOL,PRIVATE,NYANZA,KURIA,MABERA,BUGUMBE WEST,KURIA,MIGORI,,-1.16,34.42
FPFK MAJOGE MISSION PRI,PRIMARY SCHOOL,PRIVATE,NYANZA,GUCHA,OGEMBO,MAJOGE CHACHE,BOMACHOGE,KISII,,-0.75,34.7
FRANCIS MEMORIAL ACADEMY PRI,PRIMARY SCHOOL,PRIVATE,NYANZA,GUCHA,OGEMBO,MAJOGE CHACHE,BOMACHOGE,KISII,,-0.72,34.68
MWANGAZA JUNIOUR ACA. PRY,PRIMARY SCHOOL,PRIVATE,NYANZA,KURIA,NTIMARU,BWIREGE EAST,KURIA,MIGORI,,-1.37,34.72
MISESI JUNIOR PRI,PRIMARY SCHOOL,PRIVATE,NYANZA,GUCHA,OGEMBO,MAJOGE CHACHE,BOMACHOGE,KISII,,-0.75,34.68
ST GEORGE MEMORIAL PRI,PRIMARY SCHOOL,PRIVATE,NYANZA,GUCHA,OGEMBO,MAJOGE CHACHE,BOMACHOGE,KISII,,-0.75,34.68
SOUNDS ACADEMY PRI,PRIMARY SCHOOL,PRIVATE,NYANZA,GUCHA,OGEMBO,MAJOGE CHACHE,BOMACHOGE,KISII,,-0.76,34.68
IKOBA JOYLAND PRI,PRIMARY SCHOOL,PRIVATE,NYANZA,GUCHA,OGEMBO,MAJOGE CHACHE,BOMACHOGE,KISII,,-0.77,34.69
GISIRE PREP. PRY,PRIMARY SCHOOL,PRIVATE,NYANZA,KURIA,NTIMARU,BWIREGE WEST,KURIA,MIGORI,,-1.32,34.67
KEMININIACADEMY PRI,PRIMARY SCHOOL,PRIVATE,NYANZA,GUCHA,OGEMBO,MAJOGE CHACHE,BOMACHOGE,KISII,,-0.77,34.69
MAROBA GLORY PRI,PRIMARY SCHOOL,PRIVATE,NYANZA,GUCHA,OGEMBO,MAJOGE CHACHE,BOMACHOGE,KISII,,-0.79,34.69
BAHATI AC PRI,PRIMARY SCHOOL,PRIVATE,NYANZA,GUCHA,OGEMBO,MAJOGE CHACHE,BOMACHOGE,KISII,,-0.79,34.69
RIOUNDE NEW CHURCH PRI,PRIMARY SCHOOL,PRIVATE,NYANZA,GUCHA,OGEMBO,SENGERA,BOMACHOGE,KISII,,-0.83,34.69
ST AMOS KEBABE PRI,PRIMARY SCHOOL,PRIVATE,NYANZA,GUCHA,OGEMBO,SENGERA,BOMACHOGE,KISII,,-0.84,34.69
RIAMARABU LIBERTY PRI,PRIMARY SCHOOL,PRIVATE,NYANZA,GUCHA,OGEMBO,SENGERA,BOMACHOGE,KISII,,-0.84,34.68
EBURI TOWNSHIP PRI,PRIMARY SCHOOL,PRIVATE,NYANZA,GUCHA,OGEMBO,SENGERA,BOMACHOGE,KISII,,-0.82,34.7
ST JOSEPH'S NYANSARA PRI,PRIMARY SCHOOL,PRIVATE,NYANZA,GUCHA,OGEMBO,SENGERA,BOMACHOGE,KISII,,-0.82,34.7
RIAMICHOTI PRI,PRIMARY SCHOOL,PRIVATE,NYANZA,GUCHA,OGEMBO,SENGERA,BOMACHOGE,KISII,,-0.82,34.71
KULENDI JOYLAND PRI,PRIMARY SCHOOL,PRIVATE,NYANZA,GUCHA,KENYENYA,MAJOGE MASABA,BOMACHOGE,KISII,,-0.89,34.75
MANGO TREE PRI,PRIMARY SCHOOL,PRIVATE,NYANZA,GUCHA,OGEMBO,SENGERA,BOMACHOGE,KISII,,-0.83,34.72
NEEMA NURU PRI,PRIMARY SCHOOL,PRIVATE,NYANZA,GUCHA,OGEMBO,SENGERA,BOMACHOGE,KISII,,-0.84,34.72
RIAJOME ACADEMY PRI,PRIMARY SCHOOL,PRIVATE,NYANZA,GUCHA,OGEMBO,SENGERA,BOMACHOGE,KISII,,-0.84,34.73
MASIFEW ACADEMY PRI,PRIMARY SCHOOL,PRIVATE,NYANZA,GUCHA,OGEMBO,SENGERA,BOMACHOGE,KISII,,-0.84,34.73
ST GRACIOUS ACADEMY PRI,PRIMARY SCHOOL,PRIVATE,NYANZA,GUCHA,KENYENYA,MAJOGE BORABU,BOMACHOGE,KISII,,-0.86,34.76
ENTANDA JUNIOR PRI,PRIMARY SCHOOL,PRIVATE,NYANZA,GUCHA,KENYENYA,BOOCHI BORABU,BOMACHOGE,KISII,,-0.89,34.81
JOHN'S DAYSTAR PRI,PRIMARY SCHOOL,PRIVATE,NYANZA,GUCHA,KENYENYA,MAJOGE BORABU,BOMACHOGE,KISII,,-0.89,34.81
ANGAZA ACADEMY PRI,PRIMARY SCHOOL,PRIVATE,NYANZA,GUCHA,KENYENYA,BOOCHI BORABU,BOMACHOGE,KISII,,-0.88,34.81
Z AND A MEMORIAL PRI,PRIMARY SCHOOL,PRIVATE,NYANZA,GUCHA,KENYENYA,BOOCHI BORABU,BOMACHOGE,KISII,,-0.91,34.8
ST JOHN'S MWONGETI PRI,PRIMARY SCHOOL,PRIVATE,NYANZA,GUCHA,KENYENYA,BOOCHI BORABU,BOMACHOGE,KISII,,-0.92,34.81
GREEN VIEW ACADEMY PRI,PRIMARY SCHOOL,PRIVATE,NYANZA,GUCHA,KENYENYA,BOOCHI BORABU,BOMACHOGE,KISII,,-0.93,34.81
CASTLEMAN MEMORIAL ACADEMY PRI,PRIMARY SCHOOL,PRIVATE,NYANZA,GUCHA,KENYENYA,BOOCHI BORABU,BOMACHOGE,KISII,,-0.93,34.8
JOKHEM ACADEMY PRI,PRIMARY SCHOOL,PRIVATE,NYANZA,GUCHA,KENYENYA,MAJOGE BORABU,BOMACHOGE,KISII,,-0.94,34.79
MAGENA JUNIOR PRI,PRIMARY SCHOOL,PRIVATE,NYANZA,GUCHA,KENYENYA,MAJOGE BORABU,BOMACHOGE,KISII,,-0.91,34.8
ROMALENA ACADEMY PRI,PRIMARY SCHOOL,PRIVATE,NYANZA,GUCHA,KENYENYA,MAJOGE BORABU,BOMACHOGE,KISII,,-0.91,34.8
INNLAND PRI,PRIMARY SCHOOL,PRIVATE,NYANZA,GUCHA,KENYENYA,MAJOGE BORABU,BOMACHOGE,KISII,,-0.89,34.77
GESABAGWA ACADEMY PRI,PRIMARY SCHOOL,PRIVATE,NYANZA,GUCHA,KENYENYA,MAJOGE BORABU,BOMACHOGE,KISII,,-0.9,34.78
ST ANGELA'S PRI,PRIMARY SCHOOL,PRIVATE,NYANZA,GUCHA,KENYENYA,MAJOGE BORABU,BOMACHOGE,KISII,,-0.87,34.76
ENDERETI CHRISTIAN PRI,PRIMARY SCHOOL,PRIVATE,NYANZA,GUCHA,KENYENYA,MAJOGE MASABA,BOMACHOGE,KISII,,-0.93,34.77
ST SHERRY GOD NYINYO PRI,PRIMARY SCHOOL,PRIVATE,NYANZA,MIGORI,RONGO,NORTH KAMAGAMBO,RONGO,MIGORI,,-0.69,34.63
ST STEPHEN ACADEMY,PRIMARY SCHOOL,PRIVATE,NYANZA,MIGORI,RONGO,NORTH KAMAGAMBO,RONGO,MIGORI,,-0.68,34.64
CHRISTIAN VISION SCHOOL,PRIMARY SCHOOL,PRIVATE,NYANZA,MIGORI,RONGO,NORTH KAMAGAMBO,RONGO,MIGORI,,-0.66,34.6
NYABISAWA PEFA ACADEMY PRY,PRIMARY SCHOOL,PRIVATE,NYANZA,MIGORI,SUBA WEST,SUNA NYABISAWA,MIGORI,MIGORI,,-1.07,34.42
ST.PAULS HILLVIEW ACADEMY PRI,PRIMARY SCHOOL,PRIVATE,NYANZA,MIGORI,RONGO,EAST KAMAGAMBO,RONGO,MIGORI,,-0.7,34.56
WINYO CHRISTIAN ACADEMY,PRIMARY SCHOOL,PRIVATE,NYANZA,MIGORI,RONGO,EAST KAMAGAMBO,RONGO,MIGORI,,-0.71,34.57
KAMAGAMBO ADVENST ACADEMY,PRIMARY SCHOOL,PRIVATE,NYANZA,MIGORI,RONGO,EAST KAMAGAMBO,RONGO,MIGORI,,-0.74,34.63
CATE ACADEMY,PRIMARY SCHOOL,PRIVATE,NYANZA,MIGORI,RONGO,CENTRAL KAMAGAMBO,RONGO,MIGORI,,-0.74,34.62
AHERO JUNIOR ACADEMY PRI,PRIMARY SCHOOL,PRIVATE,NYANZA,MIGORI,SUBA WEST,SUNA LOWER,MIGORI,MIGORI,,-1.09,34.35
HOLYWILL CHRISTIAN ACADEMY,PRIMARY SCHOOL,PRIVATE,NYANZA,MIGORI,RONGO,EAST KAMAGAMBO,RONGO,MIGORI,,-0.69,34.57
ST. FRANCIS GIRLS PRY,PRIMARY SCHOOL,PRIVATE,NYANZA,KISUMU,WINAM,KOLWA EAST,KISUMU TOWN EAST,KISUMU,,-0.08,34.83
CAC KASERE ACADEMY,PRIMARY SCHOOL,PRIVATE,NYANZA,MIGORI,RONGO,EAST KAMAGAMBO,RONGO,MIGORI,,-0.73,34.58
GATEWAY CHRISTIAN ACADEMY,PRIMARY SCHOOL,PRIVATE,NYANZA,MIGORI,MUHURU,CENTRAL MUHURU,NYATIKE,MIGORI,,-1,34.1
KIOMAKEBE FRIENDS ACA PRY,PRIMARY SCHOOL,PRIVATE,NYANZA,KURIA,KEHANCHA,BUKIRA NORTH,KURIA,MIGORI,,-1.21,34.54
RONGO SUCCESS ACADEMY,PRIMARY SCHOOL,PRIVATE,NYANZA,MIGORI,RONGO,CENTRAL KAMAGAMBO,RONGO,MIGORI,,-0.75,34.6
MEMEORIAL MIXED ACADEMY,PRIMARY SCHOOL,PRIVATE,NYANZA,MIGORI,MUHURU,CENTRAL MUHURU,NYATIKE,MIGORI,,-1,34.1
MUHURU JUNIOR ACADEMY PRI,PRIMARY SCHOOL,PRIVATE,NYANZA,MIGORI,MUHURU,CENTRAL MUHURU,NYATIKE,MIGORI,,-1,34.09
PLAN INTERNATIONAL ACADEMY PRY,PRIMARY SCHOOL,PRIVATE,NYANZA,MIGORI,SUBA WEST,SUNA WASIMBETE,MIGORI,MIGORI,,-1.14,34.38
BORDER HILL ACADEMY PRY SCH,PRIMARY SCHOOL,PRIVATE,NYANZA,KURIA,KEHANCHA,BUKIRA WEST,KURIA,MIGORI,,-1.24,34.47
PETALS OF AFRIKA BLOOD SCH NGOCHONI PRY,PRIMARY SCHOOL,PRIVATE,NYANZA,MIGORI,SUBA WEST,SUNA WASIMBETE,MIGORI,MIGORI,,-1.15,34.38
KABIERO PRY SCH,PRIMARY SCHOOL,PRIVATE,NYANZA,KURIA,KEHANCHA,BUKIRA WEST,KURIA,MIGORI,,-1.24,34.47
ST SOSPETER ORPHANAGE ACADEMY,PRIMARY SCHOOL,PRIVATE,NYANZA,MIGORI,MUHURU,EAST MUHURU,NYATIKE,MIGORI,,-1.02,34.13
ACK GOODWILL PRY SCH,PRIMARY SCHOOL,PRIVATE,NYANZA,KURIA,KEHANCHA,BUKIRA WEST,KURIA,MIGORI,,-1.24,34.48
JAMAA PRY,PRIMARY SCHOOL,PRIVATE,NYANZA,KISUMU,WINAM,KOLWA CENTRAL,KISUMU TOWN EAST,KISUMU,,-0.12,34.8
LWAC ACADEMY PRY  SCH,PRIMARY SCHOOL,PRIVATE,NYANZA,MIGORI,SUBA WEST,SUNA LOWER,MIGORI,MIGORI,,-1.12,34.33
DR JOHN ACADEMY PRIMARY SCHOOL,PRIMARY SCHOOL,PRIVATE,NYANZA,MIGORI,MUHURU,EAST MUHURU,NYATIKE,MIGORI,,-1.01,34.15
FULL GOSPEL ACADEMY PRY SCH,PRIMARY SCHOOL,PRIVATE,NYANZA,KURIA,KEHANCHA,BUKIRA WEST,KURIA,MIGORI,,-1.24,34.48
ST DOREEN NDOGA ORPHANAGE PRI,PRIMARY SCHOOL,PRIVATE,NYANZA,MIGORI,RONGO,SOUTH KAMAGAMBO,RONGO,MIGORI,,-0.79,34.6
SUNSHINE SPRINGS ACADEMY PRY SCH,PRIMARY SCHOOL,PRIVATE,NYANZA,KURIA,KEHANCHA,BUKIRA WEST,KURIA,MIGORI,,-1.23,34.48
INTERNATIONAL VISIONS ACADEMY PRY SCH,PRIMARY SCHOOL,PRIVATE,NYANZA,KURIA,KEHANCHA,BUKIRA WEST,KURIA,MIGORI,,-1.23,34.48
MOMOKORO ACADEMY PRY SCH,PRIMARY SCHOOL,PRIVATE,NYANZA,KURIA,KEHANCHA,BUKIRA WEST,KURIA,MIGORI,,-1.24,34.48
ABC HASSAN'S ACADEMY PRY SCH,PRIMARY SCHOOL,PRIVATE,NYANZA,KURIA,KEHANCHA,BUKIRA WEST,KURIA,MIGORI,,-1.24,34.48
THE CASCADE PRY,PRIMARY SCHOOL,PRIVATE,NYANZA,KISUMU,WINAM,KAJULU EAST,KISUMU TOWN EAST,KISUMU,,-0.06,34.78
ST ELIZABETH PRY,PRIMARY SCHOOL,PRIVATE,NYANZA,KISUMU,WINAM,KAJULU WEST,KISUMU TOWN EAST,KISUMU,,-0.05,34.79
HEKIMA PRY SCH,PRIMARY SCHOOL,PRIVATE,NYANZA,KURIA,KEHANCHA,BUKIRA WEST,KURIA,MIGORI,,-1.23,34.49
MUHOGO PRY,PRIMARY SCHOOL,PRIVATE,NYANZA,KURIA,KEGONGA,NYABASI CENTRAL,KURIA,MIGORI,,-1.26,34.65
ROBERTS JUNIOR ACADEMY,PRIMARY SCHOOL,PRIVATE,NYANZA,NYAMIRA,RIGOMA,EAST KITUTU,KITUTU MASABA,NYAMIRA,,-0.73,34.93
IGOMA PROGRESSIVE PR,PRIMARY SCHOOL,PRIVATE,NYANZA,NYAMIRA,BORABU,NYASIONGO,N.MUGIRANGO BORABU,NYAMIRA,,-0.75,35.01
ST JUDES ACADEMY,PRIMARY SCHOOL,PRIVATE,NYANZA,NYAMIRA,RIGOMA,EAST KITUTU,KITUTU MASABA,NYAMIRA,,-0.72,34.91
NYABONUKE ACD PRI,PRIMARY SCHOOL,PRIVATE,NYANZA,GUCHA,NYAMARAMBE,NYAKEMBENE,SOUTH MUGIRANGO,KISII,,-0.8,34.69
MACHENGO MISSION PRI,PRIMARY SCHOOL,PRIVATE,NYANZA,GUCHA,NYAMARAMBE,NYAKEMBENE,SOUTH MUGIRANGO,KISII,,-0.81,34.69
MERCY ACADEMY PRI,PRIMARY SCHOOL,PRIVATE,NYANZA,GUCHA,SAMETA,BASSI BOINTANGARE,BOBASI,KISII,,-0.8,34.81
MOCHENGO MISSION PRI,PRIMARY SCHOOL,PRIVATE,NYANZA,GUCHA,NYACHEKI,BASSI BORABU,BOBASI,KISII,,-0.86,34.87
ST JEMMY ACADEMY,PRIMARY SCHOOL,PRIVATE,NYANZA,NYAMIRA,BORABU,NYANSIONGO,N.MUGIRANGO BORABU,NYAMIRA,,-0.76,35
ST MARIA NYANGORI,PRIMARY SCHOOL,PRIVATE,NYANZA,NYAMIRA,RIGOMA,GACHUBA,KITUTU MASABA,NYAMIRA,,-0.7,34.92
ZANA J ACADEMY,PRIMARY SCHOOL,PRIVATE,NYANZA,NYAMIRA,RIGOMA,GACHUBA,KITUTU MASABA,NYAMIRA,,-0.7,34.92
NYAKORERE MFA PRI,PRIMARY SCHOOL,PRIVATE,NYANZA,GUCHA,NYAMARAMBE,NYAKEMBENE,SOUTH MUGIRANGO,KISII,,-0.83,34.67
MOSCO ACADEMY PRI,PRIMARY SCHOOL,PRIVATE,NYANZA,GUCHA,SAMETA,BASSI BOINTANGARE,BOBASI,KISII,,-0.8,34.79
MAVUNO COMPLEX PRI,PRIMARY SCHOOL,PRIVATE,NYANZA,GUCHA,NYACHEKI,BASSI BORABU,BOBASI,KISII,,-0.89,34.89
RIAKEMONI ACADEMY PRI,PRIMARY SCHOOL,PRIVATE,NYANZA,GUCHA,SAMETA,BASSI BOINTANGARE,BOBASI,KISII,,-0.8,34.78
ST MARIA MACHURURIATI PRI,PRIMARY SCHOOL,PRIVATE,NYANZA,NYAMIRA,RIGOMA,MOCHENWA,KITUTU MASABA,NYAMIRA,,-0.7,34.93
ST CRAIG ORPHANAGE PRI,PRIMARY SCHOOL,PRIVATE,NYANZA,GUCHA,NYAMARAMBE,NYAKEMBENE,SOUTH MUGIRANGO,KISII,,-0.84,34.66
ARLINGTON ACADEMY PRI,PRIMARY SCHOOL,PRIVATE,NYANZA,GUCHA,NYACHEKI,NYACHEKI,BOBASI,KISII,,-0.89,34.88
WESTLANDS MWANGAZA ACADEMY,PRIMARY SCHOOL,PRIVATE,NYANZA,NYAMIRA,RIGOMA,EAST KITUTU,KITUTU MASABA,NYAMIRA,,-0.72,34.94
SAON BOARDING PRI,PRIMARY SCHOOL,PRIVATE,NYANZA,NYAMIRA,BORABU,NYANSIONGO,N.MUGIRANGO BORABU,NYAMIRA,,-0.79,34.98
SABAS ITUMBE ACADEMY PRI,PRIMARY SCHOOL,PRIVATE,NYANZA,GUCHA,SAMETA,MOKWERERO,BOBASI,KISII,,-0.75,34.78
FREMA ACADEMY PRI,PRIMARY SCHOOL,PRIVATE,NYANZA,GUCHA,NYACHEKI,BASSI BORABU,BOBASI,KISII,,-0.9,34.9
ST. PETER'S CAPE VIEW ACDEMY PRY SCH,PRIMARY SCHOOL,PRIVATE,NYANZA,HOMA BAY,ASEGO,TOWNSHIP,RANGWE,HOMA BAY,,-0.52,34.48
ST PETER'S LIBERAL PRI,PRIMARY SCHOOL,PRIVATE,NYANZA,GUCHA,NYAMARAMBE,NYAKEMBENE,SOUTH MUGIRANGO,KISII,,-0.84,34.65
VICTORY CHRISTIAN PRI SCH,PRIMARY SCHOOL,PRIVATE,NYANZA,GUCHA,NYAMARAMBE,NYAKEMBENE,SOUTH MUGIRANGO,KISII,,-0.85,34.64
MOCHENWA EKO PRI,PRIMARY SCHOOL,PRIVATE,NYANZA,NYAMIRA,RIGOMA,MOCHENWA,KITUTU MASABA,NYAMIRA,,-0.74,34.97
NYAIBASO ACADEMY,PRIMARY SCHOOL,PRIVATE,NYANZA,NYAMIRA,BORABU,NYANSIONGO,N.MUGIRANGO BORABU,NYAMIRA,,-0.8,34.98
RITEKE  4SQUARE PRI,PRIMARY SCHOOL,PRIVATE,NYANZA,GUCHA,NYAMARAMBE,NYAKEMBENE,SOUTH MUGIRANGO,KISII,,-0.83,34.66
ST ANDREWS KAGGWA GIRLS PRI,PRIMARY SCHOOL,PRIVATE,NYANZA,NYAMIRA,BORABU,NYANSIONGO,N.MUGIRANGO BORABU,NYAMIRA,,-0.79,35.02
KING SOLOMON JUNIOR ACADEMY PRY SCH,PRIMARY SCHOOL,PRIVATE,NYANZA,HOMA BAY,ASEGO,TOWNSHIP,RANGWE,HOMA BAY,,-0.52,34.48
ST KENNEDY BARAKA ORPHANAGE PRI,PRIMARY SCHOOL,PRIVATE,NYANZA,GUCHA,NYAMARAMBE,NYAKEMBENE,SOUTH MUGIRANGO,KISII,,-0.82,34.66
PINNCOLE ACADEMY PRY SCH,PRIMARY SCHOOL,PRIVATE,NYANZA,HOMA BAY,ASEGO,TOWNSHIP,RANGWE,HOMA BAY,,-0.52,34.48
ST LUKE'S PRI,PRIMARY SCHOOL,PRIVATE,NYANZA,GUCHA,NYACHEKI,NYACHEKI,BOBASI,KISII,,-0.89,34.86
ST WILLY'S ACADEMY PRI,PRIMARY SCHOOL,PRIVATE,NYANZA,GUCHA,NYAMACHE,MASIGE WEST,BOBASI,KISII,,-0.82,34.74
MT CARMEL PRI,PRIMARY SCHOOL,PRIVATE,NYANZA,GUCHA,NYAMACHE,MASIGE WEST,BOBASI,KISII,,-0.81,34.74
NESTWAY MODERN ACADEMY,PRIMARY SCHOOL,PRIVATE,NYANZA,NYAMIRA,BORABU,NYASIONGO,N.MUGIRANGO BORABU,NYAMIRA,,-0.76,35.01
OMOSARIA ACADEMY PRI,PRIMARY SCHOOL,PRIVATE,NYANZA,GUCHA,NYAMACHE,MASIGE WEST,BOBASI,KISII,,-0.83,34.76
BORABU ACADEMY,PRIMARY SCHOOL,PRIVATE,NYANZA,NYAMIRA,BORABU,NYANSIONGO,N.MUGIRANGO BORABU,NYAMIRA,,-0.76,35.01
HOMABAY SUCCESS ACADEMY PRY SCH,PRIMARY SCHOOL,PRIVATE,NYANZA,HOMA BAY,ASEGO,TOWNSHIP,RANGWE,HOMA BAY,,-0.52,34.47
KIOGOSI ACADEMY PRI SCH,PRIMARY SCHOOL,PRIVATE,NYANZA,GUCHA,NYAMARAMBE,NYAKEMBENE,SOUTH MUGIRANGO,KISII,,-0.8,34.67
VICTORIA ACADEMY PRY SCH,PRIMARY SCHOOL,PRIVATE,NYANZA,HOMA BAY,ASEGO,TOWNSHIP,RANGWE,HOMA BAY,,-0.52,34.47
RITONGO VALLEY ACADEMY,PRIMARY SCHOOL,PRIVATE,NYANZA,NYAMIRA,RIGOMA,MOCHENWA,KITUTU MASABA,NYAMIRA,,-0.71,34.99
DORBAS ACADEMY,PRIMARY SCHOOL,PRIVATE,NYANZA,NYAMIRA,BORABU,NYANSIONGO,N.MUGIRANGO BORABU,NYAMIRA,,-0.76,35.03
YOUNG ANGEL'S PRI,PRIMARY SCHOOL,PRIVATE,NYANZA,GUCHA,NYAMARAMBE,S. MUGIRANGO CHACHE,SOUTH MUGIRANGO,KISII,,-0.77,34.68
PRINCE DAN ADVENTIST PRI,PRIMARY SCHOOL,PRIVATE,NYANZA,NYAMIRA,BORABU,NYANSIONGO,N.MUGIRANGO BORABU,NYAMIRA,,-0.77,35.03
MIGERA ACADEMY PRY SCH,PRIMARY SCHOOL,PRIVATE,NYANZA,HOMA BAY,RIANA,SOUTH KABUOCH,NDHIWA,HOMA BAY,,-0.75,34.52
DAZAMO PR,PRIMARY SCHOOL,PRIVATE,NYANZA,NYAMIRA,RIGOMA,MOCHENWA,KITUTU MASABA,NYAMIRA,,-0.7,34.95
JODAMO JUNIOR ACADEMY,PRIMARY SCHOOL,PRIVATE,NYANZA,NYAMIRA,RIGOMA,MOCHENWA,KITUTU MASABA,NYAMIRA,,-0.69,34.94
HOMABAY CHILDREN'S HOME ACADEMY PRY SCH,PRIMARY SCHOOL,PRIVATE,NYANZA,HOMA BAY,ASEGO,TOWNSHIP,RANGWE,HOMA BAY,,-0.53,34.46
OMWOBO ACADEMY PRI,PRIMARY SCHOOL,PRIVATE,NYANZA,GUCHA,NYAMACHE,BASSI MASIGE WEST,BOBASI,KISII,,-0.85,34.79
TAKIMA ACADEMY PR,PRIMARY SCHOOL,PRIVATE,NYANZA,NYAMIRA,RIGOMA,GESIMA,KITUTU MASABA,NYAMIRA,,-0.68,34.94
ST JOSEPH NYAMARI PRI,PRIMARY SCHOOL,PRIVATE,NYANZA,GUCHA,NYACHEKI,RIGENA,BOBASI,KISII,,-0.91,34.84
AMANI ACADEMY,PRIMARY SCHOOL,PRIVATE,NYANZA,NYAMIRA,BORABU,NYANSIONGO,N.MUGIRANGO BORABU,NYAMIRA,,-0.76,35.07
MOTHERLAND KAGURIA JUNIOR ACADEMY PRY,PRIMARY SCHOOL,PRIVATE,NYANZA,HOMA BAY,RIANA,SOUTH KABUOCH,NDHIWA,HOMA BAY,,-0.81,34.47
ST ANTHONY'S LITTLE ANGEL'S ACADEMY PRY SCH,PRIMARY SCHOOL,PRIVATE,NYANZA,HOMA BAY,ASEGO,TOWNSHIP,RANGWE,HOMA BAY,,-0.53,34.46
FOUNTAIN VIEW ACADEMY,PRIMARY SCHOOL,PRIVATE,NYANZA,NYAMIRA,BORABU,NYANSIONGO,WEST MUGIRANGO,NYAMIRA,,-0.74,35.06
CHALKMAN ACADEMY PRI,PRIMARY SCHOOL,PRIVATE,NYANZA,GUCHA,NYACHEKI,RIGENA,BOBASI,KISII,,-0.93,34.85
RABARE ACADEMY PRY SCH,PRIMARY SCHOOL,PRIVATE,NYANZA,HOMA BAY,RIANA,SOUTH KABUOCH,NDHIWA,HOMA BAY,,-0.8,34.47
KAMBINI PRI,PRIMARY SCHOOL,PRIVATE,NYANZA,NYAMIRA,RIGOMA,GESIMA,KITUTU MASABA,NYAMIRA,,-0.69,34.96
SS PETER AND PAUL PRI,PRIMARY SCHOOL,PRIVATE,NYANZA,GUCHA,NYAMACHE,BASSI MASIGE EAST,BOBASI,KISII,,-0.85,34.83
BUYORE ACADEMY PRI,PRIMARY SCHOOL,PRIVATE,NYANZA,GUCHA,NYAMACHE,BASSI MASIGE EAST,BOBASI,KISII,,-0.85,34.83
RIGENA PAG MISSION'S PRI,PRIMARY SCHOOL,PRIVATE,NYANZA,GUCHA,NYACHEKI,RIGENA,BOBASI,KISII,,-0.9,34.84
DORCAS SIGARA MEMORIAL PRI,PRIMARY SCHOOL,PRIVATE,NYANZA,NYAMIRA,RIGOMA,GESIMA,KITUTU MASABA,NYAMIRA,,-0.68,34.99
KOKUMU ACADEMY PRY,PRIMARY SCHOOL,PRIVATE,NYANZA,HOMA BAY,RIANA,SOUTH KABUOCH,NDHIWA,HOMA BAY,,-0.8,34.44
ST ZACHARY ACADEMY PRI,PRIMARY SCHOOL,PRIVATE,NYANZA,GUCHA,NYAMACHE,BASSI MASIGE EAST,BOBASI,KISII,,-0.84,34.81
CHALLENGE ACADEMY PRY (PALA),PRIMARY SCHOOL,PRIVATE,NYANZA,HOMA BAY,RIANA,SOUTH KABUOCH,NDHIWA,HOMA BAY,,-0.8,34.44
SARE ORPHANS PRI,PRIMARY SCHOOL,PRIVATE,NYANZA,GUCHA,ETAGO,OTENDO,SOUTH MUGIRANGO,KISII,,-0.95,34.65
CHEPILAT HIGHWAY ACADEMY,PRIMARY SCHOOL,PRIVATE,NYANZA,NYAMIRA,BORABU,MEKENENE,N.MUGIRANGO BORABU,NYAMIRA,,-0.69,35.06
STEMTON ACADEMY PRI,PRIMARY SCHOOL,PRIVATE,NYANZA,GUCHA,NYACHEKI,BASSI BOGETAORIO,BOBASI,KISII,,-0.91,34.83
MAROO TOWNSHIP PRI,PRIMARY SCHOOL,PRIVATE,NYANZA,GUCHA,ETAGO,OTENDO,SOUTH MUGIRANGO,KISII,,-0.91,34.62
NGEGU BLESSINGS ACADEMY PRY SCH,PRIMARY SCHOOL,PRIVATE,NYANZA,HOMA BAY,LOWER NYOKAL,WEST KOCHIA,RANGWE,HOMA BAY,,-0.49,34.51
BRILLIANT ACADEMY,PRIMARY SCHOOL,PRIVATE,NYANZA,NYAMIRA,BORABU,MEKENENE,N.MUGIRANGO BORABU,NYAMIRA,,-0.66,35.04
SETLIGHT ACADEMY,PRIMARY SCHOOL,PRIVATE,NYANZA,NYAMIRA,BORABU,MEKENENE,N.MUGIRANGO BORABU,NYAMIRA,,-0.67,35.04
MOSEBETI RIVERSIDE PRI SCH,PRIMARY SCHOOL,PRIVATE,NYANZA,NYAMIRA,NYAMIRA,BOSAMARO MASABA,WEST MUGIRANGO,NYAMIRA,,-0.67,35
EBENEZER VICTORY PRI,PRIMARY SCHOOL,PRIVATE,NYANZA,GUCHA,ETAGO,OTENDO,SOUTH MUGIRANGO,KISII,,-0.91,34.64
KIMIANYA HOME OF CHAMPIONS PRI,PRIMARY SCHOOL,PRIVATE,NYANZA,GUCHA,ETAGO,S. MUGIRANGO BORABU,SOUTH MUGIRANGO,KISII,,-0.89,34.68
SUNSHINE YOUTH GROUP PRI,PRIMARY SCHOOL,PRIVATE,NYANZA,GUCHA,ETAGO,S. MUGIRANGO BORABU,SOUTH MUGIRANGO,KISII,,-0.89,34.67
JOYDA JUNIOR PRI,PRIMARY SCHOOL,PRIVATE,NYANZA,GUCHA,ETAGO,OTENDO,SOUTH MUGIRANGO,KISII,,-0.89,34.62
RIMAS MOKONGE ACADEMY PRI,PRIMARY SCHOOL,PRIVATE,NYANZA,GUCHA,NYAMACHE,BASSI MASIGE EAST,BOBASI,KISII,,-0.83,34.8
SOTIK HIGHLANDS ACADEMY,PRIMARY SCHOOL,PRIVATE,NYANZA,NYAMIRA,BORABU,KIANGENI,N.MUGIRANGO BORABU,NYAMIRA,,-0.59,35.05
GREAT STAR ACADEMY PRI,PRIMARY SCHOOL,PRIVATE,NYANZA,GUCHA,ETAGO,CHITAGO,SOUTH MUGIRANGO,KISII,,-0.87,34.67
BORABU HILLSIDE ACADEMY,PRIMARY SCHOOL,PRIVATE,NYANZA,NYAMIRA,EKERENYO,KIANGENI,N.MUGIRANGO BORABU,NYAMIRA,,-0.55,35.03
PHILEMON MEMORIAL ACADEMY PRY,PRIMARY SCHOOL,PRIVATE,NYANZA,HOMA BAY,LOWER NYOKAL,WEST KOCHIA,RANGWE,HOMA BAY,,-0.48,34.55
KERUMBE ACADEMY,PRIMARY SCHOOL,PRIVATE,NYANZA,NYAMIRA,BORABU,KIANGENI,N.MUGIRANGO BORABU,NYAMIRA,,-0.51,35.04
JOY CHRISTIAN SCHOOL INTERNATIONAL ACADEMY PRY SCH,PRIMARY SCHOOL,PRIVATE,NYANZA,HOMA BAY,NDHIWA,WEST KANYAMWA,NDHIWA,HOMA BAY,,-0.73,34.36
EBURI JOMA ACADEMY PRI,PRIMARY SCHOOL,PRIVATE,NYANZA,GUCHA,ETAGO,NYANSAKIA,SOUTH MUGIRANGO,KISII,,-0.86,34.62
ST. DOMINIC SAVIOUR ACADEMY PRY SCH,PRIMARY SCHOOL,PRIVATE,NYANZA,HOMA BAY,NDHIWA,WEST KANYAMWA,NDHIWA,HOMA BAY,,-0.73,34.37
AYORA FGCK FAITH PRI,PRIMARY SCHOOL,PRIVATE,NYANZA,GUCHA,ETAGO,NYANSAKIA,SOUTH MUGIRANGO,KISII,,-0.86,34.62
BISHOP LAWI ACADEMY PRY SCH,PRIMARY SCHOOL,PRIVATE,NYANZA,HOMA BAY,ASEGO,EAST KANYADA,RANGWE,HOMA BAY,,-0.63,34.51
ST. VINCENT  HILLVIEW  PRY SCH,PRIMARY SCHOOL,PRIVATE,NYANZA,HOMA BAY,NDHIWA,WEST KANYAMWA,NDHIWA,HOMA BAY,,-0.73,34.37
RODI TOWNSHIP ACADEMY PRY,PRIMARY SCHOOL,PRIVATE,NYANZA,HOMA BAY,ASEGO,EAST KANYADA,RANGWE,HOMA BAY,,-0.62,34.5
KIANYANDEGO ACADEMY PRI,PRIMARY SCHOOL,PRIVATE,NYANZA,GUCHA,ETAGO,NYANSAKIA,SOUTH MUGIRANGO,KISII,,-0.85,34.62
NYABIOSI ACADEMY PRI,PRIMARY SCHOOL,PRIVATE,NYANZA,GUCHA,ETAGO,NYANSAKIA,SOUTH MUGIRANGO,KISII,,-0.86,34.64
RIAKIBINI ACADEMY PRI,PRIMARY SCHOOL,PRIVATE,NYANZA,GUCHA,ETAGO,NYANSAKIA,SOUTH MUGIRANGO,KISII,,-0.86,34.66
SUNNY ACADEMY PRI,PRIMARY SCHOOL,PRIVATE,NYANZA,GUCHA,ETAGO,NYANSAKIA,SOUTH MUGIRANGO,KISII,,-0.87,34.65
MANYONI MEMORIAL PRI,PRIMARY SCHOOL,PRIVATE,NYANZA,GUCHA,ETAGO,OTENDO,SOUTH MUGIRANGO,KISII,,-0.88,34.65
MOCHENGO JUNIOR ACADEMY PRI,PRIMARY SCHOOL,PRIVATE,NYANZA,GUCHA,NYAMARAMBE,S. MUGIRANGO CENTRAL,SOUTH MUGIRANGO,KISII,,-0.84,34.63
UNIRO ACADEMY PRI,PRIMARY SCHOOL,PRIVATE,NYANZA,GUCHA,NYAMARAMBE,S. MUGIRANGO CENTRAL,SOUTH MUGIRANGO,KISII,,-0.81,34.63
SAWASAWA PRI,PRIMARY SCHOOL,PRIVATE,NYANZA,GUCHA,NYAMARAMBE,S. MUGIRANGO CENTRAL,SOUTH MUGIRANGO,KISII,,-0.8,34.63
SOUTH VIEW JUNIOR PRI,PRIMARY SCHOOL,PRIVATE,NYANZA,GUCHA,NYAMARAMBE,S. MUGIRANGO CENTRAL,SOUTH MUGIRANGO,KISII,,-0.81,34.63
HIGH MARK JOS PRI,PRIMARY SCHOOL,PRIVATE,NYANZA,GUCHA,NYAMARAMBE,S. MUGIRANGO CENTRAL,SOUTH MUGIRANGO,KISII,,-0.81,34.64
BOGISERO ACADEMY PRI,PRIMARY SCHOOL,PRIVATE,NYANZA,GUCHA,NYAMARAMBE,S. MUGIRANGO CENTRAL,SOUTH MUGIRANGO,KISII,,-0.8,34.66
ST SAMSON ACADEMY PRI,PRIMARY SCHOOL,PRIVATE,NYANZA,GUCHA,NYAMARAMBE,S. MUGIRANGO CENTRAL,SOUTH MUGIRANGO,KISII,,-0.79,34.65
MILLENIUM ACADEMY PRI SCH,PRIMARY SCHOOL,PRIVATE,NYANZA,GUCHA,NYAMARAMBE,S. MUGIRANGO CENTRAL,SOUTH MUGIRANGO,KISII,,-0.79,34.63
NYANSORE ACADEMY PRI,PRIMARY SCHOOL,PRIVATE,NYANZA,GUCHA,NYAMARAMBE,S. MUGIRANGO CENTRAL,SOUTH MUGIRANGO,KISII,,-0.78,34.63
IMMACULATE TUMAINI ACADEMY,PRIMARY SCHOOL,PRIVATE,NYANZA,NYAMIRA,RIGOMA,GACHUBA,KITUTU MASABA,NYAMIRA,,-0.69,34.91
EKEREMA ACADEMY PRI,PRIMARY SCHOOL,PRIVATE,NYANZA,GUCHA,NYAMACHE,BASSI MASIGE EAST,BOBASI,KISII,,-0.81,34.79
JANEIRO JUNIOR ACADEMY PRY SCH,PRIMARY SCHOOL,PRIVATE,NYANZA,HOMA BAY,LOWER NYOKAL,WEST KOCHIA,RANGWE,HOMA BAY,,-0.48,34.54
OMOSOCHO ACADEMY PRI,PRIMARY SCHOOL,PRIVATE,NYANZA,GUCHA,NYAMACHE,BASSI BOGETAORIO,BOBASI,KISII,,-0.88,34.79
TIGHT HEART ACADEMY,PRIMARY SCHOOL,PRIVATE,NYANZA,NYAMIRA,MANGA,NORTH KITUTU,KITUTU MASABA,NYAMIRA,,-0.67,34.91
OLYMPIC JUNIOR PRI,PRIMARY SCHOOL,PRIVATE,NYANZA,GUCHA,NYAMACHE,BASSI BOGETAORIO,BOBASI,KISII,,-0.88,34.79
DAZAMO SETLIGHT ACADEMY,PRIMARY SCHOOL,PRIVATE,NYANZA,NYAMIRA,MANGA,NORTH KITUTU,KITUTU MASABA,NYAMIRA,,-0.67,34.91
ST ZACHARY ACADEMY PRI,PRIMARY SCHOOL,PRIVATE,NYANZA,GUCHA,NYAMACHE,BASSI CENTRAL,BOBASI,KISII,,-0.82,34.84
BITENGO ACADEMY PRI,PRIMARY SCHOOL,PRIVATE,NYANZA,GUCHA,NYAMACHE,BASSI CENTRAL,BOBASI,KISII,,-0.8,34.83
OBWORORO ACADEMY,PRIMARY SCHOOL,PRIVATE,NYANZA,NYAMIRA,EKERENYO,OBWARI,N.MUGIRANGO BORABU,NYAMIRA,,-0.53,35.03
NYAGACHO ORPHANAGE PRI,PRIMARY SCHOOL,PRIVATE,NYANZA,GUCHA,ETAGO,S. MUGIRANGO BORABU,SOUTH MUGIRANGO,KISII,,-0.85,34.67
HEARTSPRING ACADEMY PRY SCH,PRIMARY SCHOOL,PRIVATE,NYANZA,HOMA BAY,LOWER NYOKAL,EAST KOCHIA,RANGWE,HOMA BAY,,-0.56,34.54
REMNANTS ACADEMY,PRIMARY SCHOOL,PRIVATE,NYANZA,NYAMIRA,RIGOMA,GACHUBA,KITUTU MASABA,NYAMIRA,,-0.68,34.88
SHOOTING STAR ACADEMY PRY SCH,PRIMARY SCHOOL,PRIVATE,NYANZA,HOMA BAY,LOWER NYOKAL,EAST KOCHIA,RANGWE,HOMA BAY,,-0.53,34.54
RIANYAMBEKI ORPHANAGE PRI,PRIMARY SCHOOL,PRIVATE,NYANZA,GUCHA,ETAGO,CHITAGO,SOUTH MUGIRANGO,KISII,,-0.86,34.66
BORANGI RIVERSIDE ACADEMY PRI,PRIMARY SCHOOL,PRIVATE,NYANZA,GUCHA,NYAMACHE,BASSI CENTRAL,BOBASI,KISII,,-0.83,34.86
ST JOSEPHS NYASORE ACADEMY,PRIMARY SCHOOL,PRIVATE,NYANZA,NYAMIRA,RIGOMA,EAST KITUTU,KITUTU MASABA,NYAMIRA,,-0.76,34.96
UTUBORA ORPHANAGE PRI,PRIMARY SCHOOL,PRIVATE,NYANZA,GUCHA,ETAGO,CHITAGO,SOUTH MUGIRANGO,KISII,,-0.9,34.67
NURU JUNIOR ACADEMY,PRIMARY SCHOOL,PRIVATE,NYANZA,NYAMIRA,RIGOMA,EAST KITUTU,KITUTU MASABA,NYAMIRA,,-0.78,34.96
VICTORY ACADEMY,PRIMARY SCHOOL,PRIVATE,NYANZA,NYAMIRA,MANGA,NORTH KITUTU,KITUTU MASABA,NYAMIRA,,-0.65,34.88
ST KIZITO PRI,PRIMARY SCHOOL,PRIVATE,NYANZA,NYAMIRA,RIGOMA,EAST KITUTU,KITUTU MASABA,NYAMIRA,,-0.78,34.95
MEDICARE PR,PRIMARY SCHOOL,PRIVATE,NYANZA,NYAMIRA,MANGA,CENTRAL KITUTU,KITUTU MASABA,NYAMIRA,,-0.65,34.88
ST DAVID ETAGO KINSHIP PRI,PRIMARY SCHOOL,PRIVATE,NYANZA,GUCHA,ETAGO,CHITAGO,SOUTH MUGIRANGO,KISII,,-0.91,34.66
MASABA JUNIOR ACADEMY NUR,PRIMARY SCHOOL,PRIVATE,NYANZA,NYAMIRA,RIGOMA,EAST KITUTU,KITUTU MASABA,NYAMIRA,,-0.77,34.95
KING DAVID JUNIOR PRI,PRIMARY SCHOOL,PRIVATE,NYANZA,GUCHA,NYAMACHE,BASSI CENTRAL,BOBASI,KISII,,-0.86,34.84
PENTA ACADEMY PRI,PRIMARY SCHOOL,PRIVATE,NYANZA,GUCHA,NYAMACHE,BASSI CENTRAL,BOBASI,KISII,,-0.85,34.83
NYAGWONDO ACADEMY PRI,PRIMARY SCHOOL,PRIVATE,NYANZA,GUCHA,ETAGO,CHITAGO,SOUTH MUGIRANGO,KISII,,-0.92,34.67
TOMBE FAITH ACADEMY,PRIMARY SCHOOL,PRIVATE,NYANZA,NYAMIRA,MANGA,CENTRAL KITUTU,KITUTU MASABA,NYAMIRA,,-0.65,34.87
HOPE CHILDREN'S CENTRE PRY SCH,PRIMARY SCHOOL,PRIVATE,NYANZA,HOMA BAY,LOWER NYOKAL,EAST KOCHIA,RANGWE,HOMA BAY,,-0.53,34.56
MWALIMU TOWNSHIP JUNIOR SCHOOL,PRIMARY SCHOOL,PRIVATE,NYANZA,NYAMIRA,RIGOMA,EAST KITUTU,KITUTU MASABA,NYAMIRA,,-0.77,34.94
OMOGENDA JUNIOR PRI,PRIMARY SCHOOL,PRIVATE,NYANZA,GUCHA,ETAGO,S. MUGIRANGO BORABU,SOUTH MUGIRANGO,KISII,,-0.94,34.7
NEMORA JUNIOR ACADEMY,PRIMARY SCHOOL,PRIVATE,NYANZA,NYAMIRA,RIGOMA,EAST KITUTU,KITUTU MASABA,NYAMIRA,,-0.76,34.92
SISTER DOLORES ACADEMY PRY SCH,PRIMARY SCHOOL,PRIVATE,NYANZA,HOMA BAY,RANGWE,WEST KAGAN,RANGWE,HOMA BAY,,-0.52,34.58
VICTORY EDUCATION PRI,PRIMARY SCHOOL,PRIVATE,NYANZA,GUCHA,ETAGO,S. MUGIRANGO BORABU,SOUTH MUGIRANGO,KISII,,-0.95,34.7
MWANGAZA ACADEMY PRY,PRIMARY SCHOOL,PRIVATE,NYANZA,HOMA BAY,ASEGO,TOWNSHIP,RANGWE,HOMA BAY,,-0.54,34.45
MOGENDA TOWNSHIP PRI,PRIMARY SCHOOL,PRIVATE,NYANZA,GUCHA,ETAGO,S. MUGIRANGO BORABU,SOUTH MUGIRANGO,KISII,,-0.94,34.69
JOYLAND JUNIOR ACADEMY,PRIMARY SCHOOL,PRIVATE,NYANZA,NYAMIRA,MANGA,NORTH KITUTU,KITUTU MASABA,NYAMIRA,,-0.61,34.89
SANGO ACADEMY PRY,PRIMARY SCHOOL,PRIVATE,NYANZA,HOMA BAY,ASEGO,TOWNSHIP,RANGWE,HOMA BAY,,-0.53,34.45
ST JAMES EKONA PRI,PRIMARY SCHOOL,PRIVATE,NYANZA,GUCHA,ETAGO,CHITAGO,SOUTH MUGIRANGO,KISII,,-0.93,34.67
FRONZA ACADEMY PRI,PRIMARY SCHOOL,PRIVATE,NYANZA,GUCHA,NYACHEKI,BASSI BORABU,BOBASI,KISII,,-0.86,34.86
DR OWEN ACADEMY PRY,PRIMARY SCHOOL,PRIVATE,NYANZA,HOMA BAY,ASEGO,TOWNSHIP,RANGWE,HOMA BAY,,-0.53,34.45
ST ZACHARY ORPHANAGE PRI,PRIMARY SCHOOL,PRIVATE,NYANZA,GUCHA,ETAGO,CHITAGO,SOUTH MUGIRANGO,KISII,,-0.95,34.69
RIOKIBENI ACADEMY PRI,PRIMARY SCHOOL,PRIVATE,NYANZA,GUCHA,NYACHEKI,NYACHEKI,BOBASI,KISII,,-0.88,34.86
OMAMA ACADEMY PRI,PRIMARY SCHOOL,PRIVATE,NYANZA,GUCHA,NYACHEKI,NYACHEKI,BOBASI,KISII,,-0.89,34.87
ITEKE JUNIOR ACADEMY PRI,PRIMARY SCHOOL,PRIVATE,NYANZA,GUCHA,ETAGO,S. MUGIRANGO BORABU,SOUTH MUGIRANGO,KISII,,-0.96,34.69
MANUASI ACADEMY,PRIMARY SCHOOL,PRIVATE,NYANZA,NYAMIRA,RIGOMA,GACHUBA,KITUTU MASABA,NYAMIRA,,-0.71,34.86
NYACHEKI PAG HOPE PRI,PRIMARY SCHOOL,PRIVATE,NYANZA,GUCHA,NYACHEKI,NYACHEKI,BOBASI,KISII,,-0.89,34.88
MOSILY ACADEMY,PRIMARY SCHOOL,PRIVATE,NYANZA,NYAMIRA,RIGOMA,GACHUBA,KITUTU MASABA,NYAMIRA,,-0.72,34.86
NYAMAIYA TOWNSHIP PRI SCH,PRIMARY SCHOOL,PRIVATE,NYANZA,GUCHA,ETAGO,S. MUGIRANGO BORABU,SOUTH MUGIRANGO,KISII,,-0.97,34.68
GAGGIBS ACADEMY,PRIMARY SCHOOL,PRIVATE,NYANZA,NYAMIRA,RIGOMA,GACHUBA,KITUTU MASABA,NYAMIRA,,-0.72,34.87
KENOCHI BAPTIST ORPHANAGE PRI,PRIMARY SCHOOL,PRIVATE,NYANZA,GUCHA,ETAGO,GETENGA,SOUTH MUGIRANGO,KISII,,-0.95,34.68
ST ATHANASIUS ENGETI PRI,PRIMARY SCHOOL,PRIVATE,NYANZA,GUCHA,ETAGO,GETENGA,SOUTH MUGIRANGO,KISII,,-0.93,34.66
OMOKIA K ACADEMY,PRIMARY SCHOOL,PRIVATE,NYANZA,NYAMIRA,RIGOMA,GACHUBA,KITUTU MASABA,NYAMIRA,,-0.72,34.9
ST JOHN'S SUGUTA ACADEMY PRI,PRIMARY SCHOOL,PRIVATE,NYANZA,GUCHA,ETAGO,GETENGA,SOUTH MUGIRANGO,KISII,,-0.92,34.65
RIOKINDO JUNIOR PRI,PRIMARY SCHOOL,PRIVATE,NYANZA,GUCHA,KENYENYA,MAJOGE MASABA,BOMACHOGE,KISII,,-0.92,34.76
ST CHARLES AND CAROLYNE ORPHANAGE PRI,PRIMARY SCHOOL,PRIVATE,NYANZA,GUCHA,ETAGO,CHITAGO,SOUTH MUGIRANGO,KISII,,-0.89,34.65
RIOKINDO EKERUBO PRI,PRIMARY SCHOOL,PRIVATE,NYANZA,GUCHA,KENYENYA,MAJOGE MASABA,BOMACHOGE,KISII,,-0.92,34.75
ST PETER ORPHANAGE PRI,PRIMARY SCHOOL,PRIVATE,NYANZA,GUCHA,ETAGO,CHITAGO,SOUTH MUGIRANGO,KISII,,-0.9,34.66
JOKHEM B PRI,PRIMARY SCHOOL,PRIVATE,NYANZA,GUCHA,KENYENYA,MAJOGE MASABA,BOMACHOGE,KISII,,-0.94,34.75
MAGENCHE ALLIANCE PRI,PRIMARY SCHOOL,PRIVATE,NYANZA,GUCHA,KENYENYA,MAGENCHE,BOMACHOGE,KISII,,-0.95,34.72
MAGENCHE TOWNSHIP PRI,PRIMARY SCHOOL,PRIVATE,NYANZA,GUCHA,KENYENYA,MAGENCHE,BOMACHOGE,KISII,,-0.95,34.72
EMONGA ACADEMY PRI,PRIMARY SCHOOL,PRIVATE,NYANZA,GUCHA,NYAMARAMBE,S. MUGIRANGO CENTRAL,SOUTH MUGIRANGO,KISII,,-0.77,34.64
MAGENCHE OMOGUMO PRI,PRIMARY SCHOOL,PRIVATE,NYANZA,GUCHA,KENYENYA,MAGENCHE,BOMACHOGE,KISII,,-0.94,34.73
KIABOERA ACADEMY PRI,PRIMARY SCHOOL,PRIVATE,NYANZA,GUCHA,NYAMARAMBE,S. MUGIRANGO CENTRAL,SOUTH MUGIRANGO,KISII,,-0.77,34.64
ST JENIFFER ACADEMY PRY,PRIMARY SCHOOL,PRIVATE,NYANZA,HOMA BAY,RANGWE,EAST  KAGAN,RANGWE,HOMA BAY,,-0.58,34.64
ROMA ACADEMY PRI SCH,PRIMARY SCHOOL,PRIVATE,NYANZA,GUCHA,NYAMARAMBE,S. MUGIRANGO CENTRAL,SOUTH MUGIRANGO,KISII,,-0.77,34.65
MARINDI JUNIOR PRI,PRIMARY SCHOOL,PRIVATE,NYANZA,GUCHA,KENYENYA,MAGENCHE,BOMACHOGE,KISII,,-0.95,34.71
ONYUERA INTER ACADEMY PRY,PRIMARY SCHOOL,PRIVATE,NYANZA,HOMA BAY,RANGWE,GEM EAST,RANGWE,HOMA BAY,,-0.58,34.63
MAINI PROGRESSIVE ACADEMY PRI,PRIMARY SCHOOL,PRIVATE,NYANZA,GUCHA,KENYENYA,MAGENCHE,BOMACHOGE,KISII,,-0.94,34.7
ABEMA UPHILL ACADEMY PRI,PRIMARY SCHOOL,PRIVATE,NYANZA,GUCHA,KENYENYA,MAGENCHE,BOMACHOGE,KISII,,-0.93,34.71
MILIMANI ACADEMY PRI,PRIMARY SCHOOL,PRIVATE,NYANZA,GUCHA,NYAMARAMBE,S. MUGIRANGO CENTRAL,SOUTH MUGIRANGO,KISII,,-0.77,34.66
MATANGAMANO ACADEMY PRI,PRIMARY SCHOOL,PRIVATE,NYANZA,GUCHA,NYAMARAMBE,S. MUGIRANGO CENTRAL,SOUTH MUGIRANGO,KISII,,-0.78,34.67
NYARONGE SPRINGS PRI,PRIMARY SCHOOL,PRIVATE,NYANZA,GUCHA,KENYENYA,MAGENCHE,BOMACHOGE,KISII,,-0.9,34.69
NYABIGENA ACADEMY PRI,PRIMARY SCHOOL,PRIVATE,NYANZA,GUCHA,NYAMARAMBE,S. MUGIRANGO CENTRAL,SOUTH MUGIRANGO,KISII,,-0.78,34.67
RENEWAL BARAKA ACADEMY PRY,PRIMARY SCHOOL,PRIVATE,NYANZA,MIGORI,SUBA EAST,GOD JOPE,MIGORI,MIGORI,,-1.04,34.51
ECHABUMBE BOARDING PRI,PRIMARY SCHOOL,PRIVATE,NYANZA,GUCHA,KENYENYA,MAGENCHE,BOMACHOGE,KISII,,-0.9,34.71
ST. TERRYCAM PRY SCH,PRIMARY SCHOOL,PRIVATE,NYANZA,HOMA BAY,RANGWE,EAST KAGAN,RANGWE,HOMA BAY,,-0.62,34.62
OMOSASA PREPARATORY PRI,PRIMARY SCHOOL,PRIVATE,NYANZA,GUCHA,KENYENYA,MAGENCHE,BOMACHOGE,KISII,,-0.91,34.69
ST FRANCIS ENKORA COMMUNITY CENTRE PRI,PRIMARY SCHOOL,PRIVATE,NYANZA,GUCHA,NYAMARAMBE,S. MUGIRANGO CHACHE,SOUTH MUGIRANGO,KISII,,-0.76,34.67
MBEKA JUNIOR ACADEMY PRY SCH,PRIMARY SCHOOL,PRIVATE,NYANZA,HOMA BAY,RANGWE,EAST KAGAN,RANGWE,HOMA BAY,,-0.6,34.65
NYAGANCHA JUNIOR PRI,PRIMARY SCHOOL,PRIVATE,NYANZA,GUCHA,KENYENYA,MAGENCHE,BOMACHOGE,KISII,,-0.92,34.7
IRINGA ACADEMY PRI,PRIMARY SCHOOL,PRIVATE,NYANZA,GUCHA,NYAMARAMBE,S. MUGIRANGO CHACHE,SOUTH MUGIRANGO,KISII,,-0.76,34.63
HOME OF CHAMPIONS ORPHANAGE HOME PRI,PRIMARY SCHOOL,PRIVATE,NYANZA,GUCHA,NYAMARAMBE,S. MUGIRANGO CHACHE,SOUTH MUGIRANGO,KISII,,-0.74,34.63
NYAGANCHA ACADEMY PRI,PRIMARY SCHOOL,PRIVATE,NYANZA,GUCHA,KENYENYA,MAGENCHE,BOMACHOGE,KISII,,-0.92,34.71
NYATIKE HILL ACADEMY PRI,PRIMARY SCHOOL,PRIVATE,NYANZA,GUCHA,NYAMARAMBE,S. MUGIRANGO CHACHE,SOUTH MUGIRANGO,KISII,,-0.74,34.64
MACHERA TUMAINI JUNIOR PRI,PRIMARY SCHOOL,PRIVATE,NYANZA,GUCHA,KENYENYA,MAGENCHE,BOMACHOGE,KISII,,-0.92,34.72
KAHAWA PAG MISSION PR,PRIMARY SCHOOL,PRIVATE,NYANZA,NYAMIRA,BORABU,ESISE,N.MUGIRANGO BORABU,NYAMIRA,,-0.82,35.06
REHEMA ACADEMY PRI SCH,PRIMARY SCHOOL,PRIVATE,NYANZA,GUCHA,NYAMARAMBE,S. MUGIRANGO CHACHE,SOUTH MUGIRANGO,KISII,,-0.75,34.64
NYARAO GREEN VILLE ACADEMY PRI,PRIMARY SCHOOL,PRIVATE,NYANZA,GUCHA,NYAMARAMBE,S. MUGIRANGO CHACHE,SOUTH MUGIRANGO,KISII,,-0.74,34.66
JELINA JUNIOR ACADEMY PRI,PRIMARY SCHOOL,PRIVATE,NYANZA,GUCHA,KENYENYA,MAGENCHE,BOMACHOGE,KISII,,-0.92,34.72
AIC BETHEL RANGWE PREPARATORY PRY SCH,PRIMARY SCHOOL,PRIVATE,NYANZA,HOMA BAY,RANGWE,GEM WEST,RANGWE,HOMA BAY,,-0.6,34.58
JOY ACADEMY,PRIMARY SCHOOL,PRIVATE,NYANZA,NYAMIRA,BORABU,ESISE,N.MUGIRANGO BORABU,NYAMIRA,,-0.84,34.99
NYANSAKIA PR,PRIMARY SCHOOL,PRIVATE,NYANZA,NYAMIRA,BORABU,ESISE,N.MUGIRANGO BORABU,NYAMIRA,,-0.85,35
MWEMA ACADEMY PRI,PRIMARY SCHOOL,PRIVATE,NYANZA,GUCHA,KENYENYA,MAGENCHE,BOMACHOGE,KISII,,-0.91,34.72
RANGWE QUALITY PRY SCH,PRIMARY SCHOOL,PRIVATE,NYANZA,HOMA BAY,RANGWE,GEM WEST,RANGWE,HOMA BAY,,-0.6,34.58
PACE BOARDING PRI,PRIMARY SCHOOL,PRIVATE,NYANZA,GUCHA,NYAMARAMBE,S. MUGIRANGO CHACHE,SOUTH MUGIRANGO,KISII,,-0.72,34.64
RANGWE TOWNSHIP ACADEMY PRY SCH,PRIMARY SCHOOL,PRIVATE,NYANZA,HOMA BAY,RANGWE,GEM WEST,RANGWE,HOMA BAY,,-0.59,34.58
HEZNA ACADEMY PRI,PRIMARY SCHOOL,PRIVATE,NYANZA,GUCHA,NYAMARAMBE,S. MUGIRANGO CHACHE,SOUTH MUGIRANGO,KISII,,-0.72,34.64
ST CARL HALL ACADEMY PRI,PRIMARY SCHOOL,PRIVATE,NYANZA,GUCHA,NYAMARAMBE,S. MUGIRANGO BORABU,SOUTH MUGIRANGO,KISII,,-0.72,34.64
RANGWE JUNIOR ACADEMY PRY SCH,PRIMARY SCHOOL,PRIVATE,NYANZA,HOMA BAY,RANGWE,GEM WEST,RANGWE,HOMA BAY,,-0.61,34.58
NYAMIOBO LIGHTS PRI,PRIMARY SCHOOL,PRIVATE,NYANZA,GUCHA,KENYENYA,MAGENCHE,BOMACHOGE,KISII,,-0.9,34.72
PISGAN ACADEMY,PRIMARY SCHOOL,PRIVATE,NYANZA,NYAMIRA,BORABU,NYANSIONGO,N.MUGIRANGO BORABU,NYAMIRA,,-0.76,35.02
RIAMUGUNDE PRI,PRIMARY SCHOOL,PRIVATE,NYANZA,GUCHA,SAMETA,BASSI CHACHE,BOBASI,KISII,,-0.77,34.74
HILLPOINT JUNIOR PRI,PRIMARY SCHOOL,PRIVATE,NYANZA,GUCHA,NYAMARAMBE,S. MUGIRANGO CHACHE,SOUTH MUGIRANGO,KISII,,-0.72,34.68
GUCHA MWANGAZA ACADEMY PRI,PRIMARY SCHOOL,PRIVATE,NYANZA,GUCHA,KENYENYA,BOOCHI BORABU,BOMACHOGE,KISII,,-0.77,34.73
JUVINAL JUNIOR PRI,PRIMARY SCHOOL,PRIVATE,NYANZA,GUCHA,NYAMARAMBE,S. MUGIRANGO CHACHE,SOUTH MUGIRANGO,KISII,,-0.72,34.68
ABOBO RIVERSIDE PRI SCH,PRIMARY SCHOOL,PRIVATE,NYANZA,GUCHA,NYAMARAMBE,S. MUGIRANGO CHACHE,SOUTH MUGIRANGO,KISII,,-0.73,34.68
RIAMINGA PRI,PRIMARY SCHOOL,PRIVATE,NYANZA,GUCHA,SAMETA,BASSI CHACHE,BOBASI,KISII,,-0.79,34.74
ASUMBI FRIENDS PRY SCH,PRIMARY SCHOOL,PRIVATE,NYANZA,HOMA BAY,RANGWE,GEM WEST,RANGWE,HOMA BAY,,-0.62,34.63
TAMBAKA TOWNSHIP PRI,PRIMARY SCHOOL,PRIVATE,NYANZA,GUCHA,NYAMARAMBE,S. MUGIRANGO CHACHE,SOUTH MUGIRANGO,KISII,,-0.74,34.67
TABAKA ACADEMY PRI,PRIMARY SCHOOL,PRIVATE,NYANZA,GUCHA,NYAMARAMBE,S. MUGIRANGO CHACHE,SOUTH MUGIRANGO,KISII,,-0.75,34.66
FORWARD PRI,PRIMARY SCHOOL,PRIVATE,NYANZA,GUCHA,SAMETA,BASSI CHACHE,BOBASI,KISII,,-0.76,34.77
ROMKON ACADEMY PRI,PRIMARY SCHOOL,PRIVATE,NYANZA,GUCHA,NYAMARAMBE,S. MUGIRANGO CHACHE,SOUTH MUGIRANGO,KISII,,-0.75,34.67
NYANSONGO JUNIOR ACADEMY PRI,PRIMARY SCHOOL,PRIVATE,NYANZA,GUCHA,SAMETA,BASSI CHACHE,BOBASI,KISII,,-0.76,34.75
NURU ACADEMY PRI,PRIMARY SCHOOL,PRIVATE,NYANZA,GUCHA,SAMETA,BASSI CHACHE,BOBASI,KISII,,-0.76,34.75
SCANIA ACADEMY PRI,PRIMARY SCHOOL,PRIVATE,NYANZA,GUCHA,SAMETA,BASSI CHACHE,BOBASI,KISII,,-0.75,34.75
JARIBU JUNIOR ACADEMY PRI,PRIMARY SCHOOL,PRIVATE,NYANZA,GUCHA,SAMETA,BASSI CHACHE,BOBASI,KISII,,-0.75,34.74
BWANDA ACADEMY PRY SCH,PRIMARY SCHOOL,PRIVATE,NYANZA,HOMA BAY,RANGWE,GEM WEST,RANGWE,HOMA BAY,,-0.6,34.55
SONDAMO ACADEMY PRI,PRIMARY SCHOOL,PRIVATE,NYANZA,GUCHA,SAMETA,BASSI CHACHE,BOBASI,KISII,,-0.76,34.74
SENTABORA ACADEMY PRI,PRIMARY SCHOOL,PRIVATE,NYANZA,GUCHA,ETAGO,BASSI CHACHE,BOBASI,KISII,,-0.74,34.73
ST MATHEW'S IRONGO PRI,PRIMARY SCHOOL,PRIVATE,NYANZA,GUCHA,SAMETA,NYANG'ITI,BOBASI,KISII,,-0.72,34.74
EBENEZER JUNIOR PRI,PRIMARY SCHOOL,PRIVATE,NYANZA,GUCHA,SAMETA,NYANG'ITI,BOBASI,KISII,,-0.72,34.74
OMOYO MIXED DAY PRI,PRIMARY SCHOOL,PRIVATE,NYANZA,GUCHA,SAMETA,NYANG'ITI,BOBASI,KISII,,-0.72,34.74
SUNRISE JUNIOR ACADEMY PRI,PRIMARY SCHOOL,PRIVATE,NYANZA,GUCHA,SAMETA,BASSI CHACHE,BOBASI,KISII,,-0.74,34.76
KEMBA ACADEMY PRY SCH,PRIMARY SCHOOL,PRIVATE,NYANZA,HOMA BAY,NDHIWA,WEST KABUOCH,NDHIWA,HOMA BAY,,-0.73,34.37
ST TERESA MEMORIAL ACADEMY PRI,PRIMARY SCHOOL,PRIVATE,NYANZA,GUCHA,SAMETA,BASSI CHACHE,BOBASI,KISII,,-0.74,34.77
GIASAIGA HILL ACADEMY PRI,PRIMARY SCHOOL,PRIVATE,NYANZA,GUCHA,SAMETA,BASSI CHACHE,BOBASI,KISII,,-0.75,34.76
JOY FRIENDS ACADEMY PRY,PRIMARY SCHOOL,PRIVATE,NYANZA,HOMA BAY,RIANA,NORTH KABUOCH,NDHIWA,HOMA BAY,,-0.66,34.46
IMMACULATE PRI,PRIMARY SCHOOL,PRIVATE,NYANZA,GUCHA,SAMETA,BASSI CHACHE,BOBASI,KISII,,-0.76,34.77
RIAMORAA JUNIOR PRI,PRIMARY SCHOOL,PRIVATE,NYANZA,GUCHA,SAMETA,MOKWERERO,BOBASI,KISII,,-0.78,34.78
OPAPO FRIENDS DAY ACADEMY PRY,PRIMARY SCHOOL,PRIVATE,NYANZA,HOMA BAY,RIANA,NORTH KABUOCH,NDHIWA,HOMA BAY,,-0.69,34.54
RISE CENTRAL PRI,PRIMARY SCHOOL,PRIVATE,NYANZA,GUCHA,SAMETA,MOKWERERO,BOBASI,KISII,,-0.77,34.76
MASAS ACADEMY PRI,PRIMARY SCHOOL,PRIVATE,NYANZA,GUCHA,SAMETA,MOKWERERO,BOBASI,KISII,,-0.78,34.8
ST JAMES NYAMBUNDE PRI,PRIMARY SCHOOL,PRIVATE,NYANZA,GUCHA,SAMETA,BASSI BOINTANGARE,BOBASI,KISII,,-0.78,34.8
ST BENARDS ACADEMY PRY RODI,PRIMARY SCHOOL,PRIVATE,NYANZA,HOMA BAY,ASEGO,EAST KANYADA,NDHIWA,HOMA BAY,,-0.62,34.5
MOUNTAIN VIEW ACADEMY PRY,PRIMARY SCHOOL,PRIVATE,NYANZA,HOMA BAY,ASEGO,HOMABAY TOWN,NDHIWA,HOMA BAY,,-0.55,34.45
JUNCTION ACADEMY PRY,PRIMARY SCHOOL,PRIVATE,NYANZA,HOMA BAY,ASEGO,HOMABAY TOWN,NDHIWA,HOMA BAY,,-0.55,34.45
ENAMBA ACADEMY PRI,PRIMARY SCHOOL,PRIVATE,NYANZA,GUCHA,SAMETA,BASSI BOINTANGARE,BOBASI,KISII,,-0.79,34.81
APOLLO  ACA PRI SCH OYUGIS,PRIMARY SCHOOL,PRIVATE,NYANZA,RACHUONYO,KASIPUL,WEST KAMAGAK,KASIPUL KABONDO,HOMA BAY,,-0.49,34.73
BRAINS PRI SCH,PRIMARY SCHOOL,PRIVATE,NYANZA,RACHUONYO,KASIPUL,WEST KAMAGAK,KASIPUL KABONDO,HOMA BAY,,-0.49,34.72
ST JOSEPH'S COMBINED ACA,PRIMARY SCHOOL,PRIVATE,NYANZA,RACHUONYO,KASIPUL,WEST KAMAGAK,KASIPUL KABONDO,HOMA BAY,,-0.49,34.74
CROSS STYLE ACADEMY PRIMARY,PRIMARY SCHOOL,PRIVATE,NYANZA,SIAYA,SIHAY,NORTH EAST UGENYA,UGENYA,SIAYA,,0.2,34.25
NYANDAMA HILL ACA,PRIMARY SCHOOL,PRIVATE,NYANZA,RACHUONYO,KASIPUL,WEST KAMAGAK,KASIPUL KABONDO,HOMA BAY,,-0.52,34.77
UNITED ACA PRI SCH,PRIMARY SCHOOL,PRIVATE,NYANZA,RACHUONYO,KASIPUL,WEST KAMAGAK,KASIPUL KABONDO,HOMA BAY,,-0.51,34.74
ST. MARY'S TOWNSHIP PRI SCH,PRIMARY SCHOOL,PRIVATE,NYANZA,RACHUONYO,KASIPUL,WEST KAMAGAK,KASIPUL KABONDO,HOMA BAY,,-0.51,34.73
ST. ANNE'S OYUGIS ACADEMY,PRIMARY SCHOOL,PRIVATE,NYANZA,RACHUONYO,KASIPUL,WEST KAMAGAK,KASIPUL KABONDO,HOMA BAY,,-0.51,34.73
OYUGIS HIGHLANDS ACA,PRIMARY SCHOOL,PRIVATE,NYANZA,RACHUONYO,KASIPUL,KOWIDI,KASIPUL KABONDO,HOMA BAY,,-0.51,34.73
GREEN FIELDS ACA PRI SCH,PRIMARY SCHOOL,PRIVATE,NYANZA,RACHUONYO,KASIPUL,KOWIDI,KASIPUL KABONDO,HOMA BAY,,-0.51,34.73
ST. LUKES ACADEMY PRIMARY,PRIMARY SCHOOL,PRIVATE,NYANZA,NYANDO,NYANDO,KAKOLA,NYANDO,KISUMU,,-0.17,34.93
GIDEONS MEMORIAL ACA PRI SCH,PRIMARY SCHOOL,PRIVATE,NYANZA,RACHUONYO,KASIPUL,KOWIDI,KASIPUL KABONDO,HOMA BAY,,-0.51,34.73
NYANGUJU JUNIOR ACA PRI SCH,PRIMARY SCHOOL,PRIVATE,NYANZA,RACHUONYO,KASIPUL,KOWIDI,KASIPUL KABONDO,HOMA BAY,,-0.51,34.73
ANNAM CHRISTIAN EDU. CENTRE,PRIMARY SCHOOL,PRIVATE,NYANZA,RACHUONYO,KASIPUL,KOWIDI,KASIPUL KABONDO,HOMA BAY,,-0.56,34.74
PIRATES ACAD PRI SCH,PRIMARY SCHOOL,PRIVATE,NYANZA,RACHUONYO,KASIPUL,KOKECH,KASIPUL KABONDO,HOMA BAY,,-0.54,34.75
OYUGIS HIGHWAY PRI SCH,PRIMARY SCHOOL,PRIVATE,NYANZA,RACHUONYO,KASIPUL,KOKECH,KASIPUL KABONDO,HOMA BAY,,-0.52,34.73
KENYA CHRISTIAN SCHOOL FOR THE DEAF PRI SCH,PRIMARY SCHOOL,PRIVATE,NYANZA,RACHUONYO,KASIPUL,KOKECH,KASIPUL KABONDO,HOMA BAY,,-0.52,34.73
GUNDO CONSOLATA ACA,PRIMARY SCHOOL,PRIVATE,NYANZA,RACHUONYO,KASIPUL,KOKECH,KASIPUL KABONDO,HOMA BAY,,-0.52,34.73
RIBATE ACADEMY PRIMARY,PRIMARY SCHOOL,PRIVATE,NYANZA,CENTRAL KISII,MASABA,NORTH MASABA,NYARIBARI MASABA,KISII,,-0.86,34.94
RIAMATOKE ACADEMY PRIMARY,PRIMARY SCHOOL,PRIVATE,NYANZA,CENTRAL KISII,MASABA,RAMASHA,NYARIBARI MASABA,KISII,,-0.89,34.95
AGAPE ACA PRI SCH,PRIMARY SCHOOL,PRIVATE,NYANZA,RACHUONYO,KASIPUL,NORTH KAMAGAK,KASIPUL KABONDO,HOMA BAY,,-0.43,34.69
NYAWINYO INTERGRATED OASIS COMPLEX,PRIMARY SCHOOL,PRIVATE,NYANZA,RACHUONYO,KASIPUL,NORTH KAMAGAK,KASIPUL KABONDO,HOMA BAY,,-0.43,34.69
KIN STAR ACADEMY PRIMARY,PRIMARY SCHOOL,PRIVATE,NYANZA,NYANDO,LOWER NYAKACH,PAP ONDITI,NYAKACH,KISUMU,,-0.31,34.94
KOSELE CHRISTIAN COMMUNITY  PRI SCH,PRIMARY SCHOOL,PRIVATE,NYANZA,RACHUONYO,KASIPUL,NORTH KAMAGAK,KASIPUL KABONDO,HOMA BAY,,-0.45,34.7
SPRINGS ACADEMY PRIMARY,PRIMARY SCHOOL,PRIVATE,NYANZA,CENTRAL KISII,MASABA,RAMASHA,NYARIBARI MASABA,KISII,,-0.89,34.97
EKONA CENTRAL ACADEMY PRIMARY,PRIMARY SCHOOL,PRIVATE,NYANZA,CENTRAL KISII,MASABA,NYARIBARI IKORONGO,NYARIBARI MASABA,KISII,,-0.88,34.98
BONG'ANTA ACADEMY PRIMARY,PRIMARY SCHOOL,PRIVATE,NYANZA,CENTRAL KISII,MASABA,NYARIBARI IKORONGO,NYARIBARI MASABA,KISII,,-0.87,34.99
ST. CORNEL'S PRIMARY,PRIMARY SCHOOL,PRIVATE,NYANZA,NYANDO,LOWER NYAKACH,NYALUNYA,NYAKACH,KISUMU,,-0.31,34.88
GESUSU GREEN ACADEMY PRIMARY,PRIMARY SCHOOL,PRIVATE,NYANZA,CENTRAL KISII,MASABA,GESUSU,NYARIBARI MASABA,KISII,,-0.87,34.91
NYAKEO SET STAR ACADEMY PRIMARY,PRIMARY SCHOOL,PRIVATE,NYANZA,CENTRAL KISII,MASABA,GESUSU,NYARIBARI MASABA,KISII,,-0.87,34.91
NYAMESOCHO ACADEMY PRIMARY,PRIMARY SCHOOL,PRIVATE,NYANZA,CENTRAL KISII,MASABA,GESUSU,NYARIBARI MASABA,KISII,,-0.9,34.93
PALA ACA PRI SCH,PRIMARY SCHOOL,PRIVATE,NYANZA,RACHUONYO,WEST KARACHUONYO,KANJIRA,KARACHUONYO,HOMA BAY,,-0.35,34.54
MUHORONI SUCCESS PRIMARY SCH,PRIMARY SCHOOL,PRIVATE,NYANZA,NYANDO,MUHORONI,GOD NYITHINDO,MUHORONI,KISUMU,,-0.15,35.18
SHINING BELT ACADEMY,PRIMARY SCHOOL,PRIVATE,NYANZA,CENTRAL KISII,MASABA,GESUSU,NYARIBARI MASABA,KISII,,-0.9,34.94
MUHORONI FURAHA ACADEMY,PRIMARY SCHOOL,PRIVATE,NYANZA,NYANDO,MUHORONI,GOD NYITHINDO,MUHORONI,KISUMU,,-0.15,35.18
MANZA ACADEMY PRIMARY,PRIMARY SCHOOL,PRIVATE,NYANZA,CENTRAL KISII,MASABA,NYARIBARI IKORONGO,NYARIBARI MASABA,KISII,,-0.88,34.96
PRECIOUS TALENT ACADEMY PRIMARY,PRIMARY SCHOOL,PRIVATE,NYANZA,CENTRAL KISII,KIAMOKAMA,NYARIBARI NYAMAGESA,NYARIBARI MASABA,KISII,,-0.81,34.94
LEGETET HILL SCHOOL,PRIMARY SCHOOL,PRIVATE,NYANZA,NYANDO,MUHORONI,KORU,MUHORONI,KISUMU,,-0.16,35.26
KEROKA SPRINGS ACADEMY PRIMARY,PRIMARY SCHOOL,PRIVATE,NYANZA,CENTRAL KISII,KIAMOKAMA,NYARIBARI NYAMAGESA,NYARIBARI MASABA,KISII,,-0.77,34.94
ELIMU JNR ACA PRI SCH,PRIMARY SCHOOL,PRIVATE,NYANZA,RACHUONYO,KASIPUL,KOKECH,KASIPUL KABONDO,HOMA BAY,,-0.51,34.73
HISMA ACA PRI SCH,PRIMARY SCHOOL,PRIVATE,NYANZA,RACHUONYO,KASIPUL,KOKECH,KASIPUL KABONDO,HOMA BAY,,-0.51,34.75
JUPITER ACA PRI SCH,PRIMARY SCHOOL,PRIVATE,NYANZA,RACHUONYO,KASIPUL,KOKECH,KASIPUL KABONDO,HOMA BAY,,-0.51,34.74
OYUGIS ABC ACA PRI SCH,PRIMARY SCHOOL,PRIVATE,NYANZA,RACHUONYO,KASIPUL,KOKECH,KASIPUL KABONDO,HOMA BAY,,-0.51,34.74
KAKO JNR ACA PRI SCH,PRIMARY SCHOOL,PRIVATE,NYANZA,RACHUONYO,KASIPUL,KOKECH,KASIPUL KABONDO,HOMA BAY,,-0.51,34.74
NYAWAGALO ORPHANAGE PRI SCH,PRIMARY SCHOOL,PRIVATE,NYANZA,RACHUONYO,KASIPUL,KOKECH,KASIPUL KABONDO,HOMA BAY,,-0.51,34.73
BRIGHT FUTURE PRI SCH,PRIMARY SCHOOL,PRIVATE,NYANZA,RACHUONYO,KASIPUL,KOKECH,KASIPUL KABONDO,HOMA BAY,,-0.51,34.73
ST ROSE ATIGA PRI SCH,PRIMARY SCHOOL,PRIVATE,NYANZA,RACHUONYO,KASIPUL,KONUONG'A,KASIPUL KABONDO,HOMA BAY,,-0.55,34.72
WANGE DONGO PRI SCH,PRIMARY SCHOOL,PRIVATE,NYANZA,RACHUONYO,KASIPUL,KODERA,KASIPUL KABONDO,HOMA BAY,,-0.57,34.7
PINELAKE ACA PRI SCH,PRIMARY SCHOOL,PRIVATE,NYANZA,RACHUONYO,KASIPUL,KODERA,KASIPUL KABONDO,HOMA BAY,,-0.59,34.69
KAROGO VICTORY ACA PRI SCH,PRIMARY SCHOOL,PRIVATE,NYANZA,RACHUONYO,KASIPUL,KODERA,KASIPUL KABONDO,HOMA BAY,,-0.6,34.69
KATITO JUNIOR ACADEMY PRIMARY,PRIMARY SCHOOL,PRIVATE,NYANZA,NYANDO,LOWER NYAKACH,N.ENYAKACH,NYAKACH,KISUMU,,-0.27,34.97
FAITH BAPTIST ACADEMY PRIMARY,PRIMARY SCHOOL,PRIVATE,NYANZA,NYANDO,LOWER NYAKACH,NORTH EAST NYAKACH,NYAKACH,KISUMU,,-0.27,34.97
KATITO AMANI ACADEMY PRIMARY,PRIMARY SCHOOL,PRIVATE,NYANZA,NYANDO,LOWER NYAKACH,N.E NYAKACH,NYAKACH,KISUMU,,-0.27,34.97
NYANGIELA INTERGRATED PRI SCH,PRIMARY SCHOOL,PRIVATE,NYANZA,RACHUONYO,KASIPUL,KONUONG'A,KASIPUL KABONDO,HOMA BAY,,-0.54,34.71
SMART KIDS ACA,PRIMARY SCHOOL,PRIVATE,NYANZA,RACHUONYO,KASIPUL,KONUONG'A,KASIPUL KABONDO,HOMA BAY,,-0.52,34.68
BROOKSTAR ACA SCH,PRIMARY SCHOOL,PRIVATE,NYANZA,RACHUONYO,KASIPUL,WEST KAMAGAK,KASIPUL KABONDO,HOMA BAY,,-0.51,34.73
ST. PHILIPS PRIMARY,PRIMARY SCHOOL,PRIVATE,NYANZA,NYANDO,LOWER NYAKACH,N.E NYAKACH,NYAKACH,KISUMU,,-0.27,34.98
ONGORO CHRISTIAN PRI ACADEMY,PRIMARY SCHOOL,PRIVATE,NYANZA,RACHUONYO,KABONDO,RAMBA,KASIPUL KABONDO,HOMA BAY,,-0.39,34.8
GOOD HOPE ACADEMY,PRIMARY SCHOOL,PRIVATE,NYANZA,RACHUONYO,KABONDO,KODHOCH WEST,KASIPUL KABONDO,HOMA BAY,,-0.41,34.85
MADOMA KORANDO FAITH NON FORMAL SCH,PRIMARY SCHOOL,PRIVATE,NYANZA,KISUMU,WINAM,KISUMU CENTRAL,KISUMU TOWN WEST,KISUMU,,-0.07,34.68
ST ALLOYS ACADEMY RACHUONYO,PRIMARY SCHOOL,PRIVATE,NYANZA,RACHUONYO,KABONDO,KASEWE,KASIPUL KABONDO,HOMA BAY,,-0.45,34.88
JOODON NON FORMAL SCH,PRIMARY SCHOOL,PRIVATE,NYANZA,KISUMU,WINAM,KISUMU CENTRAL,KISUMU TOWN WEST,KISUMU,,-0.07,34.69
PENNSTATE ACADEMY PRY SCH,PRIMARY SCHOOL,PRIVATE,NYANZA,KISUMU,WINAM,KISUMU CENTRAL,KISUMU TOWN WEST,KISUMU,,-0.07,34.71
KADONGO JUNIOUR ACADEMY,PRIMARY SCHOOL,PRIVATE,NYANZA,RACHUONYO,KABONDO,KAWOUR,KASIPUL KABONDO,HOMA BAY,,-0.44,34.89
FAITH PREPRATORY PRY SCH,PRIMARY SCHOOL,PRIVATE,NYANZA,KISUMU,WINAM,KISUMU EAST,KISUMU TOWN WEST,KISUMU,,-0.07,34.73
KADONGO DYNAMIC  ACADEMY,PRIMARY SCHOOL,PRIVATE,NYANZA,RACHUONYO,KABONDO,KASEWE,KASIPUL KABONDO,HOMA BAY,,-0.45,34.89
JANS JUNIOR ACADEMY PRY SCH,PRIMARY SCHOOL,PRIVATE,NYANZA,KISUMU,WINAM,KISUMU EAST,KISUMU TOWN WEST,KISUMU,,-0.06,34.73
ST PIUS PRY SCH,PRIMARY SCHOOL,PRIVATE,NYANZA,KISUMU,WINAM,KISUMU EAST,KISUMU TOWN WEST,KISUMU,,-0.08,34.74
OVERCOMERS PREPARATORY PRY SCH,PRIMARY SCHOOL,PRIVATE,NYANZA,KISUMU,WINAM,KISUMU EAST,KISUMU TOWN WEST,KISUMU,,-0.08,34.75
TOTO BORA PRI SCH,PRIMARY SCHOOL,PRIVATE,NYANZA,RACHUONYO,KABONDO,KODHOCH WEST,KASIPUL KABONDO,HOMA BAY,,-0.42,34.87
HAPPY HOME ACADEMY PRY SCH,PRIMARY SCHOOL,PRIVATE,NYANZA,KISUMU,WINAM,KONDELE,KISUMU TOWN WEST,KISUMU,,-0.08,34.77
KAMAKOWA ACADEMY PRY SCH,PRIMARY SCHOOL,PRIVATE,NYANZA,KISUMU,WINAM,KONDELE,KISUMU TOWN WEST,KISUMU,,-0.08,34.77
FOREVER DAGO  PRI ACADEMY,PRIMARY SCHOOL,PRIVATE,NYANZA,RACHUONYO,KABONDO,KAWOUR,KASIPUL KABONDO,HOMA BAY,,-0.41,34.91
ST ANNES ACADEMY PRY SCH,PRIMARY SCHOOL,PRIVATE,NYANZA,KISUMU,WINAM,KAJULU WEST,KISUMU TOWN EAST,KISUMU,,-0.05,34.78
ST FRANCIS NUR SCH,PRIMARY SCHOOL,PRIVATE,NYANZA,KISUMU,WINAM,KAJULU WEST,KISUMU TOWN EAST,KISUMU,,-0.04,34.77
KISUMU HILLSIDE ACADEMY PRY SCH,PRIMARY SCHOOL,PRIVATE,NYANZA,KISUMU,WINAM,KAJULU WEST,KISUMU TOWN EAST,KISUMU,,-0.04,34.76
MKENDWA UPPER HILL PRY SCH,PRIMARY SCHOOL,PRIVATE,NYANZA,KISUMU,WINAM,KISUMU EAST,KISUMU TOWN EAST,KISUMU,,-0.03,34.75
SHADY GARDEN ACA PRY SCH,PRIMARY SCHOOL,PRIVATE,NYANZA,KISUMU,WINAM,KISUMU TOWN,KISUMU TOWN WEST,KISUMU,,-0.11,34.75
BRAEBURN INTL KISUMU PRY SCH,PRIMARY SCHOOL,PRIVATE,NYANZA,KISUMU,WINAM,KISUMU TOWN,KISUMU TOWN EAST,KISUMU,,-0.11,34.75
COVENANT ACA PRY SCH,PRIMARY SCHOOL,PRIVATE,NYANZA,KISUMU,WINAM,KISUMU TOWN,KISUMU TOWN EAST,KISUMU,,-0.13,34.74
RING ROAD NON FORMAL PRY SCH,PRIMARY SCHOOL,PRIVATE,NYANZA,KISUMU,WINAM,KISUMU TOWN,KISUMU TOWN WEST,KISUMU,,-0.12,34.75
MT.CARMEL ACA PRY SCH,PRIMARY SCHOOL,PRIVATE,NYANZA,KISUMU,WINAM,KISUMU TOWN,KISUMU TOWN WEST,KISUMU,,-0.12,34.75
KISUMU JACARANDA ACA PRY SCH,PRIMARY SCHOOL,PRIVATE,NYANZA,KISUMU,WINAM,KISUMU TOWN,KISUMU TOWN WEST,KISUMU,,-0.12,34.75
EXODUS ACADEMY PRIMARY,PRIMARY SCHOOL,PRIVATE,NYANZA,CENTRAL KISII,MASABA,NORTH MASABA,NYARIBARI MASABA,KISII,,-0.86,34.96
LIVING STREAMS PRY SCH,PRIMARY SCHOOL,PRIVATE,NYANZA,KISUMU,WINAM,KONDELE,KISUMU TOWN EAST,KISUMU,,-0.08,34.79
GREENVIEW ACADEMY PRIMARY,PRIMARY SCHOOL,PRIVATE,NYANZA,CENTRAL KISII,KIAMOKAMA,NYARIBARI NYAMAGESA,NYARIBARI MASABA,KISII,,-0.78,34.95
BUSARA ACADEMY PRIMARY,PRIMARY SCHOOL,PRIVATE,NYANZA,CENTRAL KISII,MASABA,NORTH MASABA,NYARIBARI MASABA,KISII,,-0.82,34.96
ST.ANDREWS PRY SCH,PRIMARY SCHOOL,PRIVATE,NYANZA,KISUMU,WINAM,KONDELE,KISUMU TOWN EAST,KISUMU,,-0.08,34.78
ST.ETIENE ROYAL PRY  SCH,PRIMARY SCHOOL,PRIVATE,NYANZA,KISUMU,WINAM,KONDELE,KISUMU TOWN EAST,KISUMU,,-0.09,34.78
GATEWAY PRIMARY,PRIMARY SCHOOL,PRIVATE,NYANZA,CENTRAL KISII,MASABA,NORTH MASABA,NYARIBARI MASABA,KISII,,-0.81,34.95
YOUNG GENERATION CENTRE PRY SCH,PRIMARY SCHOOL,PRIVATE,NYANZA,KISUMU,WINAM,KONDELE,KISUMU TOWN EAST,KISUMU,,-0.09,34.78
RATEMO MEMORIAL PRIMARY,PRIMARY SCHOOL,PRIVATE,NYANZA,CENTRAL KISII,MASABA,NORTH MASABA,NYARIBARI MASABA,KISII,,-0.86,34.94
SURGEON ACADEMY PRIMARY,PRIMARY SCHOOL,PRIVATE,NYANZA,NYAMIRA,NYAMUSA,BORANGI,N.MUGIRANGO BORABU,NYAMIRA,,-0.48,34.97
RAINBOW PRY SCH,PRIMARY SCHOOL,PRIVATE,NYANZA,KISUMU,WINAM,KONDELE,KISUMU TOWN WEST,KISUMU,,-0.08,34.78
KISUMU EASTLANDS ACA PRY SCH,PRIMARY SCHOOL,PRIVATE,NYANZA,KISUMU,WINAM,KONDELE,KISUMU TOWN WEST,KISUMU,,-0.09,34.78
KISUMU ELITE ACA PRY SCH,PRIMARY SCHOOL,PRIVATE,NYANZA,KISUMU,WINAM,KONDELE,KISUMU TOWN WEST,KISUMU,,-0.09,34.78
JOY JUNIOR ACADEMY PRIMARY,PRIMARY SCHOOL,PRIVATE,NYANZA,NYAMIRA,NYAMUSA,BOKEIRA,N.MUGIRANGO BORABU,NYAMIRA,,-0.44,35.01
REWSTUS ACADEMY PRIMARY,PRIMARY SCHOOL,PRIVATE,NYANZA,CENTRAL KISII,KIAMOKAMA,NYARIBARI NYAMAGESA,NYARIBARI MASABA,KISII,,-0.79,34.92
KAROTA SUNSHINE ACADEMY PRIMARY,PRIMARY SCHOOL,PRIVATE,NYANZA,NYAMIRA,NYAMUSA,BORANGI,N.MUGIRANGO BORABU,NYAMIRA,,-0.47,34.94
WORD CHRISTIAN ACADEMY PRIMARY,PRIMARY SCHOOL,PRIVATE,NYANZA,SIAYA,WAGAI,NORTH WEST GEM,GEM,SIAYA,,0.06,34.4
GETARE PRIMARY,PRIMARY SCHOOL,PRIVATE,NYANZA,CENTRAL KISII,KIAMOKAMA,IRIANYI,NYARIBARI MASABA,KISII,,-0.79,34.89
ST.LUKE PRY SCH,PRIMARY SCHOOL,PRIVATE,NYANZA,KISUMU,KADIBO,KOCHIENG,NYANDO,KISUMU,,-0.15,34.82
RIAMAJESHI ACADEMY PRIMARY,PRIMARY SCHOOL,PRIVATE,NYANZA,NYAMIRA,NYAMUSA,MAGWAGWA,N.MUGIRANGO BORABU,NYAMIRA,,-0.47,34.98
ADAMS ACADEMY PRIMARY,PRIMARY SCHOOL,PRIVATE,NYANZA,CENTRAL KISII,KIAMOKAMA,NYARIBARI CENTRAL,NYARIBARI MASABA,KISII,,-0.81,34.91
MODERN ACADEMY PRY SCH,PRIMARY SCHOOL,PRIVATE,NYANZA,KISUMU,KADIBO,KOCHIENG WEST,NYANDO,KISUMU,,-0.15,34.83
AGCRO ACADEMY PRIMARY,PRIMARY SCHOOL,PRIVATE,NYANZA,NYAMIRA,NYAMUSA,BORANGI,N.MUGIRANGO BORABU,NYAMIRA,,-0.45,35.03
VISPAR ACADEMY PRY SCH,PRIMARY SCHOOL,PRIVATE,NYANZA,KISUMU,KADIBO,KOCHIENG,NYANDO,KISUMU,,-0.15,34.83
MARY BOSSY PRIMARY,PRIMARY SCHOOL,PRIVATE,NYANZA,CENTRAL KISII,KIAMOKAMA,NYARIBARI NYAMAGESA,NYARIBARI MASABA,KISII,,-0.83,34.92
TAA TENTS ALTENATIVE ACDEMY PRMARY,PRIMARY SCHOOL,PRIVATE,NYANZA,CENTRAL KISII,KIAMOKAMA,NYARIBARI CENTRAL,NYARIBARI MASABA,KISII,,-0.81,34.9
VISION ACA PRY SCH,PRIMARY SCHOOL,PRIVATE,NYANZA,KISUMU,MASENO,NORTH WEST KISUMU,KISUMU RURAL,KISUMU,,0,34.6
SAMAR ACADEMY PRIMARY,PRIMARY SCHOOL,PRIVATE,NYANZA,NYAMIRA,EKERENYO,N. MUG. CHACHE,N.MUGIRANGO BORABU,NYAMIRA,,-0.48,35.02
OKAYO ACADEMY PRIMARY,PRIMARY SCHOOL,PRIVATE,NYANZA,CENTRAL KISII,KIAMOKAMA,MOGONGA,NYARIBARI MASABA,KISII,,-0.83,34.89
IGAMO ACADEMY PRIMARY,PRIMARY SCHOOL,PRIVATE,NYANZA,NYAMIRA,EKERENYO,N. MUG. CHACHE,N.MUGIRANGO BORABU,NYAMIRA,,-0.46,34.99
APT BORA ACADEMY PRIMARY,PRIMARY SCHOOL,PRIVATE,NYANZA,NYAMIRA,EKERENYO,N. MUG. CHACHE,N.MUGIRANGO BORABU,NYAMIRA,,-0.48,35.02
JOYOUS ACADEMY PRIMARY,PRIMARY SCHOOL,PRIVATE,NYANZA,NYAMIRA,EKERENYO,N. MUG. CHACHE,N.MUGIRANGO BORABU,NYAMIRA,,-0.48,34.97
JOYLIMO ACADEMY PRIMARY,PRIMARY SCHOOL,PRIVATE,NYANZA,CENTRAL KISII,KIAMOKAMA,NYARIBARI CENTRAL,NYARIBARI MASABA,KISII,,-0.83,34.88
MASS ACADEMY PRIMARY,PRIMARY SCHOOL,PRIVATE,NYANZA,NYAMIRA,NYAMUSA,BORANGI,N.MUGIRANGO BORABU,NYAMIRA,,-0.48,35.02
TUMAINI ACADEMY PRIMARY,PRIMARY SCHOOL,PRIVATE,NYANZA,NYAMIRA,NYAMUSA,MAGWAGWA,N.MUGIRANGO BORABU,NYAMIRA,,-0.49,35.01
EROMA PREPARATORY PRIMARY,PRIMARY SCHOOL,PRIVATE,NYANZA,NYAMIRA,EKERENYO,BOMWAGAMO,N.MUGIRANGO BORABU,NYAMIRA,,-0.52,34.94
KIBINYANCHWA PRIMARY,PRIMARY SCHOOL,PRIVATE,NYANZA,CENTRAL KISII,KIAMOKAMA,NYARIBARI CENTRAL,NYARIBARI MASABA,KISII,,-0.83,34.89
HILLTOP ACADEMY PRIMARY,PRIMARY SCHOOL,PRIVATE,NYANZA,CENTRAL KISII,KIAMOKAMA,NYARIBARI NYAMAGESA,NYARIBARI MASABA,KISII,,-0.83,34.94
SELLY'S JUNIOR ACADEMY PRI,PRIMARY SCHOOL,PRIVATE,NYANZA,SIAYA,KAREMO,SIAYA TOWNSHIP,ALEGO USONGA,SIAYA,,0.06,34.3
OTHORO MUSLIMS JNR ACA PRI SCH,PRIMARY SCHOOL,PRIVATE,NYANZA,RACHUONYO,KABONDO,WANG'CHIENG,KASIPUL KABONDO,HOMA BAY,,-0.44,34.95
ST CHRISTINE'S ANYONA PRI SCH,PRIMARY SCHOOL,PRIVATE,NYANZA,RACHUONYO,KABONDO,WANG'CHIENG,KASIPUL KABONDO,HOMA BAY,,-0.43,34.97
PAPATON ACA PRI SCH,PRIMARY SCHOOL,PRIVATE,NYANZA,RACHUONYO,KABONDO,ATELA,KASIPUL KABONDO,HOMA BAY,,-0.42,35
NEW MAUA ROYAL ACADEMY PRI,PRIMARY SCHOOL,PRIVATE,NYANZA,RACHUONYO,KABONDO,ATELA,KASIPUL KABONDO,HOMA BAY,,-0.42,35
PRAISE GATE ACA PRI SCH,PRIMARY SCHOOL,PRIVATE,NYANZA,RACHUONYO,KABONDO,ATELA,KASIPUL KABONDO,HOMA BAY,,-0.41,35
CHABERA ACA PRI SCH,PRIMARY SCHOOL,PRIVATE,NYANZA,RACHUONYO,KABONDO,ATELA,KASIPUL KABONDO,HOMA BAY,,-0.42,35.01
JALARAM ACA PRY SCH,PRIMARY SCHOOL,PRIVATE,NYANZA,KISUMU,WINAM,KISUMU TOWN,KISUMU TOWN WEST,KISUMU,,-0.11,34.76
ST.FLORENCE MINI ACA PRY SCH,PRIMARY SCHOOL,PRIVATE,NYANZA,KISUMU,WINAM,KISUMU TOWN,KISUMU TOWN WEST,KISUMU,,-0.11,34.76
SHARON STAR PRY SCH,PRIMARY SCHOOL,PRIVATE,NYANZA,KISUMU,WINAM,KOLWA WEST,KISUMU TOWN EAST,KISUMU,,-0.11,34.77
GREEN VIEW ACA PRY SCH,PRIMARY SCHOOL,PRIVATE,NYANZA,KISUMU,WINAM,KOLWA WEST,KISUMU TOWN EAST,KISUMU,,-0.11,34.77
RINGA ACA PRI SCH,PRIMARY SCHOOL,PRIVATE,NYANZA,RACHUONYO,KASIPUL,KOJWACH,KASIPUL KABONDO,HOMA BAY,,-0.47,34.85
ST BRIGITS PREPARATORY PRY SCH,PRIMARY SCHOOL,PRIVATE,NYANZA,KISUMU,WINAM,KOLWA WEST,KISUMU TOWN EAST,KISUMU,,-0.11,34.78
RITEWA ACA PRI SCH,PRIMARY SCHOOL,PRIVATE,NYANZA,RACHUONYO,KASIPUL,KOJWACH,KASIPUL KABONDO,HOMA BAY,,-0.47,34.85
HIGHWAY PREPARATORY PRI SCH,PRIMARY SCHOOL,PRIVATE,NYANZA,RACHUONYO,KASIPUL,KOJWACH,KASIPUL KABONDO,HOMA BAY,,-0.47,34.85
PINOCCHIO PRY SCH,PRIMARY SCHOOL,PRIVATE,NYANZA,KISUMU,WINAM,KOLWA WEST,KISUMU TOWN EAST,KISUMU,,-0.11,34.77
NYALENDA KUAP NON FORMAL SCH,PRIMARY SCHOOL,PRIVATE,NYANZA,KISUMU,WINAM,KOLWA WEST,KISUMU TOWN EAST,KISUMU,,-0.11,34.77
TEMUDO PRY SCH,PRIMARY SCHOOL,PRIVATE,NYANZA,KISUMU,WINAM,KISUMU TOWN,KISUMU TOWN WEST,KISUMU,,-0.1,34.76
KISUMU DAY PRY SCH,PRIMARY SCHOOL,PRIVATE,NYANZA,KISUMU,WINAM,KISUMU TOWN,KISUMU TOWN WEST,KISUMU,,-0.1,34.77
KIRONGO ACA PRI SCH,PRIMARY SCHOOL,PRIVATE,NYANZA,RACHUONYO,KASIPUL,KOJWACH,KASIPUL KABONDO,HOMA BAY,,-0.49,34.85
NEW GENERATION ACADEMY PRY SCH,PRIMARY SCHOOL,PRIVATE,NYANZA,KISUMU,WINAM,KISUMU TOWN,KISUMU TOWN WEST,KISUMU,,-0.09,34.77
CHRIST CHURCH PRY SCH,PRIMARY SCHOOL,PRIVATE,NYANZA,KISUMU,WINAM,KISUMU TOWN,KISUMU TOWN WEST,KISUMU,,-0.09,34.77
BHAYANI PRY SCH,PRIMARY SCHOOL,PRIVATE,NYANZA,KISUMU,WINAM,KISUMU TOWN,KISUMU TOWN WEST,KISUMU,,-0.09,34.76
JOSANA ACADEMY PRY SCH,PRIMARY SCHOOL,PRIVATE,NYANZA,KISUMU,WINAM,KONDELE,KISUMU TOWN WEST,KISUMU,,-0.08,34.77
GOLDEN ELITES PRY SCH,PRIMARY SCHOOL,PRIVATE,NYANZA,KISUMU,WINAM,KONDELE,KISUMU TOWN WEST,KISUMU,,-0.08,34.77
KAKIRI ACA PRI SCH,PRIMARY SCHOOL,PRIVATE,NYANZA,RACHUONYO,KASIPUL,KAKELO,KASIPUL KABONDO,HOMA BAY,,-0.51,34.8
KISUMU JUNIOR ACADEMY PRY  SCH,PRIMARY SCHOOL,PRIVATE,NYANZA,KISUMU,WINAM,KISUMU TOWN,KISUMU TOWN WEST,KISUMU,,-0.09,34.76
SOLEM ACADEMY PRY SCH,PRIMARY SCHOOL,PRIVATE,NYANZA,KISUMU,WINAM,KONDELE,KISUMU TOWN WEST,KISUMU,,-0.08,34.76
AGA KHAN PRY SCH,PRIMARY SCHOOL,PRIVATE,NYANZA,KISUMU,WINAM,KISUMU TOWN,KISUMU TOWN WEST,KISUMU,,-0.1,34.76
SINGH SABHA PRY SCH,PRIMARY SCHOOL,PRIVATE,NYANZA,KISUMU,WINAM,KISUMU TOWN,KISUMU TOWN WEST,KISUMU,,-0.1,34.75
AL-MUUMINUN PRY SCH,PRIMARY SCHOOL,PRIVATE,NYANZA,KISUMU,WINAM,KISUMU TOWN,KISUMU TOWN WEST,KISUMU,,-0.09,34.75
MA JUNIOUR PRY SCH,PRIMARY SCHOOL,PRIVATE,NYANZA,KISUMU,WINAM,KONDELE,KISUMU TOWN EAST,KISUMU,,-0.07,34.78
ST PATRICKS ACA PRY SCH,PRIMARY SCHOOL,PRIVATE,NYANZA,KISUMU,WINAM,KONDELE,KISUMU TOWN EAST,KISUMU,,-0.07,34.79
BRILLIANT KIDS PRY SCH,PRIMARY SCHOOL,PRIVATE,NYANZA,KISUMU,WINAM,KONDELE,KISUMU TOWN EAST,KISUMU,,-0.07,34.79
MIGOSI SDA PRY SCH,PRIMARY SCHOOL,PRIVATE,NYANZA,KISUMU,WINAM,KONDELE,KISUMU TOWN EAST,KISUMU,,-0.07,34.78
KIBOS  ROAD ACA PRY SCH,PRIMARY SCHOOL,PRIVATE,NYANZA,KISUMU,WINAM,KONDELE,KISUMU TOWN EAST,KISUMU,,-0.08,34.78
HEROLDA PRY  SCH,PRIMARY SCHOOL,PRIVATE,NYANZA,KISUMU,WINAM,KOLWA EAST,KISUMU TOWN EAST,KISUMU,,-0.08,34.78
JOHNSONS ACA PRY SCH,PRIMARY SCHOOL,PRIVATE,NYANZA,KISUMU,WINAM,KONDELE,KISUMU TOWN EAST,KISUMU,,-0.08,34.78
ST. MATHEWS JUNIOR ACADEMY PRIMARY,PRIMARY SCHOOL,PRIVATE,NYANZA,SIAYA,WAGAI,SOUTH GEM,GEM,SIAYA,,-0.06,34.43
KIDSTAR ACADEMY PRIMARY,PRIMARY SCHOOL,PRIVATE,NYANZA,SIAYA,UGUNJA,WEST UHOLO,UGENYA,SIAYA,,0.18,34.3
PATTAND ACADEMY PRIMARY,PRIMARY SCHOOL,PRIVATE,NYANZA,SIAYA,UGUNJA,WEST UHOLO,UGENYA,SIAYA,,0.18,34.3
NYAKANGO MARANATHA ACADEMY,PRIMARY SCHOOL,PRIVATE,NYANZA,RACHUONYO,EAST KARACHUONYO,SOUTH KANYALUO,KARACHUONYO,HOMA BAY,,-0.45,34.64
LIGHT HOUSE ACADEMY - PRI,PRIMARY SCHOOL,PRIVATE,NYANZA,RACHUONYO,EAST KARACHUONYO,EAST KANYALUO,KARACHUONYO,HOMA BAY,,-0.44,34.67
ST. THOMAS EVERGREEN ACAD. PRI,PRIMARY SCHOOL,PRIVATE,NYANZA,RACHUONYO,WEST KARACHUONYO,KANYIPIR,KARACHUONYO,HOMA BAY,,-0.43,34.58
OWITI AYOMA MEMORIAL ACADEMY - PRI,PRIMARY SCHOOL,PRIVATE,NYANZA,RACHUONYO,WEST KARACHUONYO,KANYIPIR,KARACHUONYO,HOMA BAY,,-0.42,34.57
BALA MERCY PRI SCH,PRIMARY SCHOOL,PRIVATE,NYANZA,RACHUONYO,WEST KARACHUONYO,KOYUGI,KARACHUONYO,HOMA BAY,,-0.45,34.53
KANDIEGE STAR ACADEMY,PRIMARY SCHOOL,PRIVATE,NYANZA,RACHUONYO,WEST KARACHUONYO,KOYUGI,KARACHUONYO,HOMA BAY,,-0.43,34.55
FOCUS ACADEMY - PRI,PRIMARY SCHOOL,PRIVATE,NYANZA,RACHUONYO,WEST KARACHUONYO,EAST KADHIMU,KARACHUONYO,HOMA BAY,,-0.42,34.52
OFWENY CHILD CENTRE - PRI,PRIMARY SCHOOL,PRIVATE,NYANZA,RACHUONYO,WEST KARACHUONYO,EAST KADHIMU,KARACHUONYO,HOMA BAY,,-0.43,34.51
ALUM ACADEMY PRI,PRIMARY SCHOOL,PRIVATE,NYANZA,RACHUONYO,WEST KARACHUONYO,WEST KADHIMU,KARACHUONYO,HOMA BAY,,-0.44,34.49
MADRASA HIDAYA,PRIMARY SCHOOL,PRIVATE,NORTH EASTERN,MANDERA,RHAMU,RHAMU,MANDERA CENTRAL,MANDERA,,3.93,41.22
MATARAJIO MIXED PRI SCH,PRIMARY SCHOOL,PRIVATE,NORTH EASTERN,MANDERA,RHAMU,RHAMU,MANDERA CENTRAL,MANDERA,,3.93,41.23
JIVUNIE ACADEMY PRI,PRIMARY SCHOOL,PRIVATE,NORTH EASTERN,MANDERA,RHAMU,RHAMU,MANDERA CENTRAL,MANDERA,,3.93,41.22
ALMASI PRI,PRIMARY SCHOOL,PRIVATE,NORTH EASTERN,MANDERA,RHAMU,RHAMU,MANDERA CENTRAL,MANDERA,,3.94,41.22
ABU.HUREIRA ISLAMIC SCHOOL,PRIMARY SCHOOL,PRIVATE,NORTH EASTERN,MANDERA,BANISA,BANISA,MANDERA WEST,MANDERA,,3.95,40.35
ST. NORA'S MALELE JNR ACADEMY - PRI,PRIMARY SCHOOL,PRIVATE,NYANZA,RACHUONYO,WEST KARACHUONYO,KOKOTH KATAA,KARACHUONYO,HOMA BAY,,-0.35,34.54
INUKA MIXED BOARDING ACADEMY,PRIMARY SCHOOL,PRIVATE,NYANZA,SIAYA,YALA URBAN,NORTH GEM,GEM,SIAYA,,0.15,34.4
ELWAK ACADEMY PRI,PRIMARY SCHOOL,PRIVATE,NORTH EASTERN,MANDERA,ELWAK,ELWAK TOWNSHIP,MANDERA CENTRAL,MANDERA,,2.81,40.92
AL FURQAN ISLAMIC MADRASA,PRIMARY SCHOOL,PRIVATE,NORTH EASTERN,MANDERA,ELWAK,ELWAK SOUTH,MANDERA CENTRAL,MANDERA,,2.81,40.92
GARISSA ACADEMY PRI,PRIMARY SCHOOL,PRIVATE,NORTH EASTERN,GARISSA,CENTRAL - GARISSA,IFTIN,DUJIS,GARISSA,,-0.47,39.66
SUNRISE PRIMARY,PRIMARY SCHOOL,PRIVATE,NORTH EASTERN,GARISSA,CENTRAL - GARISSA,IFTIN,DUJIS,GARISSA,,-0.48,39.65
IBMU KADIR IKIP PRIMARY,PRIMARY SCHOOL,PRIVATE,NORTH EASTERN,GARISSA,CENTRAL - GARISSA,IFTIN,DUJIS,GARISSA,,-0.48,39.65
YOUNG MUSLIM LOWER PRIMARY,PRIMARY SCHOOL,PRIVATE,NORTH EASTERN,GARISSA,CENTRAL - GARISSA,IFTIN,DUJIS,GARISSA,,-0.48,39.65
MNARA JUNIOR ACADEMY PRI,PRIMARY SCHOOL,PRIVATE,NORTH EASTERN,GARISSA,CENTRAL - GARISSA,IFTIN,DUJIS,GARISSA,,-0.46,39.64
ST. PETER'S PRI,PRIMARY SCHOOL,PRIVATE,NORTH EASTERN,GARISSA,CENTRAL - GARISSA,TOWNSHIP,DUJIS,GARISSA,,-0.45,39.64
GARISSA MUSLIM ACADEMY PRI,PRIMARY SCHOOL,PRIVATE,NORTH EASTERN,GARISSA,CENTRAL - GARISSA,CENTRAL,DUJIS,GARISSA,,-0.44,39.64
IBNU SIINA ACADEMY PRI,PRIMARY SCHOOL,PRIVATE,NORTH EASTERN,GARISSA,CENTRAL - GARISSA,TOWNSHIP,DUJIS,GARISSA,,-0.44,39.65
SUNSHINE ACADEMY PRI,PRIMARY SCHOOL,PRIVATE,NORTH EASTERN,GARISSA,CENTRAL - GARISSA,TOWNSHIP,DUJIS,GARISSA,,-0.44,39.64
YALA LITTLE ANGELS ACADEMY PRIMARY,PRIMARY SCHOOL,PRIVATE,NYANZA,SIAYA,YALA URBAN,YALA TOWNSHIP,GEM,SIAYA,,0.1,34.54
IQRA INTEGRATED PRIMARY,PRIMARY SCHOOL,PRIVATE,NORTH EASTERN,GARISSA,CENTRAL - GARISSA,TOWNSHIP,DUJIS,GARISSA,,-0.44,39.64
ABU ABUYDA ACADEMY PRI,PRIMARY SCHOOL,PRIVATE,NORTH EASTERN,GARISSA,CENTRAL - GARISSA,TOWNSHIP,DUJIS,GARISSA,,-0.45,39.65
MANHALL INTEGRATED PRIMARY,PRIMARY SCHOOL,PRIVATE,NORTH EASTERN,GARISSA,CENTRAL - GARISSA,TOWNSHIP,DUJIS,GARISSA,,-0.45,39.65
AL-IBRAHIM ACADEMY PRI,PRIMARY SCHOOL,PRIVATE,NORTH EASTERN,GARISSA,CENTRAL - GARISSA,TOWNSHIP,DUJIS,GARISSA,,-0.45,39.64
SUMEYA INTEGRATED PRI,PRIMARY SCHOOL,PRIVATE,NORTH EASTERN,GARISSA,CENTRAL - GARISSA,TOWNSHIP,DUJIS,GARISSA,,-0.45,39.64
WINNERS ACADEMY PRI,PRIMARY SCHOOL,PRIVATE,NORTH EASTERN,GARISSA,CENTRAL - GARISSA,TOWNSHIP,DUJIS,GARISSA,,-0.45,39.63
GARISSA MUSLIM GIRLS ACADEMY PRI,PRIMARY SCHOOL,PRIVATE,NORTH EASTERN,GARISSA,CENTRAL - GARISSA,TOWNSHIP,DUJIS,GARISSA,,-0.45,39.64
GETUME PRIMARY,PRIMARY SCHOOL,PRIVATE,NORTH EASTERN,GARISSA,CENTRAL - GARISSA,TOWNSHIP,DUJIS,GARISSA,,-0.45,39.65
GULF ACADEMY,PRIMARY SCHOOL,PRIVATE,NYANZA,SIAYA,KAREMO,SOUTH EAST ALEGO,ALEGO USONGA,SIAYA,,0.05,34.36
HORNIMO PRIMARY,PRIMARY SCHOOL,PRIVATE,NORTH EASTERN,GARISSA,DADAAB,LABISIGALE,LAGDERA,GARISSA,,0.12,40.31
FRIENDS PRIMARY,PRIMARY SCHOOL,PRIVATE,NORTH EASTERN,GARISSA,DADAAB,LABISIGALE,LAGDERA,GARISSA,,0.1,40.31
MUGWAM EDUC CENTRE PRI SCHOOL,PRIMARY SCHOOL,PRIVATE,NAIROBI,NAIROBI,DAGORETTI,KAWANGWARE,DAGORETTI,NAIROBI,,-1.27,36.76
CENTRAL PRIMARY SPECIAL UNIT(IFO CAMP),PRIMARY SCHOOL,PRIVATE,NORTH EASTERN,GARISSA,JARAJILA,WELMERER,FAFI,GARISSA,,0.01,40.37
MUGWAM EDUCATION CENTRE (PRI) SCH,PRIMARY SCHOOL,PRIVATE,NAIROBI,NAIROBI,DAGORETTI,KAWANGWARE,DAGORETTI,NAIROBI,,-1.27,36.76
UNDUNGU PRIMARY SPECIAL UNIT,PRIMARY SCHOOL,PRIVATE,NORTH EASTERN,GARISSA,JARAJILA,WELMERER,FAFI,GARISSA,,0,40.36
MWANGAZA UNITED PRIMARY,PRIMARY SCHOOL,PRIVATE,NAIROBI,NAIROBI,DAGORETTI,KAWANGWARE,DAGORETTI,NAIROBI,,-1.27,36.76
JOYHILL SCHOOL PRIMARY,PRIMARY SCHOOL,PRIVATE,NYANZA,HOMA BAY,NYARONGI,EAST KWABWAI,NDHIWA,HOMA BAY,,-0.72,34.28
SIFA CHILDRENS CENTRE,PRIMARY SCHOOL,PRIVATE,NAIROBI,NAIROBI,DAGORETTI,KAWANGWARE,DAGORETTI,NAIROBI,,-1.27,36.76
WORLD HOPE ACADEMY (PRI),PRIMARY SCHOOL,PRIVATE,NAIROBI,NAIROBI,DAGORETTI,KAWANGWARE,DAGORETTI,NAIROBI,,-1.28,36.76
GREENWOODS ACADEMY (PRI),PRIMARY SCHOOL,PRIVATE,NAIROBI,NAIROBI,DAGORETTI,KAWANGWARE,DAGORETTI,NAIROBI,,-1.28,36.75
STARLITE SCHOOLPRIMARY,PRIMARY SCHOOL,PRIVATE,NYANZA,HOMA BAY,NYARONGI,EAST KWABWAI,NDHIWA,HOMA BAY,,-0.75,34.29
A C C & S PRIMARY,PRIMARY SCHOOL,PRIVATE,NORTH EASTERN,GARISSA,CENTRAL - GARISSA,TOWNSHIP,DUJIS,GARISSA,,-0.44,39.65
GITU ACADEMY (PRI),PRIMARY SCHOOL,PRIVATE,NAIROBI,NAIROBI,DAGORETTI,RIRUTA,DAGORETTI,NAIROBI,,-1.28,36.73
GOOD SHEPHERED PRI SCH,PRIMARY SCHOOL,PRIVATE,NAIROBI,NAIROBI,DAGORETTI,KAWANGWARE,DAGORETTI,NAIROBI,,-1.28,36.75
MWANGAZA PRIMARY,PRIMARY SCHOOL,PRIVATE,NORTH EASTERN,GARISSA,CENTRAL - GARISSA,TOWNSHIP,DUJIS,GARISSA,,-0.44,39.64
UNITY PRIMARY,PRIMARY SCHOOL,PRIVATE,NORTH EASTERN,GARISSA,DADAAB,LABISIGALE,LAGDERA,GARISSA,,0.2,40.29
KABIRO PRI SCH,PRIMARY SCHOOL,PRIVATE,NAIROBI,NAIROBI,DAGORETTI,KAWANGWARE,DAGORETTI,NAIROBI,,-1.28,36.75
ROCKVIEW JUNIOR ACADEMY PRIMARY,PRIMARY SCHOOL,PRIVATE,NYANZA,HOMA BAY,ASEGO,TOWNSHIP,NDHIWA,HOMA BAY,,-0.54,34.45
CENTRAL PRIMARY (DAGAHALEY CAMP),PRIMARY SCHOOL,PRIVATE,NORTH EASTERN,GARISSA,DADAAB,LABISIGALE,LAGDERA,GARISSA,,0.2,40.29
WOODPECKER SCHOOL (PRI),PRIMARY SCHOOL,PRIVATE,NAIROBI,NAIROBI,PUMWANI,UHURU,KAMUKUNJI,NAIROBI,,-1.29,36.85
GARISSA MUSLIM ACADEMY PRI,PRIMARY SCHOOL,PRIVATE,NORTH EASTERN,GARISSA,CENTRAL - GARISSA,TOWNSHIP,DUJIS,GARISSA,,-0.45,39.64
ILLEYS PRIMARY,PRIMARY SCHOOL,PRIVATE,NORTH EASTERN,GARISSA,DADAAB,LABISIGALE,LAGDERA,GARISSA,,0.19,40.28
YMCA JUNIOR SCH (PRI),PRIMARY SCHOOL,PRIVATE,NAIROBI,NAIROBI,PUMWANI,KAMUKUNJI,KAMUKUNJI,NAIROBI,,-1.29,36.85
JUBBA PRIMARY,PRIMARY SCHOOL,PRIVATE,NORTH EASTERN,GARISSA,DADAAB,LABISIGALE,LAGDERA,GARISSA,,0.19,40.28
EL-NINO PRIMARY,PRIMARY SCHOOL,PRIVATE,NORTH EASTERN,GARISSA,DADAAB,LABISIGALE,LAGDERA,GARISSA,,0.18,40.29
NELSON MANDELA ACADEMY PRIMARY,PRIMARY SCHOOL,PRIVATE,NYANZA,HOMA BAY,ASEGO,TOWNSHIP,NDHIWA,HOMA BAY,,-0.55,34.45
RAINBOW PRIMARY,PRIMARY SCHOOL,PRIVATE,NYANZA,HOMA BAY,ASEGO,TOWNSHIP,NDHIWA,HOMA BAY,,-0.54,34.45
CHURCH ARMY PRI SCH,PRIMARY SCHOOL,PRIVATE,NAIROBI,NAIROBI,MAKADARA,MARINGO,MAKADARA,NAIROBI,,-1.29,36.85
SALEON PREPARATORY PRIMARY,PRIMARY SCHOOL,PRIVATE,NYANZA,HOMA BAY,ASEGO,TOWNSHIP,NDHIWA,HOMA BAY,,-0.53,34.45
IBNU ABASS ACADEMY PRI,PRIMARY SCHOOL,PRIVATE,NORTH EASTERN,GARISSA,CENTRAL - GARISSA,CENTRAL,DUJIS,GARISSA,,-0.44,39.64
MARY IMMACULATE EDUCATIONAL CENTRE (PRI),PRIMARY SCHOOL,PRIVATE,NAIROBI,NAIROBI,MAKADARA,MARINGO,KAMUKUNJI,NAIROBI,,-1.29,36.86
AL BAYAN ACADEMY PRI,PRIMARY SCHOOL,PRIVATE,NORTH EASTERN,GARISSA,CENTRAL - GARISSA,IFTIN,DUJIS,GARISSA,,-0.48,39.65
MORRISON PRI SCH,PRIMARY SCHOOL,PRIVATE,NAIROBI,NAIROBI,PUMWANI,BAHATI,KAMUKUNJI,NAIROBI,,-1.29,36.86
CHRIST GIVE CENTER ACADEMY PRIMARY,PRIMARY SCHOOL,PRIVATE,NYANZA,HOMA BAY,ASEGO,TOWNSHIP,NDHIWA,HOMA BAY,,-0.52,34.45
ABU ABAYDA ACADEMY PRI,PRIMARY SCHOOL,PRIVATE,NORTH EASTERN,GARISSA,CENTRAL - GARISSA,WABERI,DUJIS,GARISSA,,-0.46,39.66
BUSARA ACADEMY PRI,PRIMARY SCHOOL,PRIVATE,NORTH EASTERN,GARISSA,CENTRAL - GARISSA,WABERI,DUJIS,GARISSA,,-0.44,39.66
PCEA BAHATI MATYRS ACADEMY (PRI),PRIMARY SCHOOL,PRIVATE,NAIROBI,NAIROBI,MAKADARA,MARINGO,KAMUKUNJI,NAIROBI,,-1.29,36.86
AL-HAKIM ACADEMY PRI,PRIMARY SCHOOL,PRIVATE,NORTH EASTERN,GARISSA,CENTRAL - GARISSA,TOWNSHIP,DUJIS,GARISSA,,-0.43,39.66
TWIN BIRDS ACADEMY (PRI),PRIMARY SCHOOL,PRIVATE,NAIROBI,NAIROBI,PUMWANI,BAHATI,KAMUKUNJI,NAIROBI,,-1.28,36.86
MODIKA ACADEMY PRI,PRIMARY SCHOOL,PRIVATE,NORTH EASTERN,GARISSA,CENTRAL - GARISSA,WABERI,DUJIS,GARISSA,,-0.38,39.71
DONKIM GLORIOUS JUNIOR SCH (PRI),PRIMARY SCHOOL,PRIVATE,NAIROBI,NAIROBI,PUMWANI,BAHATI,KAMUKUNJI,NAIROBI,,-1.29,36.86
LUCINA SCH (PRI),PRIMARY SCHOOL,PRIVATE,NAIROBI,NAIROBI,PUMWANI,BAHATI,KAMUKUNJI,NAIROBI,,-1.27,36.87
VINE PLACE PRI SCH,PRIMARY SCHOOL,PRIVATE,NAIROBI,NAIROBI,PUMWANI,BAHATI,KAMUKUNJI,NAIROBI,,-1.27,36.87
NEW HOPE JUNIOR ACADEMY PRIMARY,PRIMARY SCHOOL,PRIVATE,NYANZA,SIAYA,UKWALA,UKWALA,UGENYA,SIAYA,,0.2,34.19
ST JOSEPH PRIMARY SCH,PRIMARY SCHOOL,PRIVATE,NAIROBI,NAIROBI,PUMWANI,BAHATI,KAMUKUNJI,NAIROBI,,-1.27,36.87
CENTRAL PRIMARY,PRIMARY SCHOOL,PRIVATE,NORTH EASTERN,GARISSA,JARAJILA,WELMERER,FAFI,GARISSA,,0.01,40.37
UMOJA PRIMARY,PRIMARY SCHOOL,PRIVATE,NORTH EASTERN,GARISSA,LIBOI,DAMAJALE,LAGDERA,GARISSA,,0.01,40.38
IQRA ELITE SCH,PRIMARY SCHOOL,PRIVATE,NORTH EASTERN,WAJIR,CENTRAL - WAJIR,WABERI,WAJIR EAST,WAJIR,,1.75,40.08
PENUEL EDUCATIONAL CENTRE (PRI),PRIMARY SCHOOL,PRIVATE,NAIROBI,NAIROBI,PUMWANI,EASTLEIGH NORTH,KAMUKUNJI,NAIROBI,,-1.27,36.85
AMANI PRIMARY,PRIMARY SCHOOL,PRIVATE,NORTH EASTERN,GARISSA,LIBOI,DAMAJALE,LAGDERA,GARISSA,,0.01,40.38
AMOUD PRI SCH,PRIMARY SCHOOL,PRIVATE,NORTH EASTERN,WAJIR,CENTRAL - WAJIR,WABERI,WAJIR EAST,WAJIR,,1.75,40.07
UPENDO PRIMARY,PRIMARY SCHOOL,PRIVATE,NORTH EASTERN,GARISSA,JARAJILA,WELMERER,FAFI,GARISSA,,0,40.37
UNDUNGU PRIMARY,PRIMARY SCHOOL,PRIVATE,NORTH EASTERN,GARISSA,JARAJILA,WELMERER,FAFI,GARISSA,,0,40.36
REV KARERI MEMORIAL PRI SCH,PRIMARY SCHOOL,PRIVATE,NAIROBI,NAIROBI,PUMWANI,EASTLEIGH NORTH,KAMUKUNJI,NAIROBI,,-1.27,36.85
IFTIN PRIMARY,PRIMARY SCHOOL,PRIVATE,NORTH EASTERN,GARISSA,JARAJILA,WELMERER,FAFI,GARISSA,,0,40.37
WAJIR SUCCESS PRI SCH,PRIMARY SCHOOL,PRIVATE,NORTH EASTERN,WAJIR,CENTRAL - WAJIR,WABERI,WAJIR EAST,WAJIR,,1.77,40.07
MARY HAPPY PRI SCH,PRIMARY SCHOOL,PRIVATE,NAIROBI,NAIROBI,PUMWANI,EASTLEIGH NORTH,KAMUKUNJI,NAIROBI,,-1.27,36.85
PEACE JUNIOR SCH PRI,PRIMARY SCHOOL,PRIVATE,NAIROBI,NAIROBI,DAGORETTI,KENYATTA/GOLF COURSE,DAGORETTI,NAIROBI,,-1.31,36.8
ST JULIET PRI,PRIMARY SCHOOL,PRIVATE,NAIROBI,NAIROBI,PUMWANI,EASTLEIGH SOUTH,KAMUKUNJI,NAIROBI,,-1.29,36.85
GOLF COURSE ACADEMY,PRIMARY SCHOOL,PRIVATE,NAIROBI,NAIROBI,DAGORETTI,KENYATTA/GOLF COURSE,DAGORETTI,NAIROBI,,-1.31,36.8
GLORIOUS PRI SCH,PRIMARY SCHOOL,PRIVATE,NAIROBI,NAIROBI,PUMWANI,EASTLEIGH SOUTH,KAMUKUNJI,NAIROBI,,-1.28,36.85
EASTLEIGH GOOD HOPE COMMUNITY ACADEMY (PRI),PRIMARY SCHOOL,PRIVATE,NAIROBI,NAIROBI,PUMWANI,EASTLEIGH NORTH,KAMUKUNJI,NAIROBI,,-1.28,36.86
BRILIANT PRI SCH,PRIMARY SCHOOL,PRIVATE,NORTH EASTERN,WAJIR,CENTRAL - WAJIR,HODHAN,WAJIR EAST,WAJIR,,1.75,40.06
NAIROBI PENTECOSTAL CHURCH WOODLEY PRI SCH,PRIMARY SCHOOL,PRIVATE,NAIROBI,NAIROBI,DAGORETTI,KENYATTA/GOLF COURSE,DAGORETTI,NAIROBI,,-1.3,36.77
STAREHE PRI SCH,PRIMARY SCHOOL,PRIVATE,NORTH EASTERN,WAJIR,CENTRAL - WAJIR,HODHAN,WAJIR EAST,WAJIR,,1.74,40.05
ST JOHNS PRI SCH,PRIMARY SCHOOL,PRIVATE,NAIROBI,NAIROBI,PUMWANI,PUMWANI,KAMUKUNJI,NAIROBI,,-1.28,36.84
GOSPEL FURTHERING FELLOSHIP EASTLEIGH JUNIOR SCH,PRIMARY SCHOOL,PRIVATE,NAIROBI,NAIROBI,PUMWANI,EASTLEIGH NORTH,KAMUKUNJI,NAIROBI,,-1.28,36.85
DAGORETTI CORNER PRI,PRIMARY SCHOOL,PRIVATE,NAIROBI,NAIROBI,DAGORETTI,RIRUTA,DAGORETTI,NAIROBI,,-1.3,36.75
SHALAATEE INTEGRATED ACADEMY PRI SCH,PRIMARY SCHOOL,PRIVATE,NORTH EASTERN,WAJIR,CENTRAL - WAJIR,HODHAN,WAJIR EAST,WAJIR,,1.72,40.06
CATHSAM PRI SCH,PRIMARY SCHOOL,PRIVATE,NAIROBI,NAIROBI,EMBAKASI,UMOJA,EMBAKASI,NAIROBI,,-1.28,36.89
BESURE PRI SCH,PRIMARY SCHOOL,PRIVATE,NAIROBI,NAIROBI,DAGORETTI,RIRUTA,DAGORETTI,NAIROBI,,-1.29,36.75
RIRUTA JUBILEE ACADEMY(PRY),PRIMARY SCHOOL,PRIVATE,NAIROBI,NAIROBI,DAGORETTI,RIRUTA,DAGORETTI,NAIROBI,,-1.29,36.74
RIRUTA CENTRAL PRI SCH,PRIMARY SCHOOL,PRIVATE,NAIROBI,NAIROBI,DAGORETTI,RIRUTA,DAGORETTI,NAIROBI,,-1.29,36.74
WAJIR SUNRISE ACADEMY,PRIMARY SCHOOL,PRIVATE,NORTH EASTERN,WAJIR,CENTRAL - WAJIR,MAKERE,WAJIR WEST,WAJIR,,1.78,40.04
JAGIET PRI SCH,PRIMARY SCHOOL,PRIVATE,NAIROBI,NAIROBI,DAGORETTI,RIRUTA,DAGORETTI,NAIROBI,,-1.29,36.74
RIRUTA SATELITE ACADEMY,PRIMARY SCHOOL,PRIVATE,NAIROBI,NAIROBI,DAGORETTI,RIRUTA,DAGORETTI,NAIROBI,,-1.29,36.74
NICKFIELD ACADEMY (PRI),PRIMARY SCHOOL,PRIVATE,NAIROBI,NAIROBI,EMBAKASI,UMOJA,EMBAKASI,NAIROBI,,-1.28,36.9
FADHILI JUNIOR SCH (PRI),PRIMARY SCHOOL,PRIVATE,NAIROBI,NAIROBI,EMBAKASI,UMOJA,EMBAKASI,NAIROBI,,-1.28,36.9
EXCEL ACADEMY WAJIR PRI SCH,PRIMARY SCHOOL,PRIVATE,NORTH EASTERN,WAJIR,CENTRAL - WAJIR,WAGBERI,WAJIR EAST,WAJIR,,1.76,40.06
LEPIC JUNIOR PRI SCH,PRIMARY SCHOOL,PRIVATE,NAIROBI,NAIROBI,DAGORETTI,RIRUTA,DAGORETTI,NAIROBI,,-1.29,36.74
BIGNET PRY SCH,PRIMARY SCHOOL,PRIVATE,NAIROBI,NAIROBI,DAGORETTI,RIRUTA,DAGORETTI,NAIROBI,,-1.29,36.73
ST CLEMENT OF ALEXANDRIA PRI SCH,PRIMARY SCHOOL,PRIVATE,NAIROBI,NAIROBI,DAGORETTI,RIRUTA,DAGORETTI,NAIROBI,,-1.29,36.73
DADAAB INTEGRATED LEARNING CENTRE,PRIMARY SCHOOL,PRIVATE,NORTH EASTERN,GARISSA,DADAAB,DADAAB,LAGDERA,GARISSA,,0.06,40.31
KEY ACADEMY (PRI),PRIMARY SCHOOL,PRIVATE,NAIROBI,NAIROBI,DAGORETTI,RIRUTA,DAGORETTI,NAIROBI,,-1.29,36.73
HORSEED PRIMARY,PRIMARY SCHOOL,PRIVATE,NORTH EASTERN,GARISSA,DADAAB,LABISIGALE,LAGDERA,GARISSA,,0.11,40.32
MIDNIMO PRIMARY,PRIMARY SCHOOL,PRIVATE,NORTH EASTERN,GARISSA,DADAAB,LABISIGALE,LAGDERA,GARISSA,,0.11,40.32
ABDUL-ZIZ PRIMARY,PRIMARY SCHOOL,PRIVATE,NORTH EASTERN,GARISSA,DADAAB,LABISIGALE,LAGDERA,GARISSA,,0.12,40.32
IFO 2 PRIMARY,PRIMARY SCHOOL,PRIVATE,NORTH EASTERN,GARISSA,DADAAB,LABISIGALE,LAGDERA,GARISSA,,0.13,40.32
HALANE PRIMARY,PRIMARY SCHOOL,PRIVATE,NORTH EASTERN,GARISSA,DADAAB,LABISIGALE,LAGDERA,GARISSA,,0.11,40.31
HALANE SPECIAL UNIT,PRIMARY SCHOOL,PRIVATE,NORTH EASTERN,GARISSA,DADAAB,LABISIGALE,LAGDERA,GARISSA,,0.11,40.31
HORSEED SPECIAL UNIT,PRIMARY SCHOOL,PRIVATE,NORTH EASTERN,GARISSA,DADAAB,LABISIGALE,LAGDERA,GARISSA,,0.11,40.32
POWER STAR ACADEMY PRIMARY SCH,PRIMARY SCHOOL,PRIVATE,NYANZA,SIAYA,UKWALA,NORTH UGENYA,UGENYA,SIAYA,,0.27,34.22
MIDNIMO SPECIAL UNIT,PRIMARY SCHOOL,PRIVATE,NORTH EASTERN,GARISSA,DADAAB,LABISIGALE,LAGDERA,GARISSA,,0.11,40.32
MWANGAZA PRIMARY,PRIMARY SCHOOL,PRIVATE,NYANZA,SIAYA,UKWALA,NORTH UGENYA,UGENYA,SIAYA,,0.26,34.22
EPREN ACADEMY,PRIMARY SCHOOL,PRIVATE,NAIROBI,NAIROBI,EMBAKASI,UMOJA,EMBAKASI,NAIROBI,,-1.29,36.9
ST MARY ACADEMY JACARANDA PRI,PRIMARY SCHOOL,PRIVATE,NAIROBI,NAIROBI,EMBAKASI,UMOJA,EMBAKASI,NAIROBI,,-1.28,36.9
CARMELVALE CATHOLIC PRI SCH,PRIMARY SCHOOL,PRIVATE,NAIROBI,NAIROBI,EMBAKASI,UMOJA,EMBAKASI,NAIROBI,,-1.29,36.91
PRECIOUS GIFT PRI,PRIMARY SCHOOL,PRIVATE,NAIROBI,NAIROBI,EMBAKASI,KAYOLE,EMBAKASI,NAIROBI,,-1.27,36.91
VICTORY CENTRE PRI,PRIMARY SCHOOL,PRIVATE,NAIROBI,NAIROBI,EMBAKASI,KAYOLE,EMBAKASI,NAIROBI,,-1.27,36.91
INFILL ACADEMY,PRIMARY SCHOOL,PRIVATE,NAIROBI,NAIROBI,EMBAKASI,KAYOLE,EMBAKASI,NAIROBI,,-1.27,36.91
NEWLIGHT KOMAROCK JUNIOR SCH,PRIMARY SCHOOL,PRIVATE,NAIROBI,NAIROBI,EMBAKASI,KAYOLE,EMBAKASI,NAIROBI,,-1.27,36.91
BYGRACE ACADEMY,PRIMARY SCHOOL,PRIVATE,NAIROBI,NAIROBI,EMBAKASI,KAYOLE,EMBAKASI,NAIROBI,,-1.27,36.9
RAINBOW ACADEMY,PRIMARY SCHOOL,PRIVATE,NAIROBI,NAIROBI,EMBAKASI,KAYOLE,EMBAKASI,NAIROBI,,-1.27,36.9
BYGRACE ACADEMY,PRIMARY SCHOOL,PRIVATE,NAIROBI,NAIROBI,EMBAKASI,KAYOLE,EMBAKASI,NAIROBI,,-1.26,36.91
KOMAROCK CHRISTIA SCH,PRIMARY SCHOOL,PRIVATE,NAIROBI,NAIROBI,EMBAKASI,KOMAROCK,EMBAKASI,NAIROBI,,-1.26,36.91
TENDER CARE JUNIOR ACADEMY,PRIMARY SCHOOL,PRIVATE,NAIROBI,NAIROBI,EMBAKASI,KAYOLE,EMBAKASI,NAIROBI,,-1.26,36.91
LYANN ACADEMY,PRIMARY SCHOOL,PRIVATE,NAIROBI,NAIROBI,EMBAKASI,KAYOLE,EMBAKASI,NAIROBI,,-1.26,36.91
GRACIOUS DAY ACADEMY PRI,PRIMARY SCHOOL,PRIVATE,NAIROBI,NAIROBI,EMBAKASI,KOMAROCK,EMBAKASI,NAIROBI,,-1.26,36.91
SILVER GATE ACADEMY,PRIMARY SCHOOL,PRIVATE,NAIROBI,NAIROBI,EMBAKASI,NJIRU,EMBAKASI,NAIROBI,,-1.25,36.91
PRECIOUS JUNIOR ACADEMY,PRIMARY SCHOOL,PRIVATE,NAIROBI,NAIROBI,EMBAKASI,NJIRU,EMBAKASI,NAIROBI,,-1.25,36.91
NJIIRIS ACADEMY,PRIMARY SCHOOL,PRIVATE,NAIROBI,NAIROBI,EMBAKASI,NJIRU,EMBAKASI,NAIROBI,,-1.25,36.91
GREAT LOVE ACADEMY,PRIMARY SCHOOL,PRIVATE,NAIROBI,NAIROBI,EMBAKASI,UMOJA,EMBAKASI,NAIROBI,,-1.27,36.89
ROCKFIELD SCH,PRIMARY SCHOOL,PRIVATE,NAIROBI,NAIROBI,EMBAKASI,UMOJA,EMBAKASI,NAIROBI,,-1.29,36.89
EASTEND JUNIOR ACADEMY,PRIMARY SCHOOL,PRIVATE,NAIROBI,NAIROBI,EMBAKASI,UMOJA,EMBAKASI,NAIROBI,,-1.29,36.89
THE KINGS SCH,PRIMARY SCHOOL,PRIVATE,NAIROBI,NAIROBI,EMBAKASI,UMOJA,EMBAKASI,NAIROBI,,-1.28,36.89
SPRING VALLEY COMMUNITY SCH PRI,PRIMARY SCHOOL,PRIVATE,NAIROBI,NAIROBI,WESTLANDS,KITISURU,WESTLANDS,NAIROBI,,-1.25,36.73
ST MICHAELS HILL SCH,PRIMARY SCHOOL,PRIVATE,NAIROBI,NAIROBI,EMBAKASI,RUAI,EMBAKASI,NAIROBI,,-1.25,36.95
JOSNAH PRI SCH,PRIMARY SCHOOL,PRIVATE,NAIROBI,NAIROBI,EMBAKASI,RUAI,EMBAKASI,NAIROBI,,-1.26,36.99
WELKIM ACADEMY,PRIMARY SCHOOL,PRIVATE,NAIROBI,NAIROBI,EMBAKASI,RUAI,EMBAKASI,NAIROBI,,-1.27,36.99
VICKMERY JUNIOR ACADEMY,PRIMARY SCHOOL,PRIVATE,NAIROBI,NAIROBI,EMBAKASI,RUAI,EMBAKASI,NAIROBI,,-1.27,37
LAKAVIEW VIDROSE ACADEMY,PRIMARY SCHOOL,PRIVATE,NAIROBI,NAIROBI,EMBAKASI,RUAI,EMBAKASI,NAIROBI,,-1.26,37.01
ST JOSEPHS FREINADEMETZ CATHOLIC PRI SCH,PRIMARY SCHOOL,PRIVATE,NAIROBI,NAIROBI,EMBAKASI,RUAI,EMBAKASI,NAIROBI,,-1.25,37
ST CHARLES LWANGA BOYS TOWN RWAI,PRIMARY SCHOOL,PRIVATE,NAIROBI,NAIROBI,EMBAKASI,RUAI,EMBAKASI,NAIROBI,,-1.25,36.99
PALACE ACADEMY (PRI),PRIMARY SCHOOL,PRIVATE,NAIROBI,NAIROBI,EMBAKASI,UMOJA,EMBAKASI,NAIROBI,,-1.28,36.9
HALLMARK ACADEMY PRI,PRIMARY SCHOOL,PRIVATE,NAIROBI,NAIROBI,EMBAKASI,UMOJA,EMBAKASI,NAIROBI,,-1.27,36.89
TWIN BIRDS ACADEMY,PRIMARY SCHOOL,PRIVATE,NAIROBI,NAIROBI,EMBAKASI,RUAI,EMBAKASI,NAIROBI,,-1.28,37.04
JUBILANT JUNIOR ACADEMY,PRIMARY SCHOOL,PRIVATE,NAIROBI,NAIROBI,EMBAKASI,RUAI,EMBAKASI,NAIROBI,,-1.28,37.03
JOSPER JUNIOR ACADEMY PRI,PRIMARY SCHOOL,PRIVATE,NAIROBI,NAIROBI,EMBAKASI,RUAI,EMBAKASI,NAIROBI,,-1.28,37.04
DREAMLANE PREPARATORY SCH,PRIMARY SCHOOL,PRIVATE,NAIROBI,NAIROBI,EMBAKASI,RUAI,EMBAKASI,NAIROBI,,-1.27,37
CEDAR PROGRESIVE ACADEMY,PRIMARY SCHOOL,PRIVATE,NAIROBI,NAIROBI,EMBAKASI,RUAI,EMBAKASI,NAIROBI,,-1.28,37
SOLIDARITY PRI SCH,PRIMARY SCHOOL,PRIVATE,NAIROBI,NAIROBI,EMBAKASI,RUAI,EMBAKASI,NAIROBI,,-1.27,36.99
YOUNG HEARTS JUNIOR ACADEMY,PRIMARY SCHOOL,PRIVATE,NAIROBI,NAIROBI,EMBAKASI,UMOJA,EMBAKASI,NAIROBI,,-1.28,36.89
NEW HOPE ACADEMY (PRI),PRIMARY SCHOOL,PRIVATE,NAIROBI,NAIROBI,DAGORETTI,RIRUTA,DAGORETTI,NAIROBI,,-1.29,36.73
JASIPA PRI SCH,PRIMARY SCHOOL,PRIVATE,NAIROBI,NAIROBI,EMBAKASI,RUAI,EMBAKASI,NAIROBI,,-1.27,36.99
URITHI HERITAGE MODEL SCH,PRIMARY SCHOOL,PRIVATE,NAIROBI,NAIROBI,EMBAKASI,EMBAKASI,EMBAKASI,NAIROBI,,-1.27,36.94
IMMACULATE PRI SCH,PRIMARY SCHOOL,PRIVATE,NAIROBI,NAIROBI,EMBAKASI,EMBAKASI,EMBAKASI,NAIROBI,,-1.27,36.95
FUTURE GATE PRI SCH,PRIMARY SCHOOL,PRIVATE,NAIROBI,NAIROBI,EMBAKASI,EMBAKASI,EMBAKASI,NAIROBI,,-1.27,36.95
KAYOLE HEKIMA ACADEMY (PRI),PRIMARY SCHOOL,PRIVATE,NAIROBI,NAIROBI,EMBAKASI,UMOJA,EMBAKASI,NAIROBI,,-1.28,36.91
FAITH ACADEMY PRI SCH,PRIMARY SCHOOL,PRIVATE,NAIROBI,NAIROBI,DAGORETTI,WAITHAKA,DAGORETTI,NAIROBI,,-1.29,36.72
BROOKFIELD ACADEMY (PRI),PRIMARY SCHOOL,PRIVATE,NAIROBI,NAIROBI,EMBAKASI,UMOJA,EMBAKASI,NAIROBI,,-1.28,36.91
LE PIC PRI SCH,PRIMARY SCHOOL,PRIVATE,NAIROBI,NAIROBI,DAGORETTI,WAITHAKA,DAGORETTI,NAIROBI,,-1.29,36.73
ORBIT SCH OF THE CROSS,PRIMARY SCHOOL,PRIVATE,NAIROBI,NAIROBI,EMBAKASI,EMBAKASI,EMBAKASI,NAIROBI,,-1.27,36.93
FLOMINA HOPE EDUCATION CENTRE - PRI,PRIMARY SCHOOL,PRIVATE,NAIROBI,NAIROBI,EMBAKASI,UMOJA,EMBAKASI,NAIROBI,,-1.28,36.91
CORNER STONE ACADEMY,PRIMARY SCHOOL,PRIVATE,NAIROBI,NAIROBI,DAGORETTI,RIRUTA,DAGORETTI,NAIROBI,,-1.29,36.73
RIVER LINE ACADEMY (PRI),PRIMARY SCHOOL,PRIVATE,NAIROBI,NAIROBI,EMBAKASI,UMOJA,EMBAKASI,NAIROBI,,-1.28,36.91
AEF RUEBEN PRI SCH,PRIMARY SCHOOL,PRIVATE,NAIROBI,NAIROBI,EMBAKASI,MUKURU KWA NJENGA,EMBAKASI,NAIROBI,,-1.31,36.87
KINGS PAVILLION PRI SCH,PRIMARY SCHOOL,PRIVATE,NAIROBI,NAIROBI,DAGORETTI,RIRUTA,DAGORETTI,NAIROBI,,-1.29,36.73
ST ARNOLD JASSEN PRI SCH,PRIMARY SCHOOL,PRIVATE,NAIROBI,NAIROBI,EMBAKASI,UMOJA,EMBAKASI,NAIROBI,,-1.28,36.91
RIARA SPRINGS PRI SCH,PRIMARY SCHOOL,PRIVATE,NAIROBI,NAIROBI,EMBAKASI,MUKURU KWA NJENGA,EMBAKASI,NAIROBI,,-1.32,36.88
SATELITE STAREHE PRIMARY SCH,PRIMARY SCHOOL,PRIVATE,NAIROBI,NAIROBI,DAGORETTI,RIRUTA,DAGORETTI,NAIROBI,,-1.29,36.73
MUKURU COMMUNITY CENTRE,PRIMARY SCHOOL,PRIVATE,NAIROBI,NAIROBI,EMBAKASI,MUKURU KWA NJENGA,EMBAKASI,NAIROBI,,-1.32,36.89
RONIE JUNIOR PRI SCH,PRIMARY SCHOOL,PRIVATE,NORTH EASTERN,WAJIR,HABASWEN,KIBILAI,WAJIR SOUTH,WAJIR,,1.01,39.49
GALILEE PRI SCH (PRI),PRIMARY SCHOOL,PRIVATE,NAIROBI,NAIROBI,EMBAKASI,UMOJA,EMBAKASI,NAIROBI,,-1.28,36.91
KWA WATOTO CENTRE AND SCH (PRI),PRIMARY SCHOOL,PRIVATE,NAIROBI,NAIROBI,EMBAKASI,UMOJA,EMBAKASI,NAIROBI,,-1.29,36.91
PRECIOUS JUNIOR ACADEMY,PRIMARY SCHOOL,PRIVATE,NAIROBI,NAIROBI,DAGORETTI,RIRUTA,DAGORETTI,NAIROBI,,-1.29,36.74
BETHLEHEM PRI SCH,PRIMARY SCHOOL,PRIVATE,NAIROBI,NAIROBI,EMBAKASI,UMOJA,EMBAKASI,NAIROBI,,-1.28,36.91
HARVEST VIEW ACADEMY,PRIMARY SCHOOL,PRIVATE,NAIROBI,NAIROBI,EMBAKASI,EMBAKASI,EMBAKASI,NAIROBI,,-1.3,36.92
OASIS ACADEMY (PRI),PRIMARY SCHOOL,PRIVATE,NAIROBI,NAIROBI,DAGORETTI,RIRUTA,DAGORETTI,NAIROBI,,-1.29,36.74
AJIR HAPPY KIDS PRI SCH,PRIMARY SCHOOL,PRIVATE,NORTH EASTERN,WAJIR,CENTRAL - WAJIR,BARWAKO,WAJIR EAST,WAJIR,,1.73,40.04
SHEEP CARE COMMUNITY CENTRE,PRIMARY SCHOOL,PRIVATE,NAIROBI,NAIROBI,EMBAKASI,UMOJA,EMBAKASI,NAIROBI,,-1.28,36.91
BACK TO GLORY PRY SCH,PRIMARY SCHOOL,PRIVATE,NAIROBI,NAIROBI,DAGORETTI,RIRUTA,DAGORETTI,NAIROBI,,-1.29,36.74
WAJIR ACADEMY PRI SCH,PRIMARY SCHOOL,PRIVATE,NORTH EASTERN,WAJIR,CENTRAL - WAJIR,BARWAKO,WAJIR EAST,WAJIR,,1.75,40.05
RIRUTA SATELITE ACADEMY (PRI),PRIMARY SCHOOL,PRIVATE,NAIROBI,NAIROBI,DAGORETTI,KABIRIA,DAGORETTI,NAIROBI,,-1.29,36.71
KAYOLE ST PATRICKS ACADEMY (PRI),PRIMARY SCHOOL,PRIVATE,NAIROBI,NAIROBI,EMBAKASI,KAYOLE,EMBAKASI,NAIROBI,,-1.28,36.91
BOMA JUNIOR ACADEMY,PRIMARY SCHOOL,PRIVATE,NAIROBI,NAIROBI,DAGORETTI,MUTUINI,DAGORETTI,NAIROBI,,-1.29,36.7
HORSEET ACDEMY PRI SCH,PRIMARY SCHOOL,PRIVATE,NORTH EASTERN,WAJIR,CENTRAL - WAJIR,BARWAKO,WAJIR EAST,WAJIR,,1.75,40.05
MUTUINI EDUCATIONAL CENTRE,PRIMARY SCHOOL,PRIVATE,NAIROBI,NAIROBI,DAGORETTI,MUTUINI,DAGORETTI,NAIROBI,,-1.29,36.7
HORIZON LEANERS SCH,PRIMARY SCHOOL,PRIVATE,NAIROBI,NAIROBI,EMBAKASI,KAYOLE,EMBAKASI,NAIROBI,,-1.27,36.92
BETTER FUTURE ACADEMY PRI SCH,PRIMARY SCHOOL,PRIVATE,NORTH EASTERN,WAJIR,CENTRAL - WAJIR,BARWAKO,WAJIR EAST,WAJIR,,1.75,40.06
HALISI ACADEMY PRI,PRIMARY SCHOOL,PRIVATE,NAIROBI,NAIROBI,EMBAKASI,KAYOLE,EMBAKASI,NAIROBI,,-1.27,36.92
BRIGHT STAR ACADEMY PRI SCH,PRIMARY SCHOOL,PRIVATE,NORTH EASTERN,WAJIR,CENTRAL - WAJIR,BARWAKO,WAJIR EAST,WAJIR,,1.75,40.05
STANJO JUNIOR ACADEMY - PRI,PRIMARY SCHOOL,PRIVATE,NAIROBI,NAIROBI,EMBAKASI,KAYOLE,EMBAKASI,NAIROBI,,-1.27,36.92
FELMA EDUCATION CENTRE,PRIMARY SCHOOL,PRIVATE,NAIROBI,NAIROBI,EMBAKASI,KAYOLE,EMBAKASI,NAIROBI,,-1.27,36.92
WISDOM JUNIOR EDUCATION CENTRE,PRIMARY SCHOOL,PRIVATE,NAIROBI,NAIROBI,EMBAKASI,KAYOLE,EMBAKASI,NAIROBI,,-1.27,36.92
JOY LIFE ACADEMY - PRI SCH,PRIMARY SCHOOL,PRIVATE,NAIROBI,NAIROBI,EMBAKASI,KAYOLE,EMBAKASI,NAIROBI,,-1.27,36.92
PRESTIGE ELITE JUNIOR ACADEMY-PRI SCH,PRIMARY SCHOOL,PRIVATE,NAIROBI,NAIROBI,EMBAKASI,KAYOLE,EMBAKASI,NAIROBI,,-1.27,36.92
BRIGHTEST STAR PREPARATORY,PRIMARY SCHOOL,PRIVATE,NAIROBI,NAIROBI,DAGORETTI,DANDORA,DAGORETTI,NAIROBI,,-1.28,36.69
CHALAW ACADEMY,PRIMARY SCHOOL,PRIVATE,NAIROBI,NAIROBI,EMBAKASI,NJIRU,EMBAKASI,NAIROBI,,-1.26,36.92
NEW HIGHLIGHT PRI SCH,PRIMARY SCHOOL,PRIVATE,NAIROBI,NAIROBI,DAGORETTI,UTHIRU/RUTHIMITU,DAGORETTI,NAIROBI,,-1.28,36.7
ANTPAUL ACADEMY,PRIMARY SCHOOL,PRIVATE,NAIROBI,NAIROBI,EMBAKASI,NJIRU,EMBAKASI,NAIROBI,,-1.26,36.92
BLUESKY ACADEMY PRI,PRIMARY SCHOOL,PRIVATE,NAIROBI,NAIROBI,EMBAKASI,KAYOLE,EMBAKASI,NAIROBI,,-1.26,36.92
WAITHAKA RIVERSIDE SCH,PRIMARY SCHOOL,PRIVATE,NAIROBI,NAIROBI,DAGORETTI,WAITHAKA,DAGORETTI,NAIROBI,,-1.28,36.71
BLUE VIEW ACDEMY,PRIMARY SCHOOL,PRIVATE,NAIROBI,NAIROBI,DAGORETTI,WAITHAKA,DAGORETTI,NAIROBI,,-1.28,36.71
WILEYCE PRIMARY SCH,PRIMARY SCHOOL,PRIVATE,NAIROBI,NAIROBI,EMBAKASI,KAYOLE,EMBAKASI,NAIROBI,,-1.26,36.92
CALVARY COVENANT ACADEMY-PRI SCH,PRIMARY SCHOOL,PRIVATE,NAIROBI,NAIROBI,EMBAKASI,KAYOLE,EMBAKASI,NAIROBI,,-1.26,36.92
KENVALE ACADEMY WAITHAKA (PRI),PRIMARY SCHOOL,PRIVATE,NAIROBI,NAIROBI,DAGORETTI,WAITHAKA,DAGORETTI,NAIROBI,,-1.28,36.71
WANFORD ACADEMY,PRIMARY SCHOOL,PRIVATE,NAIROBI,NAIROBI,EMBAKASI,KAYOLE,EMBAKASI,NAIROBI,,-1.27,36.92
ST. EUNICE PREPARATORY SCH (PRI),PRIMARY SCHOOL,PRIVATE,NAIROBI,NAIROBI,DAGORETTI,WAITHAKA,DAGORETTI,NAIROBI,,-1.28,36.72
YOUNG STARS PRI SCH,PRIMARY SCHOOL,PRIVATE,NAIROBI,NAIROBI,EMBAKASI,KAYOLE,EMBAKASI,NAIROBI,,-1.26,36.92
ST LUCIA ACADEMY-PRI SCH,PRIMARY SCHOOL,PRIVATE,NAIROBI,NAIROBI,EMBAKASI,KAYOLE,EMBAKASI,NAIROBI,,-1.26,36.92
SUDA ACADEMY (PRI),PRIMARY SCHOOL,PRIVATE,NAIROBI,NAIROBI,WESTLANDS,KANGEMI,WESTLANDS,NAIROBI,,-1.27,36.73
PREBYSTERIAN EMMANUEL ACADEMY PRI,PRIMARY SCHOOL,PRIVATE,NAIROBI,NAIROBI,EMBAKASI,KAYOLE,EMBAKASI,NAIROBI,,-1.27,36.91
NEWLIGHT ACADEMY KAYOLE,PRIMARY SCHOOL,PRIVATE,NAIROBI,NAIROBI,EMBAKASI,KAYOLE,EMBAKASI,NAIROBI,,-1.27,36.91
JAGIET ACADEMY (PRI),PRIMARY SCHOOL,PRIVATE,NAIROBI,NAIROBI,DAGORETTI,KAWANGWARE,DAGORETTI,NAIROBI,,-1.28,36.74
THE GOLDEN HEART ACADEMY,PRIMARY SCHOOL,PRIVATE,NAIROBI,NAIROBI,EMBAKASI,KAYOLE,EMBAKASI,NAIROBI,,-1.27,36.91
KAMROSE SCH (PRI),PRIMARY SCHOOL,PRIVATE,NAIROBI,NAIROBI,DAGORETTI,RIRUTA,DAGORETTI,NAIROBI,,-1.28,36.74
EXCEL BAMBOO PRI SCH,PRIMARY SCHOOL,PRIVATE,NAIROBI,NAIROBI,DAGORETTI,RIRUTA,DAGORETTI,NAIROBI,,-1.28,36.73
KOMAROCK SENIOR SCH,PRIMARY SCHOOL,PRIVATE,NAIROBI,NAIROBI,EMBAKASI,KAYOLE,EMBAKASI,NAIROBI,,-1.27,36.91
EDN PRI SCH,PRIMARY SCHOOL,PRIVATE,NAIROBI,NAIROBI,DAGORETTI,RIRUTA,DAGORETTI,NAIROBI,,-1.28,36.73
GREAT COMMISION ACADEMY,PRIMARY SCHOOL,PRIVATE,NAIROBI,NAIROBI,EMBAKASI,KAYOLE,EMBAKASI,NAIROBI,,-1.27,36.91
VICTORY ALPHA ACADEMY (PRI),PRIMARY SCHOOL,PRIVATE,NAIROBI,NAIROBI,DAGORETTI,WAITHAKA,DAGORETTI,NAIROBI,,-1.28,36.72
INNERCORE BETHEL VIEW ACADEMY,PRIMARY SCHOOL,PRIVATE,NAIROBI,NAIROBI,EMBAKASI,UMOJA,EMBAKASI,NAIROBI,,-1.27,36.91
E.C.U.C PRIMARY SCH,PRIMARY SCHOOL,PRIVATE,NAIROBI,NAIROBI,DAGORETTI,RIRUTA,DAGORETTI,NAIROBI,,-1.29,36.73
ALIPAUTRISIA HOPE FOUNDATION EDUCATION CENTRE (PRI,PRIMARY SCHOOL,PRIVATE,NAIROBI,NAIROBI,DAGORETTI,KABIRIA,DAGORETTI,NAIROBI,,-1.29,36.73
MODERN CARE SCH PRI,PRIMARY SCHOOL,PRIVATE,NAIROBI,NAIROBI,EMBAKASI,UMOJA,EMBAKASI,NAIROBI,,-1.3,36.89
NEEMA SCH PRI,PRIMARY SCHOOL,PRIVATE,NAIROBI,NAIROBI,EMBAKASI,SAVANNAH,EMBAKASI,NAIROBI,,-1.3,36.89
HIGHPEAK ACADEMY (PRI),PRIMARY SCHOOL,PRIVATE,NAIROBI,NAIROBI,DAGORETTI,RIRUTA,DAGORETTI,NAIROBI,,-1.28,36.73
PRUDENT ACADEMY (PRI),PRIMARY SCHOOL,PRIVATE,NAIROBI,NAIROBI,DAGORETTI,KAWANGWARE,DAGORETTI,NAIROBI,,-1.28,36.74
ST MARY ACADEMY PRI,PRIMARY SCHOOL,PRIVATE,NAIROBI,NAIROBI,EMBAKASI,UMOJA,EMBAKASI,NAIROBI,,-1.3,36.89
BYPROMISE ACADEMY (PRI),PRIMARY SCHOOL,PRIVATE,NAIROBI,NAIROBI,DAGORETTI,KAWANGWARE,DAGORETTI,NAIROBI,,-1.28,36.74
DOONHOLM CATHOLIC PRI,PRIMARY SCHOOL,PRIVATE,NAIROBI,NAIROBI,EMBAKASI,SAVANNAH,EMBAKASI,NAIROBI,,-1.29,36.89
SUNRISE CHILDRENS GARDEN PRI,PRIMARY SCHOOL,PRIVATE,NAIROBI,NAIROBI,EMBAKASI,UMOJA,EMBAKASI,NAIROBI,,-1.29,36.89
FREE METHODIST ACADEMY KAWANGWRE,PRIMARY SCHOOL,PRIVATE,NAIROBI,NAIROBI,DAGORETTI,KAWANGWARE,DAGORETTI,NAIROBI,,-1.28,36.74
BETHANY PRI SCH,PRIMARY SCHOOL,PRIVATE,NAIROBI,NAIROBI,DAGORETTI,KAWANGWARE,DAGORETTI,NAIROBI,,-1.28,36.75
HARVEST VIEW ACADEMY,PRIMARY SCHOOL,PRIVATE,NAIROBI,NAIROBI,EMBAKASI,EMBAKASI,EMBAKASI,NAIROBI,,-1.3,36.92
EMBAKASI PREBYSTERIAN ACADEMY,PRIMARY SCHOOL,PRIVATE,NAIROBI,NAIROBI,EMBAKASI,EMBAKASI,EMBAKASI,NAIROBI,,-1.3,36.91
UTAWALA ACADEMY,PRIMARY SCHOOL,PRIVATE,NAIROBI,NAIROBI,EMBAKASI,EMBAKASI,EMBAKASI,NAIROBI,,-1.28,36.96
AMBROSE PRI SCH,PRIMARY SCHOOL,PRIVATE,NAIROBI,NAIROBI,EMBAKASI,EMBAKASI,EMBAKASI,NAIROBI,,-1.29,36.97
EMBAKASI BENEDICTA PRI SCH,PRIMARY SCHOOL,PRIVATE,NAIROBI,NAIROBI,EMBAKASI,UTAWALA,EMBAKASI,NAIROBI,,-1.28,36.97
ELSHADDAI JUNIOR ACADEMY,PRIMARY SCHOOL,PRIVATE,NAIROBI,NAIROBI,EMBAKASI,EMBAKASI,EMBAKASI,NAIROBI,,-1.28,36.98
TASSIA SCH,PRIMARY SCHOOL,PRIVATE,NAIROBI,NAIROBI,EMBAKASI,EMBAKASI,EMBAKASI,NAIROBI,,-1.31,36.89
ZAREPHATH ACADEMY,PRIMARY SCHOOL,PRIVATE,NAIROBI,NAIROBI,EMBAKASI,EMBAKASI,EMBAKASI,NAIROBI,,-1.31,36.89
BORDER VIEW ACADEMY PRI SCH,PRIMARY SCHOOL,PRIVATE,NORTH EASTERN,MANDERA,CENTRAL - MANDERA,BORDER POINT ONE,MANDERA EAST,MANDERA,,3.94,41.87
HOPE CHRISTIAN SCH,PRIMARY SCHOOL,PRIVATE,NAIROBI,NAIROBI,EMBAKASI,EMBAKASI,EMBAKASI,NAIROBI,,-1.31,36.89
SAVANNAH ACADEMY,PRIMARY SCHOOL,PRIVATE,NAIROBI,NAIROBI,EMBAKASI,MUKURU KWA NJENGA,EMBAKASI,NAIROBI,,-1.31,36.89
EASTGATE PREPARATORY SCH,PRIMARY SCHOOL,PRIVATE,NAIROBI,NAIROBI,EMBAKASI,EMBAKASI,EMBAKASI,NAIROBI,,-1.31,36.89
ASHABAB JUNIOR ACADEMY PRI SCH,PRIMARY SCHOOL,PRIVATE,NORTH EASTERN,MANDERA,CENTRAL - MANDERA,BULLA GOLOL,MANDERA EAST,MANDERA,,3.95,41.85
DEVINE MERCY CATHOLIC JUNIOR ACADEMY,PRIMARY SCHOOL,PRIVATE,NAIROBI,NAIROBI,EMBAKASI,KARIOBANGI SOUTH,EMBAKASI,NAIROBI,,-1.26,36.88
OMAR-AL FARUQ INTEGRATED PRI SCH,PRIMARY SCHOOL,PRIVATE,NORTH EASTERN,MANDERA,CENTRAL - MANDERA,BULLA JAMUHURIA,MANDERA EAST,MANDERA,,3.95,41.85
PCEA KARIOBANGI SOUTH ACADEMY,PRIMARY SCHOOL,PRIVATE,NAIROBI,NAIROBI,EMBAKASI,KARIOBANGI SOUTH,EMBAKASI,NAIROBI,,-1.26,36.88
OMAR FARUQ MADRASA,PRIMARY SCHOOL,PRIVATE,NORTH EASTERN,MANDERA,CENTRAL - MANDERA,BULLA JAMUHURIA,MANDERA EAST,MANDERA,,3.95,41.85
LUCKY JUNIOR SCH PRI,PRIMARY SCHOOL,PRIVATE,NAIROBI,NAIROBI,EMBAKASI,KARIOBANGI SOUTH,EMBAKASI,NAIROBI,,-1.26,36.88
AL-QALAM JUNIOR ACADEMY PRI SCH,PRIMARY SCHOOL,PRIVATE,NORTH EASTERN,MANDERA,CENTRAL - MANDERA,TOWNSHIP,MANDERA EAST,MANDERA,,3.94,41.86
BRIGHT BEGINNERS ACADEMY,PRIMARY SCHOOL,PRIVATE,NAIROBI,NAIROBI,EMBAKASI,KARIOBANGI SOUTH,EMBAKASI,NAIROBI,,-1.26,36.88
BAYAN ACADEMY PRI SCH,PRIMARY SCHOOL,PRIVATE,NORTH EASTERN,MANDERA,CENTRAL - MANDERA,TOWNSHIP,MANDERA EAST,MANDERA,,3.94,41.86
KIPAWA JUNIOR SCH,PRIMARY SCHOOL,PRIVATE,NAIROBI,NAIROBI,EMBAKASI,KARIOBANGI SOUTH,EMBAKASI,NAIROBI,,-1.26,36.88
UMUL-QURA PRI SCH,PRIMARY SCHOOL,PRIVATE,NORTH EASTERN,MANDERA,CENTRAL - MANDERA,TOWNSHIP,MANDERA EAST,MANDERA,,3.94,41.85
PLAYLEARN ACADEMY,PRIMARY SCHOOL,PRIVATE,NAIROBI,NAIROBI,EMBAKASI,KARIOBANGI SOUTH,EMBAKASI,NAIROBI,,-1.26,36.89
AL-BUKHARI ACADEMY PRI SCH,PRIMARY SCHOOL,PRIVATE,NORTH EASTERN,MANDERA,CENTRAL - MANDERA,BULLA MPYA,MANDERA EAST,MANDERA,,3.94,41.85
DAYSPRING JUNIOR PRI SCH,PRIMARY SCHOOL,PRIVATE,NAIROBI,NAIROBI,EMBAKASI,KARIOBANGI SOUTH,EMBAKASI,NAIROBI,,-1.26,36.89
GOOD DAY EDUCATIONAL CENTRE,PRIMARY SCHOOL,PRIVATE,NAIROBI,NAIROBI,EMBAKASI,KARIOBANGI SOUTH,EMBAKASI,NAIROBI,,-1.26,36.89
CIVIL SERVANT ESTATE JUNIOR SCH,PRIMARY SCHOOL,PRIVATE,NAIROBI,NAIROBI,EMBAKASI,KARIOBANGI SOUTH,EMBAKASI,NAIROBI,,-1.26,36.89
MANDERA FURAHA ACADEMY PRI SCH,PRIMARY SCHOOL,PRIVATE,NORTH EASTERN,MANDERA,CENTRAL - MANDERA,BULLA MPYA,MANDERA EAST,MANDERA,,3.93,41.85
MARY JUNIOR ACADEMY PRI SCH,PRIMARY SCHOOL,PRIVATE,NAIROBI,NAIROBI,EMBAKASI,DANDORA,EMBAKASI,NAIROBI,,-1.25,36.9
BASEROOT ACADEMY,PRIMARY SCHOOL,PRIVATE,NAIROBI,NAIROBI,EMBAKASI,DANDORA,EMBAKASI,NAIROBI,,-1.25,36.91
IQRA INTEGRATED ACADEMY PRI SCH,PRIMARY SCHOOL,PRIVATE,NORTH EASTERN,MANDERA,CENTRAL - MANDERA,BULLA JAMUHURIA,MANDERA EAST,MANDERA,,3.95,41.85
JITEGEMEA PRI SCH,PRIMARY SCHOOL,PRIVATE,NAIROBI,NAIROBI,EMBAKASI,DANDORA,EMBAKASI,NAIROBI,,-1.25,36.89
HIGH ROCK ACADEMY,PRIMARY SCHOOL,PRIVATE,NAIROBI,NAIROBI,EMBAKASI,DANDORA,EMBAKASI,NAIROBI,,-1.25,36.89
ALHUDA ACADEMY,PRIMARY SCHOOL,PRIVATE,NORTH EASTERN,MANDERA,CENTRAL - MANDERA,BULLA JAMUHURIA,MANDERA EAST,MANDERA,,3.94,41.85
TWINSA SCH PRI,PRIMARY SCHOOL,PRIVATE,NAIROBI,NAIROBI,EMBAKASI,DANDORA,EMBAKASI,NAIROBI,,-1.25,36.89
MANDERA INTERGRATED PRI SCH,PRIMARY SCHOOL,PRIVATE,NORTH EASTERN,MANDERA,CENTRAL - MANDERA,BARWAQO,MANDERA EAST,MANDERA,,3.92,41.83
JUPITER DAY CARE AND YOUTH EDUCATION CENTRE,PRIMARY SCHOOL,PRIVATE,NAIROBI,NAIROBI,EMBAKASI,DANDORA,EMBAKASI,NAIROBI,,-1.25,36.89
GATE PASS JUNIOR SCH,PRIMARY SCHOOL,PRIVATE,NAIROBI,NAIROBI,EMBAKASI,DANDORA,EMBAKASI,NAIROBI,,-1.25,36.89
MADRASATU SUNNAH,PRIMARY SCHOOL,PRIVATE,NORTH EASTERN,MANDERA,CENTRAL - MANDERA,BARWAQO,MANDERA EAST,MANDERA,,3.93,41.84
ALL SEASONS ACADEMY,PRIMARY SCHOOL,PRIVATE,NAIROBI,NAIROBI,EMBAKASI,DANDORA,EMBAKASI,NAIROBI,,-1.25,36.9
GOSPEL REVIVAL CENTRE ACADEMY,PRIMARY SCHOOL,PRIVATE,NAIROBI,NAIROBI,EMBAKASI,DANDORA,EMBAKASI,NAIROBI,,-1.25,36.9
BLESSED PREPARATORY CENTRE-PRI,PRIMARY SCHOOL,PRIVATE,NAIROBI,NAIROBI,EMBAKASI,DANDORA,EMBAKASI,NAIROBI,,-1.25,36.9
MAHAD NURUL ISLAM,PRIMARY SCHOOL,PRIVATE,NORTH EASTERN,MANDERA,CENTRAL - MANDERA,TOWNSHIP,MANDERA EAST,MANDERA,,3.94,41.86
JOWHARUL ISLAM MADRASA,PRIMARY SCHOOL,PRIVATE,NORTH EASTERN,MANDERA,CENTRAL - MANDERA,TOWNSHIP,MANDERA EAST,MANDERA,,3.93,41.86
JOY VILLA SCH,PRIMARY SCHOOL,PRIVATE,NAIROBI,NAIROBI,EMBAKASI,DANDORA,EMBAKASI,NAIROBI,,-1.25,36.91
DONA HILL EDUCATIONAL CENTRE PRI,PRIMARY SCHOOL,PRIVATE,NAIROBI,NAIROBI,EMBAKASI,DANDORA,EMBAKASI,NAIROBI,,-1.24,36.91
PURPOSEFUL JUNIOR SCHOOL,PRIMARY SCHOOL,PRIVATE,NAIROBI,NAIROBI,EMBAKASI,DANDORA,EMBAKASI,NAIROBI,,-1.24,36.91
AGANO JUNIOR ACADEMY,PRIMARY SCHOOL,PRIVATE,NAIROBI,NAIROBI,EMBAKASI,DANDORA,EMBAKASI,NAIROBI,,-1.24,36.91
ST GEORGINA ACADEMY,PRIMARY SCHOOL,PRIVATE,NAIROBI,NAIROBI,EMBAKASI,DANDORA,EMBAKASI,NAIROBI,,-1.24,36.91
ST. JACOBS GOSETA ACADEMY,PRIMARY SCHOOL,PRIVATE,NYANZA,CENTRAL KISII,SUNEKA,IYABE,BONCHARI,KISII,,-0.69,34.68
YOMA SUNRISE ACADEMY,PRIMARY SCHOOL,PRIVATE,NYANZA,CENTRAL KISII,SUNEKA,IYABE,BONCHARI,KISII,,-0.69,34.67
BENON ACADEMY,PRIMARY SCHOOL,PRIVATE,NYANZA,NYAMIRA,NYAMIRA,BONYAMATUTA CHA,WEST MUGIRANGO,NYAMIRA,,-0.55,34.93
GRACIOUS ACADEMY,PRIMARY SCHOOL,PRIVATE,NYANZA,NYAMIRA,NYAMIRA,W. MUGIRANGO,WEST MUGIRANGO,NYAMIRA,,-0.55,34.92
NYAMOITA ACADEMY,PRIMARY SCHOOL,PRIVATE,NYANZA,NYAMIRA,NYAMIRA,W. MUGIRANGO,WEST MUGIRANGO,NYAMIRA,,-0.55,34.92
RIVERSIDE MERCY ACADEMY,PRIMARY SCHOOL,PRIVATE,NYANZA,CENTRAL KISII,SUNEKA,IYABE,BONCHARI,KISII,,-0.7,34.69
GOOD MWANDA ACADEMY,PRIMARY SCHOOL,PRIVATE,NYANZA,NYAMIRA,NYAMIRA,W. MUGIRANGO,WEST MUGIRANGO,NYAMIRA,,-0.53,34.92
ST.CHRISTOPHER ACADEMY,PRIMARY SCHOOL,PRIVATE,NYANZA,NYAMIRA,NYAMIRA,BONYAMATUTA CHA,WEST MUGIRANGO,NYAMIRA,,-0.54,34.93
PEMO ACADEMY,PRIMARY SCHOOL,PRIVATE,NYANZA,NYAMIRA,NYAMIRA,W. MUGIRANGO,WEST MUGIRANGO,NYAMIRA,,-0.54,34.93
RIVERBANK ACADEMY,PRIMARY SCHOOL,PRIVATE,NYANZA,CENTRAL KISII,KIOGORO,KEGATI,NYARIBARI CHACHE,KISII,,-0.7,34.82
BISAMM ACADEMY,PRIMARY SCHOOL,PRIVATE,NYANZA,NYAMIRA,NYAMIRA,BONYAMATUTA CHA,WEST MUGIRANGO,NYAMIRA,,-0.56,34.93
CHARPHA ACADEMY,PRIMARY SCHOOL,PRIVATE,NYANZA,CENTRAL KISII,KIOGORO,KEGATI,NYARIBARI CHACHE,KISII,,-0.71,34.83
ALIMO NYAMIRA ACADEMY,PRIMARY SCHOOL,PRIVATE,NYANZA,NYAMIRA,NYAMIRA,BONYAMATUTA CHA,WEST MUGIRANGO,NYAMIRA,,-0.56,34.94
ROCK HILL ACADEMY,PRIMARY SCHOOL,PRIVATE,NYANZA,CENTRAL KISII,KIOGORO,KIOGORO,NYARIBARI CHACHE,KISII,,-0.72,34.81
ST.CHRISTOPHER ACADEMY,PRIMARY SCHOOL,PRIVATE,NYANZA,NYAMIRA,NYAMIRA,BONYAMATUTA CHA,WEST MUGIRANGO,NYAMIRA,,-0.56,34.93
NYAMIRA DOWN FOREST ACADEMY,PRIMARY SCHOOL,PRIVATE,NYANZA,NYAMIRA,NYAMIRA,BONYAMATUTA CHA,WEST MUGIRANGO,NYAMIRA,,-0.57,34.93
MENYINKWA HIGHWAY ACADEMY,PRIMARY SCHOOL,PRIVATE,NYANZA,CENTRAL KISII,KIOGORO,KIOGORO,NYARIBARI CHACHE,KISII,,-0.71,34.77
ST.GEORGE'S ACADEMY,PRIMARY SCHOOL,PRIVATE,NYANZA,NYAMIRA,NYAMIRA,BONYAMATUTA CHA,WEST MUGIRANGO,NYAMIRA,,-0.58,34.94
ST. ALOYSIUS ACADEMY,PRIMARY SCHOOL,PRIVATE,NYANZA,CENTRAL KISII,KIOGORO,KIOGORO,NYARIBARI CHACHE,KISII,,-0.72,34.78
BISAMM JUNIOUR ACADEMY,PRIMARY SCHOOL,PRIVATE,NYANZA,NYAMIRA,NYAMIRA,BOGICHORA,WEST MUGIRANGO,NYAMIRA,,-0.59,34.92
BAHATI ACADEMY PRI,PRIMARY SCHOOL,PRIVATE,NYANZA,CENTRAL KISII,KIOGORO,KIOGORO,NYARIBARI CHACHE,KISII,,-0.72,34.77
KIOGORO VALLEY ACADEMY PRI,PRIMARY SCHOOL,PRIVATE,NYANZA,CENTRAL KISII,KIOGORO,KIOGORO,NYARIBARI CHACHE,KISII,,-0.72,34.78
NYANGURU SATELLITE ACADEMY,PRIMARY SCHOOL,PRIVATE,NYANZA,CENTRAL KISII,KIOGORO,KEGATI,NYARIBARI CHACHE,KISII,,-0.71,34.8
MONYA JUNIOUR ACADEMY,PRIMARY SCHOOL,PRIVATE,NYANZA,NYAMIRA,NYAMIRA,BOGICHORA,WEST MUGIRANGO,NYAMIRA,,-0.63,34.94
RIANYAMWAMU JNR ACADEMY,PRIMARY SCHOOL,PRIVATE,NYANZA,CENTRAL KISII,KIOGORO,KIOGORO,NYARIBARI CHACHE,KISII,,-0.73,34.8
MEVA ACADEMY,PRIMARY SCHOOL,PRIVATE,NYANZA,NYAMIRA,NYAMIRA,BOGICHORA,WEST MUGIRANGO,NYAMIRA,,-0.64,34.95
SALAMA ACADEMY,PRIMARY SCHOOL,PRIVATE,NYANZA,NYAMIRA,NYAMIRA,BOGICHORA,WEST MUGIRANGO,NYAMIRA,,-0.64,34.96
GOLDEN GATE KABIRINGO ACADEMY,PRIMARY SCHOOL,PRIVATE,NYANZA,NYAMIRA,NYAMIRA,BONYAMATUTA CHA,WEST MUGIRANGO,NYAMIRA,,-0.6,34.96
NYABOTERERE ACADEMY,PRIMARY SCHOOL,PRIVATE,NYANZA,CENTRAL KISII,KIOGORO,KIOGORO,NYARIBARI CHACHE,KISII,,-0.75,34.78
GUSII HIGHLIGHTS ACADEMY PRI,PRIMARY SCHOOL,PRIVATE,NYANZA,CENTRAL KISII,KIOGORO,BOSONGO,NYARIBARI CHACHE,KISII,,-0.69,34.78
GESA BRIGHT ACADEMY,PRIMARY SCHOOL,PRIVATE,NYANZA,CENTRAL KISII,KIOGORO,KIOGORO,NYARIBARI CHACHE,KISII,,-0.7,34.77
AIC GRACE ACADEMY,PRIMARY SCHOOL,PRIVATE,NYANZA,CENTRAL KISII,KIOGORO,TOWNSHIP,NYARIBARI CHACHE,KISII,,-0.67,34.77
NYANCHWA ADVENTIST PREPARATORY,PRIMARY SCHOOL,PRIVATE,NYANZA,CENTRAL KISII,KIOGORO,BOSONGO,NYARIBARI CHACHE,KISII,,-0.68,34.77
VENUS ACADEMY,PRIMARY SCHOOL,PRIVATE,NYANZA,NYAMIRA,NYAMIRA,BONYAMATUTA CHA,WEST MUGIRANGO,NYAMIRA,,-0.63,34.98
BRITOM PRIMARY,PRIMARY SCHOOL,PRIVATE,NYANZA,CENTRAL KISII,KIOGORO,TOWNSHIP,KITUTU CHACHE,KISII,,-0.67,34.76
MONTESSORI ACADEMY,PRIMARY SCHOOL,PRIVATE,NYANZA,CENTRAL KISII,KIOGORO,TOWNSHIP,KITUTU CHACHE,KISII,,-0.67,34.76
BONARERI ACADEMY,PRIMARY SCHOOL,PRIVATE,NYANZA,NYAMIRA,NYAMIRA,BONYAMATUTA CHA,WEST MUGIRANGO,NYAMIRA,,-0.64,34.99
WIN SPRINGS ACADEMY PRI,PRIMARY SCHOOL,PRIVATE,NYANZA,MIGORI,SUBA EAST,SUNA RAGANA,MIGORI,MIGORI,,-1.07,34.46
PESODA COMPLEX ACADEMY,PRIMARY SCHOOL,PRIVATE,NYANZA,MIGORI,SUBA EAST,SUNA RAGANA,MIGORI,MIGORI,,-1.07,34.47
PENTAGON ACADEMY,PRIMARY SCHOOL,PRIVATE,NYANZA,MIGORI,SUBA EAST,SUNA RAGANA,MIGORI,MIGORI,,-1.07,34.46
ROYNOVA ROYAL ACADEMY,PRIMARY SCHOOL,PRIVATE,NYANZA,MIGORI,SUBA EAST,SUNA RAGANA,MIGORI,MIGORI,,-1.07,34.46
ST. PETERS PRECIOUS,PRIMARY SCHOOL,PRIVATE,NYANZA,MIGORI,SUBA EAST,SUNA RAGANA,MIGORI,MIGORI,,-1.07,34.46
GOODWILL ACADEMY 'A' PRI,PRIMARY SCHOOL,PRIVATE,NYANZA,MIGORI,SUBA EAST,SUNA RAGANA,MIGORI,MIGORI,,-1.07,34.46
ORUBA COMPLEX ACADEMY,PRIMARY SCHOOL,PRIVATE,NYANZA,MIGORI,SUBA EAST,SUNA RAGANA,MIGORI,MIGORI,,-1.06,34.46
ST. AGNES NYOERO,PRIMARY SCHOOL,PRIVATE,NYANZA,CENTRAL KISII,MOSOCHO,NYAKOE,KITUTU CHACHE,KISII,,-0.62,34.74
SOLVEIG ACADEMY,PRIMARY SCHOOL,PRIVATE,NYANZA,MIGORI,SUBA EAST,SUNA RAGANA,MIGORI,MIGORI,,-1.06,34.46
KAZIMOTO ACADEMY,PRIMARY SCHOOL,PRIVATE,NYANZA,CENTRAL KISII,MARANI,NGENYI,KITUTU CHACHE,KISII,,-0.59,34.88
RAGWANDA MWANGAZA PRI,PRIMARY SCHOOL,PRIVATE,NYANZA,CENTRAL KISII,MOSOCHO,BOGEKA,KITUTU CHACHE,KISII,,-0.6,34.77
SHADY GARDENS JUNIOR PRI SCH,PRIMARY SCHOOL,PRIVATE,NYANZA,NYANDO,MUHORONI,CHEMELIL,MUHORONI,KISUMU,,-0.03,35.18
SUNA JUNIOR ACADEMY,PRIMARY SCHOOL,PRIVATE,NYANZA,MIGORI,SUBA EAST,SUNA RAGANA,MIGORI,MIGORI,,-1.06,34.46
GOODWILL ACADEMY 'B',PRIMARY SCHOOL,PRIVATE,NYANZA,MIGORI,SUBA EAST,SUNA RAGANA,MIGORI,MIGORI,,-1.07,34.47
HAPPY DAY ACADEMY,PRIMARY SCHOOL,PRIVATE,NYANZA,CENTRAL KISII,MARANI,NGENYI,KITUTU CHACHE,KISII,,-0.59,34.85
ISECHA ACADEMY,PRIMARY SCHOOL,PRIVATE,NYANZA,CENTRAL KISII,MARANI,NGENYI,KITUTU CHACHE,KISII,,-0.57,34.86
ST. ANNA MSINGI BORA PRI,PRIMARY SCHOOL,PRIVATE,NYANZA,CENTRAL KISII,MOSOCHO,NYAKOE,KITUTU CHACHE,KISII,,-0.62,34.76
ONYALO JUNIOR ACADEMY,PRIMARY SCHOOL,PRIVATE,NYANZA,MIGORI,SUBA EAST,SUNA CENTRAL,MIGORI,MIGORI,,-1.04,34.48
IRANDA MERCY ACADEMY,PRIMARY SCHOOL,PRIVATE,NYANZA,CENTRAL KISII,MOSOCHO,NYAKOE,KITUTU CHACHE,KISII,,-0.63,34.79
GAMBA ACADEMY,PRIMARY SCHOOL,PRIVATE,NYANZA,CENTRAL KISII,MARANI,NGENYI,KITUTU CHACHE,KISII,,-0.55,34.87
FINE HILL ACADEMY,PRIMARY SCHOOL,PRIVATE,NYANZA,CENTRAL KISII,MOSOCHO,NYATIEKO,KITUTU CHACHE,KISII,,-0.64,34.79
PILGRIM ACADEMY,PRIMARY SCHOOL,PRIVATE,NYANZA,MIGORI,SUBA EAST,SUNA CENTRAL,MIGORI,MIGORI,,-1.05,34.47
GOODHOPE ACADEMY,PRIMARY SCHOOL,PRIVATE,NYANZA,MIGORI,SUBA EAST,SUNA CENTRAL,MIGORI,MIGORI,,-1.05,34.48
ST. AUSTIN LAMO PRI,PRIMARY SCHOOL,PRIVATE,NYANZA,CENTRAL KISII,MOSOCHO,BOGEKA,KITUTU CHACHE,KISII,,-0.6,34.76
EMAUS ACADEMY,PRIMARY SCHOOL,PRIVATE,NYANZA,CENTRAL KISII,MOSOCHO,ETORA,KITUTU CHACHE,KISII,,-0.59,34.76
VICTORIA STAR ACADEMY,PRIMARY SCHOOL,PRIVATE,NYANZA,MIGORI,SUBA EAST,SUNA CENTRAL,MIGORI,MIGORI,,-1.05,34.47
HIGHGATE KINDERGARTEN PRI,PRIMARY SCHOOL,PRIVATE,NYANZA,MIGORI,SUBA EAST,SUNA CENTRAL,MIGORI,MIGORI,,-1.06,34.47
GRACE GOODHOPE ACADEMY,PRIMARY SCHOOL,PRIVATE,NYANZA,MIGORI,SUBA EAST,SUNA CENTRAL,MIGORI,MIGORI,,-1.06,34.47
GESIEKA ACADEMY,PRIMARY SCHOOL,PRIVATE,NYANZA,CENTRAL KISII,MARANI,MWAKIBAGENDI,KITUTU CHACHE,KISII,,-0.57,34.77
GETARE GATEWAY ACADEMY,PRIMARY SCHOOL,PRIVATE,NYANZA,CENTRAL KISII,MOSOCHO,NYATIEKO,KITUTU CHACHE,KISII,,-0.66,34.79
HILLS  COMBINED ACADEMY,PRIMARY SCHOOL,PRIVATE,NYANZA,MIGORI,SUBA EAST,SUNA CENTRAL,MIGORI,MIGORI,,-1.07,34.47
OMBO ACADEMY,PRIMARY SCHOOL,PRIVATE,NYANZA,MIGORI,SUBA EAST,SUNA CENTRAL,MIGORI,MIGORI,,-1.07,34.48
MAKAO HUMANITARIAN OUTREACH PRI,PRIMARY SCHOOL,PRIVATE,NYANZA,MIGORI,SUBA EAST,SUNA CENTRAL,MIGORI,MIGORI,,-1.08,34.48
GETURI ALLIANCE ACADEMY,PRIMARY SCHOOL,PRIVATE,NYANZA,CENTRAL KISII,MOSOCHO,NYATIEKO,KITUTU CHACHE,KISII,,-0.62,34.8
HAPPY DAY JUNIOR ACADEMY,PRIMARY SCHOOL,PRIVATE,NYANZA,MIGORI,SUBA EAST,SUNA CENTRAL,MIGORI,MIGORI,,-1.07,34.49
MERCY JUNIOR NYANGURU ACADEMY PRI,PRIMARY SCHOOL,PRIVATE,NYANZA,CENTRAL KISII,MOSOCHO,NYANGURU,KITUTU CHACHE,KISII,,-0.61,34.79
KABIERO ACADEMY,PRIMARY SCHOOL,PRIVATE,NYANZA,CENTRAL KISII,MARANI,MWAMONARI,KITUTU CHACHE,KISII,,-0.54,34.79
ITIERIO MISSION ACADEMY,PRIMARY SCHOOL,PRIVATE,NYANZA,CENTRAL KISII,SUNEKA,BOMORENDA,BONCHARI,KISII,,-0.68,34.71
SIKONGE HILLS ACADEMY,PRIMARY SCHOOL,PRIVATE,NYANZA,CENTRAL KISII,MARANI,MWAMONARI,KITUTU CHACHE,KISII,,-0.53,34.81
RIOMA ACADEMY,PRIMARY SCHOOL,PRIVATE,NYANZA,CENTRAL KISII,MARANI,MWAMONARI,KITUTU CHACHE,KISII,,-0.54,34.79
ST. THERESAS ACADEMY,PRIMARY SCHOOL,PRIVATE,NYANZA,CENTRAL KISII,SUNEKA,BOGIAKUMU,BONCHARI,KISII,,-0.69,34.73
KEMANKO PREPARATORY,PRIMARY SCHOOL,PRIVATE,NYANZA,CENTRAL KISII,MARANI,MWAMONARI,KITUTU CHACHE,KISII,,-0.55,34.8
GENESIS PREPARATORY,PRIMARY SCHOOL,PRIVATE,NYANZA,CENTRAL KISII,MOSOCHO,TOWNSHIP,KITUTU CHACHE,KISII,,-0.67,34.76
ELSHADDAI PRI,PRIMARY SCHOOL,PRIVATE,NYANZA,CENTRAL KISII,MARANI,MWAMONARI,KITUTU CHACHE,KISII,,-0.54,34.82
SONDU LIFESHINE ACADEMY,PRIMARY SCHOOL,PRIVATE,NYANZA,NYANDO,UPPER NYAKACH,SOUTH  NYAKACH,NYAKACH,KISUMU,,-0.39,35.01
BOSIRE ACADEMY,PRIMARY SCHOOL,PRIVATE,NYANZA,CENTRAL KISII,MOSOCHO,TOWNSHIP,KITUTU CHACHE,KISII,,-0.66,34.76
MONTESSORI ANGELIC PREPARATORY PRI,PRIMARY SCHOOL,PRIVATE,NYANZA,CENTRAL KISII,SUNEKA,BOMORENDA,BONCHARI,KISII,,-0.68,34.7
CAPTAIN OMAYO ACADEMY,PRIMARY SCHOOL,PRIVATE,NYANZA,CENTRAL KISII,MOSOCHO,TOWNSHIP,KITUTU CHACHE,KISII,,-0.66,34.76
SUN VALLEY PREPARATORY,PRIMARY SCHOOL,PRIVATE,NYANZA,CENTRAL KISII,MOSOCHO,TOWNSHIP,KITUTU CHACHE,KISII,,-0.65,34.75
RIGOKO ACADEMY,PRIMARY SCHOOL,PRIVATE,NYANZA,CENTRAL KISII,SUNEKA,BOMORENDA,BONCHARI,KISII,,-0.67,34.7
EKIENDEGE PRI,PRIMARY SCHOOL,PRIVATE,NYANZA,CENTRAL KISII,SUNEKA,IYABE,BONCHARI,KISII,,-0.67,34.7
HADRIENNE MERCY PRIMARY,PRIMARY SCHOOL,PRIVATE,NYANZA,NYANDO,MIWANI,OMBEYI,MUHORONI,KISUMU,,-0.1,34.96
IGEMO ROYAL ACADEMY,PRIMARY SCHOOL,PRIVATE,NYANZA,CENTRAL KISII,MARANI,MWAGICHANA,KITUTU CHACHE,KISII,,-0.57,34.8
NYAMBUNWA ACADEMY,PRIMARY SCHOOL,PRIVATE,NYANZA,CENTRAL KISII,SUNEKA,IYABE,BONCHARI,KISII,,-0.67,34.7
EROGA ACADEMY,PRIMARY SCHOOL,PRIVATE,NYANZA,CENTRAL KISII,SUNEKA,IYABE,BONCHARI,KISII,,-0.67,34.7
SUNSHINE ACADEMY,PRIMARY SCHOOL,PRIVATE,NYANZA,CENTRAL KISII,SUNEKA,BOMORENDA,BONCHARI,KISII,,-0.68,34.7
NYAMAONDE BEEHIVE ACADEMY,PRIMARY SCHOOL,PRIVATE,NYANZA,CENTRAL KISII,SUNEKA,BOMORENDA,BONCHARI,KISII,,-0.68,34.71
ST. RUTH ACADEMY,PRIMARY SCHOOL,PRIVATE,NYANZA,CENTRAL KISII,MARANI,MWAGICHANA,KITUTU CHACHE,KISII,,-0.59,34.79
SUNEKA JOY ACADEMY,PRIMARY SCHOOL,PRIVATE,NYANZA,CENTRAL KISII,SUNEKA,BOMORENDA,BONCHARI,KISII,,-0.68,34.71
MARANI ACADEMY,PRIMARY SCHOOL,PRIVATE,NYANZA,CENTRAL KISII,MARANI,MWAGICHANA,KITUTU CHACHE,KISII,,-0.58,34.8
KITANI ACADEMY,PRIMARY SCHOOL,PRIVATE,NYANZA,NYAMIRA,NYAMIRA,BOSAMARO MASABA,WEST MUGIRANGO,NYAMIRA,,-0.65,34.96
RUBY KRAFT PRI SCH,PRIMARY SCHOOL,PRIVATE,NYANZA,RACHUONYO,EAST KARACHUONYO,NORTH KARACHUONYO,KARACHUONYO,HOMA BAY,,-0.4,34.67
AT. STEPHEN NYAKAMBA ACADEMY,PRIMARY SCHOOL,PRIVATE,NYANZA,CENTRAL KISII,MARANI,MWAGICHANA,KITUTU CHACHE,KISII,,-0.56,34.79
RM GUDKA MEMORIAL PRI,PRIMARY SCHOOL,PRIVATE,NYANZA,CENTRAL KISII,MOSOCHO,TOWNSHIP,KITUTU CHACHE,KISII,,-0.65,34.75
RAAH POPULAR ACADEMY,PRIMARY SCHOOL,PRIVATE,NYANZA,CENTRAL KISII,MARANI,MWAMONARI,KITUTU CHACHE,KISII,,-0.57,34.8
HILL PRIMARY,PRIMARY SCHOOL,PRIVATE,NYANZA,CENTRAL KISII,MOSOCHO,NYAKOE,KITUTU CHACHE,KISII,,-0.65,34.75
NYOTA ACADEMY PRI SCH,PRIMARY SCHOOL,PRIVATE,NYANZA,CENTRAL KISII,MARANI,MWAMONARI,KITUTU CHACHE,KISII,,-0.57,34.8
ST. PETERS KISII ACADEMY,PRIMARY SCHOOL,PRIVATE,NYANZA,CENTRAL KISII,SUNEKA,BOGIAKUMU,BONCHARI,KISII,,-0.66,34.72
JUNCTION ACADEMY,PRIMARY SCHOOL,PRIVATE,NYANZA,CENTRAL KISII,MOSOCHO,TOWNSHIP,KITUTU CHACHE,KISII,,-0.66,34.75
SOMBOGO ACADEMY,PRIMARY SCHOOL,PRIVATE,NYANZA,CENTRAL KISII,MARANI,MWAMONARI,KITUTU CHACHE,KISII,,-0.57,34.81
MWANGAZA ACADEMY,PRIMARY SCHOOL,PRIVATE,NYANZA,NYAMIRA,NYAMIRA,BOSAMARO MASABA,WEST MUGIRANGO,NYAMIRA,,-0.67,34.97
SET GREENHILL ACADEMY,PRIMARY SCHOOL,PRIVATE,NYANZA,CENTRAL KISII,MOSOCHO,TOWNSHIP,KITUTU CHACHE,KISII,,-0.67,34.79
ZANE ACADEMY,PRIMARY SCHOOL,PRIVATE,NYANZA,NYAMIRA,NYAMIRA,BOSAMARO MASABA,WEST MUGIRANGO,NYAMIRA,,-0.67,34.95
GREEN VALLEY PRI,PRIMARY SCHOOL,PRIVATE,NYANZA,CENTRAL KISII,MOSOCHO,TOWNSHIP,KITUTU CHACHE,KISII,,-0.67,34.79
MOSANYA ACADEMY,PRIMARY SCHOOL,PRIVATE,NYANZA,CENTRAL KISII,MARANI,MARANI,KITUTU CHACHE,KISII,,-0.58,34.8
MARIPAG ACADEMY,PRIMARY SCHOOL,PRIVATE,NYANZA,NYAMIRA,NYAMIRA,BOSAMARO CHACHE,WEST MUGIRANGO,NYAMIRA,,-0.66,34.98
SAKAGWA SCHOOL,PRIMARY SCHOOL,PRIVATE,NYANZA,CENTRAL KISII,MOSOCHO,TOWNSHIP,KITUTU CHACHE,KISII,,-0.68,34.78
TENYA ACADEMY,PRIMARY SCHOOL,PRIVATE,NYANZA,CENTRAL KISII,MARANI,MWAMONARI,KITUTU CHACHE,KISII,,-0.58,34.82
GENDIA ACA PRI SCH,PRIMARY SCHOOL,PRIVATE,NYANZA,RACHUONYO,EAST KARACHUONYO,NORTH KARACHUONYO,KARACHUONYO,HOMA BAY,,-0.38,34.65
REHEMA ACADEMY,PRIMARY SCHOOL,PRIVATE,NYANZA,CENTRAL KISII,KIOGORO,BOSONGO,NYARIBARI CHACHE,KISII,,-0.68,34.77
JOEMA EDUCATION CENTRE,PRIMARY SCHOOL,PRIVATE,NYANZA,CENTRAL KISII,MOSOCHO,TOWNSHIP,KITUTU CHACHE,KISII,,-0.66,34.78
NEW YORK MISSION PRI SCH,PRIMARY SCHOOL,PRIVATE,NYANZA,NYAMIRA,NYAMIRA,BOGICHORA,WEST MUGIRANGO,NYAMIRA,,-0.6,34.92
STAR JNR ACADEMY,PRIMARY SCHOOL,PRIVATE,NYANZA,CENTRAL KISII,MOSOCHO,TOWNSHIP,KITUTU CHACHE,KISII,,-0.66,34.77
YUVINALS ACADEMY,PRIMARY SCHOOL,PRIVATE,NYANZA,CENTRAL KISII,MOSOCHO,TOWNSHIP,KITUTU CHACHE,KISII,,-0.66,34.77
JOKEVILLA ACADEMY,PRIMARY SCHOOL,PRIVATE,NYANZA,CENTRAL KISII,MOSOCHO,TOWNSHIP,KITUTU CHACHE,KISII,,-0.66,34.76
VICTORY JNR ACADEMY,PRIMARY SCHOOL,PRIVATE,NYANZA,CENTRAL KISII,MOSOCHO,TOWNSHIP,KITUTU CHACHE,KISII,,-0.66,34.76
ST. MARYS NYAKOORA PRI,PRIMARY SCHOOL,PRIVATE,NYANZA,CENTRAL KISII,MARANI,KEGOGI,KITUTU CHACHE,KISII,,-0.53,34.83
LOMA ACADEMY,PRIMARY SCHOOL,PRIVATE,NYANZA,CENTRAL KISII,KIOGORO,BOSONGO,NYARIBARI CHACHE,KISII,,-0.7,34.78
GREENLIGHT ACADEMY,PRIMARY SCHOOL,PRIVATE,NYANZA,CENTRAL KISII,KIOGORO,BOSONGO,NYARIBARI CHACHE,KISII,,-0.69,34.78
TAMBACHA ACADEMY,PRIMARY SCHOOL,PRIVATE,NYANZA,CENTRAL KISII,MARANI,BOKINGOINA,KITUTU CHACHE,KISII,,-0.55,34.84
DAYSTAR ACADEMY,PRIMARY SCHOOL,PRIVATE,NYANZA,CENTRAL KISII,KIOGORO,BOSONGO,NYARIBARI CHACHE,KISII,,-0.68,34.78
ST. MARK ACADEMY,PRIMARY SCHOOL,PRIVATE,NYANZA,CENTRAL KISII,KIOGORO,BOSONGO,NYARIBARI CHACHE,KISII,,-0.68,34.78
BOKINGOINA PREPARATORY ACADEMY,PRIMARY SCHOOL,PRIVATE,NYANZA,CENTRAL KISII,MARANI,BOKINGOINA,KITUTU CHACHE,KISII,,-0.55,34.82
GESURURA MISSION ACADEMY,PRIMARY SCHOOL,PRIVATE,NYANZA,CENTRAL KISII,MARANI,NGENYI,KITUTU CHACHE,KISII,,-0.56,34.84
OMORAA FPFK ACADEMY,PRIMARY SCHOOL,PRIVATE,NYANZA,CENTRAL KISII,MARANI,BOKINGOINA,KITUTU CHACHE,KISII,,-0.54,34.84
CHACHE ACADEMY,PRIMARY SCHOOL,PRIVATE,NYANZA,CENTRAL KISII,MARANI,NGENYI,KITUTU CHACHE,KISII,,-0.55,34.85
NYANCHWA ELCK ACADEMY,PRIMARY SCHOOL,PRIVATE,NYANZA,CENTRAL KISII,SUNEKA,BOGIAKUMU,BONCHARI,KISII,,-0.69,34.75
ST. CAROLINE NYAMARE ORPHANAGE CENTRE,PRIMARY SCHOOL,PRIVATE,NYANZA,CENTRAL KISII,MARANI,NGENYI,KITUTU CHACHE,KISII,,-0.55,34.86
THAREYS ACADEMY,PRIMARY SCHOOL,PRIVATE,NYANZA,CENTRAL KISII,SUNEKA,BOGIAKUMU,BONCHARI,KISII,,-0.68,34.74
NYAKANDA WAKIFU PRI,PRIMARY SCHOOL,PRIVATE,NYANZA,CENTRAL KISII,MARANI,NGENYI,KITUTU CHACHE,KISII,,-0.54,34.87
KIARUTA PRI,PRIMARY SCHOOL,PRIVATE,NYANZA,CENTRAL KISII,SUNEKA,BOGIAKUMU,BONCHARI,KISII,,-0.65,34.73
ST. JOHNS NYAIGWA ACADEMY PRI,PRIMARY SCHOOL,PRIVATE,NYANZA,CENTRAL KISII,MARANI,NGENYI,KITUTU CHACHE,KISII,,-0.56,34.84
IMPERIAL PRIMARY,PRIMARY SCHOOL,PRIVATE,NYANZA,CENTRAL KISII,SUNEKA,BOGIAKUMU,BONCHARI,KISII,,-0.66,34.74
NYANGENA GREENVILLE ACADEMY,PRIMARY SCHOOL,PRIVATE,NYANZA,CENTRAL KISII,MOSOCHO,TOWNSHIP,KITUTU CHACHE,KISII,,-0.66,34.74
ADAMS PRI,PRIMARY SCHOOL,PRIVATE,NYANZA,CENTRAL KISII,MOSOCHO,TOWNSHIP,KITUTU CHACHE,KISII,,-0.66,34.75
UNITED EFFORTS ACADEMY,PRIMARY SCHOOL,PRIVATE,NYANZA,CENTRAL KISII,MARANI,NGENYI,KITUTU CHACHE,KISII,,-0.57,34.83
SIGONA MATONGO ACADEMY,PRIMARY SCHOOL,PRIVATE,NYANZA,CENTRAL KISII,MARANI,NGENYI,KITUTU CHACHE,KISII,,-0.57,34.82
AWASI HILLS VIEW ACADEMY,PRIMARY SCHOOL,PRIVATE,NYANZA,NYANDO,MIWANI,NYANG'OMA,MUHORONI,KISUMU,,-0.15,35.08
HAPPY KIDS PRI,PRIMARY SCHOOL,PRIVATE,NYANZA,NYANDO,MIWANI,NYANG'OMA,MUHORONI,KISUMU,,-0.11,35.12
SHINERS ACADEMY,PRIMARY SCHOOL,PRIVATE,NYANZA,NYANDO,UPPER NYAKACH,THURDIBUORO,NYAKACH,KISUMU,,-0.33,34.85
BENYA ACADEMY,PRIMARY SCHOOL,PRIVATE,NYANZA,NYAMIRA,MANGA,CENTRAL KITUTU,KITUTU MASABA,NYAMIRA,,-0.65,34.85
OMOSOCHO KINDERGARTEN PRI,PRIMARY SCHOOL,PRIVATE,NYANZA,NYAMIRA,MANGA,CENTRAL KITUTU,KITUTU MASABA,NYAMIRA,,-0.65,34.85
DANYA ACADEMY,PRIMARY SCHOOL,PRIVATE,NYANZA,NYAMIRA,MANGA,CENTRAL KITUTU,KITUTU MASABA,NYAMIRA,,-0.61,34.84
TRIPOD ADVANCED ACADEMY,PRIMARY SCHOOL,PRIVATE,NYANZA,NYAMIRA,MANGA,CENTRAL KITUTU,KITUTU MASABA,NYAMIRA,,-0.61,34.83
IGENAMONTO PAG PR,PRIMARY SCHOOL,PRIVATE,NYANZA,NYAMIRA,MANGA,KEMERA,KITUTU MASABA,NYAMIRA,,-0.64,34.82
UPPER HILL ACADEMY,PRIMARY SCHOOL,PRIVATE,NYANZA,NYAMIRA,MANGA,KEMERA,KITUTU MASABA,NYAMIRA,,-0.64,34.81
SUNEKA PREPARATORY,PRIMARY SCHOOL,PRIVATE,NYANZA,CENTRAL KISII,KIOGORO,KIOGORO,NYARIBARI CHACHE,KISII,,-0.71,34.75
EKENYORU ACADEMY,PRIMARY SCHOOL,PRIVATE,NYANZA,CENTRAL KISII,MANGA,KEMERA,KITUTU MASABA,NYAMIRA,,-0.68,34.81
FAITH KIENDEGE ACADEMY,PRIMARY SCHOOL,PRIVATE,NYANZA,NYAMIRA,MANGA,KEMERA,KITUTU MASABA,NYAMIRA,,-0.7,34.83
RIAMIRUKA ACADEMY,PRIMARY SCHOOL,PRIVATE,NYANZA,CENTRAL KISII,MANGA,KEMERA,KITUTU MASABA,NYAMIRA,,-0.69,34.81
KIOMAKONDU PREPARATORY,PRIMARY SCHOOL,PRIVATE,NYANZA,CENTRAL KISII,MANGA,KEMERA,KITUTU MASABA,NYAMIRA,,-0.68,34.82
HESHIMA ACADEMY,PRIMARY SCHOOL,PRIVATE,NYANZA,NYAMIRA,EKERENYO,EKERENYO,N.MUGIRANGO BORABU,NYAMIRA,,-0.51,35
SINAI ACADEMY,PRIMARY SCHOOL,PRIVATE,NYANZA,NYAMIRA,MANGA,KEMERA,KITUTU MASABA,NYAMIRA,,-0.69,34.86
CHARARA SUNSHINE ACADEMY,PRIMARY SCHOOL,PRIVATE,NYANZA,NYAMIRA,MANGA,KEMERA,KITUTU MASABA,NYAMIRA,,-0.7,34.86
EVALAND HEKIMA ACADEMY,PRIMARY SCHOOL,PRIVATE,NYANZA,NYAMIRA,EKERENYO,KIABONYORU,N.MUGIRANGO BORABU,NYAMIRA,,-0.56,34.97
JUPITER ACADEMY,PRIMARY SCHOOL,PRIVATE,NYANZA,CENTRAL KISII,KEUMBU,NYARIBARI KEUMBU,NYARIBARI CHACHE,KISII,,-0.74,34.89
BIRONGO MIXED ACADEMY,PRIMARY SCHOOL,PRIVATE,NYANZA,CENTRAL KISII,KEUMBU,NYARIBARI KEUMBU,NYARIBARI CHACHE,KISII,,-0.75,34.89
KING HASSAN ACADEMY,PRIMARY SCHOOL,PRIVATE,NYANZA,CENTRAL KISII,KEUMBU,NYARIBARI KEUMBU,NYARIBARI CHACHE,KISII,,-0.75,34.88
ST PETERS PREPARATORY ACADEMY,PRIMARY SCHOOL,PRIVATE,NYANZA,NYAMIRA,EKERENYO,KIABONYORU,N.MUGIRANGO BORABU,NYAMIRA,,-0.6,34.99
KEMERA CENTRAL ACADEMY,PRIMARY SCHOOL,PRIVATE,NYANZA,NYAMIRA,MANGA,KEMERA,KITUTU MASABA,NYAMIRA,,-0.66,34.84
KEGOGI SOMESA PRI,PRIMARY SCHOOL,PRIVATE,NYANZA,NYAMIRA,EKERENYO,KIABONYORU,N.MUGIRANGO BORABU,NYAMIRA,,-0.58,35
REJOY ACADEMY,PRIMARY SCHOOL,PRIVATE,NYANZA,CENTRAL KISII,KEUMBU,NYARIBARI KEUMBU,NYARIBARI CHACHE,KISII,,-0.75,34.88
GATEWAY ACADEMY,PRIMARY SCHOOL,PRIVATE,NYANZA,NYAMIRA,EKERENYO,KIABONYORU,N.MUGIRANGO BORABU,NYAMIRA,,-0.61,35
NYANSIRA TOP ACADEMY,PRIMARY SCHOOL,PRIVATE,NYANZA,CENTRAL KISII,KEUMBU,NYARIBARI KEUMBU,NYARIBARI CHACHE,KISII,,-0.76,34.91
ST. ANANIAS IRONDI ACADEMY,PRIMARY SCHOOL,PRIVATE,NYANZA,CENTRAL KISII,KEUMBU,NYARIBARI KEUMBU,NYARIBARI CHACHE,KISII,,-0.78,34.88
ST RUTH ACADEMY,PRIMARY SCHOOL,PRIVATE,NYANZA,NYAMIRA,EKERENYO,EKERENYO,N.MUGIRANGO BORABU,NYAMIRA,,-0.56,35.01
BELIAS ACADEMY,PRIMARY SCHOOL,PRIVATE,NYANZA,NYAMIRA,NYAMIRA,W. MUGIRANGO,WEST MUGIRANGO,NYAMIRA,,-0.52,34.91
NYANCHAMO ACADEMY,PRIMARY SCHOOL,PRIVATE,NYANZA,NYAMIRA,EKERENYO,ITIBO,N.MUGIRANGO BORABU,NYAMIRA,,-0.57,35.01
OKONGO ACADEMY,PRIMARY SCHOOL,PRIVATE,NYANZA,NYAMIRA,NYAMIRA,W. MUGIRANGO,WEST MUGIRANGO,NYAMIRA,,-0.52,34.92
ST JOHN'S OKONGO ACADEMY,PRIMARY SCHOOL,PRIVATE,NYANZA,NYAMIRA,NYAMAIYA,W. MUGIRANGO,WEST MUGIRANGO,NYAMIRA,,-0.52,34.92
PREMIER ACADEMY,PRIMARY SCHOOL,PRIVATE,NYANZA,NYAMIRA,EKERENYO,ITIBO,N.MUGIRANGO BORABU,NYAMIRA,,-0.53,35.02
NYANTURAGO SUNRISE ACADEMY,PRIMARY SCHOOL,PRIVATE,NYANZA,CENTRAL KISII,KEUMBU,IBENO,NYARIBARI CHACHE,KISII,,-0.78,34.86
EXODUS ACADEMY,PRIMARY SCHOOL,PRIVATE,NYANZA,CENTRAL KISII,KEUMBU,IBENO,NYARIBARI CHACHE,KISII,,-0.78,34.86
SHEPHERD JUNIOR ACADEMY,PRIMARY SCHOOL,PRIVATE,NYANZA,CENTRAL KISII,KEUMBU,IBENO,NYARIBARI CHACHE,KISII,,-0.78,34.86
BUSARA ACADEMY,PRIMARY SCHOOL,PRIVATE,NYANZA,NYAMIRA,EKERENYO,ITIBO,N.MUGIRANGO BORABU,NYAMIRA,,-0.56,34.98
GOOD HOPE ACADEMY,PRIMARY SCHOOL,PRIVATE,NYANZA,NYAMIRA,EKERENYO,KIABONYORU,N.MUGIRANGO BORABU,NYAMIRA,,-0.58,34.98
KAYABA PRI,PRIMARY SCHOOL,PRIVATE,NYANZA,NYAMIRA,EKERENYO,KIABONYORU,N.MUGIRANGO BORABU,NYAMIRA,,-0.56,34.97
AMOMBO HILL ACADEMY,PRIMARY SCHOOL,PRIVATE,NYANZA,CENTRAL KISII,KEUMBU,IBENO,NYARIBARI CHACHE,KISII,,-0.77,34.83
KEBIRIGO PAG ACADEMY,PRIMARY SCHOOL,PRIVATE,NYANZA,NYAMIRA,EKERENYO,KIABONYORU,N.MUGIRANGO BORABU,NYAMIRA,,-0.6,34.97
SENIOR HOPE ACADEMY,PRIMARY SCHOOL,PRIVATE,NYANZA,CENTRAL KISII,KEUMBU,IBENO,NYARIBARI CHACHE,KISII,,-0.77,34.84
RIOMBOGA EMMAUS ACADEMY,PRIMARY SCHOOL,PRIVATE,NYANZA,CENTRAL KISII,KEUMBU,IBENO,NYARIBARI CHACHE,KISII,,-0.76,34.82
MOONLIGHT ACADEMY,PRIMARY SCHOOL,PRIVATE,NYANZA,NYAMIRA,EKERENYO,KIABONYORU,N.MUGIRANGO BORABU,NYAMIRA,,-0.56,34.95
ST. JOHNS GESINGA NOBLE,PRIMARY SCHOOL,PRIVATE,NYANZA,CENTRAL KISII,KEUMBU,IBENO,NYARIBARI CHACHE,KISII,,-0.76,34.82
IKONGE ACADEMY,PRIMARY SCHOOL,PRIVATE,NYANZA,NYAMIRA,EKERENYO,KIABONYORU,N.MUGIRANGO BORABU,NYAMIRA,,-0.55,34.97
NEW HAVEN ROBERT GESONZO,PRIMARY SCHOOL,PRIVATE,NYANZA,CENTRAL KISII,SUNEKA,BOGIAKUMU,BONCHARI,KISII,,-0.66,34.73
GEMAS PRI,PRIMARY SCHOOL,PRIVATE,NYANZA,CENTRAL KISII,SUNEKA,BOGIAKUMU,BONCHARI,KISII,,-0.66,34.72
NYAMBUSI ACADEMY,PRIMARY SCHOOL,PRIVATE,NYANZA,CENTRAL KISII,MARANI,SENSI,KITUTU CHACHE,KISII,,-0.6,34.82
KENDU JNR ACA,PRIMARY SCHOOL,PRIVATE,NYANZA,RACHUONYO,EAST KARACHUONYO,NORTH KARACHUONYO,KARACHUONYO,HOMA BAY,,-0.36,34.65
ABC NOAH ACADEMY,PRIMARY SCHOOL,PRIVATE,NYANZA,CENTRAL KISII,SUNEKA,BOMORENDA,BONCHARI,KISII,,-0.72,34.72
KENDU BAY ACA PRI SCH,PRIMARY SCHOOL,PRIVATE,NYANZA,RACHUONYO,EAST KARACHUONYO,NORTH KARACHUONYO,KARACHUONYO,HOMA BAY,,-0.36,34.65
ST. DENNIS NYAINGIRI COMMUNITY CENTRE,PRIMARY SCHOOL,PRIVATE,NYANZA,CENTRAL KISII,SUNEKA,BOMORENDA,BONCHARI,KISII,,-0.71,34.72
MOSISITA ACADEMY PRI,PRIMARY SCHOOL,PRIVATE,NYANZA,CENTRAL KISII,SUNEKA,BOMORENDA,BONCHARI,KISII,,-0.7,34.72
LIGHT STARS SHG CENTRE,PRIMARY SCHOOL,PRIVATE,NYANZA,CENTRAL KISII,MARANI,SENSI,KITUTU CHACHE,KISII,,-0.6,34.81
MALEZI ACADEMY,PRIMARY SCHOOL,PRIVATE,NYANZA,NYANDO,UPPER NYAKACH,SOUTH NYAKACH,NYAKACH,KISUMU,,-0.36,34.94
BRILLIANT ACADEMY,PRIMARY SCHOOL,PRIVATE,NYANZA,CENTRAL KISII,SUNEKA,BOMORENDA,BONCHARI,KISII,,-0.69,34.72
NYANGEKOA ACADEMY,PRIMARY SCHOOL,PRIVATE,NYANZA,CENTRAL KISII,SUNEKA,BOMARIBA,BONCHARI,KISII,,-0.65,34.72
KISII EMBASI ACADEMY,PRIMARY SCHOOL,PRIVATE,NYANZA,CENTRAL KISII,MOSOCHO,NYAKOE,KITUTU CHACHE,KISII,,-0.63,34.75
ST. FRANCIS XAVIER ACADEMY,PRIMARY SCHOOL,PRIVATE,NYANZA,CENTRAL KISII,SUNEKA,BOMARIBA,BONCHARI,KISII,,-0.64,34.71
ST. RUTH ACADEMY,PRIMARY SCHOOL,PRIVATE,NYANZA,CENTRAL KISII,MOSOCHO,NYAKOE,KITUTU CHACHE,KISII,,-0.63,34.75
GENESIS JUNIOR SCH,PRIMARY SCHOOL,PRIVATE,NYANZA,NYANDO,UPPER NYAKACH,SIGOTI,NYAKACH,KISUMU,,-0.36,34.98
NYAKOE HIGHWAY PRI,PRIMARY SCHOOL,PRIVATE,NYANZA,CENTRAL KISII,MOSOCHO,NYAKOE,KITUTU CHACHE,KISII,,-0.62,34.75
REHEMA PREPARATORY,PRIMARY SCHOOL,PRIVATE,NYANZA,CENTRAL KISII,MOSOCHO,NYAKOE,KITUTU CHACHE,KISII,,-0.62,34.76
NYAKOE STARLIGHT ACADEMY,PRIMARY SCHOOL,PRIVATE,NYANZA,CENTRAL KISII,MOSOCHO,BOGEKA,KITUTU CHACHE,KISII,,-0.61,34.75
DANSAM PRI SCH,PRIMARY SCHOOL,PRIVATE,NYANZA,RACHUONYO,EAST KARACHUONYO,WANGCHIENG,KARACHUONYO,HOMA BAY,,-0.4,34.75
CHEMELIL ADVENTIST PRI,PRIMARY SCHOOL,PRIVATE,NYANZA,NYANDO,MUHORONI,CHEMELIL CHEMELIL,MUHORONI,KISUMU,,-0.08,35.14
GESONI PRI,PRIMARY SCHOOL,PRIVATE,NYANZA,CENTRAL KISII,MOSOCHO,BOGEKA,KITUTU CHACHE,KISII,,-0.6,34.76
CHEMELIL SUGAR SCH,PRIMARY SCHOOL,PRIVATE,NYANZA,NYANDO,MUHORONI,CHEMELIL,MUHORONI,KISUMU,,-0.07,35.13
ROYALA MIXED ACADEMY,PRIMARY SCHOOL,PRIVATE,NYANZA,CENTRAL KISII,MOSOCHO,BOGEKA,KITUTU CHACHE,KISII,,-0.6,34.74
ST. ANGELA'S PREP SCH,PRIMARY SCHOOL,PRIVATE,NYANZA,CENTRAL KISII,MOSOCHO,BOGUSERO SOUTH,KITUTU CHACHE,KISII,,-0.59,34.74
PRISQUILLA ACADEMY,PRIMARY SCHOOL,PRIVATE,NYANZA,CENTRAL KISII,SUNEKA,RIANA,BONCHARI,KISII,,-0.62,34.66
ST GABRIEL ACADEMY,PRIMARY SCHOOL,PRIVATE,NYANZA,NYANDO,MUHORONI,TAMU,MUHORONI,KISUMU,,-0.05,35.21
KIDESIS PREP SCH,PRIMARY SCHOOL,PRIVATE,NYANZA,CENTRAL KISII,MOSOCHO,BOGEKA,KITUTU CHACHE,KISII,,-0.59,34.74
ST. PETERS RIANA PRI,PRIMARY SCHOOL,PRIVATE,NYANZA,CENTRAL KISII,SUNEKA,RIANA,BONCHARI,KISII,,-0.65,34.66
PRECIOUS BLOOD ACADEMY,PRIMARY SCHOOL,PRIVATE,NYANZA,CENTRAL KISII,MOSOCHO,BOGEKA,KITUTU CHACHE,KISII,,-0.59,34.73
KISERO ACADEMY,PRIMARY SCHOOL,PRIVATE,NYANZA,CENTRAL KISII,MOSOCHO,BOGEKA,KITUTU CHACHE,KISII,,-0.56,34.74
SARAH BEST ACADEMY,PRIMARY SCHOOL,PRIVATE,NYANZA,RACHUONYO,EAST KARACHUONYO,WANGCHIENG,KARACHUONYO,HOMA BAY,,-0.35,34.75
EXCELLENCE ACADEMY,PRIMARY SCHOOL,PRIVATE,NYANZA,CENTRAL KISII,SUNEKA,RIANA,BONCHARI,KISII,,-0.67,34.66
KAMWALA BLESSED ACADEMY PRI,PRIMARY SCHOOL,PRIVATE,NYANZA,RACHUONYO,EAST KARACHUONYO,WANGCHIENG,KARACHUONYO,HOMA BAY,,-0.35,34.76
NYANG'AI FLATS MIXED ACADEMY,PRIMARY SCHOOL,PRIVATE,NYANZA,CENTRAL KISII,MOSOCHO,BOGUSERO NORTH,KITUTU CHACHE,KISII,,-0.58,34.72
MOSOCHO PRI,PRIMARY SCHOOL,PRIVATE,NYANZA,CENTRAL KISII,MOSOCHO,BOGUSERO NORTH,KITUTU CHACHE,KISII,,-0.58,34.72
PRECIOUS HOPE ACADEMY,PRIMARY SCHOOL,PRIVATE,NYANZA,CENTRAL KISII,SUNEKA,IYABE,BONCHARI,KISII,,-0.69,34.66
ST. AUGUSTINE ACADEMY,PRIMARY SCHOOL,PRIVATE,NYANZA,CENTRAL KISII,MOSOCHO,BOGUSERO SOUTH,KITUTU CHACHE,KISII,,-0.6,34.71
LASCO ACADEMY,PRIMARY SCHOOL,PRIVATE,NYANZA,RACHUONYO,EAST KARACHUONYO,KOBUYA,KARACHUONYO,HOMA BAY,,-0.35,34.79
IKENYE STEPPING STONE ACADEMY,PRIMARY SCHOOL,PRIVATE,NYANZA,CENTRAL KISII,MOSOCHO,BOGUSERO SOUTH,KITUTU CHACHE,KISII,,-0.61,34.72
ST THOMAS SCHOOL,PRIMARY SCHOOL,PRIVATE,NYANZA,NYAMIRA,EKERENYO,ITIBO,N.MUGIRANGO BORABU,NYAMIRA,,-0.59,35.02
ST. ANGELOS GLORY PREPATORY,PRIMARY SCHOOL,PRIVATE,NYANZA,CENTRAL KISII,KEUMBU,NYARIBARI KEUMBU,NYARIBARI CHACHE,KISII,,-0.74,34.83
BUMBATA ACADEMY,PRIMARY SCHOOL,PRIVATE,NYANZA,NYAMIRA,EKERENYO,KIABONYORU,N.MUGIRANGO BORABU,NYAMIRA,,-0.61,35.03
MARION ACADEMY,PRIMARY SCHOOL,PRIVATE,NYANZA,CENTRAL KISII,KEUMBU,NYARIBARI KEUMBU,NYARIBARI CHACHE,KISII,,-0.74,34.85
JOYLAND ACADEMY,PRIMARY SCHOOL,PRIVATE,NYANZA,NYAMIRA,EKERENYO,KIABONYORU,N.MUGIRANGO BORABU,NYAMIRA,,-0.61,35.03
KERUYA ACADEMY,PRIMARY SCHOOL,PRIVATE,NYANZA,CENTRAL KISII,KEUMBU,NYARIBARI KEUMBU,NYARIBARI CHACHE,KISII,,-0.74,34.85
NYASATA ACADEMY,PRIMARY SCHOOL,PRIVATE,NYANZA,CENTRAL KISII,SUNEKA,IYABE,BONCHARI,KISII,,-0.69,34.66
OBWARI ACADEMY PRI,PRIMARY SCHOOL,PRIVATE,NYANZA,NYAMIRA,EKERENYO,EKERENYO,N.MUGIRANGO BORABU,NYAMIRA,,-0.51,34.98
GISURURA JOYRIDE ACADEMY,PRIMARY SCHOOL,PRIVATE,NYANZA,NYAMIRA,NYAMIRA,W. MUGIRANGO,WEST MUGIRANGO,NYAMIRA,,-0.49,34.91
RIACHOGOO ACADEMY,PRIMARY SCHOOL,PRIVATE,NYANZA,NYAMIRA,NYAMIRA,BOSAMARO CHACHE,WEST MUGIRANGO,NYAMIRA,,-0.6,34.91
AMASON EKERUBO ACADEMY,PRIMARY SCHOOL,PRIVATE,NYANZA,NYAMIRA,NYAMIRA,BOSAMARO CHACHE,WEST MUGIRANGO,NYAMIRA,,-0.59,34.91
UPPERHILL DAYSTAR JNR ACADEMY,PRIMARY SCHOOL,PRIVATE,NYANZA,MIGORI,SUBA EAST,UPPER SUNA,MIGORI,MIGORI,,-1.12,34.62
TINGA FURAHA PRI,PRIMARY SCHOOL,PRIVATE,NYANZA,NYAMIRA,NYAMIRA,BOSAMARO CHACHE,WEST MUGIRANGO,NYAMIRA,,-0.61,34.89
OGANGO SIBORA ACADEMY,PRIMARY SCHOOL,PRIVATE,NYANZA,NYAMIRA,NYAMAIYA,W. MUGIRANGO,WEST MUGIRANGO,NYAMIRA,,-0.52,34.89
XAVERIAN ACADEMY,PRIMARY SCHOOL,PRIVATE,NYANZA,MIGORI,SUBA EAST,UPPER SUNA,MIGORI,MIGORI,,-1.11,34.62
TRUPHENA ACADEMY,PRIMARY SCHOOL,PRIVATE,NYANZA,NYAMIRA,NYAMIRA,BOSAMARO CHACHE,WEST MUGIRANGO,NYAMIRA,,-0.64,34.91
DANSAN ACADEMY,PRIMARY SCHOOL,PRIVATE,NYANZA,MIGORI,SUBA EAST,SUNA RABUOR,MIGORI,MIGORI,,-1.08,34.59
JOYLAND CHRISTIAN ACADEMY,PRIMARY SCHOOL,PRIVATE,NYANZA,MIGORI,SUBA EAST,SUNA RABUOR,MIGORI,MIGORI,,-1.08,34.59
WUOK CHIENG,PRIMARY SCHOOL,PRIVATE,NYANZA,MIGORI,SUBA EAST,GOD JOPE,MIGORI,MIGORI,,-1.05,34.54
NYANDEMA ACADEMY,PRIMARY SCHOOL,PRIVATE,NYANZA,NYAMIRA,NYAMIRA,BOSAMARO CHACHE,WEST MUGIRANGO,NYAMIRA,,-0.65,34.94
NYADIMO MWEMA PRI,PRIMARY SCHOOL,PRIVATE,NYANZA,NYAMIRA,NYAMAIYA,W. MUGIRANGO,WEST MUGIRANGO,NYAMIRA,,-0.48,34.91
NYASORE MWEMA ACADEMY,PRIMARY SCHOOL,PRIVATE,NYANZA,NYAMIRA,NYAMIRA,W. MUGIRANGO,WEST MUGIRANGO,NYAMIRA,,-0.48,34.91
OMULINA ACADEMY,PRIMARY SCHOOL,PRIVATE,NYANZA,MIGORI,SUBA EAST,NORTH SUNA,MIGORI,MIGORI,,-1.02,34.46
RIAMABANA ACADEMY,PRIMARY SCHOOL,PRIVATE,NYANZA,NYAMIRA,NYAMIRA,BOSAMARO CHACHE,WEST MUGIRANGO,NYAMIRA,,-0.63,34.92
MWANAMBIRI JUNIOR ACADEMY,PRIMARY SCHOOL,PRIVATE,NYANZA,MIGORI,SUBA EAST,NORTH SUNA,MIGORI,MIGORI,,-1.01,34.44
EMBOGA UPENDO PRI,PRIMARY SCHOOL,PRIVATE,NYANZA,NYAMIRA,NYAMAIYA,KEERA,WEST MUGIRANGO,NYAMIRA,,-0.54,34.88
ST. FROBAS BARAKA ACADEMY,PRIMARY SCHOOL,PRIVATE,NYANZA,MIGORI,SUBA EAST,NORTH SUNA,MIGORI,MIGORI,,-1.06,34.47
ST.MATHEW ACADEMY,PRIMARY SCHOOL,PRIVATE,NYANZA,NYAMIRA,NYAMIRA,BONYAMATUTA CHA,WEST MUGIRANGO,NYAMIRA,,-0.56,34.93
LUTHERAN JUNIOUR ACADEMY,PRIMARY SCHOOL,PRIVATE,NYANZA,NYAMIRA,NYAMIRA,BONYAMATUTA CHA,WEST MUGIRANGO,NYAMIRA,,-0.55,34.93
EUNJOY ACADEMY,PRIMARY SCHOOL,PRIVATE,NYANZA,NYAMIRA,NYAMIRA,BONYAMATUTA CHA,WEST MUGIRANGO,NYAMIRA,,-0.55,34.92
ST ANNES PRI,PRIMARY SCHOOL,PRIVATE,NYANZA,NYAMIRA,NYAMAIYA,KEERA,WEST MUGIRANGO,NYAMIRA,,-0.58,34.88
NYANKONGO PRI,PRIMARY SCHOOL,PRIVATE,NYANZA,NYAMIRA,NYAMAIYA,KEERA,WEST MUGIRANGO,NYAMIRA,,-0.57,34.88
MBOROGO MIXED ACADEMY,PRIMARY SCHOOL,PRIVATE,NYANZA,NYAMIRA,NYAMIRA,KEERA,WEST MUGIRANGO,NYAMIRA,,-0.56,34.89
MILIMANI ACADEMY,PRIMARY SCHOOL,PRIVATE,NYANZA,NYAMIRA,NYAMAIYA,KEERA,WEST MUGIRANGO,NYAMIRA,,-0.58,34.89
MAKAMBU ACADEMY,PRIMARY SCHOOL,PRIVATE,NYANZA,NYAMIRA,EKERENYO,ITIBO,WEST MUGIRANGO,NYAMIRA,,-0.53,34.99
FILTER ACADEMY,PRIMARY SCHOOL,PRIVATE,NYANZA,NYAMIRA,EKERENYO,OBWARI,N.MUGIRANGO BORABU,NYAMIRA,,-0.49,34.98
ST. ANN'S JUNIOR SCH - PRI,PRIMARY SCHOOL,PRIVATE,NAIROBI,NAIROBI,WESTLANDS,HIGHRIDGE,WESTLANDS,NAIROBI,,-1.25,36.81
AGA KHAN JUNIOR ACADEMY,PRIMARY SCHOOL,PRIVATE,NAIROBI,NAIROBI,WESTLANDS,HIGHRIDGE,WESTLANDS,NAIROBI,,-1.26,36.82
BRIGHT MAUA SCHOOL PRI,PRIMARY SCHOOL,PRIVATE,NAIROBI,NAIROBI,EMBAKASI,UMOJA,EMBAKASI,NAIROBI,,-1.28,36.9
OSHWAL ACADEMY NAIROBI - PRI,PRIMARY SCHOOL,PRIVATE,NAIROBI,NAIROBI,WESTLANDS,HIGHRIDGE,WESTLANDS,NAIROBI,,-1.26,36.81
OSHWAL ACADEMY NAIROBI - SPECIAL UNIT,PRIMARY SCHOOL,PRIVATE,NAIROBI,NAIROBI,WESTLANDS,HIGHRIDGE,WESTLANDS,NAIROBI,,-1.26,36.81
INNERCORE DAY CARE,PRIMARY SCHOOL,PRIVATE,NAIROBI,NAIROBI,EMBAKASI,UMOJA,EMBAKASI,NAIROBI,,-1.28,36.9
KINYANGO DANDORA SCH,PRIMARY SCHOOL,PRIVATE,NAIROBI,NAIROBI,EMBAKASI,DANDORA,EMBAKASI,NAIROBI,,-1.24,36.91
KESTREL MANOR PRI SCH,PRIMARY SCHOOL,PRIVATE,NAIROBI,NAIROBI,WESTLANDS,PARKLANDS,WESTLANDS,NAIROBI,,-1.25,36.81
DANDORA IV PREPARATORY SCH,PRIMARY SCHOOL,PRIVATE,NAIROBI,NAIROBI,EMBAKASI,DANDORA,EMBAKASI,NAIROBI,,-1.24,36.91
BENUM EDUCATION CENTRE - PRI,PRIMARY SCHOOL,PRIVATE,NAIROBI,NAIROBI,DAGORETTI,RIRUTA,DAGORETTI,NAIROBI,,-1.3,36.74
CITY DAY ACADEMY PRI,PRIMARY SCHOOL,PRIVATE,NAIROBI,NAIROBI,EMBAKASI,DANDORA,EMBAKASI,NAIROBI,,-1.24,36.91
NGANDO PREP SCH PRI,PRIMARY SCHOOL,PRIVATE,NAIROBI,NAIROBI,DAGORETTI,RIRUTA,DAGORETTI,NAIROBI,,-1.3,36.73
JOSANA DAY ACADEMY,PRIMARY SCHOOL,PRIVATE,NAIROBI,NAIROBI,EMBAKASI,DANDORA,EMBAKASI,NAIROBI,,-1.24,36.9
RIRUTA DELIVERANCE CHURCH  ACADEMY,PRIMARY SCHOOL,PRIVATE,NAIROBI,NAIROBI,DAGORETTI,KAWANGWARE,DAGORETTI,NAIROBI,,-1.29,36.75
WAMA JUNIOR SCH,PRIMARY SCHOOL,PRIVATE,NAIROBI,NAIROBI,EMBAKASI,DANDORA,EMBAKASI,NAIROBI,,-1.24,36.9
WHITE COTTEGE SCHOOL -PRI,PRIMARY SCHOOL,PRIVATE,NAIROBI,NAIROBI,WESTLANDS,PARKLANDS,WESTLANDS,NAIROBI,,-1.26,36.8
HUDUMA SCHOOL - PRI,PRIMARY SCHOOL,PRIVATE,NAIROBI,NAIROBI,DAGORETTI,KAWANGWARE,DAGORETTI,NAIROBI,,-1.29,36.75
GLOWLAND DAY SCH,PRIMARY SCHOOL,PRIVATE,NAIROBI,NAIROBI,EMBAKASI,DANDORA,EMBAKASI,NAIROBI,,-1.24,36.9
KIANDA SCH - PRI,PRIMARY SCHOOL,PRIVATE,NAIROBI,NAIROBI,WESTLANDS,LAVINGTON,WESTLANDS,NAIROBI,,-1.26,36.76
MADARAKA COMMUNITY SCHOOL  - PRI,PRIMARY SCHOOL,PRIVATE,NAIROBI,NAIROBI,DAGORETTI,KAWANGWARE,WESTLANDS,NAIROBI,,-1.28,36.75
UCHUMI ADY ACADEMY,PRIMARY SCHOOL,PRIVATE,NAIROBI,NAIROBI,EMBAKASI,DANDORA,EMBAKASI,NAIROBI,,-1.24,36.9
UNIVERSAL PRIMARY,PRIMARY SCHOOL,PRIVATE,NAIROBI,NAIROBI,WESTLANDS,KITISURU,WESTLANDS,NAIROBI,,-1.26,36.74
DANDORA PARISH PRIMARY,PRIMARY SCHOOL,PRIVATE,NAIROBI,NAIROBI,EMBAKASI,DANDORA,EMBAKASI,NAIROBI,,-1.24,36.9
MARANATHA ACADEMY - PRI,PRIMARY SCHOOL,PRIVATE,NAIROBI,NAIROBI,DAGORETTI,KAWANGWARE,DAGORETTI,NAIROBI,,-1.28,36.75
JEMERODGE JUNIOR ACADEMY PRI SCH,PRIMARY SCHOOL,PRIVATE,NAIROBI,NAIROBI,EMBAKASI,DANDORA,EMBAKASI,NAIROBI,,-1.24,36.9
ACK ST. JOHNS SCH -PRI,PRIMARY SCHOOL,PRIVATE,NAIROBI,NAIROBI,WESTLANDS,KANGEMI,WESTLANDS,NAIROBI,,-1.26,36.75
IMPERIAL JUNIOR SCH DANDORA,PRIMARY SCHOOL,PRIVATE,NAIROBI,NAIROBI,EMBAKASI,DANDORA,EMBAKASI,NAIROBI,,-1.24,36.9
RENS JNR ACADEMY - PRI,PRIMARY SCHOOL,PRIVATE,NAIROBI,NAIROBI,DAGORETTI,KAWANGWARE,DAGORETTI,NAIROBI,,-1.28,36.75
LUCKY KID ACDEMY - PRI,PRIMARY SCHOOL,PRIVATE,NAIROBI,NAIROBI,WESTLANDS,KANGEMI,KASARANI,NAIROBI,,-1.26,36.75
ST EMMA ACADEMY,PRIMARY SCHOOL,PRIVATE,NAIROBI,NAIROBI,EMBAKASI,DANDORA,EMBAKASI,NAIROBI,,-1.24,36.9
LIGHT CHRISTIAN ACADEMY - PRI,PRIMARY SCHOOL,PRIVATE,NAIROBI,NAIROBI,DAGORETTI,KAWANGWARE,DAGORETTI,NAIROBI,,-1.27,36.76
JOY SHIRU PRI SCH,PRIMARY SCHOOL,PRIVATE,NAIROBI,NAIROBI,WESTLANDS,KANGEMI,WESTLANDS,NAIROBI,,-1.27,36.75
MOYO ACADEMY,PRIMARY SCHOOL,PRIVATE,NAIROBI,NAIROBI,EMBAKASI,DANDORA,EMBAKASI,NAIROBI,,-1.24,36.9
ST CHARLES LWANGA PRI SCH,PRIMARY SCHOOL,PRIVATE,NAIROBI,NAIROBI,KIBERA,MUGUMOINI,LANGATA,NAIROBI,,-1.32,36.78
NAIROBI LANGUAGE - PRI,PRIMARY SCHOOL,PRIVATE,NAIROBI,NAIROBI,DAGORETTI,KAWANGWARE,DAGORETTI,NAIROBI,,-1.28,36.74
GRACE HARVEST ACADEMY - PRI,PRIMARY SCHOOL,PRIVATE,NAIROBI,NAIROBI,WESTLANDS,KANGEMI,WESTLANDS,NAIROBI,,-1.27,36.75
DANDORA BAPTIST ACADEMY,PRIMARY SCHOOL,PRIVATE,NAIROBI,NAIROBI,EMBAKASI,DANDORA,EMBAKASI,NAIROBI,,-1.24,36.9
DANA ACADEMY PE PRIMARY,PRIMARY SCHOOL,PRIVATE,NAIROBI,NAIROBI,KIBERA,SERA NGOMBE,LANGATA,NAIROBI,,-1.31,36.77
UPAKO CENTRE - PRI SCH,PRIMARY SCHOOL,PRIVATE,NAIROBI,NAIROBI,DAGORETTI,KAWANGWARE,DAGORETTI,NAIROBI,,-1.28,36.74
ANAJALI PRI SCH,PRIMARY SCHOOL,PRIVATE,NAIROBI,NAIROBI,KIBERA,MUGUMOINI,LANGATA,NAIROBI,,-1.32,36.78
MWALIMU PRI SCH,PRIMARY SCHOOL,PRIVATE,NAIROBI,NAIROBI,WESTLANDS,KANGEMI,WESTLANDS,NAIROBI,,-1.27,36.75
DANDORA JUNIOR SCH,PRIMARY SCHOOL,PRIVATE,NAIROBI,NAIROBI,EMBAKASI,DANDORA,EMBAKASI,NAIROBI,,-1.24,36.91
SWEET ANGELS PREPARATORY PRI,PRIMARY SCHOOL,PRIVATE,NAIROBI,NAIROBI,WESTLANDS,KITISURU,WESTLANDS,NAIROBI,,-1.26,36.74
BENSESA ACADEMY - PRI,PRIMARY SCHOOL,PRIVATE,NAIROBI,NAIROBI,DAGORETTI,RIRUTA,DAGORETTI,NAIROBI,,-1.28,36.73
ST CATHERINE COMM CENTER PRI SCH,PRIMARY SCHOOL,PRIVATE,NAIROBI,NAIROBI,KIBERA,MUGUMOINI,LANGATA,NAIROBI,,-1.32,36.78
SWEET VALLEY PRI SCH,PRIMARY SCHOOL,PRIVATE,NAIROBI,NAIROBI,KIBERA,SERA NGOMBE,LANGATA,NAIROBI,,-1.3,36.78
ST. VERONICA COMMUNITY CENTRE- PRI,PRIMARY SCHOOL,PRIVATE,NAIROBI,NAIROBI,EMBAKASI,UMOJA,EMBAKASI,NAIROBI,,-1.28,36.91
JABULANII CENTRE PRI,PRIMARY SCHOOL,PRIVATE,NAIROBI,NAIROBI,DAGORETTI,WAITHAKA,DAGORETTI,NAIROBI,,-1.28,36.72
SAFAITH CENTRE PRIMARY SCHOOL,PRIMARY SCHOOL,PRIVATE,NAIROBI,NAIROBI,STAREHE,KARIOKOR,STAREHE,NAIROBI,,-1.27,36.84
AKIBA SCHOOL - PRI,PRIMARY SCHOOL,PRIVATE,NAIROBI,NAIROBI,WESTLANDS,KANGEMI,WESTLANDS,NAIROBI,,-1.27,36.75
NPC BURUBURU PRIMARY  SCHOOL,PRIMARY SCHOOL,PRIVATE,NAIROBI,NAIROBI,MAKADARA,MAKADARA,MAKADARA,NAIROBI,,-1.29,36.88
SUNRISE OF AFRICA SCH -PRI,PRIMARY SCHOOL,PRIVATE,NAIROBI,NAIROBI,DAGORETTI,WAITHAKA,DAGORETTI,NAIROBI,,-1.28,36.72
TENDERLINGS PRI SCH,PRIMARY SCHOOL,PRIVATE,NAIROBI,NAIROBI,KIBERA,SERA NGOMBE,LANGATA,NAIROBI,,-1.31,36.78
MISSIONARIES OF CHARITY BROTHERS PRI SCH,PRIMARY SCHOOL,PRIVATE,NAIROBI,NAIROBI,KIBERA,SERA NGOMBE,LANGATA,NAIROBI,,-1.31,36.77
JOVIAL ACADEMY PRI,PRIMARY SCHOOL,PRIVATE,NAIROBI,NAIROBI,EMBAKASI,UMOJA,EMBAKASI,NAIROBI,,-1.28,36.91
ST ANTONY HAPPY DAY CENTRE,PRIMARY SCHOOL,PRIVATE,NAIROBI,NAIROBI,EMBAKASI,DANDORA,EMBAKASI,NAIROBI,,-1.24,36.91
PELIDA SCHOOL - PRI,PRIMARY SCHOOL,PRIVATE,NAIROBI,NAIROBI,DAGORETTI,WAITHAKA,DAGORETTI,NAIROBI,,-1.27,36.72
GRANDMAK PRIMARY,PRIMARY SCHOOL,PRIVATE,NAIROBI,NAIROBI,EMBAKASI,EMBAKASI,EMBAKASI,NAIROBI,,-1.28,36.95
ALIMUS LEARNFIELD ACADEMY,PRIMARY SCHOOL,PRIVATE,NAIROBI,NAIROBI,MAKADARA,MAKADARA,MAKADARA,NAIROBI,,-1.29,36.87
JAMII ACADEMY PRI,PRIMARY SCHOOL,PRIVATE,NAIROBI,NAIROBI,KIBERA,SERA NGOMBE,LANGATA,NAIROBI,,-1.31,36.78
HAPPY KIDS PRI SCH,PRIMARY SCHOOL,PRIVATE,NAIROBI,NAIROBI,KIBERA,SERA NGOMBE,LANGATA,NAIROBI,,-1.31,36.78
TRYSTAR ACADEMY PRI,PRIMARY SCHOOL,PRIVATE,NAIROBI,NAIROBI,EMBAKASI,DANDORA,EMBAKASI,NAIROBI,,-1.24,36.91
CREATIVE BEST CARE JNR ACADEMY,PRIMARY SCHOOL,PRIVATE,NAIROBI,NAIROBI,DAGORETTI,UTHIRU/RUTHIMITU,DAGORETTI,NAIROBI,,-1.26,36.72
SOWETO REVELATION ACADEMY- PRI,PRIMARY SCHOOL,PRIVATE,NAIROBI,NAIROBI,EMBAKASI,UMOJA,EMBAKASI,NAIROBI,,-1.28,36.91
SKYVIEW PRI. SCH,PRIMARY SCHOOL,PRIVATE,NAIROBI,NAIROBI,KIBERA,SERA NGOMBE,LANGATA,NAIROBI,,-1.31,36.78
STEWARD DAY CARE CENTRE,PRIMARY SCHOOL,PRIVATE,NAIROBI,NAIROBI,EMBAKASI,DANDORA,EMBAKASI,NAIROBI,,-1.25,36.9
DALUZA PRI SCH,PRIMARY SCHOOL,PRIVATE,NAIROBI,NAIROBI,KIBERA,SERA NGOMBE,LANGATA,NAIROBI,,-1.31,36.78
UTHIRU GENESIS SCH - PRI,PRIMARY SCHOOL,PRIVATE,NAIROBI,NAIROBI,DAGORETTI,UTHIRU/RUTHIMITU,DAGORETTI,NAIROBI,,-1.26,36.71
JOYSPRING ED CENTER- PRI. SCH,PRIMARY SCHOOL,PRIVATE,NAIROBI,NAIROBI,KIBERA,OLYMPIC,LANGATA,NAIROBI,,-1.31,36.77
SEED JUNIOR ACADEMY PRI,PRIMARY SCHOOL,PRIVATE,NAIROBI,NAIROBI,KIBERA,MUGUMOINI,LANGATA,NAIROBI,,-1.32,36.78
ST BRIGID'S PRI SCH,PRIMARY SCHOOL,PRIVATE,NAIROBI,NAIROBI,STAREHE,KARIOKOR,STAREHE,NAIROBI,,-1.28,36.84
PROMISE DAY SCH,PRIMARY SCHOOL,PRIVATE,NAIROBI,NAIROBI,EMBAKASI,DANDORA,EMBAKASI,NAIROBI,,-1.25,36.9
ALMONDLAND SCH. PRI,PRIMARY SCHOOL,PRIVATE,NAIROBI,NAIROBI,DAGORETTI,UTHIRU/RUTHIMITU,DAGORETTI,NAIROBI,,-1.26,36.71
KOMAROCK ROAD PRI SCH,PRIMARY SCHOOL,PRIVATE,NAIROBI,NAIROBI,EMBAKASI,DANDORA,EMBAKASI,NAIROBI,,-1.25,36.9
KARIAKOR METHODIST CHURCH PRI SCH,PRIMARY SCHOOL,PRIVATE,NAIROBI,NAIROBI,STAREHE,KARIOKOR,STAREHE,NAIROBI,,-1.27,36.84
CHRISTIAN HOPE NET ST CATHERINE PRI.,PRIMARY SCHOOL,PRIVATE,NAIROBI,NAIROBI,KIBERA,LANGATA,LANGATA,NAIROBI,,-1.31,36.77
HOYWICK ACADEMY PRI,PRIMARY SCHOOL,PRIVATE,NAIROBI,NAIROBI,KIBERA,MUGUMOINI,LANGATA,NAIROBI,,-1.32,36.78
KIURU MSINGI BORA -PRI,PRIMARY SCHOOL,PRIVATE,NAIROBI,NAIROBI,DAGORETTI,UTHIRU/RUTHIMITU,DAGORETTI,NAIROBI,,-1.26,36.7
HAPPY TOT'S ACADEMY PRI SCH,PRIMARY SCHOOL,PRIVATE,NAIROBI,NAIROBI,STAREHE,KARIOKOR,STAREHE,NAIROBI,,-1.27,36.84
SOWETO ACADEMY  - PRI,PRIMARY SCHOOL,PRIVATE,NAIROBI,NAIROBI,KIBERA,LANGATA,LANGATA,NAIROBI,,-1.31,36.77
BETHSAIDA ACADEMY PRI,PRIMARY SCHOOL,PRIVATE,NAIROBI,NAIROBI,KIBERA,MUGUMOINI,LANGATA,NAIROBI,,-1.32,36.78
TINY STEPS SCHOOL - PRI,PRIMARY SCHOOL,PRIVATE,NAIROBI,NAIROBI,DAGORETTI,WAITHAKA,DAGORETTI,NAIROBI,,-1.28,36.71
BAIM MISSION CENTRE-PRI,PRIMARY SCHOOL,PRIVATE,NAIROBI,NAIROBI,EMBAKASI,KAYOLE,EMBAKASI,NAIROBI,,-1.28,36.92
PLAIN VIEW EDUCATIONAL POINT - PRI,PRIMARY SCHOOL,PRIVATE,NAIROBI,NAIROBI,MAKADARA,MUKURU NYAYO,MAKADARA,NAIROBI,,-1.32,36.84
SODA ACADEMY- PRI SCH,PRIMARY SCHOOL,PRIVATE,NAIROBI,NAIROBI,KIBERA,SERA NGOMBE,LANGATA,NAIROBI,,-1.31,36.75
LIFESPRING CHRISTIAN ACADMY PRI,PRIMARY SCHOOL,PRIVATE,NAIROBI,NAIROBI,KIBERA,MUGUMOINI,LANGATA,NAIROBI,,-1.31,36.79
ST. PHILLIPS LEARNING CENTRE - PRI,PRIMARY SCHOOL,PRIVATE,NAIROBI,NAIROBI,DAGORETTI,WAITHAKA,DAGORETTI,NAIROBI,,-1.28,36.71
REV OSAKAISE PRECIOUS CENTRE & SCH - PRI,PRIMARY SCHOOL,PRIVATE,NAIROBI,NAIROBI,WESTLANDS,KANGEMI,WESTLANDS,NAIROBI,,-1.27,36.74
HIGHWAY EDUCATIONAL COMPLEX - PRI,PRIMARY SCHOOL,PRIVATE,NAIROBI,NAIROBI,MAKADARA,MUKURU NYAYO,MAKADARA,NAIROBI,,-1.32,36.84
NEW DIRECTION PRI SCH,PRIMARY SCHOOL,PRIVATE,NAIROBI,NAIROBI,KIBERA,SERA NGOMBE,LANGATA,NAIROBI,,-1.31,36.78
WHITE STAR ACADEMY PRI,PRIMARY SCHOOL,PRIVATE,NAIROBI,NAIROBI,KIBERA,MUGUMOINI,LANGATA,NAIROBI,,-1.32,36.8
SUNFLOWER ACADEMY (PRI) SCH,PRIMARY SCHOOL,PRIVATE,NAIROBI,NAIROBI,STAREHE,HURUMA,STAREHE,NAIROBI,,-1.25,36.88
MAGOSO PRIMARY,PRIMARY SCHOOL,PRIVATE,NAIROBI,NAIROBI,KIBERA,LAINI SABA,LANGATA,NAIROBI,,-1.31,36.79
EMMANUEL CHURCH ACADEMY - PRI,PRIMARY SCHOOL,PRIVATE,NAIROBI,NAIROBI,DAGORETTI,KAWANGWARE,DAGORETTI,NAIROBI,,-1.29,36.75
MARIAKANI CHRISTIAN CENTRE - PRI,PRIMARY SCHOOL,PRIVATE,NAIROBI,NAIROBI,MAKADARA,MUKURU NYAYO,MAKADARA,NAIROBI,,-1.31,36.83
ST. JULIETS EDUCATION CENTRE PRI SCH.,PRIMARY SCHOOL,PRIVATE,NAIROBI,NAIROBI,KIBERA,KIBERA,LANGATA,NAIROBI,,-1.31,36.78
JUDITA ACADEMY  PRI,PRIMARY SCHOOL,PRIVATE,NAIROBI,NAIROBI,EMBAKASI,UMOJA,EMBAKASI,NAIROBI,,-1.28,36.88
ARYA VEDIC PRI SCH,PRIMARY SCHOOL,PRIVATE,NAIROBI,NAIROBI,STAREHE,NGARA,STAREHE,NAIROBI,,-1.27,36.82
FLORENCE ACADEMY- PRI,PRIMARY SCHOOL,PRIVATE,NAIROBI,NAIROBI,KIBERA,SERA NGOMBE,LANGATA,NAIROBI,,-1.31,36.78
THAYU PRI SCH,PRIMARY SCHOOL,PRIVATE,NAIROBI,NAIROBI,STAREHE,HURUMA,STAREHE,NAIROBI,,-1.25,36.87
QUEEN OF ANGLES ACADEMY - PRI,PRIMARY SCHOOL,PRIVATE,NAIROBI,NAIROBI,DAGORETTI,KAWANGWARE,DAGORETTI,NAIROBI,,-1.29,36.75
SOUTH B BAPTIST - PRI,PRIMARY SCHOOL,PRIVATE,NAIROBI,NAIROBI,MAKADARA,MUKURU NYAYO,MAKADARA,NAIROBI,,-1.31,36.84
ANTIOCH ACADEMY PRI SCH.,PRIMARY SCHOOL,PRIVATE,NAIROBI,NAIROBI,KIBERA,KIBERA,LANGATA,NAIROBI,,-1.31,36.78
MITUMBA PRI SCH,PRIMARY SCHOOL,PRIVATE,NAIROBI,NAIROBI,KIBERA,NAIROBI WEST,LANGATA,NAIROBI,,-1.32,36.82
YOUNG TREES ACADEMY,PRIMARY SCHOOL,PRIVATE,NAIROBI,NAIROBI,STAREHE,HURUMA,STAREHE,NAIROBI,,-1.25,36.87
REDROSE ACADEMY,PRIMARY SCHOOL,PRIVATE,NAIROBI,NAIROBI,KIBERA,SERA NGOMBE,LANGATA,NAIROBI,,-1.31,36.78
ROYAL STEP ACADEMY PRI,PRIMARY SCHOOL,PRIVATE,NAIROBI,NAIROBI,DAGORETTI,KAWANGWARE,DAGORETTI,NAIROBI,,-1.28,36.75
ST. JOSEPHS PRI SCH,PRIMARY SCHOOL,PRIVATE,NAIROBI,NAIROBI,WESTLANDS,KANGEMI,WESTLANDS,NAIROBI,,-1.27,36.74
BRINE ACADEMY - PRI,PRIMARY SCHOOL,PRIVATE,NAIROBI,NAIROBI,MAKADARA,MUKURU NYAYO,MAKADARA,NAIROBI,,-1.31,36.84
DOSABI BLESSED CENTRE PRI SCH.,PRIMARY SCHOOL,PRIVATE,NAIROBI,NAIROBI,DAGORETTI,RIRUTA,DAGORETTI,NAIROBI,,-1.29,36.73
REM SCH PRI,PRIMARY SCHOOL,PRIVATE,NAIROBI,NAIROBI,KIBERA,NAIROBI WEST,LANGATA,NAIROBI,,-1.33,36.82
KAWANGWARE METHODIST CHURCH ACADEMY - PRI,PRIMARY SCHOOL,PRIVATE,NAIROBI,NAIROBI,DAGORETTI,KAWANGWARE,DAGORETTI,NAIROBI,,-1.28,36.75
FACODEP CENTRE & SCHOOL -  PRI,PRIMARY SCHOOL,PRIVATE,NAIROBI,NAIROBI,WESTLANDS,KANGEMI,WESTLANDS,NAIROBI,,-1.27,36.74
AMANI NEIGHBOURHOOD WATCH FOR ORPHANS (PRI),PRIMARY SCHOOL,PRIVATE,NAIROBI,NAIROBI,STAREHE,HURUMA,STAREHE,NAIROBI,,-1.26,36.88
KENYA ADONAIMASTERS & SERVANTS OF CHILDREN- PRI,PRIMARY SCHOOL,PRIVATE,NAIROBI,NAIROBI,KIBERA,SERA NGOMBE,LANGATA,NAIROBI,,-1.31,36.78
UPENDO RESCUE CENTRE - PRI,PRIMARY SCHOOL,PRIVATE,NAIROBI,NAIROBI,MAKADARA,MUKURU NYAYO,MAKADARA,NAIROBI,,-1.31,36.84
SAOMI ACADEMY PRI,PRIMARY SCHOOL,PRIVATE,NAIROBI,NAIROBI,KIBERA,NAIROBI WEST,LANGATA,NAIROBI,,-1.33,36.82
TWINSTAR JUNIOR ACADEMY (PRI),PRIMARY SCHOOL,PRIVATE,NAIROBI,NAIROBI,STAREHE,HURUMA,STAREHE,NAIROBI,,-1.26,36.88
GLADWAY COMMUNITY CENTRE PRI SCH.,PRIMARY SCHOOL,PRIVATE,NAIROBI,NAIROBI,DAGORETTI,KAWANGWARE,DAGORETTI,NAIROBI,,-1.29,36.75
BRIGHTSTAR SCHOOLS - PRI,PRIMARY SCHOOL,PRIVATE,NAIROBI,NAIROBI,MAKADARA,MUKURU NYAYO,MAKADARA,NAIROBI,,-1.3,36.84
CROSSROAD ACADEMY  - PRI,PRIMARY SCHOOL,PRIVATE,NAIROBI,NAIROBI,DAGORETTI,KAWANGWARE,DAGORETTI,NAIROBI,,-1.28,36.75
MERCIFUL REDEEMER HOME ACADEMY PRI,PRIMARY SCHOOL,PRIVATE,NAIROBI,NAIROBI,KIBERA,NAIROBI WEST,LANGATA,NAIROBI,,-1.33,36.82
ST VERONICA'S JUNIOR SCH - PRI,PRIMARY SCHOOL,PRIVATE,NAIROBI,NAIROBI,MAKADARA,FUATANYAYO,MAKADARA,NAIROBI,,-1.31,36.84
BIBLE BAPTIST PRIMARY SCH,PRIMARY SCHOOL,PRIVATE,NAIROBI,NAIROBI,DAGORETTI,KAWANGWARE,DAGORETTI,NAIROBI,,-1.28,36.75
CHAMREC CHILDRENS CENTER PRI,PRIMARY SCHOOL,PRIVATE,NAIROBI,NAIROBI,KIBERA,NAIROBI WEST,LANGATA,NAIROBI,,-1.33,36.82
TUNZA CHILDREN CENTRE-PRI SCH,PRIMARY SCHOOL,PRIVATE,NAIROBI,NAIROBI,KIBERA,SERA NGOMBE,LANGATA,NAIROBI,,-1.31,36.78
KARIOBANGI PRI SCH,PRIMARY SCHOOL,PRIVATE,NAIROBI,NAIROBI,STAREHE,HURUMA,STAREHE,NAIROBI,,-1.26,36.88
MUSANDA HOLY GHOST CHURCH SCH - PRI,PRIMARY SCHOOL,PRIVATE,NAIROBI,NAIROBI,DAGORETTI,KAWANGWARE,DAGORETTI,NAIROBI,,-1.28,36.75
WHITE STAR ACADEMY- HIGHRISE PRI,PRIMARY SCHOOL,PRIVATE,NAIROBI,NAIROBI,KIBERA,LAINI SABA,LANGATA,NAIROBI,,-1.31,36.8
FAITH JNR ACADEMY - PRI,PRIMARY SCHOOL,PRIVATE,NAIROBI,NAIROBI,DAGORETTI,KAWANGWARE,DAGORETTI,NAIROBI,,-1.28,36.74
GLARDWAY COMMUNITY PRI SCH.,PRIMARY SCHOOL,PRIVATE,NAIROBI,NAIROBI,DAGORETTI,KAWANGWARE,DAGORETTI,NAIROBI,,-1.28,36.74
RFC CENTER PRI SCH,PRIMARY SCHOOL,PRIVATE,NAIROBI,NAIROBI,KIBERA,SERA NGOMBE,LANGATA,NAIROBI,,-1.31,36.78
CHILDREN ANGLES OF GOD ACADEMY PRI,PRIMARY SCHOOL,PRIVATE,NAIROBI,NAIROBI,DAGORETTI,KAWANGWARE,DAGORETTI,NAIROBI,,-1.28,36.76
LISA CROWE COMMUNITY PRI SCH,PRIMARY SCHOOL,PRIVATE,NAIROBI,NAIROBI,DAGORETTI,RIRUTA,DAGORETTI,NAIROBI,,-1.29,36.73
KAG MATHARE CHILD DEVELOPMENT CENTRE,PRIMARY SCHOOL,PRIVATE,NAIROBI,NAIROBI,STAREHE,HURUMA,STAREHE,NAIROBI,,-1.26,36.88
ST. FRANSIS OF ASIS ACADEMY - PRI,PRIMARY SCHOOL,PRIVATE,NAIROBI,NAIROBI,DAGORETTI,KAWANGWARE,DAGORETTI,NAIROBI,,-1.28,36.75
BABADOGO CATHOLIC PRI SCH,PRIMARY SCHOOL,PRIVATE,NAIROBI,NAIROBI,KASARANI,KARIOBANGI,KASARANI,NAIROBI,,-1.24,36.88
BIDII SELF HELP PRI SCH,PRIMARY SCHOOL,PRIVATE,NAIROBI,NAIROBI,WESTLANDS,KANGEMI,WESTLANDS,NAIROBI,,-1.27,36.75
GURU NANAK PRI SCH,PRIMARY SCHOOL,PRIVATE,NAIROBI,NAIROBI,STAREHE,KARIOKOR,STAREHE,NAIROBI,,-1.27,36.84
OLYMPIC ACADEMY- PRI SCH,PRIMARY SCHOOL,PRIVATE,NAIROBI,NAIROBI,KIBERA,SERA NGOMBE,LANGATA,NAIROBI,,-1.31,36.78
ABUNDANT JUNIOR CARE CENTRE PRI SCH.,PRIMARY SCHOOL,PRIVATE,NAIROBI,NAIROBI,DAGORETTI,RIRUTA,DAGORETTI,NAIROBI,,-1.29,36.73
DAGORETTI CORNER CHILD CARE PROG.  PRI  SCH,PRIMARY SCHOOL,PRIVATE,NAIROBI,NAIROBI,DAGORETTI,RIRUTA,DAGORETTI,NAIROBI,,-1.3,36.75
SPRIGOH PRI SCH,PRIMARY SCHOOL,PRIVATE,NAIROBI,NAIROBI,WESTLANDS,KANGEMI,WESTLANDS,NAIROBI,,-1.27,36.75
JUJA ROAD ESTATE PRI SCH,PRIMARY SCHOOL,PRIVATE,NAIROBI,NAIROBI,STAREHE,KARIOKOR,STAREHE,NAIROBI,,-1.27,36.84
SPURGEONS ACADEMY,PRIMARY SCHOOL,PRIVATE,NAIROBI,NAIROBI,KIBERA,SARANGOMBE,LANGATA,NAIROBI,,-1.31,36.78
COMMUNITY TRUSTED CARE PRI SCH.,PRIMARY SCHOOL,PRIVATE,NAIROBI,NAIROBI,STAREHE,HURUMA,STAREHE,NAIROBI,,-1.25,36.87
AMAF ACADEMY PRI,PRIMARY SCHOOL,PRIVATE,NAIROBI,NAIROBI,DAGORETTI,RIRUTA,DAGORETTI,NAIROBI,,-1.29,36.74
ELIMU PRI SCH,PRIMARY SCHOOL,PRIVATE,NAIROBI,NAIROBI,KASARANI,KARIOBANGI,KASARANI,NAIROBI,,-1.24,36.89
LUCY SHAMIR JUNIOR SCH - PRI,PRIMARY SCHOOL,PRIVATE,NAIROBI,NAIROBI,KASARANI,KARIOBANGI,KASARANI,NAIROBI,,-1.24,36.9
SEWDISH SCHOOL,PRIMARY SCHOOL,PRIVATE,NAIROBI,NAIROBI,WESTLANDS,LAVINGTON,DAGORETTI,NAIROBI,,-1.3,36.77
CAREVAS SCHOOL,PRIMARY SCHOOL,PRIVATE,NAIROBI,NAIROBI,WESTLANDS,KANGEMI,WESTLANDS,NAIROBI,,-1.26,36.75
JEREMIC ADVENTIST PRI. SCH.,PRIMARY SCHOOL,PRIVATE,NAIROBI,NAIROBI,KIBERA,SERA NGOMBE,LANGATA,NAIROBI,,-1.31,36.78
WONDERLAND INTERGRATED SCH - PRI,PRIMARY SCHOOL,PRIVATE,NAIROBI,NAIROBI,KASARANI,GITHURAI,KASARANI,NAIROBI,,-1.2,36.9
MOTHERS JOY CENTRE,PRIMARY SCHOOL,PRIVATE,NAIROBI,NAIROBI,STAREHE,HURUMA,STAREHE,NAIROBI,,-1.26,36.87
HARVEST CHILDREN PRI SCH,PRIMARY SCHOOL,PRIVATE,NAIROBI,NAIROBI,PUMWANI,EASTLEIGH NORTH,KAMUKUNJI,NAIROBI,,-1.26,36.84
ASTON JUNIOR ACADEMY PRI,PRIMARY SCHOOL,PRIVATE,NAIROBI,NAIROBI,KASARANI,KARIOBANGI,KASARANI,NAIROBI,,-1.23,36.9
KISCE PRI SCH,PRIMARY SCHOOL,PRIVATE,NAIROBI,NAIROBI,KIBERA,SERA NGOMBE,LANGATA,NAIROBI,,-1.31,36.78
ROSSLYN ACADEMY (PRI),PRIMARY SCHOOL,PRIVATE,NAIROBI,NAIROBI,WESTLANDS,HIGHRIDGE,WESTLANDS,NAIROBI,,-1.22,36.81
GRAMO JOY PRI SCH,PRIMARY SCHOOL,PRIVATE,NAIROBI,NAIROBI,EMBAKASI,MUKURU KWA NJENGA,EMBAKASI,NAIROBI,,-1.32,36.89
RED PETALS JUNIOR SCH,PRIMARY SCHOOL,PRIVATE,NAIROBI,NAIROBI,KASARANI,GITHURAI,KASARANI,NAIROBI,,-1.2,36.91
GOODSTART JUNIOR SCH PRI,PRIMARY SCHOOL,PRIVATE,NAIROBI,NAIROBI,STAREHE,HURUMA,STAREHE,NAIROBI,,-1.26,36.88
HIS IMPERIAL MAJESTY PRIMARY SCH,PRIMARY SCHOOL,PRIVATE,NAIROBI,NAIROBI,KIBERA,SERA NGOMBE,LANGATA,NAIROBI,,-1.31,36.78
LITTLE ANJELS JUNIOR ACADEMY,PRIMARY SCHOOL,PRIVATE,NAIROBI,NAIROBI,KASARANI,KAHAWA,KASARANI,NAIROBI,,-1.19,36.91
POTTER HOUSE PRI SCH,PRIMARY SCHOOL,PRIVATE,NAIROBI,NAIROBI,WESTLANDS,HIGHRIDGE,WESTLANDS,NAIROBI,,-1.21,36.82
EXCEL CHILDRENS CENTRE - PRI,PRIMARY SCHOOL,PRIVATE,NAIROBI,NAIROBI,WESTLANDS,KANGEMI,WESTLANDS,NAIROBI,,-1.26,36.75
BURU BURU COMMUNITY CENTRE PRI SCH,PRIMARY SCHOOL,PRIVATE,NAIROBI,NAIROBI,MAKADARA,MAKADARA,MAKADARA,NAIROBI,,-1.29,36.88
ST. FLORENCEN ACADEMY PRI,PRIMARY SCHOOL,PRIVATE,NAIROBI,NAIROBI,KASARANI,GITHURAI,KASARANI,NAIROBI,,-1.2,36.9
NAZARENE SELF HELP PRI SCH,PRIMARY SCHOOL,PRIVATE,NAIROBI,NAIROBI,KIBERA,SERA NGOMBE,LANGATA,NAIROBI,,-1.31,36.78
JUJEN ACADEMY PRI,PRIMARY SCHOOL,PRIVATE,NAIROBI,NAIROBI,KASARANI,KAHAWA,KASARANI,NAIROBI,,-1.19,36.91
EVANGEL PRI SCH,PRIMARY SCHOOL,PRIVATE,NAIROBI,NAIROBI,KASARANI,KARIOBANGI,KASARANI,NAIROBI,,-1.24,36.9
KIRAGU WAICHAHI PRI SCH,PRIMARY SCHOOL,PRIVATE,NAIROBI,NAIROBI,PUMWANI,EASTLEIGH SOUTH,KAMUKUNJI,NAIROBI,,-1.28,36.87
HUMP DEV CENTER PRI SCH,PRIMARY SCHOOL,PRIVATE,NAIROBI,NAIROBI,KASARANI,KARIOBANGI,KASARANI,NAIROBI,,-1.24,36.89
LITTLE BELLS PRI SCH,PRIMARY SCHOOL,PRIVATE,NAIROBI,NAIROBI,MAKADARA,VIWANDA,MAKADARA,NAIROBI,,-1.31,36.86
WHITE ROSES ACADEMY PRI SCH,PRIMARY SCHOOL,PRIVATE,NAIROBI,NAIROBI,KASARANI,GITHURAI,KASARANI,NAIROBI,,-1.2,36.9
HOLY TRINITY CHURCH PRI. SCH,PRIMARY SCHOOL,PRIVATE,NAIROBI,NAIROBI,KIBERA,KIBERA,LANGATA,NAIROBI,,-1.3,36.78
JOLLY CHILDRENS CENTER PRI,PRIMARY SCHOOL,PRIVATE,NAIROBI,NAIROBI,KASARANI,KAHAWA,KASARANI,NAIROBI,,-1.18,36.91
TRUE LIGHT ACADEMY PRI SCH,PRIMARY SCHOOL,PRIVATE,NAIROBI,NAIROBI,KASARANI,KAHAWA,KASARANI,NAIROBI,,-1.18,36.9
TIBA JUNIOR ACADEMY PRI,PRIMARY SCHOOL,PRIVATE,NAIROBI,NAIROBI,KASARANI,KARIOBANGI,KASARANI,NAIROBI,,-1.24,36.89
JOYBELLLS ACADEMY PRI,PRIMARY SCHOOL,PRIVATE,NAIROBI,NAIROBI,PUMWANI,EASTLEIGH SOUTH,WESTLANDS,NAIROBI,,-1.28,36.87
TOTOS ACADEMY -PRI,PRIMARY SCHOOL,PRIVATE,NAIROBI,NAIROBI,KASARANI,GITHURAI,KASARANI,NAIROBI,,-1.2,36.9
RIVERSIDE MEMORIAL SCHOOL - PRI,PRIMARY SCHOOL,PRIVATE,NAIROBI,NAIROBI,WESTLANDS,KANGEMI,WESTLANDS,NAIROBI,,-1.27,36.76
OPTIMISTIC ED CENTER PRI SCH.,PRIMARY SCHOOL,PRIVATE,NAIROBI,NAIROBI,KIBERA,KIBERA,LANGATA,NAIROBI,,-1.31,36.78
PESAKA SCHOOL PRI,PRIMARY SCHOOL,PRIVATE,NAIROBI,NAIROBI,KASARANI,KAHAWA,KASARANI,NAIROBI,,-1.18,36.91
BENRAY JUNIOR ACADEMY,PRIMARY SCHOOL,PRIVATE,NAIROBI,NAIROBI,KASARANI,KARIOBANGI,KASARANI,NAIROBI,,-1.24,36.89
KAG JUNIOR ACADEMY,PRIMARY SCHOOL,PRIVATE,NAIROBI,NAIROBI,KASARANI,GITHURAI,KASARANI,NAIROBI,,-1.19,36.9
JOMICO LEARNING CENTRE PRI SCH,PRIMARY SCHOOL,PRIVATE,NAIROBI,NAIROBI,KASARANI,KAHAWA,KASARANI,NAIROBI,,-1.23,36.93
RESTORATION ACADEMY- PRI.,PRIMARY SCHOOL,PRIVATE,NAIROBI,NAIROBI,KIBERA,KIBERA,LANGATA,NAIROBI,,-1.3,36.78
GARDEN OF HOPE PRI,PRIMARY SCHOOL,PRIVATE,NAIROBI,NAIROBI,PUMWANI,EASTLEIGH SOUTH,WESTLANDS,NAIROBI,,-1.28,36.87
STEP BY STEP JUNIOR SCH,PRIMARY SCHOOL,PRIVATE,NAIROBI,NAIROBI,KASARANI,KAHAWA,KASARANI,NAIROBI,,-1.18,36.9
OMEGA DEV GROUP PRI SCH,PRIMARY SCHOOL,PRIVATE,NAIROBI,NAIROBI,KASARANI,KARIOBANGI,KASARANI,NAIROBI,,-1.24,36.89
READINGLAND SCH - PRI,PRIMARY SCHOOL,PRIVATE,NAIROBI,NAIROBI,KASARANI,GITHURAI,KASARANI,NAIROBI,,-1.19,36.9
HOPE EDUCATIONAL CENTRE PRI SCH,PRIMARY SCHOOL,PRIVATE,NAIROBI,NAIROBI,KASARANI,ROYSAMBU,KASARANI,NAIROBI,,-1.2,36.87
BISHOP KITONGA ACADEMY HURUMA PRI SCH,PRIMARY SCHOOL,PRIVATE,NAIROBI,NAIROBI,STAREHE,HURUMA,STAREHE,NAIROBI,,-1.26,36.87
MKOMBOZI CENTER PRI SCH,PRIMARY SCHOOL,PRIVATE,NAIROBI,NAIROBI,PUMWANI,EASTLEIGH SOUTH,KAMUKUNJI,NAIROBI,,-1.27,36.87
JESUS EMBASSY ACADEMY PRI SCH,PRIMARY SCHOOL,PRIVATE,NAIROBI,NAIROBI,KASARANI,KAHAWA,KASARANI,NAIROBI,,-1.18,36.9
RIZIKI DAY CARE- PRI,PRIMARY SCHOOL,PRIVATE,NAIROBI,NAIROBI,KIBERA,KIBERA,LANGATA,NAIROBI,,-1.3,36.78
ANANDA MARGA PRI SCH,PRIMARY SCHOOL,PRIVATE,NAIROBI,NAIROBI,WESTLANDS,KANGEMI,WESTLANDS,NAIROBI,,-1.27,36.75
ALLIANT JUNIOR ACADEMY,PRIMARY SCHOOL,PRIVATE,NAIROBI,NAIROBI,STAREHE,HURUMA,STAREHE,NAIROBI,,-1.26,36.87
ACTS PREP SCH &ED CENTER PRI SCH,PRIMARY SCHOOL,PRIVATE,NAIROBI,NAIROBI,KASARANI,KARIOBANGI,KASARANI,NAIROBI,,-1.24,36.89
ST JOSEPH RESOURCE CENTRE PRI SCH,PRIMARY SCHOOL,PRIVATE,NAIROBI,NAIROBI,KASARANI,KASARANI,KASARANI,NAIROBI,,-1.22,36.93
TUBBIES ACADEMY PRI,PRIMARY SCHOOL,PRIVATE,NAIROBI,NAIROBI,KASARANI,KAHAWA,KASARANI,NAIROBI,,-1.18,36.91
SLUCANO ACE ACADEMY PRI,PRIMARY SCHOOL,PRIVATE,NAIROBI,NAIROBI,PUMWANI,EASTLEIGH SOUTH,WESTLANDS,NAIROBI,,-1.27,36.87
GREEN ANGELS ACADEMY - PRI,PRIMARY SCHOOL,PRIVATE,NAIROBI,NAIROBI,KASARANI,GITHURAI,KASARANI,NAIROBI,,-1.19,36.9
LITTLE PRINCE PRI SCH.,PRIMARY SCHOOL,PRIVATE,NAIROBI,NAIROBI,KIBERA,KIBERA,LANGATA,NAIROBI,,-1.31,36.78
PARENT BENEFICIARY PRI SCH,PRIMARY SCHOOL,PRIVATE,NAIROBI,NAIROBI,KASARANI,KOROGOCHO,KASARANI,NAIROBI,,-1.25,36.89
GRACIOUS GLORY CENTER PRI,PRIMARY SCHOOL,PRIVATE,NAIROBI,NAIROBI,KASARANI,GITHURAI,KASARANI,NAIROBI,,-1.19,36.91
PCEA RUARAKA KASARANI CHODONG PRI SCH,PRIMARY SCHOOL,PRIVATE,NAIROBI,NAIROBI,KASARANI,KARIOBANGI,KASARANI,NAIROBI,,-1.24,36.89
GOOD HOPE ACADEMY,PRIMARY SCHOOL,PRIVATE,NAIROBI,NAIROBI,STAREHE,HURUMA,STAREHE,NAIROBI,,-1.26,36.87
GREEN PASTURES PRI. SCH,PRIMARY SCHOOL,PRIVATE,NAIROBI,NAIROBI,KIBERA,KIBERA,LANGATA,NAIROBI,,-1.31,36.78
SALEM ED CENTER PRI,PRIMARY SCHOOL,PRIVATE,NAIROBI,NAIROBI,PUMWANI,EASTLEIGH SOUTH,KAMUKUNJI,NAIROBI,,-1.27,36.87
TINY TOTS ACADEMY - PRI,PRIMARY SCHOOL,PRIVATE,NAIROBI,NAIROBI,KASARANI,GITHURAI,KASARANI,NAIROBI,,-1.2,36.9
WILLIAMS JUNIOR PREPARATORY SCHOOL,PRIMARY SCHOOL,PRIVATE,NAIROBI,NAIROBI,KASARANI,GITHURAI,KASARANI,NAIROBI,,-1.19,36.9
GREAT HOPE NETWORK PRI SCH,PRIMARY SCHOOL,PRIVATE,NAIROBI,NAIROBI,KASARANI,KOROGOCHO,KASARANI,NAIROBI,,-1.25,36.89
FURAHA PREPARATORY ACADEMY,PRIMARY SCHOOL,PRIVATE,NAIROBI,NAIROBI,STAREHE,HURUMA,STAREHE,NAIROBI,,-1.26,36.87
MSAMARIA YOUTH CENTER PRI SCH,PRIMARY SCHOOL,PRIVATE,NAIROBI,NAIROBI,PUMWANI,EASTLEIGH SOUTH,KAMUKUNJI,NAIROBI,,-1.27,36.87
CONSOLATA  SCHOOL - PRI,PRIMARY SCHOOL,PRIVATE,NAIROBI,NAIROBI,WESTLANDS,LAVINGTON,WESTLANDS,NAIROBI,,-1.27,36.8
CHARRIOTS ACADEMY - PRI,PRIMARY SCHOOL,PRIVATE,NAIROBI,NAIROBI,KASARANI,GITHURAI,KASARANI,NAIROBI,,-1.2,36.91
MARCES PRI SCHOOL,PRIMARY SCHOOL,PRIVATE,NAIROBI,NAIROBI,KASARANI,GITHURAI,KASARANI,NAIROBI,,-1.2,36.91
CHITEGEMEE PRI  SCH,PRIMARY SCHOOL,PRIVATE,NAIROBI,NAIROBI,KASARANI,KOROGOCHO,KASARANI,NAIROBI,,-1.24,36.9
FANAKA CHILD COUNSELLING CENTER PRI SCH,PRIMARY SCHOOL,PRIVATE,NAIROBI,NAIROBI,PUMWANI,EASTLEIGH SOUTH,DAGORETTI,NAIROBI,,-1.27,36.87
ELJOY CHILDRENS CENTRE (PRI),PRIMARY SCHOOL,PRIVATE,NAIROBI,NAIROBI,STAREHE,HURUMA,STAREHE,NAIROBI,,-1.26,36.87
DE ANN ACADEMY PRI,PRIMARY SCHOOL,PRIVATE,NAIROBI,NAIROBI,KASARANI,KARIOBANGI,KASARANI,NAIROBI,,-1.24,36.89
ST JULIUS PRIMARY SCH,PRIMARY SCHOOL,PRIVATE,NAIROBI,NAIROBI,KIBERA,KIBERA,LANGATA,NAIROBI,,-1.31,36.78
ST. MARTINS PRI SCH,PRIMARY SCHOOL,PRIVATE,NAIROBI,NAIROBI,WESTLANDS,KITISURU,WESTLANDS,NAIROBI,,-1.26,36.76
ROBINS ACADEMY PRI,PRIMARY SCHOOL,PRIVATE,NAIROBI,NAIROBI,KASARANI,GITHURAI,KASARANI,NAIROBI,,-1.2,36.91
ST STEPHENS VB ORPHANS AND EDUCATIONAL CENTRE PRI,PRIMARY SCHOOL,PRIVATE,NAIROBI,NAIROBI,KASARANI,KOROGOCHO,KASARANI,NAIROBI,,-1.25,36.89
VALLEYSPRING ACADEMY PRI,PRIMARY SCHOOL,PRIVATE,NAIROBI,NAIROBI,KASARANI,GITHURAI,KASARANI,NAIROBI,,-1.2,36.91
LIFELINE CENTER SCH PRI,PRIMARY SCHOOL,PRIVATE,NAIROBI,NAIROBI,PUMWANI,EASTLEIGH SOUTH,KAMUKUNJI,NAIROBI,,-1.28,36.87
STARA KICAK RESCUE CENTER & PRI SCH,PRIMARY SCHOOL,PRIVATE,NAIROBI,NAIROBI,KIBERA,KIBERA,LANGATA,NAIROBI,,-1.31,36.79
EASTLANDS COMPLEX EDU CENTRE (PRI),PRIMARY SCHOOL,PRIVATE,NAIROBI,NAIROBI,STAREHE,HURUMA,STAREHE,NAIROBI,,-1.26,36.87
EMMAUS ED CENTER PRI,PRIMARY SCHOOL,PRIVATE,NAIROBI,NAIROBI,KASARANI,KARIOBANGI,KASARANI,NAIROBI,,-1.24,36.9
FAITH LEARNING CENTER PRI,PRIMARY SCHOOL,PRIVATE,NAIROBI,NAIROBI,KASARANI,GITHURAI,KASARANI,NAIROBI,,-1.2,36.91
GRACIOUS KIDIO JUNIOR SCH (PRI),PRIMARY SCHOOL,PRIVATE,NAIROBI,NAIROBI,STAREHE,HURUMA,STAREHE,NAIROBI,,-1.26,36.86
WINSTONE ACADEMY PRI,PRIMARY SCHOOL,PRIVATE,NAIROBI,NAIROBI,PUMWANI,EASTLEIGH SOUTH,WESTLANDS,NAIROBI,,-1.28,36.87
TREETOP LEARNING CENTRE PRI,PRIMARY SCHOOL,PRIVATE,NAIROBI,NAIROBI,KASARANI,GITHURAI,KASARANI,NAIROBI,,-1.2,36.91
AKILI COMPLEX PRI SCH,PRIMARY SCHOOL,PRIVATE,NAIROBI,NAIROBI,KIBERA,KIBERA,LANGATA,NAIROBI,,-1.31,36.79
DELIGENT EDUCATION CENTRE PRI SCH.,PRIMARY SCHOOL,PRIVATE,NAIROBI,NAIROBI,KASARANI,KARIOBANGI,KASARANI,NAIROBI,,-1.25,36.88
SIX TO SIX BABYCARE HOME & ACADEMY,PRIMARY SCHOOL,PRIVATE,NAIROBI,NAIROBI,KASARANI,KARIOBANGI,KASARANI,NAIROBI,,-1.24,36.9
SUCCESS EDUCATION CENTER PRI,PRIMARY SCHOOL,PRIVATE,NAIROBI,NAIROBI,KASARANI,KASARANI,KASARANI,NAIROBI,,-1.21,36.9
ST LAZARUS COMMUNITY SCH,PRIMARY SCHOOL,PRIVATE,NAIROBI,NAIROBI,KIBERA,LAINI SABA,LANGATA,NAIROBI,,-1.31,36.8
PILOT EDUCATIONAL  DAY CARE SCH (PRI),PRIMARY SCHOOL,PRIVATE,NAIROBI,NAIROBI,STAREHE,HURUMA,STAREHE,NAIROBI,,-1.26,36.86
RISA CHILDRENS CENTER PRI,PRIMARY SCHOOL,PRIVATE,NAIROBI,NAIROBI,KIBERA,KIBERA,LANGATA,NAIROBI,,-1.31,36.79
A.C.C AND S ZIMMERMAN ACADEMY,PRIMARY SCHOOL,PRIVATE,NAIROBI,NAIROBI,KASARANI,GITHURAI,KASARANI,NAIROBI,,-1.21,36.89
PRICY BABY CARE PRI SCHOOL,PRIMARY SCHOOL,PRIVATE,NAIROBI,NAIROBI,KASARANI,KARIOBANGI,KASARANI,NAIROBI,,-1.24,36.9
NEW HOPE ACADEMY - PRI,PRIMARY SCHOOL,PRIVATE,NAIROBI,NAIROBI,KASARANI,GITHURAI,KASARANI,NAIROBI,,-1.2,36.91
LUCY JUNIOR ACADEMY PRI,PRIMARY SCHOOL,PRIVATE,NAIROBI,NAIROBI,KASARANI,KARIOBANGI,KASARANI,NAIROBI,,-1.24,36.9
COMPASSIONATE ACADEMY - PRI,PRIMARY SCHOOL,PRIVATE,NAIROBI,NAIROBI,KASARANI,GITHURAI,KASARANI,NAIROBI,,-1.2,36.91
VIARA JOY ACADEMY,PRIMARY SCHOOL,PRIVATE,NAIROBI,NAIROBI,STAREHE,HURUMA,STAREHE,NAIROBI,,-1.26,36.87
PRECIOUS CHRISTIAN UNION PRI SCH,PRIMARY SCHOOL,PRIVATE,NAIROBI,NAIROBI,KASARANI,KOROGOCHO,KASARANI,NAIROBI,,-1.24,36.89
GOOD HOPE PRIMARY,PRIMARY SCHOOL,PRIVATE,NAIROBI,NAIROBI,KASARANI,GITHURAI,KASARANI,NAIROBI,,-1.21,36.9
BETHESDA EDUCATION CENTRE PRI SCH.,PRIMARY SCHOOL,PRIVATE,NAIROBI,NAIROBI,KASARANI,KARIOBANGI,KASARANI,NAIROBI,,-1.24,36.9
CHEPOR PRI SCH,PRIMARY SCHOOL,PRIVATE,NAIROBI,NAIROBI,KIBERA,KIBERA,LANGATA,NAIROBI,,-1.31,36.79
HURUMA KIBERA PRI. SCH,PRIMARY SCHOOL,PRIVATE,NAIROBI,NAIROBI,KIBERA,KIBERA,LANGATA,NAIROBI,,-1.31,36.79
MT OLIVES JUNIOR SCH - PRI,PRIMARY SCHOOL,PRIVATE,NAIROBI,NAIROBI,KASARANI,GITHURAI,KASARANI,NAIROBI,,-1.2,36.9
USHINDI EDUCATIONAL CENTRE (PRI),PRIMARY SCHOOL,PRIVATE,NAIROBI,NAIROBI,STAREHE,HURUMA,STAREHE,NAIROBI,,-1.26,36.87
ALPHA & OMEGA PRI SCH,PRIMARY SCHOOL,PRIVATE,NAIROBI,NAIROBI,EMBAKASI,DANDORA,EMBAKASI,NAIROBI,,-1.25,36.89
ROYAL INTERNATIONAL ACADEMY PRI,PRIMARY SCHOOL,PRIVATE,NAIROBI,NAIROBI,KASARANI,ROYSAMBU,KASARANI,NAIROBI,,-1.21,36.89
GLADYS JUNIOR ACADEMY - PRI,PRIMARY SCHOOL,PRIVATE,NAIROBI,NAIROBI,KASARANI,GITHURAI,KASARANI,NAIROBI,,-1.2,36.91
ELITE ZIMMERMAN CENTRE PRI SCH.,PRIMARY SCHOOL,PRIVATE,NAIROBI,NAIROBI,KASARANI,GITHURAI,KASARANI,NAIROBI,,-1.21,36.89
LIMIGOSHEP CHILDREN CENTER PRI SCH,PRIMARY SCHOOL,PRIVATE,NAIROBI,NAIROBI,KIBERA,NAIROBI WEST,LANGATA,NAIROBI,,-1.33,36.82
CAVALRY PRI. SCH.,PRIMARY SCHOOL,PRIVATE,NAIROBI,NAIROBI,KIBERA,KIBERA,LANGATA,NAIROBI,,-1.31,36.79
NGUNYUMU CENTER PRI SCH,PRIMARY SCHOOL,PRIVATE,NAIROBI,NAIROBI,KASARANI,KOROGOCHO,KASARANI,NAIROBI,,-1.24,36.89
FURAHA COMMUNITY CENTRE (PRI),PRIMARY SCHOOL,PRIVATE,NAIROBI,NAIROBI,STAREHE,HURUMA,STAREHE,NAIROBI,,-1.26,36.87
ACHIEVERS PATNA PRIMARY SCH,PRIMARY SCHOOL,PRIVATE,NAIROBI,NAIROBI,KASARANI,KASARANI,KASARANI,NAIROBI,,-1.22,36.92
SAIMOS CARE CENTRE - PRI,PRIMARY SCHOOL,PRIVATE,NAIROBI,NAIROBI,KASARANI,GITHURAI,KASARANI,NAIROBI,,-1.2,36.9
ST BRIDGET CATHOLIC PRI SCH.,PRIMARY SCHOOL,PRIVATE,NAIROBI,NAIROBI,PUMWANI,KARIOKOR,STAREHE,NAIROBI,,-1.28,36.84
ST LOUIS ACADEMY PRI,PRIMARY SCHOOL,PRIVATE,NAIROBI,NAIROBI,KASARANI,KOROGOCHO,KASARANI,NAIROBI,,-1.24,36.89
MARA ROAD ACADEMY PRI,PRIMARY SCHOOL,PRIVATE,NAIROBI,NAIROBI,DAGORETTI,KENYATTA/GOLF COURSE,DAGORETTI,NAIROBI,,-1.3,36.81
MAKINA BAPTIST PRI. SCH,PRIMARY SCHOOL,PRIVATE,NAIROBI,NAIROBI,KIBERA,KIBERA,LANGATA,NAIROBI,,-1.31,36.79
LUCIANA PRI SCH,PRIMARY SCHOOL,PRIVATE,NAIROBI,NAIROBI,KASARANI,GITHURAI,KASARANI,NAIROBI,,-1.2,36.9
AL MAURAJA TUS SAIPIYAH TUS BURHANIYAH (MSB) PRI SCH.,PRIMARY SCHOOL,PRIVATE,NAIROBI,NAIROBI,KIBERA,LANGATA,LANGATA,NAIROBI,,-1.36,36.76
ROSE OF SHARON PRI SCH,PRIMARY SCHOOL,PRIVATE,NAIROBI,NAIROBI,DAGORETTI,KENYATTA/GOLF COURSE,DAGORETTI,NAIROBI,,-1.3,36.79
COMMUNITY URBAN VIEW CENTRE (PRI),PRIMARY SCHOOL,PRIVATE,NAIROBI,NAIROBI,STAREHE,HURUMA,STAREHE,NAIROBI,,-1.26,36.87
HAPPY KIDS JUNIOR ACADEMY,PRIMARY SCHOOL,PRIVATE,NAIROBI,NAIROBI,KASARANI,KOROGOCHO,KASARANI,NAIROBI,,-1.24,36.89
MAKINA SELF HELP PRI. SCH.,PRIMARY SCHOOL,PRIVATE,NAIROBI,NAIROBI,KIBERA,KIBERA,LANGATA,NAIROBI,,-1.31,36.79
LIBERTY COMMUNITY PRI SCH.,PRIMARY SCHOOL,PRIVATE,NAIROBI,NAIROBI,DAGORETTI,RIRUTA,DAGORETTI,NAIROBI,,-1.28,36.73
CHRISCO ED CENTER PRI,PRIMARY SCHOOL,PRIVATE,NAIROBI,NAIROBI,DAGORETTI,KENYATTA/GOLF COURSE,DAGORETTI,NAIROBI,,-1.3,36.78
GALILAYA C. O. MISSION ACADEMY PRI SCH.,PRIMARY SCHOOL,PRIVATE,NAIROBI,NAIROBI,KIBERA,SERA NGOMBE,LANGATA,NAIROBI,,-1.31,36.78
ELSHADAI JUNIOR SCH (PRI),PRIMARY SCHOOL,PRIVATE,NAIROBI,NAIROBI,STAREHE,HURUMA,STAREHE,NAIROBI,,-1.26,36.87
FRONT RUNNERS ACADEMY - PRI,PRIMARY SCHOOL,PRIVATE,NAIROBI,NAIROBI,KASARANI,GITHURAI,KASARANI,NAIROBI,,-1.2,36.9
NEW ADVENTURE PRI. SCH,PRIMARY SCHOOL,PRIVATE,NAIROBI,NAIROBI,KIBERA,KIBERA,LANGATA,NAIROBI,,-1.31,36.79
EXCEL ACADEMY PRI,PRIMARY SCHOOL,PRIVATE,NAIROBI,NAIROBI,DAGORETTI,KAWANGWARE,DAGORETTI,NAIROBI,,-1.28,36.75
EUNIVERS CHILDREN PRI SCH.,PRIMARY SCHOOL,PRIVATE,NAIROBI,NAIROBI,KIBERA,KIBERA,LANGATA,NAIROBI,,-1.31,36.79
JOYRINAH JUNIOR ACADEMY (PRI) SCH,PRIMARY SCHOOL,PRIVATE,NAIROBI,NAIROBI,STAREHE,HURUMA,STAREHE,NAIROBI,,-1.26,36.87
PROMISEDLAND JITEGEMEE PRI SCH,PRIMARY SCHOOL,PRIVATE,NAIROBI,NAIROBI,KASARANI,KOROGOCHO,KASARANI,NAIROBI,,-1.24,36.9
KICOSHEP PRI. SCH,PRIMARY SCHOOL,PRIVATE,NAIROBI,NAIROBI,KIBERA,KIBERA,LANGATA,NAIROBI,,-1.31,36.79
KINGS HIGH SCH AND CENTER-PRI,PRIMARY SCHOOL,PRIVATE,NAIROBI,NAIROBI,DAGORETTI,RIRUTA,DAGORETTI,NAIROBI,,-1.29,36.75
RED ROSES ACADEMY,PRIMARY SCHOOL,PRIVATE,NAIROBI,NAIROBI,KASARANI,GITHURAI,KASARANI,NAIROBI,,-1.2,36.9
TORTOLA GRACIOUS ACADEMY PRI,PRIMARY SCHOOL,PRIVATE,NAIROBI,NAIROBI,KASARANI,KOROGOCHO,KASARANI,NAIROBI,,-1.24,36.89
ANANDA MARGA MISSION PRI SCH,PRIMARY SCHOOL,PRIVATE,NAIROBI,NAIROBI,STAREHE,HURUMA,STAREHE,NAIROBI,,-1.26,36.87
MASHIMONI FRIENDS PRI. SCH,PRIMARY SCHOOL,PRIVATE,NAIROBI,NAIROBI,KIBERA,LAINI SABA,LANGATA,NAIROBI,,-1.31,36.79
SOLID ROCK SCH PRI,PRIMARY SCHOOL,PRIVATE,NAIROBI,NAIROBI,DAGORETTI,RIRUTA,DAGORETTI,NAIROBI,,-1.3,36.74
ST. HANNAHS' PRI SCH.,PRIMARY SCHOOL,PRIVATE,NAIROBI,NAIROBI,KIBERA,KAREN,LANGATA,NAIROBI,,-1.3,36.69
MASHIMONI PRI SCH.,PRIMARY SCHOOL,PRIVATE,NAIROBI,NAIROBI,KIBERA,LAINI SABA,LANGATA,NAIROBI,,-1.31,36.79
MARY QUEEN CATHOLIC SCH - PRI,PRIMARY SCHOOL,PRIVATE,NAIROBI,NAIROBI,KASARANI,GITHURAI,KASARANI,NAIROBI,,-1.2,36.91
EDEN ANNEX PRIMARY SCH,PRIMARY SCHOOL,PRIVATE,NAIROBI,NAIROBI,STAREHE,HURUMA,STAREHE,NAIROBI,,-1.26,36.87
APOSTOLIC ED CENTER PRI,PRIMARY SCHOOL,PRIVATE,NAIROBI,NAIROBI,DAGORETTI,RIRUTA,DAGORETTI,NAIROBI,,-1.3,36.75
NEW STARLIGHT ACADEMY PRI,PRIMARY SCHOOL,PRIVATE,NAIROBI,NAIROBI,KASARANI,KOROGOCHO,KASARANI,NAIROBI,,-1.24,36.89
FOREST VIEW ACADEMY PRI,PRIMARY SCHOOL,PRIVATE,NAIROBI,NAIROBI,KIBERA,KAREN,DAGORETTI,NAIROBI,,-1.3,36.68
GOODNEWS ACADEMY- PRI,PRIMARY SCHOOL,PRIVATE,NAIROBI,NAIROBI,DAGORETTI,KENYATTA/GOLF COURSE,LANGATA,NAIROBI,,-1.31,36.79
PCEA GITHURAI PROGRESSIVE SCH - PRI,PRIMARY SCHOOL,PRIVATE,NAIROBI,NAIROBI,KASARANI,GITHURAI,KASARANI,NAIROBI,,-1.2,36.91
FOUR SKILLS ACADEMY PRI,PRIMARY SCHOOL,PRIVATE,NAIROBI,NAIROBI,DAGORETTI,RIRUTA,DAGORETTI,NAIROBI,,-1.3,36.74
ST. ELIZABETH ACADEMY PRI,PRIMARY SCHOOL,PRIVATE,NAIROBI,NAIROBI,KIBERA,KAREN,LANGATA,NAIROBI,,-1.32,36.71
ST MICHAELS PRI SCH,PRIMARY SCHOOL,PRIVATE,NAIROBI,NAIROBI,KASARANI,KOROGOCHO,KASARANI,NAIROBI,,-1.24,36.89
JAKES CENTER- PRI. SCH,PRIMARY SCHOOL,PRIVATE,NAIROBI,NAIROBI,DAGORETTI,KENYATTA/GOLF COURSE,DAGORETTI,NAIROBI,,-1.31,36.79
HOPE STREAMS ACADEMY PRI,PRIMARY SCHOOL,PRIVATE,NAIROBI,NAIROBI,DAGORETTI,RIRUTA,DAGORETTI,NAIROBI,,-1.3,36.74
R L MWANGI MEMORIAL SCH,PRIMARY SCHOOL,PRIVATE,NAIROBI,NAIROBI,KASARANI,GITHURAI,KASARANI,NAIROBI,,-1.2,36.91
FRANK EDUCATIONAL CENTER - PRIMARY SCH.,PRIMARY SCHOOL,PRIVATE,NAIROBI,NAIROBI,DAGORETTI,GOLF COURSE,DAGORETTI,NAIROBI,,-1.31,36.8
GRAPESYARD SELF HELP GROUP PRI SCH,PRIMARY SCHOOL,PRIVATE,NAIROBI,NAIROBI,KASARANI,KOROGOCHO,KASARANI,NAIROBI,,-1.24,36.89
EMMANSON ACADEMY PRI,PRIMARY SCHOOL,PRIVATE,NAIROBI,NAIROBI,DAGORETTI,RIRUTA,DAGORETTI,NAIROBI,,-1.3,36.74
OUR LADY OF PEACE PRI,PRIMARY SCHOOL,PRIVATE,NAIROBI,NAIROBI,KIBERA,KAREN,LANGATA,NAIROBI,,-1.32,36.71
GLORY PRI. SCH,PRIMARY SCHOOL,PRIVATE,NAIROBI,NAIROBI,KIBERA,LAINI SABA,LANGATA,NAIROBI,,-1.31,36.8
DAGORETTI YOUTH CENTER PRI SCH,PRIMARY SCHOOL,PRIVATE,NAIROBI,NAIROBI,DAGORETTI,RIRUTA,DAGORETTI,NAIROBI,,-1.3,36.73
HILLCREST PRI,PRIMARY SCHOOL,PRIVATE,NAIROBI,NAIROBI,KIBERA,LANGATA,LANGATA,NAIROBI,,-1.34,36.73
KIBERA CHURCH OF GOD PRI SCH,PRIMARY SCHOOL,PRIVATE,NAIROBI,NAIROBI,KIBERA,LAINI SABA,LANGATA,NAIROBI,,-1.31,36.79
"L, AZIZI KINDERGATEN PRI",PRIMARY SCHOOL,PRIVATE,NAIROBI,NAIROBI,DAGORETTI,KENYATTA/GOLF COURSE,DAGORETTI,NAIROBI,,-1.3,36.77
BUNKA AND BIDDLES PRI,PRIMARY SCHOOL,PRIVATE,NAIROBI,NAIROBI,KIBERA,LANGATA,LANGATA,NAIROBI,,-1.33,36.73
CHURCH RD ED CENTER PRI SCH,PRIMARY SCHOOL,PRIVATE,NAIROBI,NAIROBI,KASARANI,KOROGOCHO,KASARANI,NAIROBI,,-1.24,36.89
KASTEMIL SCHOOL - PRI,PRIMARY SCHOOL,PRIVATE,NAIROBI,NAIROBI,KASARANI,KASARANI,KASARANI,NAIROBI,,-1.21,36.9
LAINI SABA PRI. SCH,PRIMARY SCHOOL,PRIVATE,NAIROBI,NAIROBI,KIBERA,LAINI SABA,LANGATA,NAIROBI,,-1.31,36.79
CAVINA SCH PRI,PRIMARY SCHOOL,PRIVATE,NAIROBI,NAIROBI,WESTLANDS,KILIMANI,DAGORETTI,NAIROBI,,-1.29,36.78
GLORY PRI SCH KAREN,PRIMARY SCHOOL,PRIVATE,NAIROBI,NAIROBI,KIBERA,LANGATA,LANGATA,NAIROBI,,-1.34,36.74
JALYN JNR ACADEMY - PRI SCH,PRIMARY SCHOOL,PRIVATE,NAIROBI,NAIROBI,KASARANI,KASARANI,KASARANI,NAIROBI,,-1.21,36.91
FAITH INTEGRATION CENTER PRI SCH,PRIMARY SCHOOL,PRIVATE,NAIROBI,NAIROBI,KASARANI,KARIOBANGI,KASARANI,NAIROBI,,-1.24,36.89
MASHIMONI SQUATTERS PRI. SCH,PRIMARY SCHOOL,PRIVATE,NAIROBI,NAIROBI,KIBERA,KIBERA,LANGATA,NAIROBI,,-1.31,36.79
ST JOSEPH ECUMENICAL SCH PRI,PRIMARY SCHOOL,PRIVATE,NAIROBI,NAIROBI,WESTLANDS,KILIMANI,WESTLANDS,NAIROBI,,-1.29,36.8
DON BOSCO PRI,PRIMARY SCHOOL,PRIVATE,NAIROBI,NAIROBI,KIBERA,LANGATA,LANGATA,NAIROBI,,-1.32,36.74
TOTOS ACADEMY - PRI,PRIMARY SCHOOL,PRIVATE,NAIROBI,NAIROBI,KASARANI,GITHURAI,KASARANI,NAIROBI,,-1.2,36.9
KISUMU NDOGO PRI SCH,PRIMARY SCHOOL,PRIVATE,NAIROBI,NAIROBI,KIBERA,KIBERA,LANGATA,NAIROBI,,-1.31,36.79
FRENCH SCH PRI,PRIMARY SCHOOL,PRIVATE,NAIROBI,NAIROBI,WESTLANDS,KILIMANI,DAGORETTI,NAIROBI,,-1.29,36.79
RAINBOW ACADEMY - PRI,PRIMARY SCHOOL,PRIVATE,NAIROBI,NAIROBI,KASARANI,GITHURAI,KASARANI,NAIROBI,,-1.2,36.9
LINDI PRI. SCH,PRIMARY SCHOOL,PRIVATE,NAIROBI,NAIROBI,KIBERA,MAKINA,LANGATA,NAIROBI,,-1.31,36.79
LIGHT ACADEMY PRI SCH,PRIMARY SCHOOL,PRIVATE,NAIROBI,NAIROBI,WESTLANDS,KILIMANI,WESTLANDS,NAIROBI,,-1.29,36.77
ST JOHN INFORMAL PRI SCH,PRIMARY SCHOOL,PRIVATE,NAIROBI,NAIROBI,KASARANI,KOROGOCHO,KASARANI,NAIROBI,,-1.25,36.89
ANWARJUNOIR ACADEMY,PRIMARY SCHOOL,PRIVATE,NAIROBI,NAIROBI,KIBERA,KIBERA,LANGATA,NAIROBI,,-1.31,36.79
PEDRO EDUCATION CENTRE - PRI,PRIMARY SCHOOL,PRIVATE,NAIROBI,NAIROBI,KASARANI,GITHURAI,KASARANI,NAIROBI,,-1.2,36.9
HORIZON ACADEMY PRI,PRIMARY SCHOOL,PRIVATE,NAIROBI,NAIROBI,WESTLANDS,LAVINGTON,WESTLANDS,NAIROBI,,-1.3,36.76
GLORY SCHS KOROGOCHO PRI,PRIMARY SCHOOL,PRIVATE,NAIROBI,NAIROBI,KASARANI,KOROGOCHO,KASARANI,NAIROBI,,-1.25,36.89
SILOAM FRIENDS MINISTRIES ACADEMY- PRI,PRIMARY SCHOOL,PRIVATE,NAIROBI,NAIROBI,KIBERA,KIBERA,LANGATA,NAIROBI,,-1.31,36.8
GLORIZONE ACADEMY,PRIMARY SCHOOL,PRIVATE,NAIROBI,NAIROBI,KASARANI,GITHURAI,KASARANI,NAIROBI,,-1.2,36.9
SUD ACADEMY PRI,PRIMARY SCHOOL,PRIVATE,NAIROBI,NAIROBI,WESTLANDS,KANGEMI,WESTLANDS,NAIROBI,,-1.27,36.73
HIGHRIDGE BAPTIST  ACADEMY  PRI,PRIMARY SCHOOL,PRIVATE,NAIROBI,NAIROBI,KASARANI,KOROGOCHO,KASARANI,NAIROBI,,-1.25,36.89
HAPPY DAY ACADEMY - PRI,PRIMARY SCHOOL,PRIVATE,NAIROBI,NAIROBI,KASARANI,GITHURAI,KASARANI,NAIROBI,,-1.2,36.89
ARCJUNIOR ACADEMY PRI,PRIMARY SCHOOL,PRIVATE,NAIROBI,NAIROBI,KASARANI,KOROGOCHO,KASARANI,NAIROBI,,-1.25,36.89
SACRED HILL CHILDREN'S CENTRE - PRI,PRIMARY SCHOOL,PRIVATE,NAIROBI,NAIROBI,KASARANI,GITHURAI,KASARANI,NAIROBI,,-1.21,36.9
FRIENDS SCH KABETE PRI,PRIMARY SCHOOL,PRIVATE,NAIROBI,NAIROBI,WESTLANDS,KITISURU,WESTLANDS,NAIROBI,,-1.26,36.73
TUMAINI HIGHRIDGE PRI SCH,PRIMARY SCHOOL,PRIVATE,NAIROBI,NAIROBI,KASARANI,KOROGOCHO,KASARANI,NAIROBI,,-1.25,36.89
ESTEEM ACADEMY-PRI,PRIMARY SCHOOL,PRIVATE,NAIROBI,NAIROBI,KASARANI,KASARANI,KASARANI,NAIROBI,,-1.22,36.92
ZIMMERMAN PREMIER SCH - PRI,PRIMARY SCHOOL,PRIVATE,NAIROBI,NAIROBI,KASARANI,GITHURAI,KASARANI,NAIROBI,,-1.21,36.9
JUDIMMA ACADEMIC CENTRE - PRI,PRIMARY SCHOOL,PRIVATE,NAIROBI,NAIROBI,KASARANI,GITHURAI,KASARANI,NAIROBI,,-1.21,36.9
PEPONI SCHOOL - PRI,PRIMARY SCHOOL,PRIVATE,NAIROBI,NAIROBI,WESTLANDS,KITISURU,WESTLANDS,NAIROBI,,-1.24,36.76
HOPE FOR CHILDREN PRI SCH,PRIMARY SCHOOL,PRIVATE,NAIROBI,NAIROBI,KASARANI,KOROGOCHO,KASARANI,NAIROBI,,-1.25,36.89
KABETE INTERNATIONAL SCHOOL,PRIMARY SCHOOL,PRIVATE,NAIROBI,NAIROBI,WESTLANDS,KITISURU,WESTLANDS,NAIROBI,,-1.24,36.75
SHILOH LEARNING CENTRE,PRIMARY SCHOOL,PRIVATE,NAIROBI,NAIROBI,KASARANI,GITHURAI,KASARANI,NAIROBI,,-1.21,36.9
KAO LA TUMAINI PRI SCH,PRIMARY SCHOOL,PRIVATE,NAIROBI,NAIROBI,KASARANI,KOROGOCHO,KASARANI,NAIROBI,,-1.25,36.89
WANKAN ACADEMY - PRI,PRIMARY SCHOOL,PRIVATE,NAIROBI,NAIROBI,KASARANI,GITHURAI,KASARANI,NAIROBI,,-1.21,36.9
ST PRISCAS ACADEMY,PRIMARY SCHOOL,PRIVATE,NAIROBI,NAIROBI,KASARANI,KOROGOCHO,KASARANI,NAIROBI,,-1.25,36.89
UNITY LEARNING CENTRE - PRI,PRIMARY SCHOOL,PRIVATE,NAIROBI,NAIROBI,KASARANI,GITHURAI,KASARANI,NAIROBI,,-1.21,36.9
KARURA SDA CHURCH SCH - PRI,PRIMARY SCHOOL,PRIVATE,NAIROBI,NAIROBI,WESTLANDS,HIGHRIDGE,WESTLANDS,NAIROBI,,-1.22,36.78
JOY SCHOOL - PRI,PRIMARY SCHOOL,PRIVATE,NAIROBI,NAIROBI,KASARANI,GITHURAI,KASARANI,NAIROBI,,-1.21,36.9
MARANATHA FAITH ASSEMBLIES PRI SCH,PRIMARY SCHOOL,PRIVATE,NAIROBI,NAIROBI,KASARANI,KOROGOCHO,KASARANI,NAIROBI,,-1.25,36.89
ROYAL INTERNATIONAL ACADEMY - PRI,PRIMARY SCHOOL,PRIVATE,NAIROBI,NAIROBI,KASARANI,GITHURAI,KASARANI,NAIROBI,,-1.21,36.89
GROGAN INFORMAL ED CENTER PRI SCH,PRIMARY SCHOOL,PRIVATE,NAIROBI,NAIROBI,KASARANI,KOROGOCHO,KASARANI,NAIROBI,,-1.25,36.89
ST. MARYS SCHOOL RUARAKA,PRIMARY SCHOOL,PRIVATE,NAIROBI,NAIROBI,KASARANI,ROYSAMBU,KASARANI,NAIROBI,,-1.21,36.89
KIRIWA ROAD SCH - PRI,PRIMARY SCHOOL,PRIVATE,NAIROBI,NAIROBI,KASARANI,KASARANI,WESTLANDS,NAIROBI,,-1.23,36.96
SERENE ACADEMY - PRI,PRIMARY SCHOOL,PRIVATE,NAIROBI,NAIROBI,KASARANI,ROYSAMBU,KASARANI,NAIROBI,,-1.2,36.89
RBC KOCHLAND ACADEMY - PRI,PRIMARY SCHOOL,PRIVATE,NAIROBI,NAIROBI,KASARANI,KOROGOCHO,KASARANI,NAIROBI,,-1.25,36.89
MIDAS GOLDEN ACADEMY-PRI,PRIMARY SCHOOL,PRIVATE,NAIROBI,NAIROBI,KASARANI,ROYSAMBU,KASARANI,NAIROBI,,-1.2,36.89
DAY SHELTER AND WELFARE CENTER PRI,PRIMARY SCHOOL,PRIVATE,NAIROBI,NAIROBI,KASARANI,KOROGOCHO,KASARANI,NAIROBI,,-1.25,36.89
INTERNATIONAL SCH OF KENYA,PRIMARY SCHOOL,PRIVATE,NAIROBI,NAIROBI,WESTLANDS,HIGHRIDGE,WESTLANDS,NAIROBI,,-1.23,36.76
MIREMA SCHOOL - PRI,PRIMARY SCHOOL,PRIVATE,NAIROBI,NAIROBI,KASARANI,ROYSAMBU,KASARANI,NAIROBI,,-1.21,36.89
CORNERSTONE ACADEMY - PRI,PRIMARY SCHOOL,PRIVATE,NAIROBI,NAIROBI,KASARANI,GITHURAI,KASARANI,NAIROBI,,-1.21,36.89
REHEMA DAYCARE AND ORPHANS CENTER PRI SCH,PRIMARY SCHOOL,PRIVATE,NAIROBI,NAIROBI,KASARANI,KOROGOCHO,KASARANI,NAIROBI,,-1.25,36.89
LINDSAR KINDERGATEN & SCH - PRI,PRIMARY SCHOOL,PRIVATE,NAIROBI,NAIROBI,KASARANI,GITHURAI,KASARANI,NAIROBI,,-1.21,36.9
HAVEN PRI SCH,PRIMARY SCHOOL,PRIVATE,NAIROBI,NAIROBI,KASARANI,KOROGOCHO,KASARANI,NAIROBI,,-1.25,36.89
ST. ANTONY'S JUNIOR ACADEMY - PRI,PRIMARY SCHOOL,PRIVATE,NAIROBI,NAIROBI,KASARANI,GITHURAI,KASARANI,NAIROBI,,-1.21,36.9
RUARAKA ACADEMY - PRI,PRIMARY SCHOOL,PRIVATE,NAIROBI,NAIROBI,KASARANI,ROYSAMBU,KASARANI,NAIROBI,,-1.21,36.88
AL TAAWON ED CENTER PRI,PRIMARY SCHOOL,PRIVATE,NAIROBI,NAIROBI,KASARANI,KOROGOCHO,KASARANI,NAIROBI,,-1.25,36.89
GREEN RIVER LEARNING CENTER PRI,PRIMARY SCHOOL,PRIVATE,NAIROBI,NAIROBI,KASARANI,KASARANI,KASARANI,NAIROBI,,-1.22,36.93
AKIMAM SPRINGS - PRI,PRIMARY SCHOOL,PRIVATE,NAIROBI,NAIROBI,KASARANI,ROYSAMBU,KASARANI,NAIROBI,,-1.21,36.87
BIGPEN ACADEMY,PRIMARY SCHOOL,PRIVATE,NAIROBI,NAIROBI,KASARANI,KOROGOCHO,KASARANI,NAIROBI,,-1.25,36.89
THOME SHEPHARD SCHOOL - PRI,PRIMARY SCHOOL,PRIVATE,NAIROBI,NAIROBI,KASARANI,ROYSAMBU,KASARANI,NAIROBI,,-1.2,36.87
ST BRIGIT ACADEMY - PRI,PRIMARY SCHOOL,PRIVATE,NAIROBI,NAIROBI,KASARANI,KASARANI,KASARANI,NAIROBI,,-1.22,36.92
BIGPEN ACADEMY PRI,PRIMARY SCHOOL,PRIVATE,NAIROBI,NAIROBI,KASARANI,KOROGOCHO,KASARANI,NAIROBI,,-1.25,36.89
SERAN GLORY ACADEMY PRI,PRIMARY SCHOOL,PRIVATE,NAIROBI,NAIROBI,KASARANI,ROYSAMBU,KASARANI,NAIROBI,,-1.2,36.87
GARDEN ESTATE PRI SCH,PRIMARY SCHOOL,PRIVATE,NAIROBI,NAIROBI,KASARANI,ROYSAMBU,KASARANI,NAIROBI,,-1.23,36.87
GOSPEL JUNIOR ACADEMY PRI,PRIMARY SCHOOL,PRIVATE,NAIROBI,NAIROBI,KASARANI,KOROGOCHO,KASARANI,NAIROBI,,-1.25,36.89
GARDEN ESTATATE ACADEMY PRI,PRIMARY SCHOOL,PRIVATE,NAIROBI,NAIROBI,KASARANI,ROYSAMBU,KASARANI,NAIROBI,,-1.22,36.86
VICTORY SELF HELP JUNIOR SCH PRI,PRIMARY SCHOOL,PRIVATE,NAIROBI,NAIROBI,KASARANI,KARIOBANGI,KASARANI,NAIROBI,,-1.24,36.89
AGBON ACADEMY - PRI,PRIMARY SCHOOL,PRIVATE,NAIROBI,NAIROBI,MAKADARA,MARINGO,MAKADARA,NAIROBI,,-1.3,36.86
MEFAG CHILDRENS CENTER PRI,PRIMARY SCHOOL,PRIVATE,NAIROBI,NAIROBI,KASARANI,RUARAKA,KASARANI,NAIROBI,,-1.25,36.88
RIDGEWAYS ACADEMY,PRIMARY SCHOOL,PRIVATE,NAIROBI,NAIROBI,KASARANI,ROYSAMBU,KASARANI,NAIROBI,,-1.22,36.84
CLARA ACADEMY PRI,PRIMARY SCHOOL,PRIVATE,NAIROBI,NAIROBI,KASARANI,KARIOBANGI,KASARANI,NAIROBI,,-1.24,36.88
ST. BENEDICTS THOME SENIOR SCH,PRIMARY SCHOOL,PRIVATE,NAIROBI,NAIROBI,KASARANI,ROYSAMBU,KASARANI,NAIROBI,,-1.23,36.86
PAVID JUNIOR SCH - PRI,PRIMARY SCHOOL,PRIVATE,NAIROBI,NAIROBI,MAKADARA,MARINGO,MAKADARA,NAIROBI,,-1.29,36.86
SILVERBRIDGE PRI SCH,PRIMARY SCHOOL,PRIVATE,NAIROBI,NAIROBI,EMBAKASI,KARIOBANGI,EMBAKASI,NAIROBI,,-1.24,36.88
AGAPE GLAD KIDS EDUCATION CENTER PRI,PRIMARY SCHOOL,PRIVATE,NAIROBI,NAIROBI,KASARANI,KARIOBANGI,KASARANI,NAIROBI,,-1.24,36.88
LA VERNE PRIMARY SCHOOL,PRIMARY SCHOOL,PRIVATE,NAIROBI,NAIROBI,KASARANI,ROYSAMBU,KASARANI,NAIROBI,,-1.23,36.86
ST AUGUSTUS PRI SCH,PRIMARY SCHOOL,PRIVATE,NAIROBI,NAIROBI,KIBERA,KIBERA,LANGATA,NAIROBI,,-1.31,36.79
THIKA ROAD CHRISTIAN SCHOOL - PRI,PRIMARY SCHOOL,PRIVATE,NAIROBI,NAIROBI,KASARANI,ROYSAMBU,KASARANI,NAIROBI,,-1.22,36.88
BRIGHT JUNIOR SELF HELP GROUP PRI,PRIMARY SCHOOL,PRIVATE,NAIROBI,NAIROBI,KASARANI,KARIOBANGI,KASARANI,NAIROBI,,-1.24,36.88
JEHOVA JIREH PRI SCH,PRIMARY SCHOOL,PRIVATE,NAIROBI,NAIROBI,KASARANI,KARIOBANGI,KASARANI,NAIROBI,,-1.24,36.88
HAPPY JUNIOR PRI SCH,PRIMARY SCHOOL,PRIVATE,NAIROBI,NAIROBI,KASARANI,KARIOBANGI,KASARANI,NAIROBI,,-1.24,36.88
JOYLANDS ACADEMY PRI SCH.,PRIMARY SCHOOL,PRIVATE,NAIROBI,NAIROBI,KASARANI,KARIOBANGI,KASARANI,NAIROBI,,-1.24,36.88
MWANGAZA HIGH PRI SCH,PRIMARY SCHOOL,PRIVATE,NAIROBI,NAIROBI,KASARANI,KARIOBANGI,KASARANI,NAIROBI,,-1.24,36.88
ESTHER MEMORIAL JUNIOR ACADEMY PRI,PRIMARY SCHOOL,PRIVATE,NAIROBI,NAIROBI,KASARANI,ROYSAMBU,KASARANI,NAIROBI,,-1.2,36.89
SKYVIEW EDUCATIOIN CENTER,PRIMARY SCHOOL,PRIVATE,NAIROBI,NAIROBI,KASARANI,KARIOBANGI,KASARANI,NAIROBI,,-1.24,36.88
KASA EMMANUEL PRI SCH,PRIMARY SCHOOL,PRIVATE,NAIROBI,NAIROBI,KASARANI,KARIOBANGI,KASARANI,NAIROBI,,-1.24,36.88
LEAN MOL SENIOR ACADEMY,PRIMARY SCHOOL,PRIVATE,NAIROBI,NAIROBI,KASARANI,ROYSAMBU,KASARANI,NAIROBI,,-1.2,36.88
GENIUS LEARNERS CENTER PRI,PRIMARY SCHOOL,PRIVATE,NAIROBI,NAIROBI,KASARANI,KARIOBANGI,KASARANI,NAIROBI,,-1.24,36.88
NEEMA ACADEMY PRI,PRIMARY SCHOOL,PRIVATE,NAIROBI,NAIROBI,KASARANI,KARIOBANGI,KASARANI,NAIROBI,,-1.25,36.89
NJATHAINI REACH ACEDEMY - PRI,PRIMARY SCHOOL,PRIVATE,NAIROBI,NAIROBI,KASARANI,ROYSAMBU,KASARANI,NAIROBI,,-1.2,36.88
CHURCH ARMY ACADEMY - PRI,PRIMARY SCHOOL,PRIVATE,NAIROBI,NAIROBI,MAKADARA,MARINGO,MAKADARA,NAIROBI,,-1.29,36.85
AMK CENTER,PRIMARY SCHOOL,PRIVATE,NAIROBI,NAIROBI,KASARANI,KARIOBANGI,KASARANI,NAIROBI,,-1.24,36.88
FURAHA ACADEMY PRI,PRIMARY SCHOOL,PRIVATE,NAIROBI,NAIROBI,KASARANI,KARIOBANGI,KASARANI,NAIROBI,,-1.25,36.89
NEW GLORY ACADEMY - PRI,PRIMARY SCHOOL,PRIVATE,NAIROBI,NAIROBI,KASARANI,ROYSAMBU,KASARANI,NAIROBI,,-1.2,36.89
JOYLAND JUNIOR ACADEMY PRI,PRIMARY SCHOOL,PRIVATE,NAIROBI,NAIROBI,KASARANI,KARIOBANGI,KASARANI,NAIROBI,,-1.25,36.88
NAKIM STAR EDUCATION CENTRE - PRI,PRIMARY SCHOOL,PRIVATE,NAIROBI,NAIROBI,KASARANI,ROYSAMBU,KASARANI,NAIROBI,,-1.2,36.88
NEW JERUSALEMACADEMY PRI,PRIMARY SCHOOL,PRIVATE,NAIROBI,NAIROBI,KASARANI,KARIOBANGI,KASARANI,NAIROBI,,-1.25,36.88
VERMONA STARS SCHOOL,PRIMARY SCHOOL,PRIVATE,NAIROBI,NAIROBI,KASARANI,ROYSAMBU,KASARANI,NAIROBI,,-1.2,36.87
PRIDE NAIROBI SCH,PRIMARY SCHOOL,PRIVATE,NAIROBI,NAIROBI,KASARANI,BABA DOGO,KASARANI,NAIROBI,,-1.25,36.88
GENESIS IMMACULATE PRI SCH,PRIMARY SCHOOL,PRIVATE,NAIROBI,NAIROBI,STAREHE,HURUMA,STAREHE,NAIROBI,,-1.26,36.87
KING KIDS TECHNICAL SCHOOL - PRI,PRIMARY SCHOOL,PRIVATE,NAIROBI,NAIROBI,KASARANI,KAHAWA,KASARANI,NAIROBI,,-1.18,36.91
SUNRAYS  ACADEMY PRI,PRIMARY SCHOOL,PRIVATE,NAIROBI,NAIROBI,KASARANI,KARIOBANGI,KASARANI,NAIROBI,,-1.25,36.88
BUKEWA ALLIANCE ACADEMY PRI,PRIMARY SCHOOL,PRIVATE,NAIROBI,NAIROBI,KASARANI,KARIOBANGI,KASARANI,NAIROBI,,-1.24,36.88
JUJEN ACADEMY - PRI,PRIMARY SCHOOL,PRIVATE,NAIROBI,NAIROBI,KASARANI,KAHAWA,KASARANI,NAIROBI,,-1.19,36.91
AISHER COLLIER PRI SCH,PRIMARY SCHOOL,PRIVATE,NAIROBI,NAIROBI,STAREHE,HURUMA,STAREHE,NAIROBI,,-1.26,36.87
SHEKINAH GLORY EDUCATION CENTRE - PRI,PRIMARY SCHOOL,PRIVATE,NAIROBI,NAIROBI,MAKADARA,MARINGO,MAKADARA,NAIROBI,,-1.3,36.86
ROHO ACADEMY PRI,PRIMARY SCHOOL,PRIVATE,NAIROBI,NAIROBI,KASARANI,KARIOBANGI,KASARANI,NAIROBI,,-1.25,36.88
KINGSTAR ACADEMY PRI,PRIMARY SCHOOL,PRIVATE,NAIROBI,NAIROBI,KASARANI,KAHAWA,KASARANI,NAIROBI,,-1.19,36.91
SAVYO BELLS ACADEMY PRI,PRIMARY SCHOOL,PRIVATE,NAIROBI,NAIROBI,KASARANI,KARIOBANGI,KASARANI,NAIROBI,,-1.24,36.88
CLEAN WIN PRI SCH,PRIMARY SCHOOL,PRIVATE,NAIROBI,NAIROBI,STAREHE,HURUMA,STAREHE,NAIROBI,,-1.25,36.87
MONDLENE PRI SCH,PRIMARY SCHOOL,PRIVATE,NAIROBI,NAIROBI,KASARANI,KARIOBANGI,KASARANI,NAIROBI,,-1.24,36.88
BEAUTYKID SCHOOL - PRI,PRIMARY SCHOOL,PRIVATE,NAIROBI,NAIROBI,KASARANI,KASARANI,KASARANI,NAIROBI,,-1.22,36.91
JOKEN PRI SCH,PRIMARY SCHOOL,PRIVATE,NAIROBI,NAIROBI,MAKADARA,MARINGO,MAKADARA,NAIROBI,,-1.29,36.86
GENESIS SHILPHEN - PRI,PRIMARY SCHOOL,PRIVATE,NAIROBI,NAIROBI,KASARANI,KARIOBANGI,KASARANI,NAIROBI,,-1.24,36.88
ARISE AND SHINE PRIMARY,PRIMARY SCHOOL,PRIVATE,NAIROBI,NAIROBI,KASARANI,KARIOBANGI,KASARANI,NAIROBI,,-1.25,36.88
COMIMA PRI SCH,PRIMARY SCHOOL,PRIVATE,NAIROBI,NAIROBI,STAREHE,HURUMA,STAREHE,NAIROBI,,-1.25,36.87
WISELINK ACADEMY - PRI SCH,PRIMARY SCHOOL,PRIVATE,NAIROBI,NAIROBI,KASARANI,KASARANI,KASARANI,NAIROBI,,-1.22,36.91
RIVERSIDE MADRASSA PRI,PRIMARY SCHOOL,PRIVATE,NAIROBI,NAIROBI,KASARANI,KARIOBANGI,KASARANI,NAIROBI,,-1.25,36.88
SIMABENA SCHOOL,PRIMARY SCHOOL,PRIVATE,NAIROBI,NAIROBI,KASARANI,KARIOBANGI,KASARANI,NAIROBI,,-1.25,36.88
ST BARBRA CHILDRENS HOME & PRI SCH,PRIMARY SCHOOL,PRIVATE,NAIROBI,NAIROBI,STAREHE,HURUMA,STAREHE,NAIROBI,,-1.25,36.87
RIVERSIDE PEAK PRI SCH,PRIMARY SCHOOL,PRIVATE,NAIROBI,NAIROBI,KASARANI,KARIOBANGI,KASARANI,NAIROBI,,-1.25,36.88
LINET ACADEMY PRI,PRIMARY SCHOOL,PRIVATE,NAIROBI,NAIROBI,KASARANI,KASARANI,KASARANI,NAIROBI,,-1.23,36.92
ANNOINTED  PRIMARY SCHOOL,PRIMARY SCHOOL,PRIVATE,NAIROBI,NAIROBI,KASARANI,KARIOBANGI,KASARANI,NAIROBI,,-1.26,36.88
OKOA MAISHA EDUCATIONAL CENTRE (PRI),PRIMARY SCHOOL,PRIVATE,NAIROBI,NAIROBI,STAREHE,HURUMA,STAREHE,NAIROBI,,-1.25,36.87
HIGHGATE CHILDRENS DEVELOPMENT TRAINING ACADEMY,PRIMARY SCHOOL,PRIVATE,NAIROBI,NAIROBI,KASARANI,MWIKI,KASARANI,NAIROBI,,-1.23,36.92
TRUE GRACE SCH PRI SCH,PRIMARY SCHOOL,PRIVATE,NAIROBI,NAIROBI,KASARANI,KARIOBANGI,KASARANI,NAIROBI,,-1.24,36.88
NYOTA EDC CNTR,PRIMARY SCHOOL,PRIVATE,NAIROBI,NAIROBI,KASARANI,KARIOBANGI,KASARANI,NAIROBI,,-1.26,36.88
HEARDS OF CARE AND HOPE CENTRE (PRI),PRIMARY SCHOOL,PRIVATE,NAIROBI,NAIROBI,KASARANI,RUARAKA,KASARANI,NAIROBI,,-1.25,36.87
ST. PAUL'S ACADEMY - PRI SCH,PRIMARY SCHOOL,PRIVATE,NAIROBI,NAIROBI,KASARANI,KASARANI,KASARANI,NAIROBI,,-1.23,36.93
SUCCESS JUNIOR ACADEMY PRI,PRIMARY SCHOOL,PRIVATE,NAIROBI,NAIROBI,KASARANI,KARIOBANGI,KASARANI,NAIROBI,,-1.24,36.88
KINGS JUNIOR PRIMARY SCHOOL PRI,PRIMARY SCHOOL,PRIVATE,NAIROBI,NAIROBI,KASARANI,KARIOBANGI,KASARANI,NAIROBI,,-1.26,36.88
BRETHREN ASSEMBLY ACADEMY,PRIMARY SCHOOL,PRIVATE,NAIROBI,NAIROBI,KASARANI,RUARAKA,STAREHE,NAIROBI,,-1.25,36.87
ST. MONICA ACADEMY - PRI,PRIMARY SCHOOL,PRIVATE,NAIROBI,NAIROBI,KASARANI,KASARANI,KASARANI,NAIROBI,,-1.23,36.93
TEHILLAH CHILDREN CENTER PRI,PRIMARY SCHOOL,PRIVATE,NAIROBI,NAIROBI,KASARANI,KARIOBANGI,KASARANI,NAIROBI,,-1.25,36.88
LITTLE BEES PRI SCH,PRIMARY SCHOOL,PRIVATE,NAIROBI,NAIROBI,STAREHE,HURUMA,STAREHE,NAIROBI,,-1.25,36.87
HAPPY JUNIOR ACADEMY - PRI,PRIMARY SCHOOL,PRIVATE,NAIROBI,NAIROBI,KASARANI,KASARANI,KASARANI,NAIROBI,,-1.22,36.93
RESSURECTED ACADEMY PRI,PRIMARY SCHOOL,PRIVATE,NAIROBI,NAIROBI,KASARANI,KARIOBANGI,KASARANI,NAIROBI,,-1.25,36.88
SPARKLE REHEMA PRI SCH,PRIMARY SCHOOL,PRIVATE,NAIROBI,NAIROBI,KASARANI,KARIOBANGI,KASARANI,NAIROBI,,-1.25,36.88
KELLYN ACADEMY  PRI SCH,PRIMARY SCHOOL,PRIVATE,NAIROBI,NAIROBI,KASARANI,KASARANI,KASARANI,NAIROBI,,-1.23,36.93
TRUSTED CARE PRI SCH,PRIMARY SCHOOL,PRIVATE,NAIROBI,NAIROBI,STAREHE,HURUMA,STAREHE,NAIROBI,,-1.25,36.87
DONOKO KARIOBANGI  PRI SCH,PRIMARY SCHOOL,PRIVATE,NAIROBI,NAIROBI,KASARANI,KARIOBANGI,KASARANI,NAIROBI,,-1.25,36.88
JOYLANDS JNR ACADEMY PRI,PRIMARY SCHOOL,PRIVATE,NAIROBI,NAIROBI,KASARANI,KARIOBANGI,KASARANI,NAIROBI,,-1.25,36.88
GLORIOUS VISION SCHOOL PRI,PRIMARY SCHOOL,PRIVATE,NAIROBI,NAIROBI,KASARANI,KASARANI,KASARANI,NAIROBI,,-1.23,36.93
BIRDS OF HOPE PRI SCH,PRIMARY SCHOOL,PRIVATE,NAIROBI,NAIROBI,KASARANI,KARIOBANGI,KASARANI,NAIROBI,,-1.25,36.88
FAITH ACADEMY PRI,PRIMARY SCHOOL,PRIVATE,NAIROBI,NAIROBI,STAREHE,HURUMA,STAREHE,NAIROBI,,-1.25,36.87
RIVERSIDE ACADEMY PRI,PRIMARY SCHOOL,PRIVATE,NAIROBI,NAIROBI,KASARANI,KARIOBANGI,KASARANI,NAIROBI,,-1.25,36.88
DYCENT VIEW ACADEMY PRI,PRIMARY SCHOOL,PRIVATE,NAIROBI,NAIROBI,KASARANI,KARIOBANGI,KASARANI,NAIROBI,,-1.26,36.88
JAMUAN ACADEMY - PRI,PRIMARY SCHOOL,PRIVATE,NAIROBI,NAIROBI,KASARANI,KASARANI,KASARANI,NAIROBI,,-1.23,36.93
JERICHO BAPTIST CHURCH -PRI,PRIMARY SCHOOL,PRIVATE,NAIROBI,NAIROBI,MAKADARA,MAKADARA,MAKADARA,NAIROBI,,-1.29,36.87
AIPCA NGEI 2 JUNIOR ACADEMY,PRIMARY SCHOOL,PRIVATE,NAIROBI,NAIROBI,STAREHE,HURUMA,STAREHE,NAIROBI,,-1.26,36.87
BRIGHT ANJELS ACADEMY PRI,PRIMARY SCHOOL,PRIVATE,NAIROBI,NAIROBI,KASARANI,KARIOBANGI,KASARANI,NAIROBI,,-1.26,36.88
NYAWAI ACADEMY - PRI,PRIMARY SCHOOL,PRIVATE,NAIROBI,NAIROBI,KASARANI,KASARANI,KASARANI,NAIROBI,,-1.23,36.93
VISION SHINNERS ACADEMY,PRIMARY SCHOOL,PRIVATE,NAIROBI,NAIROBI,STAREHE,HURUMA,STAREHE,NAIROBI,,-1.26,36.87
EXODUS JUNIOR PRI SCH,PRIMARY SCHOOL,PRIVATE,NAIROBI,NAIROBI,KASARANI,KASARANI,KASARANI,NAIROBI,,-1.23,36.88
CHARIOTS EDUCATIONAL CENTRE - PRI,PRIMARY SCHOOL,PRIVATE,NAIROBI,NAIROBI,KASARANI,KASARANI,KASARANI,NAIROBI,,-1.23,36.93
SILVERGATE ACADEMY - PRI,PRIMARY SCHOOL,PRIVATE,NAIROBI,NAIROBI,MAKADARA,MAKADARA,EMBAKASI,NAIROBI,,-1.28,36.87
GTMD BLUE BELL SCH,PRIMARY SCHOOL,PRIVATE,NAIROBI,NAIROBI,STAREHE,MATHARE,MAKADARA,NAIROBI,,-1.26,36.86
PCEA KARIOBANGI NORTH ACADEMY - PRI,PRIMARY SCHOOL,PRIVATE,NAIROBI,NAIROBI,KASARANI,KARIOBANGI,KASARANI,NAIROBI,,-1.25,36.88
ST CATHRINE PRIMARY SCHOOL,PRIMARY SCHOOL,PRIVATE,NAIROBI,NAIROBI,MAKADARA,MUKURU NYAYO,MAKADARA,NAIROBI,,-1.3,36.83
APCA MATHARE NO. 10 ACADEMY,PRIMARY SCHOOL,PRIVATE,NAIROBI,NAIROBI,STAREHE,MATHARE,STAREHE,NAIROBI,,-1.26,36.86
WATOTO WETU CENTER PRI,PRIMARY SCHOOL,PRIVATE,NAIROBI,NAIROBI,KASARANI,KARIOBANGI,KASARANI,NAIROBI,,-1.25,36.88
PIPELINE MUKURU ACADEMY PRI,PRIMARY SCHOOL,PRIVATE,NAIROBI,NAIROBI,EMBAKASI,MUKURU KWA NJENGA,EMBAKASI,NAIROBI,,-1.31,36.89
MATHARE COMMUNITY OUTREACH SCH,PRIMARY SCHOOL,PRIVATE,NAIROBI,NAIROBI,STAREHE,MATHARE,STAREHE,NAIROBI,,-1.26,36.86
SHEPHARDS JUNOIR SCH - PRI,PRIMARY SCHOOL,PRIVATE,NAIROBI,NAIROBI,MAKADARA,MAKADARA,MAKADARA,NAIROBI,,-1.28,36.88
EMMAUS JUNIOR ACADEMY PRI,PRIMARY SCHOOL,PRIVATE,NAIROBI,NAIROBI,EMBAKASI,MUKURU KWA NJENGA,EMBAKASI,NAIROBI,,-1.32,36.89
ABUNDANT LIFE SELF HELP SCH,PRIMARY SCHOOL,PRIVATE,NAIROBI,NAIROBI,STAREHE,MATHARE,STAREHE,NAIROBI,,-1.26,36.86
ELO-HIM ACADEMY PRI,PRIMARY SCHOOL,PRIVATE,NAIROBI,NAIROBI,EMBAKASI,MUKURU KWA NJENGA,EMBAKASI,NAIROBI,,-1.32,36.89
VALLEY VIEW ACADEMY,PRIMARY SCHOOL,PRIVATE,NAIROBI,NAIROBI,STAREHE,MATHARE,STAREHE,NAIROBI,,-1.26,36.86
JAWIN JNR SCH PRI,PRIMARY SCHOOL,PRIVATE,NAIROBI,NAIROBI,EMBAKASI,MUKURU KWA NJENGA,EMBAKASI,NAIROBI,,-1.32,36.89
ST JAMES FEEDING PROGRAMME AND LEARNING PROJECT PR,PRIMARY SCHOOL,PRIVATE,NAIROBI,NAIROBI,STAREHE,MATHARE,STAREHE,NAIROBI,,-1.26,36.86
THOMAS BURKE PRI SCH,PRIMARY SCHOOL,PRIVATE,NAIROBI,NAIROBI,MAKADARA,MAKADARA,MAKADARA,NAIROBI,,-1.29,36.88
SHAMMAR SPRINGS ACADEMY PRI,PRIMARY SCHOOL,PRIVATE,NAIROBI,NAIROBI,EMBAKASI,MUKURU KWA NJENGA,EMBAKASI,NAIROBI,,-1.32,36.89
AGAPE JUNIOR CENTRE PRI,PRIMARY SCHOOL,PRIVATE,NAIROBI,NAIROBI,STAREHE,MATHARE,STAREHE,NAIROBI,,-1.26,36.85
JOHARI JNR ACADEMY PRI,PRIMARY SCHOOL,PRIVATE,NAIROBI,NAIROBI,EMBAKASI,MUKURU KWA NJENGA,EMBAKASI,NAIROBI,,-1.32,36.89
GOLDEN HOUR JNR SCH PRI,PRIMARY SCHOOL,PRIVATE,NAIROBI,NAIROBI,EMBAKASI,MUKURU KWA NJENGA,EMBAKASI,NAIROBI,,-1.32,36.89
UZIMA ACADEMY,PRIMARY SCHOOL,PRIVATE,NAIROBI,NAIROBI,EMBAKASI,MUKURU KWA NJENGA,EMBAKASI,NAIROBI,,-1.32,36.89
BLESSINGS ACADEMY,PRIMARY SCHOOL,PRIVATE,NAIROBI,NAIROBI,MAKADARA,MARINGO,MAKADARA,NAIROBI,,-1.29,36.86
GENESIS JOY PRI SCH,PRIMARY SCHOOL,PRIVATE,NAIROBI,NAIROBI,STAREHE,MATHARE,STAREHE,NAIROBI,,-1.26,36.85
SILVER BRIDGE SCHOOL,PRIMARY SCHOOL,PRIVATE,NAIROBI,NAIROBI,EMBAKASI,MUKURU KWA NJENGA,EMBAKASI,NAIROBI,,-1.32,36.89
HAPPYLAND PREP SCH,PRIMARY SCHOOL,PRIVATE,NAIROBI,NAIROBI,MAKADARA,MAKADARA,MAKADARA,NAIROBI,,-1.28,36.87
MCEDO SCH (PRI),PRIMARY SCHOOL,PRIVATE,NAIROBI,NAIROBI,STAREHE,MATHARE,STAREHE,NAIROBI,,-1.26,36.85
JUNIOR CAMPUS ACADEMY,PRIMARY SCHOOL,PRIVATE,NAIROBI,NAIROBI,EMBAKASI,EMBAKASI,EMBAKASI,NAIROBI,,-1.31,36.9
TERYSAM MONTESSORI ACADEMY - PRI,PRIMARY SCHOOL,PRIVATE,NAIROBI,NAIROBI,MAKADARA,MAKADARA,MAKADARA,NAIROBI,,-1.28,36.87
NEW MATHARE SCH (PRI),PRIMARY SCHOOL,PRIVATE,NAIROBI,NAIROBI,STAREHE,MATHARE,STAREHE,NAIROBI,,-1.26,36.86
DESCA JNR ACADEMY PRI,PRIMARY SCHOOL,PRIVATE,NAIROBI,NAIROBI,EMBAKASI,EMBAKASI,EMBAKASI,NAIROBI,,-1.31,36.9
MAGODO CHILDRENS HOME - PRI,PRIMARY SCHOOL,PRIVATE,NAIROBI,NAIROBI,MAKADARA,MAKADARA,MAKADARA,NAIROBI,,-1.28,36.87
CASO UPENDO ACADEMY,PRIMARY SCHOOL,PRIVATE,NAIROBI,NAIROBI,KASARANI,RUARAKA,KASARANI,NAIROBI,,-1.26,36.86
JOBBELFER ACADEMY,PRIMARY SCHOOL,PRIVATE,NAIROBI,NAIROBI,EMBAKASI,MUKURU KWA NJENGA,EMBAKASI,NAIROBI,,-1.31,36.89
RUMSFIELD ACADEMY PRI,PRIMARY SCHOOL,PRIVATE,NAIROBI,NAIROBI,STAREHE,MATHARE,STAREHE,NAIROBI,,-1.26,36.85
HERITAGE SCH OF KENYA NUR,PRIMARY SCHOOL,PRIVATE,NAIROBI,NAIROBI,KIBERA,LANGATA,LANGATA,NAIROBI,,-1.34,36.75
JAMII COMMUNITY CENTER PRI,PRIMARY SCHOOL,PRIVATE,NAIROBI,NAIROBI,EMBAKASI,MUKURU KWA NJENGA,EMBAKASI,NAIROBI,,-1.31,36.89
DOMINIQUE JUNIOR ACADEMY - PRI,PRIMARY SCHOOL,PRIVATE,NAIROBI,NAIROBI,MAKADARA,MAKADARA,MAKADARA,NAIROBI,,-1.28,36.88
KANYOROSHA SELF HELP SCH PRI,PRIMARY SCHOOL,PRIVATE,NAIROBI,NAIROBI,WESTLANDS,KANGEMI,WESTLANDS,NAIROBI,,-1.26,36.75
RICKEN DAY CARE PRI,PRIMARY SCHOOL,PRIVATE,NAIROBI,NAIROBI,EMBAKASI,KAYOLE,EMBAKASI,NAIROBI,,-1.28,36.91
WANJA & KIM COMP SCH,PRIMARY SCHOOL,PRIVATE,NAIROBI,NAIROBI,MAKADARA,MAKADARA,MAKADARA,NAIROBI,,-1.28,36.88
ST PAUL PRI SCH,PRIMARY SCHOOL,PRIVATE,NAIROBI,NAIROBI,STAREHE,MATHARE,STAREHE,NAIROBI,,-1.26,36.85
A HAPPY OFFER CHILDRENS CENTER,PRIMARY SCHOOL,PRIVATE,NAIROBI,NAIROBI,EMBAKASI,KAYOLE,EMBAKASI,NAIROBI,,-1.28,36.92
BURUBURU CHURCH OF GOD PRI SCH,PRIMARY SCHOOL,PRIVATE,NAIROBI,NAIROBI,MAKADARA,MAKADARA,MAKADARA,NAIROBI,,-1.29,36.88
MATOPENI PRIMARY,PRIMARY SCHOOL,PRIVATE,NAIROBI,NAIROBI,EMBAKASI,NJIRU,EMBAKASI,NAIROBI,,-1.26,36.93
EDEN JUNNIOR SCH PRI,PRIMARY SCHOOL,PRIVATE,NAIROBI,NAIROBI,STAREHE,MATHARE,STAREHE,NAIROBI,,-1.26,36.84
FUNZO JUNIOR SCH PRI,PRIMARY SCHOOL,PRIVATE,NAIROBI,NAIROBI,STAREHE,MATHARE,STAREHE,NAIROBI,,-1.26,36.84
YOUNG STARS PRIMARY SCH,PRIMARY SCHOOL,PRIVATE,NAIROBI,NAIROBI,EMBAKASI,NJIRU,EMBAKASI,NAIROBI,,-1.26,36.93
HARVEST MISSION PRI SCH,PRIMARY SCHOOL,PRIVATE,NAIROBI,NAIROBI,STAREHE,MATHARE,KAMUKUNJI,NAIROBI,,-1.26,36.84
DANDORA MINORATES PRI,PRIMARY SCHOOL,PRIVATE,NAIROBI,NAIROBI,EMBAKASI,NJIRU,EMBAKASI,NAIROBI,,-1.24,36.92
NAIROBI ACADEMY PRI,PRIMARY SCHOOL,PRIVATE,NAIROBI,NAIROBI,KIBERA,LANGATA,LANGATA,NAIROBI,,-1.34,36.75
KANGEMI CHILDREN CENTER PRI,PRIMARY SCHOOL,PRIVATE,NAIROBI,NAIROBI,WESTLANDS,KANGEMI,WESTLANDS,NAIROBI,,-1.27,36.75
GLOBAL ACADEMY-PRI.,PRIMARY SCHOOL,PRIVATE,NAIROBI,NAIROBI,KASARANI,KASARANI,KASARANI,NAIROBI,,-1.22,36.91
KAG JUNIOR ACADEMY,PRIMARY SCHOOL,PRIVATE,NAIROBI,NAIROBI,STAREHE,MLANGO KUBWA,STAREHE,NAIROBI,,-1.26,36.84
AL MADRASA PRI,PRIMARY SCHOOL,PRIVATE,NAIROBI,NAIROBI,KIBERA,LANGATA,LANGATA,NAIROBI,,-1.36,36.76
WARUKU MILLENIUM SELFHELP GROUP PRI,PRIMARY SCHOOL,PRIVATE,NAIROBI,NAIROBI,WESTLANDS,KANGEMI,WESTLANDS,NAIROBI,,-1.26,36.76
PENUCCI EDC CENTER PRI,PRIMARY SCHOOL,PRIVATE,NAIROBI,NAIROBI,EMBAKASI,RUAI,EMBAKASI,NAIROBI,,-1.26,37.02
SOLIDARITY CHILD RESCUE SCH,PRIMARY SCHOOL,PRIVATE,NAIROBI,NAIROBI,KASARANI,KASARANI,LANGATA,NAIROBI,,-1.22,36.92
CHURCH OF THE ROCK ACADEMY- PRI,PRIMARY SCHOOL,PRIVATE,NAIROBI,NAIROBI,KIBERA,KAREN LANGATA,LANGATA,NAIROBI,,-1.36,36.73
LOVING CONCERN EDUCATION CENTRE PRI,PRIMARY SCHOOL,PRIVATE,NAIROBI,NAIROBI,STAREHE,KARIOKOR,STAREHE,NAIROBI,,-1.26,36.84
HAMONI SELFHELP SCH PRI,PRIMARY SCHOOL,PRIVATE,NAIROBI,NAIROBI,WESTLANDS,KANGEMI,DAGORETTI,NAIROBI,,-1.27,36.75
MT LAVERNA ACADEMY PRI SCH,PRIMARY SCHOOL,PRIVATE,NAIROBI,NAIROBI,KASARANI,KASARANI,KASARANI,NAIROBI,,-1.22,36.92
THUITA DAYCARE PRI,PRIMARY SCHOOL,PRIVATE,NAIROBI,NAIROBI,EMBAKASI,RUAI,EMBAKASI,NAIROBI,,-1.26,36.99
GREAT SAINTS ACADEMY PRI,PRIMARY SCHOOL,PRIVATE,NAIROBI,NAIROBI,WESTLANDS,KANGEMI,WESTLANDS,NAIROBI,,-1.27,36.75
ST FRANCIS INTEGRATED PRI SCH,PRIMARY SCHOOL,PRIVATE,NAIROBI,NAIROBI,KIBERA,LANGATA,LANGATA,NAIROBI,,-1.37,36.74
SPORTSVIEW ST MARYS ACADEMY,PRIMARY SCHOOL,PRIVATE,NAIROBI,NAIROBI,KASARANI,KASARANI,KASARANI,NAIROBI,,-1.22,36.9
KANGEMI VALLEY ACADEMY PRI,PRIMARY SCHOOL,PRIVATE,NAIROBI,NAIROBI,WESTLANDS,KANGEMI,WESTLANDS,NAIROBI,,-1.27,36.74
KILIMANI JUNIOR ACADEMY,PRIMARY SCHOOL,PRIVATE,NAIROBI,NAIROBI,KIBERA,LANGATA,LANGATA,NAIROBI,,-1.36,36.74
ST RACHAEL JUNIOR SCH PRI,PRIMARY SCHOOL,PRIVATE,NAIROBI,NAIROBI,STAREHE,KARIOKOR,STAREHE,NAIROBI,,-1.26,36.84
FRIDOM JUNIOR SCHOOL PRI,PRIMARY SCHOOL,PRIVATE,NAIROBI,NAIROBI,EMBAKASI,UMOJA,EMBAKASI,NAIROBI,,-1.28,36.89
GLAD TOTO JUNIOR SCH,PRIMARY SCHOOL,PRIVATE,NAIROBI,NAIROBI,STAREHE,KARIOKOR,STAREHE,NAIROBI,,-1.26,36.84
BREMIER SCH PRI,PRIMARY SCHOOL,PRIVATE,NAIROBI,NAIROBI,WESTLANDS,KANGEMI,DAGORETTI,NAIROBI,,-1.26,36.73
THE NAIROBI JAPANESE SCH-ELEMENTARY,PRIMARY SCHOOL,PRIVATE,NAIROBI,NAIROBI,KIBERA,LANGATA,LANGATA,NAIROBI,,-1.33,36.75
SPRING FIELDS PRMARY,PRIMARY SCHOOL,PRIVATE,NAIROBI,NAIROBI,EMBAKASI,UMOJA,EMBAKASI,NAIROBI,,-1.28,36.88
TOTAL CARE ACADEMY PRI,PRIMARY SCHOOL,PRIVATE,NAIROBI,NAIROBI,STAREHE,KARIOKOR,STAREHE,NAIROBI,,-1.27,36.84
KYUNA ACADEMY PRI,PRIMARY SCHOOL,PRIVATE,NAIROBI,NAIROBI,WESTLANDS,KITISURU,WESTLANDS,NAIROBI,,-1.25,36.76
SHILIDA ACADEMY-PRI,PRIMARY SCHOOL,PRIVATE,NAIROBI,NAIROBI,KIBERA,LANGATA,LANGATA,NAIROBI,,-1.33,36.76
LAURA ACADEMY PRI,PRIMARY SCHOOL,PRIVATE,NAIROBI,NAIROBI,EMBAKASI,UMOJA,EMBAKASI,NAIROBI,,-1.29,36.89
REDEMPTAS ACADEMY PRI SCH,PRIMARY SCHOOL,PRIVATE,NAIROBI,NAIROBI,STAREHE,KARIOKOR,STAREHE,NAIROBI,,-1.27,36.84
NEMI ACADEMY PRI,PRIMARY SCHOOL,PRIVATE,NAIROBI,NAIROBI,STAREHE,KARIOKOR,STAREHE,NAIROBI,,-1.26,36.84
MAKINI JUNIOR ACADEMY PRI,PRIMARY SCHOOL,PRIVATE,NAIROBI,NAIROBI,WESTLANDS,KILIMANI,WESTLANDS,NAIROBI,,-1.29,36.81
BOMA PARK PRI SCH,PRIMARY SCHOOL,PRIVATE,NAIROBI,NAIROBI,KIBERA,LANGATA,LANGATA,NAIROBI,,-1.34,36.77
KAHUHO ROAD PRI SCH,PRIMARY SCHOOL,PRIVATE,NAIROBI,NAIROBI,DAGORETTI,RIRUTA,DAGORETTI,NAIROBI,,-1.29,36.73
MATHARE FAMILY HOPE CENTRE PRI,PRIMARY SCHOOL,PRIVATE,NAIROBI,NAIROBI,STAREHE,KARIOKOR,STAREHE,NAIROBI,,-1.26,36.84
BROOKHOUSE SCHOOLS-PRI,PRIMARY SCHOOL,PRIVATE,NAIROBI,NAIROBI,KIBERA,LANGATA,LANGATA,NAIROBI,,-1.34,36.76
GREEN COTTAGE ACADEMY - PRI,PRIMARY SCHOOL,PRIVATE,NAIROBI,NAIROBI,KASARANI,KAHAWA,KASARANI,NAIROBI,,-1.18,36.9
COMMUNITY CARE EDUCATIONAL ORGANIZATION PRI,PRIMARY SCHOOL,PRIVATE,NAIROBI,NAIROBI,STAREHE,PANGANI,STAREHE,NAIROBI,,-1.26,36.84
DESAI MEMORIAL PRI SCH,PRIMARY SCHOOL,PRIVATE,NAIROBI,NAIROBI,DAGORETTI,KAWANGWARE,DAGORETTI,NAIROBI,,-1.27,36.75
BANDA SCHOOL-PRI,PRIMARY SCHOOL,PRIVATE,NAIROBI,NAIROBI,KIBERA,LANGATA,LANGATA,NAIROBI,,-1.36,36.77
MARION ACADEMY,PRIMARY SCHOOL,PRIVATE,NAIROBI,NAIROBI,KASARANI,KAHAWA,KASARANI,NAIROBI,,-1.18,36.9
COMPUERA ACADEMY PRI,PRIMARY SCHOOL,PRIVATE,NAIROBI,NAIROBI,WESTLANDS,KILIMANI,WESTLANDS,NAIROBI,,-1.27,36.8
LANGATA JUNIOR ACADEMY,PRIMARY SCHOOL,PRIVATE,NAIROBI,NAIROBI,KIBERA,MUGUMOINI,LANGATA,NAIROBI,,-1.33,36.78
KIWANJA PRI SCH,PRIMARY SCHOOL,PRIVATE,NAIROBI,NAIROBI,KASARANI,KAHAWA,KASARANI,NAIROBI,,-1.17,36.92
PCEA LANGATA PRI SCH,PRIMARY SCHOOL,PRIVATE,NAIROBI,NAIROBI,KIBERA,MUGUMOINI,LANGATA,NAIROBI,,-1.33,36.78
KIWANJA BRIGHT STAR PRI SCH,PRIMARY SCHOOL,PRIVATE,NAIROBI,NAIROBI,KASARANI,KAHAWA,KASARANI,NAIROBI,,-1.17,36.92
TALENT ACADEMY PRI.,PRIMARY SCHOOL,PRIVATE,NAIROBI,NAIROBI,KIBERA,MUGUMOINI,LANGATA,NAIROBI,,-1.32,36.78
DORBEN JUNIOR ACADEMY - PRI,PRIMARY SCHOOL,PRIVATE,NAIROBI,NAIROBI,KASARANI,KAHAWA,KASARANI,NAIROBI,,-1.17,36.91
MAXWELL ADVENTIST PREP. SCH - PRI,PRIMARY SCHOOL,PRIVATE,NAIROBI,NAIROBI,WESTLANDS,KILIMANI,WESTLANDS,NAIROBI,,-1.29,36.81
VENDRAMINI EDUCATION CENTER,PRIMARY SCHOOL,PRIVATE,NAIROBI,NAIROBI,KASARANI,KAHAWA,KASARANI,NAIROBI,,-1.18,36.91
MALEZI SCHOOL PRI,PRIMARY SCHOOL,PRIVATE,NAIROBI,NAIROBI,KIBERA,MUGUMOINI,LANGATA,NAIROBI,,-1.32,36.79
REBY PETER MEMORIAL ACADEMY,PRIMARY SCHOOL,PRIVATE,NAIROBI,NAIROBI,KASARANI,KAHAWA,KASARANI,NAIROBI,,-1.18,36.91
ALLEN GROVE SCH PRI,PRIMARY SCHOOL,PRIVATE,NAIROBI,NAIROBI,WESTLANDS,KILIMANI,WESTLANDS,NAIROBI,,-1.29,36.8
THREE STARS ACADEMY - PRI,PRIMARY SCHOOL,PRIVATE,NAIROBI,NAIROBI,KASARANI,KAHAWA,KASARANI,NAIROBI,,-1.18,36.9
ST. NICHOLAS SCH PRI,PRIMARY SCHOOL,PRIVATE,NAIROBI,NAIROBI,WESTLANDS,KILIMANI,WESTLANDS,NAIROBI,,-1.29,36.8
KAHAWA BAPTIST PRI SCH,PRIMARY SCHOOL,PRIVATE,NAIROBI,NAIROBI,KASARANI,KAHAWA,KASARANI,NAIROBI,,-1.18,36.9
ST. CHRISTOPHER'S PREP. SCH  - PRI,PRIMARY SCHOOL,PRIVATE,NAIROBI,NAIROBI,WESTLANDS,KILIMANI,WESTLANDS,NAIROBI,,-1.3,36.79
BAS ACADEMY - PRI,PRIMARY SCHOOL,PRIVATE,NAIROBI,NAIROBI,KASARANI,KAHAWA,LANGATA,NAIROBI,,-1.18,36.9
YOUNG ANGELS ACADEMY PRI,PRIMARY SCHOOL,PRIVATE,NAIROBI,NAIROBI,STAREHE,KARIOKOR,STAREHE,NAIROBI,,-1.27,36.84
IVY PRI. SCH,PRIMARY SCHOOL,PRIVATE,NAIROBI,NAIROBI,KASARANI,GITHURAI,KASARANI,NAIROBI,,-1.19,36.9
JONATHAN GLOAG ACADEMY,PRIMARY SCHOOL,PRIVATE,NAIROBI,NAIROBI,KIBERA,NAIROBI WEST,LANGATA,NAIROBI,,-1.31,36.82
VINEYARD SCH - PRI,PRIMARY SCHOOL,PRIVATE,NAIROBI,NAIROBI,WESTLANDS,KILIMANI,WESTLANDS,NAIROBI,,-1.29,36.77
FUNGUO PRI SCH,PRIMARY SCHOOL,PRIVATE,NAIROBI,NAIROBI,KIBERA,NAIROBI WEST,LANGATA,NAIROBI,,-1.31,36.81
ST. HANNAH'S PREPARATORY SCH - PRI,PRIMARY SCHOOL,PRIVATE,NAIROBI,NAIROBI,WESTLANDS,KILIMANI,WESTLANDS,NAIROBI,,-1.3,36.77
ALL SAINTS CATHEDRAL PRI SCH,PRIMARY SCHOOL,PRIVATE,NAIROBI,NAIROBI,KIBERA,NAIROBI WEST,LANGATA,NAIROBI,,-1.31,36.81
ST. NICHOLAS ANNEX PREP. SCH - PRI,PRIMARY SCHOOL,PRIVATE,NAIROBI,NAIROBI,WESTLANDS,KILIMANI,WESTLANDS,NAIROBI,,-1.3,36.78
DRUG FIGHTERS PRI SCH,PRIMARY SCHOOL,PRIVATE,NAIROBI,NAIROBI,KIBERA,LAINI SABA,LANGATA,NAIROBI,,-1.31,36.79
NEW HOPE OUTREACH MINISTRIES PRI SCH.,PRIMARY SCHOOL,PRIVATE,NAIROBI,NAIROBI,KIBERA,NAIROBI WEST,LANGATA,NAIROBI,,-1.31,36.81
MARANATHA LAINI SABA PRI SCH,PRIMARY SCHOOL,PRIVATE,NAIROBI,NAIROBI,KIBERA,LAINI SABA,LANGATA,NAIROBI,,-1.31,36.79
SHREE CUTCHI LEVA PATEL PRI,PRIMARY SCHOOL,PRIVATE,NAIROBI,NAIROBI,KIBERA,NAIROBI WEST,LANGATA,NAIROBI,,-1.31,36.82
RIARA ROAD PRI SCH,PRIMARY SCHOOL,PRIVATE,NAIROBI,NAIROBI,WESTLANDS,LAVINGTON,WESTLANDS,NAIROBI,,-1.3,36.77
MOI EDUCATIONAL CENTER- PRI,PRIMARY SCHOOL,PRIVATE,NAIROBI,NAIROBI,KIBERA,NAIROBI WEST,LANGATA,NAIROBI,,-1.31,36.82
JONLESTA  SCH - PRI,PRIMARY SCHOOL,PRIVATE,NAIROBI,NAIROBI,WESTLANDS,LAVINGTON,WESTLANDS,NAIROBI,,-1.3,36.77
HOPE RESTORATION PRI SCH,PRIMARY SCHOOL,PRIVATE,NAIROBI,NAIROBI,KIBERA,LAINI SABA,LANGATA,NAIROBI,,-1.31,36.79
NAIROBI MUSLIM ACADEMY- PRI,PRIMARY SCHOOL,PRIVATE,NAIROBI,NAIROBI,KIBERA,NAIROBI WEST,LANGATA,NAIROBI,,-1.31,36.82
MAKINI SCH NGONG ROAD - PRI,PRIMARY SCHOOL,PRIVATE,NAIROBI,NAIROBI,WESTLANDS,LAVINGTON,WESTLANDS,NAIROBI,,-1.29,36.77
PATMOS PRI SCH,PRIMARY SCHOOL,PRIVATE,NAIROBI,NAIROBI,KIBERA,LAINI SABA,LANGATA,NAIROBI,,-1.31,36.79
MAKINI PRI SCH,PRIMARY SCHOOL,PRIVATE,NAIROBI,NAIROBI,WESTLANDS,LAVINGTON,WESTLANDS,NAIROBI,,-1.29,36.77
ST JOHNS ESCAPE PRI SCH,PRIMARY SCHOOL,PRIVATE,NAIROBI,NAIROBI,KIBERA,KIBERA,LANGATA,NAIROBI,,-1.31,36.79
NAIROBI SOUTH PRI,PRIMARY SCHOOL,PRIVATE,NAIROBI,NAIROBI,KIBERA,NAIROBI WEST,LANGATA,NAIROBI,,-1.31,36.82
KIBERA FREE METHODIST ACADEMY,PRIMARY SCHOOL,PRIVATE,NAIROBI,NAIROBI,KIBERA,LAINI SABA,LANGATA,NAIROBI,,-1.31,36.79
FAULU ACADEMY PRI SCH,PRIMARY SCHOOL,PRIVATE,NAIROBI,NAIROBI,KIBERA,NAIROBI WEST,LANGATA,NAIROBI,,-1.31,36.83
SOWETO BAPTIST PRI SCH,PRIMARY SCHOOL,PRIVATE,NAIROBI,NAIROBI,KIBERA,LAINI SABA,LANGATA,NAIROBI,,-1.31,36.8
VICTORIA HOPE CHILDREN CENTRE PRI SCH,PRIMARY SCHOOL,PRIVATE,NAIROBI,NAIROBI,KIBERA,LAINI SABA,LANGATA,NAIROBI,,-1.31,36.8
WINKA ACADEMY,PRIMARY SCHOOL,PRIVATE,NAIROBI,NAIROBI,KIBERA,NAIROBI WEST,LANGATA,NAIROBI,,-1.31,36.83
KCCL PRI SCH,PRIMARY SCHOOL,PRIVATE,NAIROBI,NAIROBI,WESTLANDS,LAVINGTON,DAGORETTI,NAIROBI,,-1.29,36.76
KIBERA BLESSED ACADEMY - PRI,PRIMARY SCHOOL,PRIVATE,NAIROBI,NAIROBI,KIBERA,LAINI SABA,LANGATA,NAIROBI,,-1.31,36.8
BRAEBURN SCH - PRIMARY,PRIMARY SCHOOL,PRIVATE,NAIROBI,NAIROBI,WESTLANDS,LAVINGTON,WESTLANDS,NAIROBI,,-1.29,36.75
ST GABRIEL PRI SCH,PRIMARY SCHOOL,PRIVATE,NAIROBI,NAIROBI,KIBERA,LAINI SABA,LANGATA,NAIROBI,,-1.31,36.8
RUSINGA SCHOOL NAIROBI - PRI,PRIMARY SCHOOL,PRIVATE,NAIROBI,NAIROBI,WESTLANDS,LAVINGTON,DAGORETTI,NAIROBI,,-1.29,36.75
UNDUGU BASIC ED PROGRAMME KIBERA,PRIMARY SCHOOL,PRIVATE,NAIROBI,NAIROBI,KIBERA,KIBERA,LANGATA,NAIROBI,,-1.31,36.8
ST ANNAH'S PRIMARY,PRIMARY SCHOOL,PRIVATE,NAIROBI,NAIROBI,KIBERA,NAIROBI WEST,LANGATA,NAIROBI,,-1.31,36.83
RUDAN JUNIOR ACADEMY - PRI SCH,PRIMARY SCHOOL,PRIVATE,NAIROBI,NAIROBI,WESTLANDS,LAVINGTON,WESTLANDS,NAIROBI,,-1.28,36.76
KIBERA SILANGA USHIRIKA GROUP PRI SCH,PRIMARY SCHOOL,PRIVATE,NAIROBI,NAIROBI,KIBERA,KIBERA,LANGATA,NAIROBI,,-1.32,36.8
HAPPY HOUSE ACADEMY PRI,PRIMARY SCHOOL,PRIVATE,NAIROBI,NAIROBI,KIBERA,NAIROBI WEST,LANGATA,NAIROBI,,-1.32,36.84
LAVINGTON UNITED CHURCH ACADEMY - PRI,PRIMARY SCHOOL,PRIVATE,NAIROBI,NAIROBI,WESTLANDS,LAVINGTON,WESTLANDS,NAIROBI,,-1.28,36.77
BEMACA ACADEMY - PRI,PRIMARY SCHOOL,PRIVATE,NAIROBI,NAIROBI,KIBERA,KIBERA,LANGATA,NAIROBI,,-1.31,36.79
BELLEVUE PRIMARY,PRIMARY SCHOOL,PRIVATE,NAIROBI,NAIROBI,KIBERA,NAIROBI WEST,LANGATA,NAIROBI,,-1.32,36.83
ST JOHN SCH KIBREA PRI,PRIMARY SCHOOL,PRIVATE,NAIROBI,NAIROBI,KIBERA,KIBERA,LANGATA,NAIROBI,,-1.32,36.8
THREE BELLS ACADEMY,PRIMARY SCHOOL,PRIVATE,NAIROBI,NAIROBI,DAGORETTI,KENYATTA/GOLF COURSE,LANGATA,NAIROBI,,-1.3,36.77
ST. AUSTIN'S ACADEMY -PRI,PRIMARY SCHOOL,PRIVATE,NAIROBI,NAIROBI,WESTLANDS,LAVINGTON,WESTLANDS,NAIROBI,,-1.28,36.77
ST PHILIPE PRI SCH,PRIMARY SCHOOL,PRIVATE,NAIROBI,NAIROBI,KIBERA,KIBERA,LANGATA,NAIROBI,,-1.32,36.79
CLIQUE NINE ACADEMY PRI SCH.,PRIMARY SCHOOL,PRIVATE,NAIROBI,NAIROBI,DAGORETTI,KENYATTA/GOLF COURSE,LANGATA,NAIROBI,,-1.3,36.77
ST. MARY'S SCH - PRI,PRIMARY SCHOOL,PRIVATE,NAIROBI,NAIROBI,WESTLANDS,LAVINGTON,WESTLANDS,NAIROBI,,-1.26,36.78
KIBERA SILANGA BIBLE BAPTIST PRI SCH,PRIMARY SCHOOL,PRIVATE,NAIROBI,NAIROBI,KIBERA,KIBERA,LANGATA,NAIROBI,,-1.32,36.79
JOY ACADEMY PRIMARY,PRIMARY SCHOOL,PRIVATE,NAIROBI,NAIROBI,KIBERA,SERA NGOMBE,LANGATA,NAIROBI,,-1.31,36.77
MOC PRI SCH,PRIMARY SCHOOL,PRIVATE,NAIROBI,NAIROBI,KIBERA,KIBERA,LANGATA,NAIROBI,,-1.31,36.79
LORETO CONVENT MSONGARI PRI,PRIMARY SCHOOL,PRIVATE,NAIROBI,NAIROBI,WESTLANDS,LAVINGTON,WESTLANDS,NAIROBI,,-1.26,36.77
LINDI USHIRIKA WA USAFI NA MAENDELEO-PRI SCH,PRIMARY SCHOOL,PRIVATE,NAIROBI,NAIROBI,KIBERA,KIBERA,LANGATA,NAIROBI,,-1.31,36.79
CECILIA ACADEMY,PRIMARY SCHOOL,PRIVATE,NAIROBI,NAIROBI,KIBERA,SERA NGOMBE,LANGATA,NAIROBI,,-1.31,36.77
NAIROBI JAFFREYS  ACADEMY - PRI,PRIMARY SCHOOL,PRIVATE,NAIROBI,NAIROBI,WESTLANDS,LAVINGTON,WESTLANDS,NAIROBI,,-1.27,36.77
ST JUDY ACADEMY PRI SCH.,PRIMARY SCHOOL,PRIVATE,NAIROBI,NAIROBI,KIBERA,SERA NGOMBE,LANGATA,NAIROBI,,-1.31,36.78
ST MICHAELS HOLY UNITY  PRIMARY SCH,PRIMARY SCHOOL,PRIVATE,NAIROBI,NAIROBI,KIBERA,LANGATA,LANGATA,NAIROBI,,-1.31,36.77
STRATHMORE SCHOOL - PRI,PRIMARY SCHOOL,PRIVATE,NAIROBI,NAIROBI,WESTLANDS,LAVINGTON,WESTLANDS,NAIROBI,,-1.27,36.78
BETHEL CHILDREN CENTRE PRI SCH,PRIMARY SCHOOL,PRIVATE,NAIROBI,NAIROBI,KIBERA,SERA NGOMBE,LANGATA,NAIROBI,,-1.31,36.78
BARAKA ZA IBRAHIM CHLDREN CENTER-PRI SCH,PRIMARY SCHOOL,PRIVATE,NAIROBI,NAIROBI,KIBERA,SERA NGOMBE,LANGATA,NAIROBI,,-1.31,36.78
AUGUSTANA ACADEMY - PRI,PRIMARY SCHOOL,PRIVATE,NAIROBI,NAIROBI,WESTLANDS,KILIMANI,WESTLANDS,NAIROBI,,-1.27,36.78
CANA JUNOIR ACADEMY PRI,PRIMARY SCHOOL,PRIVATE,NAIROBI,NAIROBI,KIBERA,SERA NGOMBE,LANGATA,NAIROBI,,-1.31,36.78
KENTON COLLEGE PREPARATORY SCHOOL,PRIMARY SCHOOL,PRIVATE,NAIROBI,NAIROBI,WESTLANDS,KILIMANI,WESTLANDS,NAIROBI,,-1.28,36.79
NEEMA PRI SCH,PRIMARY SCHOOL,PRIVATE,NAIROBI,NAIROBI,KIBERA,SERA NGOMBE,LANGATA,NAIROBI,,-1.31,36.79
PALM OLIVE ACADEMY,PRIMARY SCHOOL,PRIVATE,NAIROBI,NAIROBI,KIBERA,SERA NGOMBE,LANGATA,NAIROBI,,-1.31,36.78
GATWEKERA MISSIONARIES OF CHARITY PRI SCH,PRIMARY SCHOOL,PRIVATE,NAIROBI,NAIROBI,KIBERA,SERA NGOMBE,LANGATA,NAIROBI,,-1.31,36.78
RAILA EDUCATIONAL CENTER-PRIMARY,PRIMARY SCHOOL,PRIVATE,NAIROBI,NAIROBI,KIBERA,KIBERA,LANGATA,NAIROBI,,-1.31,36.78
GUUM PRI SCH,PRIMARY SCHOOL,PRIVATE,NAIROBI,NAIROBI,KIBERA,SERA NGOMBE,LANGATA,NAIROBI,,-1.31,36.78
ST. BENEDICT'S PRI SCH,PRIMARY SCHOOL,PRIVATE,NAIROBI,NAIROBI,KASARANI,ROYSAMBU,KASARANI,NAIROBI,,-1.25,36.86
MURURA BAPTIST PRI SCH,PRIMARY SCHOOL,PRIVATE,NAIROBI,NAIROBI,KASARANI,KARIOBANGI,KASARANI,NAIROBI,,-1.25,36.88
ST. SCHOLASTICA'S ACADEMY- PRI SCH,PRIMARY SCHOOL,PRIVATE,NAIROBI,NAIROBI,KASARANI,ROYSAMBU,KASARANI,NAIROBI,,-1.25,36.85
MOUNTAIN VIEW SCHOOL - PRI,PRIMARY SCHOOL,PRIVATE,NAIROBI,NAIROBI,KASARANI,ROYSAMBU,KASARANI,NAIROBI,,-1.22,36.88
THE MOUNT KENYA PREP SCH,PRIMARY SCHOOL,PRIVATE,NAIROBI,NAIROBI,KASARANI,KARIOBANGI,KASARANI,NAIROBI,,-1.25,36.88
KASARANI PREP SCHOOL,PRIMARY SCHOOL,PRIVATE,NAIROBI,NAIROBI,KASARANI,MWIKI,KASARANI,NAIROBI,,-1.23,36.93
KARIOBANGI PAG PRI SCH,PRIMARY SCHOOL,PRIVATE,NAIROBI,NAIROBI,KASARANI,KARIOBANGI,KASARANI,NAIROBI,,-1.25,36.88
SIMCOD COMM. DEVPT.  EDUCATIONAL CENTRE - SU,PRIMARY SCHOOL,PRIVATE,NAIROBI,NAIROBI,KASARANI,KASARANI,KASARANI,NAIROBI,,-1.23,36.93
NOVEN NUR & COMM YOUTH CENTER PRI,PRIMARY SCHOOL,PRIVATE,NAIROBI,NAIROBI,KASARANI,KARIOBANGI,KASARANI,NAIROBI,,-1.25,36.88
SIMCOD COMM. DEVPT.  EDUCATIONAL CENTRE - PRI,PRIMARY SCHOOL,PRIVATE,NAIROBI,NAIROBI,KASARANI,KASARANI,KASARANI,NAIROBI,,-1.23,36.93
CHRISTIAN OUTREACH LEARNING CENTRE PRI,PRIMARY SCHOOL,PRIVATE,NAIROBI,NAIROBI,KASARANI,KASARANI,KASARANI,NAIROBI,,-1.23,36.93
ST CHRISTOPHER PRI SCH,PRIMARY SCHOOL,PRIVATE,NAIROBI,NAIROBI,KASARANI,RUARAKA,KASARANI,NAIROBI,,-1.25,36.87
SANDOTA EDUCATIONAL CENTRE - PRI,PRIMARY SCHOOL,PRIVATE,NAIROBI,NAIROBI,KASARANI,KASARANI,KASARANI,NAIROBI,,-1.23,36.93
QUEENS JUNIOR PRI SCH,PRIMARY SCHOOL,PRIVATE,NAIROBI,NAIROBI,KASARANI,RUARAKA,KASARANI,NAIROBI,,-1.25,36.87
DICKMA ACADEMY - PRI,PRIMARY SCHOOL,PRIVATE,NAIROBI,NAIROBI,KASARANI,KASARANI,KASARANI,NAIROBI,,-1.23,36.93
JODAMPA ACADEMY PRI,PRIMARY SCHOOL,PRIVATE,NAIROBI,NAIROBI,KASARANI,RUARAKA,KASARANI,NAIROBI,,-1.25,36.87
MAWIRA YOUTH & INFORMAL CENTRE - PRI,PRIMARY SCHOOL,PRIVATE,NAIROBI,NAIROBI,KASARANI,KASARANI,KASARANI,NAIROBI,,-1.22,36.93
BGRIGHT ANGELS JUNIOR SCH - PRI,PRIMARY SCHOOL,PRIVATE,NAIROBI,NAIROBI,KASARANI,RUARAKA,KASARANI,NAIROBI,,-1.25,36.87
ROREEN JUNIOR SCH - PRI,PRIMARY SCHOOL,PRIVATE,NAIROBI,NAIROBI,KASARANI,KASARANI,KASARANI,NAIROBI,,-1.23,36.93
AMITO JUNIOR SCH PRI,PRIMARY SCHOOL,PRIVATE,NAIROBI,NAIROBI,KASARANI,RUARAKA,KASARANI,NAIROBI,,-1.25,36.87
SANTAPRIS ACADEMY  - PRI,PRIMARY SCHOOL,PRIVATE,NAIROBI,NAIROBI,KASARANI,KASARANI,KASARANI,NAIROBI,,-1.23,36.93
MOGRA STAR JUNIOR ACADEMY - PRI,PRIMARY SCHOOL,PRIVATE,NAIROBI,NAIROBI,KASARANI,RUARAKA,KASARANI,NAIROBI,,-1.25,36.87
EXETER ACADEMY COMPLEX - PRI,PRIMARY SCHOOL,PRIVATE,NAIROBI,NAIROBI,KASARANI,KASARANI,KASARANI,NAIROBI,,-1.23,36.93
LUCETA JUNIOR SCH PRI,PRIMARY SCHOOL,PRIVATE,NAIROBI,NAIROBI,KASARANI,RUARAKA,KASARANI,NAIROBI,,-1.25,36.87
MOGRA STAR ACADEMY PRI,PRIMARY SCHOOL,PRIVATE,NAIROBI,NAIROBI,KASARANI,RUARAKA,KASARANI,NAIROBI,,-1.25,36.87
GREEN PLAIN ACADEMY PRI,PRIMARY SCHOOL,PRIVATE,NAIROBI,NAIROBI,KASARANI,KASARANI,KASARANI,NAIROBI,,-1.23,36.94
RAMULA SUCCESS ACADEMY PRI,PRIMARY SCHOOL,PRIVATE,NAIROBI,NAIROBI,KASARANI,RUARAKA,KASARANI,NAIROBI,,-1.25,36.87
ST. JACINTA JNR CHRISTIAN PRI SCH.,PRIMARY SCHOOL,PRIVATE,NAIROBI,NAIROBI,KASARANI,KASARANI,KASARANI,NAIROBI,,-1.23,36.94
QUEENROSE DAYCARE PRI SCH,PRIMARY SCHOOL,PRIVATE,NAIROBI,NAIROBI,KASARANI,RUARAKA,KASARANI,NAIROBI,,-1.25,36.87
PCEA MWIKI EDUCATIONAL CENTRE,PRIMARY SCHOOL,PRIVATE,NAIROBI,NAIROBI,KASARANI,MWIKI,KASARANI,NAIROBI,,-1.23,36.94
JOJO JUNIOR SCH PRI,PRIMARY SCHOOL,PRIVATE,NAIROBI,NAIROBI,KASARANI,UTALII,KASARANI,NAIROBI,,-1.25,36.87
ST. JUDE'S ACADEMY - PRI,PRIMARY SCHOOL,PRIVATE,NAIROBI,NAIROBI,KASARANI,KASARANI,KASARANI,NAIROBI,,-1.23,36.94
YOUNG HEIRS ACADEMY PRI,PRIMARY SCHOOL,PRIVATE,NAIROBI,NAIROBI,KASARANI,RUARAKA,KASARANI,NAIROBI,,-1.25,36.87
BLESSED BRAINS EDUCATIONAL TRUST  SCH -PRI,PRIMARY SCHOOL,PRIVATE,NAIROBI,NAIROBI,KASARANI,KASARANI,KASARANI,NAIROBI,,-1.23,36.93
GOSHEN ED CENTER PRI,PRIMARY SCHOOL,PRIVATE,NAIROBI,NAIROBI,KASARANI,RUARAKA,KASARANI,NAIROBI,,-1.25,36.87
MWIKI GOODHOPE ACADEMY - PRI,PRIMARY SCHOOL,PRIVATE,NAIROBI,NAIROBI,KASARANI,KASARANI,KASARANI,NAIROBI,,-1.23,36.94
NELION ACADEMY,PRIMARY SCHOOL,PRIVATE,NAIROBI,NAIROBI,KASARANI,KASARANI,KASARANI,NAIROBI,,-1.23,36.94
HAPPY TIMES ACADEMY PRI,PRIMARY SCHOOL,PRIVATE,NAIROBI,NAIROBI,KASARANI,RUARAKA,KASARANI,NAIROBI,,-1.25,36.87
RIDGE ACADEMY - PRI SCH,PRIMARY SCHOOL,PRIVATE,NAIROBI,NAIROBI,KASARANI,KASARANI,KASARANI,NAIROBI,,-1.23,36.94
BENCIA PREP SCH - PRI,PRIMARY SCHOOL,PRIVATE,NAIROBI,NAIROBI,KASARANI,RUARAKA,KASARANI,NAIROBI,,-1.25,36.87
EUREKA SCHOOL - PRI,PRIMARY SCHOOL,PRIVATE,NAIROBI,NAIROBI,KASARANI,MWIKI,KASARANI,NAIROBI,,-1.23,36.93
STERLUM PRI SCH,PRIMARY SCHOOL,PRIVATE,NAIROBI,NAIROBI,KASARANI,RUARAKA,KASARANI,NAIROBI,,-1.25,36.87
PRESTIGE SCH - PRI,PRIMARY SCHOOL,PRIVATE,NAIROBI,NAIROBI,KASARANI,KASARANI,KASARANI,NAIROBI,,-1.23,36.93
HIGHVIEW SCH PRI,PRIMARY SCHOOL,PRIVATE,NAIROBI,NAIROBI,KASARANI,RUARAKA,KASARANI,NAIROBI,,-1.25,36.87
HOPE LEARNING CENTRE,PRIMARY SCHOOL,PRIVATE,NAIROBI,NAIROBI,KASARANI,MWIKI,KASARANI,NAIROBI,,-1.23,36.93
KOYOVE ACADEMY PRI,PRIMARY SCHOOL,PRIVATE,NAIROBI,NAIROBI,KASARANI,RUARAKA,KASARANI,NAIROBI,,-1.25,36.87
JEHACA ACADEMY - PRI,PRIMARY SCHOOL,PRIVATE,NAIROBI,NAIROBI,KASARANI,KASARANI,KASARANI,NAIROBI,,-1.23,36.93
MWITO ACADEMY - PRI,PRIMARY SCHOOL,PRIVATE,NAIROBI,NAIROBI,KASARANI,RUARAKA,KASARANI,NAIROBI,,-1.25,36.87
VERO'S KINDERGATEN & SCH -PRI,PRIMARY SCHOOL,PRIVATE,NAIROBI,NAIROBI,KASARANI,KASARANI,KASARANI,NAIROBI,,-1.24,36.93
PENIKEVA ACADEMY,PRIMARY SCHOOL,PRIVATE,NAIROBI,NAIROBI,KASARANI,RUARAKA,KASARANI,NAIROBI,,-1.25,36.87
SASIMU JNR ACADEMY  - PRI,PRIMARY SCHOOL,PRIVATE,NAIROBI,NAIROBI,KASARANI,KASARANI,KASARANI,NAIROBI,,-1.23,36.93
MERCURY JUNIOR ACADEMY PRI,PRIMARY SCHOOL,PRIVATE,NAIROBI,NAIROBI,KASARANI,RUARAKA,KASARANI,NAIROBI,,-1.25,36.87
FAITH CHRISTIAN SCHOOL - PRI,PRIMARY SCHOOL,PRIVATE,NAIROBI,NAIROBI,KASARANI,KASARANI,KASARANI,NAIROBI,,-1.23,36.93
PRECIOUS KIDS SCH,PRIMARY SCHOOL,PRIVATE,NAIROBI,NAIROBI,KASARANI,RUARAKA,KASARANI,NAIROBI,,-1.25,36.87
MWIKI MERCY CHILDRENS CENTRE - PRI,PRIMARY SCHOOL,PRIVATE,NAIROBI,NAIROBI,KASARANI,KASARANI,KASARANI,NAIROBI,,-1.23,36.93
BETTERLIFE COMM CENTER PRI SCH,PRIMARY SCHOOL,PRIVATE,NAIROBI,NAIROBI,KASARANI,RUARAKA,KASARANI,NAIROBI,,-1.25,36.87
MERCURY JNR ACADEMY - PRI,PRIMARY SCHOOL,PRIVATE,NAIROBI,NAIROBI,KASARANI,KASARANI,KASARANI,NAIROBI,,-1.24,36.92
GRACIOUS ACADEMY,PRIMARY SCHOOL,PRIVATE,NAIROBI,NAIROBI,KASARANI,RUARAKA,KASARANI,NAIROBI,,-1.25,36.87
CLASSMAX ACADEMY - PRI,PRIMARY SCHOOL,PRIVATE,NAIROBI,NAIROBI,KASARANI,KASARANI,KASARANI,NAIROBI,,-1.24,36.93
MENNOR KIDS CHILDREN CENTER PRI SCH,PRIMARY SCHOOL,PRIVATE,NAIROBI,NAIROBI,KASARANI,RUARAKA,KASARANI,NAIROBI,,-1.25,36.87
LAWNA ACADEMY - PRI,PRIMARY SCHOOL,PRIVATE,NAIROBI,NAIROBI,KASARANI,KASARANI,KASARANI,NAIROBI,,-1.24,36.93
LIGHTHOUSE GRACE ACADEMY,PRIMARY SCHOOL,PRIVATE,NAIROBI,NAIROBI,KASARANI,RUARAKA,KASARANI,NAIROBI,,-1.25,36.88
EUNIAH CENTRE - PRI,PRIMARY SCHOOL,PRIVATE,NAIROBI,NAIROBI,KASARANI,KASARANI,KASARANI,NAIROBI,,-1.22,36.92
BENROSE ACADEMY - PRI,PRIMARY SCHOOL,PRIVATE,NAIROBI,NAIROBI,KASARANI,KASARANI,KASARANI,NAIROBI,,-1.22,36.92
WORLD HARVEST MISSION CHURCH PRI SCH,PRIMARY SCHOOL,PRIVATE,NAIROBI,NAIROBI,EMBAKASI,UMOJA,EMBAKASI,NAIROBI,,-1.29,36.9
ESTEEM ACADEMY - PRI SCH,PRIMARY SCHOOL,PRIVATE,NAIROBI,NAIROBI,KASARANI,KASARANI,KASARANI,NAIROBI,,-1.22,36.92
GOODWILL LEARNERS CENTER PRI  SCH,PRIMARY SCHOOL,PRIVATE,NAIROBI,NAIROBI,EMBAKASI,KAYOLE,EMBAKASI,NAIROBI,,-1.27,36.91
FIRM FOUNDATION SENIOR SCH - PRI,PRIMARY SCHOOL,PRIVATE,NAIROBI,NAIROBI,KASARANI,KASARANI,KASARANI,NAIROBI,,-1.23,36.93
SAINTS EDUCATION CENTRE PRI,PRIMARY SCHOOL,PRIVATE,NAIROBI,NAIROBI,EMBAKASI,KAYOLE,EMBAKASI,NAIROBI,,-1.27,36.91
ADDAR ACADEMY - PRI SCH,PRIMARY SCHOOL,PRIVATE,NAIROBI,NAIROBI,KASARANI,KASARANI,KASARANI,NAIROBI,,-1.23,36.92
FOUNTAIN FILL PRI SCH,PRIMARY SCHOOL,PRIVATE,NAIROBI,NAIROBI,EMBAKASI,UMOJA,EMBAKASI,NAIROBI,,-1.28,36.89
MAWEZI PREP SCH - PRI,PRIMARY SCHOOL,PRIVATE,NAIROBI,NAIROBI,KASARANI,KASARANI,KASARANI,NAIROBI,,-1.23,36.92
GREEN ANGELS ACADEMY PRI,PRIMARY SCHOOL,PRIVATE,NAIROBI,NAIROBI,EMBAKASI,UMOJA,EMBAKASI,NAIROBI,,-1.28,36.89
LITTLE WONDER SCHOOL - PRI,PRIMARY SCHOOL,PRIVATE,NAIROBI,NAIROBI,KASARANI,KASARANI,KASARANI,NAIROBI,,-1.23,36.92
HOPE GLAM ACADEMY PRI,PRIMARY SCHOOL,PRIVATE,NAIROBI,NAIROBI,EMBAKASI,KAYOLE,EMBAKASI,NAIROBI,,-1.27,36.91
MT. OLIVE'S EDUCATION CENTRE - PRI,PRIMARY SCHOOL,PRIVATE,NAIROBI,NAIROBI,KASARANI,KASARANI,KASARANI,NAIROBI,,-1.23,36.92
FOUNTAIN JUNIOR PRI SCH,PRIMARY SCHOOL,PRIVATE,NAIROBI,NAIROBI,EMBAKASI,KAYOLE,EMBAKASI,NAIROBI,,-1.27,36.91
DAYLIGHT ED CENTER PRI,PRIMARY SCHOOL,PRIVATE,NAIROBI,NAIROBI,EMBAKASI,KAYOLE,EMBAKASI,NAIROBI,,-1.27,36.91
ROSA MYSTICA ACADEMY,PRIMARY SCHOOL,PRIVATE,NAIROBI,NAIROBI,KASARANI,RUARAKA,KASARANI,NAIROBI,,-1.26,36.86
GRACE ED CENTER PRI SCH,PRIMARY SCHOOL,PRIVATE,NAIROBI,NAIROBI,EMBAKASI,KAYOLE,EMBAKASI,NAIROBI,,-1.27,36.91
BRILLIANT CENTRE PRI SCH.,PRIMARY SCHOOL,PRIVATE,NAIROBI,NAIROBI,KASARANI,ROYSAMBU,KASARANI,NAIROBI,,-1.23,36.86
GOD'S FAVOR PRI SCH,PRIMARY SCHOOL,PRIVATE,NAIROBI,NAIROBI,EMBAKASI,KAYOLE,EMBAKASI,NAIROBI,,-1.27,36.91
VUMILIA DAY - PRI,PRIMARY SCHOOL,PRIVATE,NAIROBI,NAIROBI,KASARANI,RUARAKA,KASARANI,NAIROBI,,-1.26,36.86
SKYROCK PRI SCH,PRIMARY SCHOOL,PRIVATE,NAIROBI,NAIROBI,EMBAKASI,KAYOLE,EMBAKASI,NAIROBI,,-1.27,36.91
BRECLARES REHAB. CENTRE - PRI,PRIMARY SCHOOL,PRIVATE,NAIROBI,NAIROBI,KASARANI,RUARAKA,KASARANI,NAIROBI,,-1.26,36.86
BY FAITH ED CENTER PRI,PRIMARY SCHOOL,PRIVATE,NAIROBI,NAIROBI,EMBAKASI,KAYOLE,EMBAKASI,NAIROBI,,-1.27,36.91
ACTION CHILD CENTRE - PRI,PRIMARY SCHOOL,PRIVATE,NAIROBI,NAIROBI,KASARANI,RUARAKA,KASARANI,NAIROBI,,-1.26,36.86
HAPPY KIDS ED SCH PRI,PRIMARY SCHOOL,PRIVATE,NAIROBI,NAIROBI,EMBAKASI,KAYOLE,EMBAKASI,NAIROBI,,-1.27,36.91
MYTO JNR ACADEMY - PRI,PRIMARY SCHOOL,PRIVATE,NAIROBI,NAIROBI,KASARANI,RUARAKA,KASARANI,NAIROBI,,-1.26,36.86
DIVINE VISION COMM CENTER PRI SCH,PRIMARY SCHOOL,PRIVATE,NAIROBI,NAIROBI,EMBAKASI,KAYOLE,EMBAKASI,NAIROBI,,-1.27,36.92
CASOUPENDO ACADEMY,PRIMARY SCHOOL,PRIVATE,NAIROBI,NAIROBI,KASARANI,RUARAKA,KASARANI,NAIROBI,,-1.26,36.86
TIMANNE JUNIOR ACADEMY - PRI,PRIMARY SCHOOL,PRIVATE,NAIROBI,NAIROBI,EMBAKASI,KAYOLE,EMBAKASI,NAIROBI,,-1.27,36.92
REEDEMED GOSPEL CHURCH SCHOOL,PRIMARY SCHOOL,PRIVATE,NAIROBI,NAIROBI,KASARANI,RUARAKA,KASARANI,NAIROBI,,-1.26,36.86
BRIGHTLITE ED CENTER PRI,PRIMARY SCHOOL,PRIVATE,NAIROBI,NAIROBI,EMBAKASI,KAYOLE,EMBAKASI,NAIROBI,,-1.27,36.92
EXCELLENT CHILD CARE CENTRE -PRI,PRIMARY SCHOOL,PRIVATE,NAIROBI,NAIROBI,KASARANI,RUARAKA,KASARANI,NAIROBI,,-1.26,36.86
HAPPYLAND ACADEMY PRI,PRIMARY SCHOOL,PRIVATE,NAIROBI,NAIROBI,EMBAKASI,KAYOLE,EMBAKASI,NAIROBI,,-1.27,36.92
EBEDNEZER EARLY LEARNERS - PRI,PRIMARY SCHOOL,PRIVATE,NAIROBI,NAIROBI,KASARANI,RUARAKA,KASARANI,NAIROBI,,-1.26,36.86
SMARTCHILD EDU CENTER PRI,PRIMARY SCHOOL,PRIVATE,NAIROBI,NAIROBI,EMBAKASI,KAYOLE,EMBAKASI,NAIROBI,,-1.27,36.91
CHRISTIAN ASSEMBLY CENTRE - PRI,PRIMARY SCHOOL,PRIVATE,NAIROBI,NAIROBI,KASARANI,RUARAKA,KASARANI,NAIROBI,,-1.26,36.86
UMOJALAND CHILDREN CENTER,PRIMARY SCHOOL,PRIVATE,NAIROBI,NAIROBI,EMBAKASI,KAYOLE,EMBAKASI,NAIROBI,,-1.27,36.91
JOY DAY CARE CENTRE - PRI,PRIMARY SCHOOL,PRIVATE,NAIROBI,NAIROBI,KASARANI,RUARAKA,KASARANI,NAIROBI,,-1.26,36.86
BEN JOS ACADEMY - PRI,PRIMARY SCHOOL,PRIVATE,NAIROBI,NAIROBI,KASARANI,RUARAKA,KASARANI,NAIROBI,,-1.26,36.86
MERCY CARE CENTRE PRI SCH,PRIMARY SCHOOL,PRIVATE,NAIROBI,NAIROBI,KASARANI,RUARAKA,KASARANI,NAIROBI,,-1.25,36.86
PCEA MATHARE NORTH JEDIDIA ACADEMY  -PRI,PRIMARY SCHOOL,PRIVATE,NAIROBI,NAIROBI,KASARANI,RUARAKA,KASARANI,NAIROBI,,-1.25,36.86
SILVERLINE SCH PRI,PRIMARY SCHOOL,PRIVATE,NAIROBI,NAIROBI,EMBAKASI,KAYOLE,EMBAKASI,NAIROBI,,-1.27,36.91
STAR OF HOPE ACADEMY - PRI,PRIMARY SCHOOL,PRIVATE,NAIROBI,NAIROBI,KASARANI,RUARAKA,KASARANI,NAIROBI,,-1.25,36.87
JOYRAX HUMANIST SCH. -PRI,PRIMARY SCHOOL,PRIVATE,NAIROBI,NAIROBI,STAREHE,HURUMA,KASARANI,NAIROBI,,-1.25,36.87
LOGEF ED CENTER PRI SCH,PRIMARY SCHOOL,PRIVATE,NAIROBI,NAIROBI,EMBAKASI,KAYOLE,EMBAKASI,NAIROBI,,-1.27,36.91
UPENDO EDUCATION CENTRE - PRI,PRIMARY SCHOOL,PRIVATE,NAIROBI,NAIROBI,KASARANI,RUARAKA,KASARANI,NAIROBI,,-1.25,36.87
HOPE OF THE CITY ED CENTER PRI,PRIMARY SCHOOL,PRIVATE,NAIROBI,NAIROBI,EMBAKASI,KAYOLE,EMBAKASI,NAIROBI,,-1.27,36.91
DEMOLLY CENTRE - PRI,PRIMARY SCHOOL,PRIVATE,NAIROBI,NAIROBI,KASARANI,RUARAKA,KASARANI,NAIROBI,,-1.25,36.87
MERCURY ACADEMY PRI,PRIMARY SCHOOL,PRIVATE,NAIROBI,NAIROBI,EMBAKASI,KAYOLE,EMBAKASI,NAIROBI,,-1.27,36.92
POPE JOHN PAUL II SCH - PRI,PRIMARY SCHOOL,PRIVATE,NAIROBI,NAIROBI,KASARANI,RUARAKA,KASARANI,NAIROBI,,-1.25,36.87
GREAT LEARNERS ED CENTER PRI,PRIMARY SCHOOL,PRIVATE,NAIROBI,NAIROBI,EMBAKASI,KAYOLE,EMBAKASI,NAIROBI,,-1.27,36.92
STELUM ELITE SCH - PRI,PRIMARY SCHOOL,PRIVATE,NAIROBI,NAIROBI,KASARANI,RUARAKA,KASARANI,NAIROBI,,-1.25,36.87
DAVIS JUNIOR  - PRI,PRIMARY SCHOOL,PRIVATE,NAIROBI,NAIROBI,KASARANI,RUARAKA,KASARANI,NAIROBI,,-1.25,36.87
KAYOLE COMM SCH PRI,PRIMARY SCHOOL,PRIVATE,NAIROBI,NAIROBI,EMBAKASI,NJIRU,EMBAKASI,NAIROBI,,-1.26,36.92
BENCIA PREP SCH - PRI,PRIMARY SCHOOL,PRIVATE,NAIROBI,NAIROBI,KASARANI,RUARAKA,KASARANI,NAIROBI,,-1.25,36.87
SUNRISE SCH PRI,PRIMARY SCHOOL,PRIVATE,NAIROBI,NAIROBI,EMBAKASI,NJIRU,EMBAKASI,NAIROBI,,-1.26,36.92
ST. CHRISTOPHERS WHOLISTIC PRI SCH,PRIMARY SCHOOL,PRIVATE,NAIROBI,NAIROBI,KASARANI,RUARAKA,KASARANI,NAIROBI,,-1.25,36.87
CARMEL CNTER PRI SCH,PRIMARY SCHOOL,PRIVATE,NAIROBI,NAIROBI,EMBAKASI,NJIRU,EMBAKASI,NAIROBI,,-1.26,36.92
QUEEN'S JUNIOR SCH - PRI,PRIMARY SCHOOL,PRIVATE,NAIROBI,NAIROBI,KASARANI,RUARAKA,KASARANI,NAIROBI,,-1.25,36.87
LITTLE ANGELS PRI SCH,PRIMARY SCHOOL,PRIVATE,NAIROBI,NAIROBI,EMBAKASI,KAYOLE,EMBAKASI,NAIROBI,,-1.27,36.91
KENS NURS & SCH - PRI,PRIMARY SCHOOL,PRIVATE,NAIROBI,NAIROBI,KASARANI,RUARAKA,KASARANI,NAIROBI,,-1.25,36.87
BUSYSIMO JUNIOR ACADEMY PRIMARY,PRIMARY SCHOOL,PRIVATE,NAIROBI,NAIROBI,EMBAKASI,NJIRU,EMBAKASI,NAIROBI,,-1.26,36.92
MATHARE NORTH EDUCATIONAL CENTRE - PRI,PRIMARY SCHOOL,PRIVATE,NAIROBI,NAIROBI,KASARANI,RUARAKA,KASARANI,NAIROBI,,-1.25,36.86
CLEVER JUNIOR LEARNING CENTER PRI,PRIMARY SCHOOL,PRIVATE,NAIROBI,NAIROBI,EMBAKASI,NJIRU,EMBAKASI,NAIROBI,,-1.26,36.92
HAPPY JUNIOR SCHOOL - PRI,PRIMARY SCHOOL,PRIVATE,NAIROBI,NAIROBI,KASARANI,RUARAKA,KASARANI,NAIROBI,,-1.25,36.86
GENTIANA PRI SCH,PRIMARY SCHOOL,PRIVATE,NAIROBI,NAIROBI,DAGORETTI,WAITHAKA,DAGORETTI,NAIROBI,,-1.29,36.72
IMMACULATE EDUCATION CENTRE - PRI,PRIMARY SCHOOL,PRIVATE,NAIROBI,NAIROBI,KASARANI,UTALI,KASARANI,NAIROBI,,-1.25,36.86
ST. LOUIS ACADEMY-PRI,PRIMARY SCHOOL,PRIVATE,NAIROBI,NAIROBI,KASARANI,KASARANI,KASARANI,NAIROBI,,-1.22,36.93
VICTORIOUS KING ACADEMY - PRI,PRIMARY SCHOOL,PRIVATE,NAIROBI,NAIROBI,KASARANI,RUARAKA,KASARANI,NAIROBI,,-1.25,36.86
ST. SYLVIA JNR ACADEMY - PRI,PRIMARY SCHOOL,PRIVATE,NAIROBI,NAIROBI,KASARANI,RUARAKA,KASARANI,NAIROBI,,-1.25,36.86
ST RITAS PRIMARY SCHOOL,PRIMARY SCHOOL,PRIVATE,NAIROBI,NAIROBI,KASARANI,KAHAWA,KASARANI,NAIROBI,,-1.18,36.9
SHINNING LIGHTS EDUCATIONAL CENTRE - PRI,PRIMARY SCHOOL,PRIVATE,NAIROBI,NAIROBI,KASARANI,RUARAKA,KASARANI,NAIROBI,,-1.25,36.88
BRAESIDE PRI SCH,PRIMARY SCHOOL,PRIVATE,NAIROBI,NAIROBI,WESTLANDS,LAVINGTON,WESTLANDS,NAIROBI,,-1.28,36.77
GREEN GATES PRI SCH,PRIMARY SCHOOL,PRIVATE,NAIROBI,NAIROBI,WESTLANDS,PARKLANDS,WESTLANDS,NAIROBI,,-1.26,36.8
MGUU TUPU PRI SCH,PRIMARY SCHOOL,PRIVATE,NAIROBI,NAIROBI,KASARANI,RUARAKA,KASARANI,NAIROBI,,-1.25,36.88
EARLY BIRD EDUCATION CENTRE PRI,PRIMARY SCHOOL,PRIVATE,NAIROBI,NAIROBI,MAKADARA,MAKONGENI,MAKADARA,NAIROBI,,-1.3,36.84
BRAINHOUSE ACADEMY - PRI,PRIMARY SCHOOL,PRIVATE,NAIROBI,NAIROBI,KASARANI,RUARAKA,KASARANI,NAIROBI,,-1.25,36.88
ST. STEPHEN CATHOLIC PRI,PRIMARY SCHOOL,PRIVATE,NAIROBI,NAIROBI,KASARANI,RUARAKA,KASARANI,NAIROBI,,-1.25,36.87
BRINGERS OF JOY EDUCAATION CENTRE,PRIMARY SCHOOL,PRIVATE,NAIROBI,NAIROBI,KASARANI,RUARAKA,KASARANI,NAIROBI,,-1.25,36.87
MAWAMU PREP SCH - PRI,PRIMARY SCHOOL,PRIVATE,NAIROBI,NAIROBI,KASARANI,RUARAKA,KASARANI,NAIROBI,,-1.25,36.87
KASARANI VICTORY ACADEMY - PRI,PRIMARY SCHOOL,PRIVATE,NAIROBI,NAIROBI,KASARANI,RUARAKA,KASARANI,NAIROBI,,-1.25,36.87
ST.ROBERTS &KIKI ACADEMY PRI,PRIMARY SCHOOL,PRIVATE,EASTERN,MBEERE,GACHOKA,MAVURIA,GACHOKA,EMBU,,-0.72,37.66
BLOSSOM CHILDRENS CENTRE - PRI,PRIMARY SCHOOL,PRIVATE,NAIROBI,NAIROBI,KASARANI,RUARAKA,KASARANI,NAIROBI,,-1.25,36.87
SHARPENER CHILDRENS CENTRE - PRI,PRIMARY SCHOOL,PRIVATE,NAIROBI,NAIROBI,KASARANI,RUARAKA,KASARANI,NAIROBI,,-1.25,36.87
TUMAINI SCHOOL PRI,PRIMARY SCHOOL,PRIVATE,NAIROBI,NAIROBI,KASARANI,RUARAKA,KASARANI,NAIROBI,,-1.25,36.87
FUTURE KIDS ACADEMY PRI,PRIMARY SCHOOL,PRIVATE,NAIROBI,NAIROBI,KASARANI,RUARAKA,KASARANI,NAIROBI,,-1.25,36.87
RIVER OF LIFE INTERNATIONAL ACADEMY - PRI,PRIMARY SCHOOL,PRIVATE,NAIROBI,NAIROBI,KASARANI,RUARAKA,KASARANI,NAIROBI,,-1.25,36.87
CITY STAR ACADEMY - PRI,PRIMARY SCHOOL,PRIVATE,NAIROBI,NAIROBI,KASARANI,RUARAKA,KASARANI,NAIROBI,,-1.25,36.87
JOYSTAR EDUCATION CENTRE - PRI,PRIMARY SCHOOL,PRIVATE,NAIROBI,NAIROBI,KASARANI,RUARAKA,KASARANI,NAIROBI,,-1.25,36.87
MATHARE JNR CENTRE - PRI,PRIMARY SCHOOL,PRIVATE,NAIROBI,NAIROBI,KASARANI,RUARAKA,KASARANI,NAIROBI,,-1.25,36.87
NAIROBI SLUMS SCH PRJ. (TOPMARK JNR ACADEMY),PRIMARY SCHOOL,PRIVATE,NAIROBI,NAIROBI,KASARANI,BABA DOGO,KASARANI,NAIROBI,,-1.25,36.87
SDA CHURCH MATHARE NORTH - PRI,PRIMARY SCHOOL,PRIVATE,NAIROBI,NAIROBI,KASARANI,RUARAKA,KASARANI,NAIROBI,,-1.25,36.87
KIDSTAR ACADEMY - PRI,PRIMARY SCHOOL,PRIVATE,NAIROBI,NAIROBI,KASARANI,KASARANI,KASARANI,NAIROBI,,-1.23,36.88
RED-WOOD DAY CARE & PREP SCH - PRI,PRIMARY SCHOOL,PRIVATE,NAIROBI,NAIROBI,KASARANI,KASARANI,KASARANI,NAIROBI,,-1.23,36.88
BEADOM SCHOOL - PRI,PRIMARY SCHOOL,PRIVATE,NAIROBI,NAIROBI,KASARANI,KASARANI,KASARANI,NAIROBI,,-1.23,36.89
PROVIDENCE ACADEMY - PRI,PRIMARY SCHOOL,PRIVATE,NAIROBI,NAIROBI,KASARANI,KASARANI,KASARANI,NAIROBI,,-1.23,36.88
KID MEGATON SCHOOL  - PRI,PRIMARY SCHOOL,PRIVATE,NAIROBI,NAIROBI,KASARANI,KASARANI,KASARANI,NAIROBI,,-1.23,36.88
GOSPEL ASSEMBLY CHRISTIAN ACADEMY,PRIMARY SCHOOL,PRIVATE,NAIROBI,NAIROBI,KASARANI,ROYSAMBU,KASARANI,NAIROBI,,-1.23,36.87
KABINGORI SDA PRI.SCH.,PRIMARY SCHOOL,PRIVATE,EASTERN,MBEERE,GACHOKA,GICHICHE,GACHOKA,EMBU,,-0.71,37.72
MUTOMO PRI SCH,PRIMARY SCHOOL,PRIVATE,EASTERN,KITUI,MUTOMO,MUTOMO,KITUI SOUTH,KITUI,,-1.84,38.21
HAVENTON ACA PRI SCH,PRIMARY SCHOOL,PRIVATE,EASTERN,MACHAKOS,MASINGA,KITHYOKO,MASINGA,MACHAKOS,,-1.05,37.84
SOUTH EASTERN MARANATHA PRI SCH,PRIMARY SCHOOL,PRIVATE,EASTERN,KITUI,KATULANI,MULANGO,KITUI CENTRAL,KITUI,,-1.4,38.01
TITO PRI SCH,PRIMARY SCHOOL,PRIVATE,EASTERN,MACHAKOS,NDITHINI,NDITHINI,MASINGA,MACHAKOS,,-0.93,37.33
SAMBURU COMMUNITY SCH - PRI,PRIMARY SCHOOL,PRIVATE,EASTERN,ISIOLO,CENTRAL - ISIOLO,NGARE MARA,ISIOLO NORTH,ISIOLO,,0.56,37.51
UNITY EDUCATIONAL PRIMARY,PRIMARY SCHOOL,PRIVATE,EASTERN,MACHAKOS,MATUNGULU,KYANZAVI,KANGUNDO,MACHAKOS,,-1.15,37.3
ACK ST MARTINS' PRIMARY,PRIMARY SCHOOL,PRIVATE,EASTERN,KITUI,CENTRAL - KITUI,TOWNSHIP,KITUI CENTRAL,KITUI,,-1.36,38.01
ST MICHAELS' PRIMARY,PRIMARY SCHOOL,PRIVATE,EASTERN,KITUI,CENTRAL - KITUI,TOWNSHIP,KITUI CENTRAL,KITUI,,-1.37,38.01
NDOVOINI HOME FOR PHY. DISABLED,PRIMARY SCHOOL,PRIVATE,EASTERN,MACHAKOS,NDITHINI,MANANJA,MASINGA,MACHAKOS,,-0.88,37.31
SAN DAMIANO BOARDING PRIMARY,PRIMARY SCHOOL,PRIVATE,EASTERN,MACHAKOS,MATUNGULU,KYANZAVI,KANGUNDO,MACHAKOS,,-1.09,37.24
LAVERNA DAY AND BOARDING PRIMARY,PRIMARY SCHOOL,PRIVATE,EASTERN,MACHAKOS,MATUNGULU,KYANZAVI,KANGUNDO,MACHAKOS,,-1.09,37.24
DARUBINI ACADEMY PRIMARY,PRIMARY SCHOOL,PRIVATE,EASTERN,MACHAKOS,MATUNGULU,KYANZAVI,KANGUNDO,MACHAKOS,,-1.08,37.25
GLORIA PRI SCH,PRIMARY SCHOOL,PRIVATE,EASTERN,ISIOLO,CENTRAL - ISIOLO,CENTRAL,ISIOLO NORTH,ISIOLO,,0.34,37.57
LIONS ACADEMY PRI,PRIMARY SCHOOL,PRIVATE,EASTERN,ISIOLO,CENTRAL - ISIOLO,CENTRAL,ISIOLO NORTH,ISIOLO,,0.34,37.57
LUSAM GLORIOUS PRIMARY,PRIMARY SCHOOL,PRIVATE,EASTERN,MACHAKOS,MATUNGULU,KYANZAVI,KANGUNDO,MACHAKOS,,-1.08,37.25
UPPER HILL PRI SCH,PRIMARY SCHOOL,PRIVATE,EASTERN,ISIOLO,CENTRAL - ISIOLO,CENTRAL,ISIOLO NORTH,ISIOLO,,0.34,37.57
MAGODO COMPLEX PRI SCH,PRIMARY SCHOOL,PRIVATE,EASTERN,MACHAKOS,KANGUNDO,KIVAANI,KANGUNDO,MACHAKOS,,-1.35,37.39
ST JOSEPH PRIMARY,PRIMARY SCHOOL,PRIVATE,EASTERN,MACHAKOS,MATUNGULU,KYELENI,KANGUNDO,MACHAKOS,,-1.11,37.2
MATUU ESTATE ACADEMY,PRIMARY SCHOOL,PRIVATE,EASTERN,MACHAKOS,MATUNGULU,KOMA ROCK,KANGUNDO,MACHAKOS,,-1.22,37.24
KANGUNDO JUNIOR ACADEMY PRIMARY,PRIMARY SCHOOL,PRIVATE,EASTERN,MACHAKOS,MATUNGULU,TALA,KANGUNDO,MACHAKOS,,-1.27,37.33
TALA ACADEMY PRIMARY,PRIMARY SCHOOL,PRIVATE,EASTERN,MACHAKOS,MATUNGULU,TALA,KANGUNDO,MACHAKOS,,-1.27,37.33
JOSE PRIMARY SCH,PRIMARY SCHOOL,PRIVATE,EASTERN,KITUI,MATINYANI,MATINYANI,KITUI WEST,KITUI,,-1.3,38
DADACHABASA MADRASSA,PRIMARY SCHOOL,PRIVATE,EASTERN,ISIOLO,MERTI,YAMICHA,ISIOLO NORTH,ISIOLO,,1.31,38.97
SYOMUTWA BETHEL PRIMARY,PRIMARY SCHOOL,PRIVATE,EASTERN,KITUI,MUTONGUNI,MUSENGO,KITUI WEST,KITUI,,-1.15,38.01
KITUI SDA PRI SCH,PRIMARY SCHOOL,PRIVATE,EASTERN,KITUI,CENTRAL - KITUI,TOWNSHIP,KITUI CENTRAL,KITUI,,-1.37,38.02
STELLAMARIS ACA,PRIMARY SCHOOL,PRIVATE,EASTERN,KITUI,CENTRAL - KITUI,KYANGWITHIA EAST,KITUI CENTRAL,KITUI,,-1.33,38.04
EMCO ACA,PRIMARY SCHOOL,PRIVATE,EASTERN,KITUI,CENTRAL - KITUI,KYANGWITHIA EAST,KITUI CENTRAL,KITUI,,-1.32,38.02
ATONGOI PRI SCH,PRIMARY SCHOOL,PRIVATE,EASTERN,KITUI,IKUTHA,ATHI,KITUI SOUTH,KITUI,,-2.08,38.16
ST JAMES MAWA JNR ACA,PRIMARY SCHOOL,PRIVATE,EASTERN,KITUI,CENTRAL - KITUI,KYANGWITHIA WEST,KITUI CENTRAL,KITUI,,-1.34,37.97
BROOKVIEW ACADEMY,PRIMARY SCHOOL,PRIVATE,EASTERN,MACHAKOS,MATUNGULU,TALA,KANGUNDO,MACHAKOS,,-1.26,37.32
SHANDAA BOARDING PRI SCH,PRIMARY SCHOOL,PRIVATE,EASTERN,KITUI,CENTRAL - KITUI,KYANGWITHIA EAST,KITUI CENTRAL,KITUI,,-1.33,37.99
NICE VIEW ACADEMY,PRIMARY SCHOOL,PRIVATE,EASTERN,MACHAKOS,MATUNGULU,TALA,KANGUNDO,MACHAKOS,,-1.27,37.3
SALETI MUSLIM MADRASSA,PRIMARY SCHOOL,PRIVATE,EASTERN,ISIOLO,MERTI,KORBESA,ISIOLO NORTH,ISIOLO,,1.2,38.75
MENTORS ACADEMY PRIMARY SCH,PRIMARY SCHOOL,PRIVATE,EASTERN,MACHAKOS,KALAMA,KALAMA,MACHAKOS TOWN,MACHAKOS,,-1.57,37.33
NGULUNI COUNTRYSIDE EDUCATION CENTRE  PRIMARY,PRIMARY SCHOOL,PRIVATE,EASTERN,MACHAKOS,MATUNGULU,NGULUNI,KANGUNDO,MACHAKOS,,-1.27,37.29
MAMA DARLENE CHILDRENS CENTRE PRIMARY,PRIMARY SCHOOL,PRIVATE,EASTERN,MACHAKOS,MATUNGULU,NGULUNI,KANGUNDO,MACHAKOS,,-1.27,37.28
WONI COMPLEX ACADEMY PRIMARY,PRIMARY SCHOOL,PRIVATE,EASTERN,MACHAKOS,MASINGA,MASINGA,MASINGA,MACHAKOS,,-0.97,37.6
BRIDGE EDUCATION CENTRE PRIMARY,PRIMARY SCHOOL,PRIVATE,EASTERN,MACHAKOS,MATUNGULU,NGULUNI,KANGUNDO,MACHAKOS,,-1.28,37.28
KANANS PRIMARY,PRIMARY SCHOOL,PRIVATE,EASTERN,MACHAKOS,MATUNGULU,NGULUNI,KANGUNDO,MACHAKOS,,-1.28,37.28
ST CHARLES PRIMARY,PRIMARY SCHOOL,PRIVATE,EASTERN,MACHAKOS,MATUNGULU,KOMA ROCK,KANGUNDO,MACHAKOS,,-1.28,37.17
KWAKEN PRIMARY SCH,PRIMARY SCHOOL,PRIVATE,EASTERN,MACHAKOS,MATUNGULU,KOMA ROCK,KANGUNDO,MACHAKOS,,-1.24,37.13
ZION JUNIOR ACADEMY PRIMRY,PRIMARY SCHOOL,PRIVATE,EASTERN,MACHAKOS,MASINGA,MASINGA,MASINGA,MACHAKOS,,-0.94,37.67
ALFA MACUS PRIMARY,PRIMARY SCHOOL,PRIVATE,EASTERN,MACHAKOS,MATUNGULU,KOMA ROCK,KITUI WEST,KITUI,,-1.27,37.11
HIGHVISION PRI SCH,PRIMARY SCHOOL,PRIVATE,EASTERN,ISIOLO,CENTRAL - ISIOLO,ISIOLO EAST,ISIOLO NORTH,ISIOLO,,0.34,37.58
NEW ERA PRI SCH,PRIMARY SCHOOL,PRIVATE,EASTERN,ISIOLO,CENTRAL - ISIOLO,ISIOLO EAST,ISIOLO NORTH,ISIOLO,,0.34,37.58
LITTLE ANGLES PRI SCH,PRIMARY SCHOOL,PRIVATE,EASTERN,ISIOLO,CENTRAL - ISIOLO,ISIOLO EAST,ISIOLO NORTH,ISIOLO,,0.34,37.58
ISIOLO HEKIMA PRI SCH,PRIMARY SCHOOL,PRIVATE,EASTERN,ISIOLO,CENTRAL - ISIOLO,ISIOLO EAST,ISIOLO NORTH,ISIOLO,,0.34,37.58
SHIELD ACADEMY - PRI,PRIMARY SCHOOL,PRIVATE,EASTERN,ISIOLO,CENTRAL - ISIOLO,ISIOLO EAST,ISIOLO NORTH,ISIOLO,,0.35,37.59
ISIOLO SUNRISE ACADEMY - PRI,PRIMARY SCHOOL,PRIVATE,EASTERN,ISIOLO,CENTRAL - ISIOLO,ISIOLO EAST,ISIOLO NORTH,ISIOLO,,0.36,37.59
M.C.K. HIGHWAY ACADEMY - PRI,PRIMARY SCHOOL,PRIVATE,EASTERN,ISIOLO,CENTRAL - ISIOLO,ISIOLO EAST,ISIOLO NORTH,ISIOLO,,0.35,37.59
ST. MARYS OF LORETO PRI  SCH - ISIOLO,PRIMARY SCHOOL,PRIVATE,EASTERN,ISIOLO,CENTRAL - ISIOLO,ISIOLO EAST,ISIOLO NORTH,ISIOLO,,0.37,37.59
KIVAA KINGS ACADEMY PRIMARY SCH,PRIMARY SCHOOL,PRIVATE,EASTERN,MACHAKOS,MASINGA,KIVAA,MASINGA,MACHAKOS,,-0.86,37.7
JOY ACA PRI SCH,PRIMARY SCHOOL,PRIVATE,EASTERN,MACHAKOS,MASINGA,MASINGA,MASINGA,MACHAKOS,,-0.97,37.6
ST. PETER'S PRI SCH,PRIMARY SCHOOL,PRIVATE,EASTERN,MACHAKOS,MASINGA,EKALAKALA,MASINGA,MACHAKOS,,-0.97,37.47
BISHOP DANNE PRIMARY,PRIMARY SCHOOL,PRIVATE,EASTERN,KITUI,MUTONGUNI,KAUWI,KITUI WEST,KITUI,,-1.23,37.91
KABATI VICTORY PRIMARY,PRIMARY SCHOOL,PRIVATE,EASTERN,KITUI,MUTONGUNI,KAUWI,KITUI WEST,KITUI,,-1.23,37.91
MUTOMO PRI SCH,PRIMARY SCHOOL,PRIVATE,EASTERN,KITUI,MUTOMO,MUTOMO,KITUI SOUTH,KITUI,,-1.84,38.21
SOUTH EASTERN MARANATHA PRI SCH,PRIMARY SCHOOL,PRIVATE,EASTERN,KITUI,KATULANI,MULANGO,KITUI CENTRAL,KITUI,,-1.4,38.01
ATONGOI PRI SCH,PRIMARY SCHOOL,PRIVATE,EASTERN,KITUI,IKUTHA,ATHI,KITUI SOUTH,KITUI,,-2.08,38.16
ST JAMES MAWA JNR ACA,PRIMARY SCHOOL,PRIVATE,EASTERN,KITUI,CENTRAL - KITUI,KYANGWITHIA WEST,KITUI CENTRAL,KITUI,,-1.34,37.97
SHANDAA BOARDING PRI SCH,PRIMARY SCHOOL,PRIVATE,EASTERN,KITUI,CENTRAL - KITUI,KYANGWITHIA EAST,KITUI CENTRAL,KITUI,,-1.33,37.99
TREASURE ACAD PRY,PRIMARY SCHOOL,PRIVATE,EASTERN,MAKUENI,KISAU,WAITA,MBOONI,MAKUENI,,-1.61,37.57
MITABONI ST. PAUL'S ACADEMY,PRIMARY SCHOOL,PRIVATE,EASTERN,MACHAKOS,KATHIANI,MITABONI,KATHIANI,MACHAKOS,,-1.37,37.25
MITABONI A.B.C ACADEMY,PRIMARY SCHOOL,PRIVATE,EASTERN,MACHAKOS,KATHIANI,MITABONI,KATHIANI,MACHAKOS,,-1.37,37.25
MATHUNYA A.B.C. ACADEMY,PRIMARY SCHOOL,PRIVATE,EASTERN,MACHAKOS,KATHIANI,MITABONI,KATHIANI,MACHAKOS,,-1.38,37.28
UTHINI ACADEMY PRI SCH,PRIMARY SCHOOL,PRIVATE,EASTERN,MACHAKOS,KANGUNDO,KAWETHEI,KANGUNDO,MACHAKOS,,-1.36,37.32
MAJA PRIMARY,PRIMARY SCHOOL,PRIVATE,EASTERN,MACHAKOS,KATHIANI,MITABONI,KATHIANI,MACHAKOS,,-1.36,37.29
MIUMBUNI PREPARATORY,PRIMARY SCHOOL,PRIVATE,EASTERN,MACHAKOS,KATHIANI,MITABONI,KATHIANI,MACHAKOS,,-1.37,37.29
KINGAATHUNI PRY SCH,PRIMARY SCHOOL,PRIVATE,EASTERN,MAKUENI,KISAU,WAIA,MBOONI,MAKUENI,,-1.66,37.58
KALANDINI JUNIOR ACADEMY PRI SCH,PRIMARY SCHOOL,PRIVATE,EASTERN,MACHAKOS,MATUNGULU,KALANDINI,KANGUNDO,MACHAKOS,,-1.22,37.29
MUKALWA JUNIOR ACADEMY PRI SCH,PRIMARY SCHOOL,PRIVATE,EASTERN,MACHAKOS,MATUNGULU,TALA,KANGUNDO,MACHAKOS,,-1.23,37.32
MATUU DELIGHT ACADEMY,PRIMARY SCHOOL,PRIVATE,EASTERN,MACHAKOS,YATTA,MATUU,YATTA,MACHAKOS,,-1.14,37.53
ST FRANCIS ACADEMY KATSE,PRIMARY SCHOOL,PRIVATE,EASTERN,MWINGI,MUMONI,KATSE,MWINGI NORTH,KITUI,,-0.51,38.08
GATE HOUSE PREPARATORY,PRIMARY SCHOOL,PRIVATE,EASTERN,MACHAKOS,YATTA,MATUU,YATTA,MACHAKOS,,-1.14,37.54
NEEMA JUNIOR ACADEMY PRY,PRIMARY SCHOOL,PRIVATE,EASTERN,MAKUENI,KIBWEZI,KIKUMBULYU,KIBWEZI,MAKUENI,,-2.4,37.96
JOY SPRINGS SCHOOL PRI,PRIMARY SCHOOL,PRIVATE,EASTERN,MACHAKOS,YATTA,MATUU,YATTA,MACHAKOS,,-1.14,37.54
RACEFIELD ACADEMY,PRIMARY SCHOOL,PRIVATE,EASTERN,MWINGI,MIGWANI,KYOME,MWINGI SOUTH,KITUI,,-1.03,38.08
MATUU ACADEMY-PRIMARY,PRIMARY SCHOOL,PRIVATE,EASTERN,MACHAKOS,YATTA,MATUU,YATTA,MACHAKOS,,-1.14,37.55
CANINI BEE HIVE CENTRE (PRI),PRIMARY SCHOOL,PRIVATE,EASTERN,MACHAKOS,MAVOKO,LUKENYA,KATHIANI,MACHAKOS,,-1.49,37.06
LUKENYA ACADEMY (PRI),PRIMARY SCHOOL,PRIVATE,EASTERN,MACHAKOS,MAVOKO,KATHIANI,KATHIANI,MACHAKOS,,-1.48,37.08
LUKENYA ACADEMY IGCSE,PRIMARY SCHOOL,PRIVATE,EASTERN,MACHAKOS,MAVOKO,LUKENYA,KATHIANI,MACHAKOS,,-1.48,37.08
LEADERS ACADEMY PRI,PRIMARY SCHOOL,PRIVATE,EASTERN,MACHAKOS,MAVOKO,LUKENYA,KATHIANI,MACHAKOS,,-1.52,37.11
NGALA ACADEMY PRI,PRIMARY SCHOOL,PRIVATE,EASTERN,MACHAKOS,MAVOKO,LUKENYA,KATHIANI,MACHAKOS,,-1.53,37.13
MACCI PRIMARY SCHOOL,PRIMARY SCHOOL,PRIVATE,EASTERN,ISIOLO,MERTI,MERTI,ISIOLO NORTH,ISIOLO,,1.06,38.66
MIGWANI TUMAINI ACADEMY,PRIMARY SCHOOL,PRIVATE,EASTERN,MWINGI,MIGWANI,MIGWANI,MWINGI SOUTH,KITUI,,-1.1,38.01
MUTUNGONI ACADEMY PRI SCH,PRIMARY SCHOOL,PRIVATE,EASTERN,MACHAKOS,MAVOKO,LUKENYA,KATHIANI,MACHAKOS,,-1.41,37.03
PCEA KIBWEZI IMANI PRI SCH,PRIMARY SCHOOL,PRIVATE,EASTERN,MAKUENI,KIBWEZI,KIKUMBULYU,KIBWEZI,MAKUENI,,-2.41,37.97
MATUNGWA M ACADEMY PRY,PRIMARY SCHOOL,PRIVATE,EASTERN,MAKUENI,TULIMANI,KALAWANI,MBOONI,MAKUENI,,-1.59,37.44
MAVOKO EDUCATIONAL CENTRE PRI,PRIMARY SCHOOL,PRIVATE,EASTERN,MACHAKOS,MAVOKO,KATANI,KATHIANI,MACHAKOS,,-1.41,36.96
ST. FRANCIS PRIMARY,PRIMARY SCHOOL,PRIVATE,EASTERN,MWINGI,MUMONI,KAKUYU,MWINGI NORTH,KITUI,,-0.7,38.08
KEA HIGHLAND ACADEMY,PRIMARY SCHOOL,PRIVATE,EASTERN,MWINGI,MIGWANI,NZAUI,MWINGI SOUTH,KITUI,,-1.14,38.04
KITHAAYONI PRY,PRIMARY SCHOOL,PRIVATE,EASTERN,MAKUENI,TULIMANI,KALAWNI,MBOONI,MAKUENI,,-1.59,37.4
ST.THERESA'S ACADEMY PRY,PRIMARY SCHOOL,PRIVATE,EASTERN,MAKUENI,KIBWEZI,KIKUMBULYU,KIBWEZI,MAKUENI,,-2.32,38.02
ATHIRIVER REDEEMED ACADEMY PRI,PRIMARY SCHOOL,PRIVATE,EASTERN,MACHAKOS,MAVOKO,SETTLED AREA,KATHIANI,MACHAKOS,,-1.45,36.97
MAKINDU SUNRISE ACA PRY,PRIMARY SCHOOL,PRIVATE,EASTERN,MAKUENI,MAKINDU,MAKINDU,KIBWEZI,MAKUENI,,-2.27,37.83
ST MARY'S PRI SCH,PRIMARY SCHOOL,PRIVATE,EASTERN,MACHAKOS,MAVOKO,SETTLED AREA,KATHIANI,MACHAKOS,,-1.45,36.98
39 BRIGE ACADEMY PRI SCH,PRIMARY SCHOOL,PRIVATE,EASTERN,MACHAKOS,MAVOKO,SETTLED AREA,KATHIANI,MACHAKOS,,-1.44,36.98
39 BRIDGE ACADEMY NUR,PRIMARY SCHOOL,PRIVATE,EASTERN,MACHAKOS,MAVOKO,SETTLED AREA,KATHIANI,MACHAKOS,,-1.44,36.98
ST PETERS PRY,PRIMARY SCHOOL,PRIVATE,EASTERN,MAKUENI,MAKINDU,MAKINDU,KIBWEZI,MAKUENI,,-2.27,37.83
LITTLE ANGELS ACADEMY-PRI SCH,PRIMARY SCHOOL,PRIVATE,EASTERN,MACHAKOS,MAVOKO,KATANI,KATHIANI,MACHAKOS,,-1.29,36.98
ST JOACHIMS ACADEMY,PRIMARY SCHOOL,PRIVATE,EASTERN,MAKUENI,MBOONI,MBOONI,MBOONI,MAKUENI,,-1.66,37.44
TYTANN JUNIOR ACADEMY-PRI,PRIMARY SCHOOL,PRIVATE,EASTERN,MACHAKOS,MAVOKO,KATANI,KATHIANI,MACHAKOS,,-1.29,36.98
WATAI ACADEMY-PRI,PRIMARY SCHOOL,PRIVATE,EASTERN,MACHAKOS,MAVOKO,KATANI,KATHIANI,MACHAKOS,,-1.28,36.98
MERRYSTART ACADEMY-PRI,PRIMARY SCHOOL,PRIVATE,EASTERN,MACHAKOS,MAVOKO,KATANI,KATHIANI,MACHAKOS,,-1.28,36.99
LITTLE STAR ACADEMY-PRI,PRIMARY SCHOOL,PRIVATE,EASTERN,MACHAKOS,MAVOKO,KATANI,KATHIANI,MACHAKOS,,-1.28,36.99
KAMULU ACADEMY PRI SCH,PRIMARY SCHOOL,PRIVATE,EASTERN,MACHAKOS,MAVOKO,KATANI,KATHIANI,MACHAKOS,,-1.3,37.06
BRIDE WAY ACADEMY PRI,PRIMARY SCHOOL,PRIVATE,EASTERN,MACHAKOS,MAVOKO,LUKENYA,KATHIANI,MACHAKOS,,-1.28,37.1
PREMIER SCHOOL PRI,PRIMARY SCHOOL,PRIVATE,EASTERN,MACHAKOS,MAVOKO,LUKENYA,KATHIANI,MACHAKOS,,-1.29,37.09
KIUNI PREPARATORY SCH. PRI,PRIMARY SCHOOL,PRIVATE,EASTERN,MACHAKOS,MAVOKO,KATANI,KATHIANI,MACHAKOS,,-1.44,36.97
MBASUU ACADEMY-PRI SCH,PRIMARY SCHOOL,PRIVATE,EASTERN,MACHAKOS,MAVOKO,SETTLED AREA,KATHIANI,MACHAKOS,,-1.44,36.97
KITHIMANI TOWNSHIP ACADEMY,PRIMARY SCHOOL,PRIVATE,EASTERN,MACHAKOS,YATTA,KITHIMANI,YATTA,MACHAKOS,,-1.18,37.45
ST.ENOS PRIMARY SCHOOL,PRIMARY SCHOOL,PRIVATE,EASTERN,MACHAKOS,YATTA,MAVOLONI,YATTA,MACHAKOS,,-1.08,37.44
KATHIANI JUNIOR ACADEMY,PRIMARY SCHOOL,PRIVATE,EASTERN,MACHAKOS,KATHIANI,KATHIANI,KATHIANI,MACHAKOS,,-1.41,37.33
SILOAM ACADEMY,PRIMARY SCHOOL,PRIVATE,EASTERN,MACHAKOS,KATHIANI,KATHIANI,KATHIANI,MACHAKOS,,-1.41,37.33
ABC KATHIANI ACADEMY,PRIMARY SCHOOL,PRIVATE,EASTERN,MACHAKOS,KATHIANI,KATHIANI,KATHIANI,MACHAKOS,,-1.41,37.33
ESDOR HIGHRISE ACADEMY-PRIMARY,PRIMARY SCHOOL,PRIVATE,EASTERN,MACHAKOS,YATTA,NDALANI,YATTA,MACHAKOS,,-1.1,37.49
MULLY'S CHILDREN FAMILY HOME PRIMARY,PRIMARY SCHOOL,PRIVATE,EASTERN,MACHAKOS,YATTA,NDALANI,YATTA,MACHAKOS,,-1.08,37.47
GOOD SHEPHERD PRIMARY SCHOOL-YATTA,PRIMARY SCHOOL,PRIVATE,EASTERN,MACHAKOS,YATTA,MATUU,YATTA,MACHAKOS,,-1.14,37.54
SHALOMARK JUNIOR ACADEMY-PRI SCH,PRIMARY SCHOOL,PRIVATE,EASTERN,MACHAKOS,MAVOKO,SETTLED AREA,KATHIANI,MACHAKOS,,-1.45,36.99
HOUSE OF HOPE PRI SCH,PRIMARY SCHOOL,PRIVATE,EASTERN,MACHAKOS,KIBERA,NAIROBI WEST,KATHIANI,MACHAKOS,,-1.35,36.9
MUMBE JUNOUR ACADEMY PRY,PRIMARY SCHOOL,PRIVATE,EASTERN,MAKUENI,MAKINDU,MAKINDU,KIBWEZI,MAKUENI,,-2.29,37.82
NOTRE DAME PRI SCH,PRIMARY SCHOOL,PRIVATE,EASTERN,MACHAKOS,MAVOKO,KATANI,KATHIANI,MACHAKOS,,-1.35,36.94
MT SINAI CMI SCH,PRIMARY SCHOOL,PRIVATE,EASTERN,MACHAKOS,MAVOKO,KATANI,KATHIANI,MACHAKOS,,-1.36,36.94
NGUUTONI ELITE EDUCATION CENTRE,PRIMARY SCHOOL,PRIVATE,EASTERN,MWINGI,MIGWANI,NGUUTANI,MWINGI SOUTH,KITUI,,-1.03,37.88
KYUI HILLS ACADEMY,PRIMARY SCHOOL,PRIVATE,EASTERN,MWINGI,NUU,MUTYANGOMBE,MWINGI SOUTH,KITUI,,-0.97,38.34
NASHVILL ACADEMY,PRIMARY SCHOOL,PRIVATE,EASTERN,MACHAKOS,MAVOKO,KATANI,KATHIANI,MACHAKOS,,-1.36,36.93
ACACIA PLAINS ACADEMY PRI SCH,PRIMARY SCHOOL,PRIVATE,EASTERN,MACHAKOS,MAVOKO,KATANI,KATHIANI,MACHAKOS,,-1.37,36.95
TOP PERFORMANCE ACADEMY PRI,PRIMARY SCHOOL,PRIVATE,EASTERN,MACHAKOS,MAVOKO,KATANI,KATHIANI,MACHAKOS,,-1.37,36.94
KINGS BROOK ACADEMY PRI,PRIMARY SCHOOL,PRIVATE,EASTERN,MACHAKOS,MAVOKO,KATANI,KATHIANI,MACHAKOS,,-1.39,36.93
SKYLIGHT JUNIOR ACADEMY PRI,PRIMARY SCHOOL,PRIVATE,EASTERN,MACHAKOS,MAVOKO,KATANI,KATHIANI,MACHAKOS,,-1.39,36.94
WISEKIDS ACADEMY PRI,PRIMARY SCHOOL,PRIVATE,EASTERN,MACHAKOS,MAVOKO,KATANI,KATHIANI,MACHAKOS,,-1.39,36.94
FEMI JUNIOR ACADEMY PRI,PRIMARY SCHOOL,PRIVATE,EASTERN,MACHAKOS,MAVOKO,KATANI,KATHIANI,MACHAKOS,,-1.39,36.94
NEW STAR ACADEMY PRI,PRIMARY SCHOOL,PRIVATE,EASTERN,MACHAKOS,MAVOKO,KATANI,KATHIANI,MACHAKOS,,-1.39,36.94
MARIEVALE SCH PRI,PRIMARY SCHOOL,PRIVATE,EASTERN,MACHAKOS,MAVOKO,SETTLED AREA,KATHIANI,MACHAKOS,,-1.46,36.99
ATHI PLAINS ACADEMY PRI,PRIMARY SCHOOL,PRIVATE,EASTERN,MACHAKOS,MAVOKO,SETTLED AREA,KATHIANI,MACHAKOS,,-1.46,36.99
LUZ ACADEMY PRI,PRIMARY SCHOOL,PRIVATE,EASTERN,MACHAKOS,MAVOKO,ATHIRIVER,KATHIANI,MACHAKOS,,-1.46,36.98
SATAR SHEIKH ACADEMY PRI,PRIMARY SCHOOL,PRIVATE,EASTERN,MACHAKOS,MAVOKO,ATHIRIVER,KATHIANI,MACHAKOS,,-1.46,36.98
NGUUTANI JUNIOR ACADEMY,PRIMARY SCHOOL,PRIVATE,EASTERN,MWINGI,MIGWANI,NGUUTANI,MWINGI SOUTH,KITUI,,-1.03,37.88
ST EMMANUEL JUNIOR ACADEMY PRI,PRIMARY SCHOOL,PRIVATE,EASTERN,MACHAKOS,MAVOKO,ATHIRIVER,KATHIANI,MACHAKOS,,-1.45,36.98
GLORY TALENT ACADEMY PRI,PRIMARY SCHOOL,PRIVATE,EASTERN,MACHAKOS,MAVOKO,ATHIRIVER,KATHIANI,MACHAKOS,,-1.46,36.97
THANKSGIVING ACADEMY PRI SCH,PRIMARY SCHOOL,PRIVATE,EASTERN,MACHAKOS,MAVOKO,SETTLED AREA,KATHIANI,MACHAKOS,,-1.46,36.97
ZOOM JUNIOR ACADEMY,PRIMARY SCHOOL,PRIVATE,EASTERN,MACHAKOS,MAVOKO,SETTLED AREA,KATHIANI,MACHAKOS,,-1.46,36.97
ST BENEDICT MONTESSOR IJUNIOR ACADEMY PRI,PRIMARY SCHOOL,PRIVATE,EASTERN,MACHAKOS,MAVOKO,SETTLED AREA,KATHIANI,MACHAKOS,,-1.46,36.98
ZAU SXH PRI,PRIMARY SCHOOL,PRIVATE,EASTERN,MACHAKOS,MAVOKO,ATHIRIVER,KATHIANI,MACHAKOS,,-1.46,36.98
ACK ST PAULS ACADEMY PRI,PRIMARY SCHOOL,PRIVATE,EASTERN,MACHAKOS,MAVOKO,SETTLED AREA,KATHIANI,MACHAKOS,,-1.46,36.98
WISDOM ACADEMY PRI,PRIMARY SCHOOL,PRIVATE,EASTERN,MACHAKOS,MAVOKO,ATHIRIVER,KATHIANI,MACHAKOS,,-1.46,36.98
ATHI MEADOW ACADEMY PRI SCH,PRIMARY SCHOOL,PRIVATE,EASTERN,MACHAKOS,MAVOKO,SETTLED AREA,KATHIANI,MACHAKOS,,-1.45,36.98
FIRST BAPTIST ACADEMY PRI,PRIMARY SCHOOL,PRIVATE,EASTERN,MACHAKOS,MAVOKO,ATHIRIVER,KATHIANI,MACHAKOS,,-1.46,36.97
PREMISE VISION 2020 JUNIOR ACADEMY,PRIMARY SCHOOL,PRIVATE,EASTERN,MACHAKOS,MAVOKO,KATANI,KATHIANI,MACHAKOS,,-1.39,36.94
REAL JUNIOR SCH PRI,PRIMARY SCHOOL,PRIVATE,EASTERN,MACHAKOS,MAVOKO,KATANI,KATHIANI,MACHAKOS,,-1.39,36.94
JOYLAND VISION ACADEMY,PRIMARY SCHOOL,PRIVATE,EASTERN,MACHAKOS,MAVOKO,KATANI,KATHIANI,MACHAKOS,,-1.39,36.94
PRECIOUS MOMENT SCHOOL,PRIMARY SCHOOL,PRIVATE,EASTERN,MWINGI,NGUNI,NGUNI,MWINGI SOUTH,KITUI,,-0.8,38.31
SPRINGS ED CENTER PRI,PRIMARY SCHOOL,PRIVATE,EASTERN,MACHAKOS,MAVOKO,KATANI,KATHIANI,MACHAKOS,,-1.39,36.94
ST. PATRICKS MIXED BOARDING PRIMARY SCHOOL,PRIMARY SCHOOL,PRIVATE,EASTERN,MWINGI,NGUNI,NGUNI,MWINGI SOUTH,KITUI,,-0.8,38.31
ST MARTINS JUNIOR ACADEMY,PRIMARY SCHOOL,PRIVATE,EASTERN,MACHAKOS,MAVOKO,KATANI,KATHIANI,MACHAKOS,,-1.39,36.94
PRISIM ACADEMY,PRIMARY SCHOOL,PRIVATE,EASTERN,MWINGI,MUMONI,MUKOMA,MWINGI NORTH,KITUI,,-0.56,37.91
JOSPA HAPPYTOTS ACADEMY PRI SCH,PRIMARY SCHOOL,PRIVATE,EASTERN,MACHAKOS,MAVOKO,KATANI,KATHIANI,MACHAKOS,,-1.39,36.94
MT OLIVES ACADEMY PRI SCH,PRIMARY SCHOOL,PRIVATE,EASTERN,MACHAKOS,MAVOKO,KATANI,KATHIANI,MACHAKOS,,-1.39,36.94
SOLOMON SCH PRI,PRIMARY SCHOOL,PRIVATE,EASTERN,MACHAKOS,MAVOKO,KATANI,KATHIANI,MACHAKOS,,-1.4,36.94
PRISM JUNIOR SCHOOL - NGUNGANI,PRIMARY SCHOOL,PRIVATE,EASTERN,MWINGI,MUMONI,KAKUYU,MWINGI NORTH,KITUI,,-0.62,37.96
HERITAGE OF FAITH CHRISTIAN  PRI SCH,PRIMARY SCHOOL,PRIVATE,EASTERN,MACHAKOS,MAVOKO,KATANI,KATHIANI,MACHAKOS,,-1.4,36.95
NIKO ACADEMY PRI,PRIMARY SCHOOL,PRIVATE,EASTERN,MACHAKOS,MAVOKO,KATANI,KATHIANI,MACHAKOS,,-1.4,36.94
WINNERS PRIMARY,PRIMARY SCHOOL,PRIVATE,EASTERN,MWINGI,MUMONI,KAKUYU,MWINGI NORTH,KITUI,,-0.62,37.96
ST JOSEPHS BOARDING PRI SCH,PRIMARY SCHOOL,PRIVATE,EASTERN,MACHAKOS,MWALA,MBIUNI,MWALA,MACHAKOS,,-1.25,37.41
ST PATRICKS PRI SCH,PRIMARY SCHOOL,PRIVATE,EASTERN,MACHAKOS,MWALA,MBIUNI,MWALA,MACHAKOS,,-1.24,37.41
ST MARYS PRI SCH,PRIMARY SCHOOL,PRIVATE,EASTERN,MACHAKOS,MWALA,KATHAMA,MWALA,MACHAKOS,,-1.17,37.35
ST.RUTH ACADEMY PRI SCH,PRIMARY SCHOOL,PRIVATE,EASTERN,MACHAKOS,KANGUNDO,KANGUDO,KANGUNDO,MACHAKOS,,-1.28,37.34
MULLI ACADEMY PRI SCH,PRIMARY SCHOOL,PRIVATE,EASTERN,MACHAKOS,KANGUNDO,KANGUDO,KANGUNDO,MACHAKOS,,-1.3,37.34
MT SINAI PRI SCH,PRIMARY SCHOOL,PRIVATE,EASTERN,MACHAKOS,KANGUNDO,KANZALU,KANGUNDO,MACHAKOS,,-1.27,37.35
KYENI ACADEMY PRI SCH,PRIMARY SCHOOL,PRIVATE,EASTERN,MACHAKOS,KANGUNDO,KANZALU,KANGUNDO,MACHAKOS,,-1.28,37.37
BETTY ACADEMY  PRI. SCH.,PRIMARY SCHOOL,PRIVATE,EASTERN,MBEERE,GACHOKA,KITHUNTHIRI,GACHOKA,EMBU,,-0.68,37.65
IRIGA EBENEZER ACADEMY,PRIMARY SCHOOL,PRIVATE,EASTERN,MERU SOUTH,MUTHAMBI,MUTHAMBI,NITHI,THARAKA NITHI,,-0.27,37.62
ST.MARY'S MUNYIRI  PRI. SCH.,PRIMARY SCHOOL,PRIVATE,EASTERN,MBEERE,GACHOKA,KIANJURI,GACHOKA,EMBU,,-0.68,37.6
ITUGURURU ACADEMY,PRIMARY SCHOOL,PRIVATE,EASTERN,MERU SOUTH,IGAMBANG'OMBE,ITUNGURURU,NITHI,THARAKA NITHI,,-0.42,37.71
MSINGI BORA ACADEMY PRI. SCH.,PRIMARY SCHOOL,PRIVATE,EASTERN,MBEERE,GACHOKA,MBETI SOUTH,GACHOKA,EMBU,,-0.65,37.56
TAMU ACADEMY PRI,PRIMARY SCHOOL,PRIVATE,EASTERN,MERU SOUTH,IGAMBANG'OMBE,ITUNGURURU,NITHI,THARAKA NITHI,,-0.45,37.74
WERUS  ACADEMY PRI.SCH.,PRIMARY SCHOOL,PRIVATE,EASTERN,MBEERE,GACHOKA,MBETI SOUTH,GACHOKA,EMBU,,-0.59,37.49
ST.MARY'S KANGETA PRI.SCH.,PRIMARY SCHOOL,PRIVATE,EASTERN,MBEERE,GACHOKA,MBETI SOUTH,GACHOKA,EMBU,,-0.69,37.51
ST PETERS PREPARATORY,PRIMARY SCHOOL,PRIVATE,EASTERN,MERU SOUTH,IGAMBANG'OMBE,KAJUKI,NITHI,THARAKA NITHI,,-0.33,37.83
JANSTIFF JUNIOR SCH. PRI.,PRIMARY SCHOOL,PRIVATE,EASTERN,MBEERE,GACHOKA,MBETI SOUTH,GACHOKA,EMBU,,-0.68,37.49
GAYA ACADEMY PRI. SCH.,PRIMARY SCHOOL,PRIVATE,EASTERN,MBEERE,GACHOKA,MBETI SOUTH,GACHOKA,EMBU,,-0.6,37.56
MUTUOBORE  KINGS ACADEMY PRIM. SCH.,PRIMARY SCHOOL,PRIVATE,EASTERN,MBEERE,GACHOKA,MUTUOBARE,GACHOKA,EMBU,,-0.75,37.81
IKUU ACHIEVERS ACADEMY,PRIMARY SCHOOL,PRIVATE,EASTERN,MERU SOUTH,MAGUMONI,KABUBONI,NITHI,THARAKA NITHI,,-0.37,37.65
RUBATE ACHIEVERS ACADEMY,PRIMARY SCHOOL,PRIVATE,EASTERN,MERU SOUTH,MAGUMONI,RUBATE,NITHI,THARAKA NITHI,,-0.39,37.68
WANGO BOARDING,PRIMARY SCHOOL,PRIVATE,EASTERN,MBEERE,MWEA,KARABA,GACHOKA,EMBU,,-0.81,37.37
CIAKAVIU  PRI. SCH.,PRIMARY SCHOOL,PRIVATE,EASTERN,MBEERE,SIAKAGO,MUTITU,SIAKAGO,EMBU,,-0.6,37.84
CHUKA JUNIOR SCH,PRIMARY SCHOOL,PRIVATE,EASTERN,MERU SOUTH,CHUKA,KARINGANI,NITHI,THARAKA NITHI,,-0.34,37.67
QUEEN OF LOVE ACADEMY PRI. SCH.,PRIMARY SCHOOL,PRIVATE,EASTERN,MBEERE,EVURORE,KANYUOMBORA,SIAKAGO,EMBU,,-0.46,37.73
GOD'S MERCY  ACADEMY PRI SCH.,PRIMARY SCHOOL,PRIVATE,EASTERN,MBEERE,EVURORE,KANYUOMBORA,SIAKAGO,EMBU,,-0.45,37.7
NICODEMUS JUNIOR ACADEMY PRI. SCH.,PRIMARY SCHOOL,PRIVATE,EASTERN,MBEERE,EVURORE,KANYUOMBORA,SIAKAGO,EMBU,,-0.47,37.72
ST.MARY'S CATHOLIC PR. SCH.,PRIMARY SCHOOL,PRIVATE,EASTERN,MBEERE,MWEA,KARABA,GACHOKA,EMBU,,-0.76,37.28
MAKUTANO  JUNIOR  ACADEMY PRI SCH,PRIMARY SCHOOL,PRIVATE,EASTERN,MBEERE,MWEA,KARABA,GACHOKA,EMBU,,-0.76,37.28
PCEA KAANWA TOWNSHIP PRI,PRIMARY SCHOOL,PRIVATE,EASTERN,MERU SOUTH,CHUKA,KARINGANI,NITHI,THARAKA NITHI,,-0.32,37.72
CHUKA CATHOLIC PRI,PRIMARY SCHOOL,PRIVATE,EASTERN,MERU SOUTH,CHUKA,KIANGONDU,NITHI,THARAKA NITHI,,-0.34,37.65
ST.PAULS MINIMAX  PRI. SCH.,PRIMARY SCHOOL,PRIVATE,EASTERN,MBEERE,EVURORE,ISHIARA,SIAKAGO,EMBU,,-0.46,37.79
ST.TERESA  FASCE ACADEMY PRI. SCH.,PRIMARY SCHOOL,PRIVATE,EASTERN,MBEERE,EVURORE,ISHIARA,SIAKAGO,EMBU,,-0.45,37.79
CHUKA TUMAINI ACADEMY,PRIMARY SCHOOL,PRIVATE,EASTERN,MERU SOUTH,CHUKA,KARINGANI,NITHI,THARAKA NITHI,,-0.32,37.66
PRECIOUS  KIDS ACADEMY PRI. SCH.,PRIMARY SCHOOL,PRIVATE,EASTERN,MBEERE,EVURORE,ISHIARA,SIAKAGO,EMBU,,-0.45,37.79
MARY MOTHER OF GOD PRI. SCH.,PRIMARY SCHOOL,PRIVATE,EASTERN,MERU CENTRAL,TIMAU,KISIMA,NORTH IMENTI,MERU,,0.12,37.38
NJERU JUNIOR PRI,PRIMARY SCHOOL,PRIVATE,EASTERN,MERU SOUTH,CHUKA,KARINGANI,NITHI,THARAKA NITHI,,-0.32,37.66
EX-LEWA ACADEMY PRI. SCH,PRIMARY SCHOOL,PRIVATE,EASTERN,MERU CENTRAL,TIMAU,KISIMA,NORTH IMENTI,MERU,,0.13,37.4
ZABA  ACADEMY  PRI. SCH.,PRIMARY SCHOOL,PRIVATE,EASTERN,MBEERE,EVURORE,ISHIARA,SIAKAGO,EMBU,,-0.45,37.85
FATHER AIRALDI PRI,PRIMARY SCHOOL,PRIVATE,EASTERN,MERU SOUTH,CHUKA,KIANG'ONDU,NITHI,THARAKA NITHI,,-0.32,37.61
JUBILEE ACADEMY PRI. SCH,PRIMARY SCHOOL,PRIVATE,EASTERN,MERU CENTRAL,TIMAU,ONTULILI,NORTH IMENTI,MERU,,0.04,37.13
MCK  KIRIMBA  PRI. SCH.,PRIMARY SCHOOL,PRIVATE,EASTERN,MERU CENTRAL,TIMAU,ONTULILI,NORTH IMENTI,MERU,,0.04,37.12
PRECIOUS SUPER KIDS,PRIMARY SCHOOL,PRIVATE,EASTERN,MERU SOUTH,CHUKA,MUGWE,NITHI,THARAKA NITHI,,-0.34,37.63
AIPCA ST.MATHEW PRI. SCH.,PRIMARY SCHOOL,PRIVATE,EASTERN,MERU CENTRAL,TIMAU,ONTULILI,NORTH IMENTI,MERU,,0.02,37.14
KITHAENE  JUNIOR VICTORY ACADEMY PRIM SCH.,PRIMARY SCHOOL,PRIVATE,EASTERN,MERU CENTRAL,TIMAU,ONTULILI,NORTH IMENTI,MERU,,0.03,37.23
FEATHERS EDUCATION CENTRE,PRIMARY SCHOOL,PRIVATE,EASTERN,MBEERE,EVURORE,NDURUMORI,SIAKAGO,EMBU,,-0.51,37.78
ST.MATHEW GATETE PRI .SCH.,PRIMARY SCHOOL,PRIVATE,EASTERN,MBEERE,GACHOKA,MUTUOBARE,GACHOKA,EMBU,,-0.77,37.87
ST.ANNE  RUTUMBI  PRI.SCH.,PRIMARY SCHOOL,PRIVATE,EASTERN,MBEERE,GACHOKA,MUTUOBARE,GACHOKA,EMBU,,-0.73,37.86
MORNING  STAR ACADEMY PRI. CSH.,PRIMARY SCHOOL,PRIVATE,EASTERN,MBEERE,GACHOKA,KIAMBERE,GACHOKA,EMBU,,-0.7,37.78
OASIS MBETINI PRI,PRIMARY SCHOOL,PRIVATE,EASTERN,MERU SOUTH,IGAMBANG'OMBE,MUTINO,NITHI,THARAKA NITHI,,-0.3,37.82
ST LYDIA STUTZIE CHRISTIAN ACADEMY PRI,PRIMARY SCHOOL,PRIVATE,EASTERN,MERU SOUTH,MAGUMONI,MAGUMONI,NITHI,THARAKA NITHI,,-0.38,37.61
MASHARIKI  ACADEMY PRI. SCH.,PRIMARY SCHOOL,PRIVATE,EASTERN,MBEERE,SIAKAGO,NTHAWA,SIAKAGO,EMBU,,-0.53,37.64
BRIGHTROSE ACADEMY,PRIMARY SCHOOL,PRIVATE,EASTERN,MERU SOUTH,MAGUMONI,MAGUMONI,NITHI,THARAKA NITHI,,-0.38,37.61
MORNING STAR PREPARATORY SCH.,PRIMARY SCHOOL,PRIVATE,EASTERN,MBEERE,SIAKAGO,GITIBURI,SIAKAGO,EMBU,,-0.58,37.56
SANTA RITZ ACADEMY,PRIMARY SCHOOL,PRIVATE,EASTERN,MERU SOUTH,MWIMBI,CHOGORIA,NITHI,THARAKA NITHI,,-0.22,37.63
ST.PHILIPS BOARDING PRI SCH.,PRIMARY SCHOOL,PRIVATE,EASTERN,MBEERE,SIAKAGO,GITIBURI,SIAKAGO,EMBU,,-0.6,37.58
ITIRI ACADEMY,PRIMARY SCHOOL,PRIVATE,EASTERN,MERU SOUTH,MWIMBI,CHOGORIA,NITHI,THARAKA NITHI,,-0.23,37.63
KIBUGUA BANANA ACADEMY,PRIMARY SCHOOL,PRIVATE,EASTERN,MERU SOUTH,MAGUMONI,THUITA,NITHI,THARAKA NITHI,,-0.37,37.62
CHOGORIOR JUNIOR SCH,PRIMARY SCHOOL,PRIVATE,EASTERN,MERU SOUTH,MWIMBI,CHOGORIA,NITHI,THARAKA NITHI,,-0.23,37.64
GATEWAY PRI SCH,PRIMARY SCHOOL,PRIVATE,EASTERN,MERU SOUTH,MWIMBI,CHOGORIA,NITHI,THARAKA NITHI,,-0.23,37.63
LITTLE FLOWER PRI,PRIMARY SCHOOL,PRIVATE,EASTERN,MERU SOUTH,MAGUMONI,THUITA,NITHI,THARAKA NITHI,,-0.37,37.62
ELLAS JUNIOR ACADEMY PRI. SCH.,PRIMARY SCHOOL,PRIVATE,EASTERN,MBEERE,SIAKAGO,NTHAWA,SIAKAGO,EMBU,,-0.57,37.64
HILLSIDE JUNIOR ACADEMY PRI.,PRIMARY SCHOOL,PRIVATE,EASTERN,MBEERE,SIAKAGO,NTHAWA,SIAKAGO,EMBU,,-0.58,37.63
CHOGORIA ACADEMY,PRIMARY SCHOOL,PRIVATE,EASTERN,MERU SOUTH,MWIMBI,CHOGORIA,NITHI,THARAKA NITHI,,-0.23,37.63
HARMONY PREMIER ACADEMY PRI,PRIMARY SCHOOL,PRIVATE,EASTERN,MBEERE,SIAKAGO,NTHAWA,SIAKAGO,EMBU,,-0.57,37.64
KIRIANI JUNIOR ACADEMY,PRIMARY SCHOOL,PRIVATE,EASTERN,MERU SOUTH,MWIMBI,MURUGI,NITHI,THARAKA NITHI,,-0.26,37.64
MOTHER ANGELINA PRI SCH,PRIMARY SCHOOL,PRIVATE,EASTERN,EMBU,NEMBURE,KITHIMU,MANYATTA,EMBU,,-0.51,37.52
ST. FRANCIS PROG ACADEMY PRI SCH,PRIMARY SCHOOL,PRIVATE,EASTERN,EMBU,NEMBURE,KIYHIMU,MANYATTA,EMBU,,-0.5,37.52
OUR LADY OF BETHLEHEM ACADEMY,PRIMARY SCHOOL,PRIVATE,EASTERN,MERU SOUTH,MAGUMONI,MUKUUNI,NITHI,THARAKA NITHI,,-0.41,37.66
CAMP DAVID PRI ACADEMY,PRIMARY SCHOOL,PRIVATE,EASTERN,EMBU,NEMBURE,GATURI SOUTH,MANYATTA,EMBU,,-0.51,37.48
FAITH SPRINGS PRI SCH,PRIMARY SCHOOL,PRIVATE,EASTERN,EMBU,NEMBURE,GATURI SOUTH,MANYATTA,EMBU,,-0.49,37.5
KERIA VICTORS ACADEMY,PRIMARY SCHOOL,PRIVATE,EASTERN,MERU SOUTH,MWIMBI,MARAA,NITHI,THARAKA NITHI,,-0.22,37.67
KIERA ACADEMY PRI,PRIMARY SCHOOL,PRIVATE,EASTERN,MERU SOUTH,MWIMBI,MAARA,NITHI,THARAKA NITHI,,-0.22,37.68
KARAMANI BAPTIST ACADEMY,PRIMARY SCHOOL,PRIVATE,EASTERN,MERU SOUTH,MAGUMONI,MUKUUNI,NITHI,THARAKA NITHI,,-0.4,37.64
MUKORORIA  PRI. SCH.,PRIMARY SCHOOL,PRIVATE,EASTERN,MBEERE,SIAKAGO,MUTITU,SIAKAGO,EMBU,,-0.6,37.81
BRIGHTEN SHINE PRI SCH,PRIMARY SCHOOL,PRIVATE,EASTERN,EMBU,MANYATTA,NGANDORI,MANYATTA,EMBU,,-0.46,37.47
FURAHA PATKA ACADEMY,PRIMARY SCHOOL,PRIVATE,EASTERN,MERU SOUTH,MAGUMONI,MWONGE,NITHI,THARAKA NITHI,,-0.36,37.63
BARAKA ACADEMY,PRIMARY SCHOOL,PRIVATE,EASTERN,MERU SOUTH,MWIMBI,KIERA,NITHI,THARAKA NITHI,,-0.22,37.66
HIGHLANDS ACADEMY PRI. SCH.,PRIMARY SCHOOL,PRIVATE,EASTERN,MERU CENTRAL,TIMAU,KISIMA,NORTH IMENTI,MERU,,0.07,37.22
FATHER JOHN MEMORIAL PRIMARY SCHOOL,PRIMARY SCHOOL,PRIVATE,EASTERN,MARSABIT,CENTRAL - MARSABIT,DAKABARICHA,SAKU,MARSABIT,,2.35,37.99
SALESAN ACADEMY,PRIMARY SCHOOL,PRIVATE,EASTERN,MERU SOUTH,CHUKA,GITARENI,NITHI,THARAKA NITHI,,-0.37,37.68
ANNE'S JUNIOR ACADEMY PRI,PRIMARY SCHOOL,PRIVATE,EASTERN,MERU CENTRAL,TIMAU,NGUSISHI,NORTH IMENTI,MERU,,0.07,37.3
GREEN GATE ACADEMY PRI,PRIMARY SCHOOL,PRIVATE,EASTERN,MERU CENTRAL,TIMAU,NGUSISHI,NORTH IMENTI,MERU,,0.06,37.29
GODANS B ACADEMY,PRIMARY SCHOOL,PRIVATE,EASTERN,MERU CENTRAL,TIMAU,KIRIMARA,NORTH IMENTI,MERU,,0.06,37.29
MARSABIT JAMIA PRY SCH,PRIMARY SCHOOL,PRIVATE,EASTERN,MARSABIT,CENTRAL - MARSABIT,MOUNTAIN,SAKU,MARSABIT,,2.33,37.99
MARSABIT JAMIA UPPER PRY SCH,PRIMARY SCHOOL,PRIVATE,EASTERN,MARSABIT,CENTRAL - MARSABIT,MOUNTAIN,SAKU,MARSABIT,,2.33,37.99
FACING MT. KENYA PRIM. SCH.,PRIMARY SCHOOL,PRIVATE,EASTERN,MERU CENTRAL,TIMAU,KIRIMAMPIO,NORTH IMENTI,MERU,,0.04,37.28
ST ALVINS ACADEMY,PRIMARY SCHOOL,PRIVATE,EASTERN,MERU SOUTH,MWIMBI,KIERA,NITHI,THARAKA NITHI,,-0.23,37.73
MILLENIUM LIGHT SCH MUTHIMI,PRIMARY SCHOOL,PRIVATE,EASTERN,MERU SOUTH,CHUKA,GITARENI,NITHI,THARAKA NITHI,,-0.38,37.7
OUR LADY OF VISITATION PRI. SCH.,PRIMARY SCHOOL,PRIVATE,EASTERN,MERU CENTRAL,TIMAU,KIAMBOGO,NORTH IMENTI,MERU,,0.09,37.23
ST.ELIZABETH  PRI. SCH.,PRIMARY SCHOOL,PRIVATE,EASTERN,MERU CENTRAL,TIMAU,KIRIMARA,NORTH IMENTI,MERU,,0.09,37.24
JEDIEL KIRATHE ACADEMY,PRIMARY SCHOOL,PRIVATE,EASTERN,MERU SOUTH,MWIMBI,MAARA,NITHI,THARAKA NITHI,,-0.22,37.72
TIMAU JUNIOR ACADEMY PRI. SCH.,PRIMARY SCHOOL,PRIVATE,EASTERN,MERU CENTRAL,TIMAU,KIRIMARA,NORTH IMENTI,MERU,,0.07,37.22
DESTINY SCHOOLS PRI,PRIMARY SCHOOL,PRIVATE,EASTERN,MERU SOUTH,MWIMBI,MAARA,NITHI,THARAKA NITHI,,-0.22,37.72
EMMANUEL  ACADEMY PRI. SCH.,PRIMARY SCHOOL,PRIVATE,EASTERN,MERU NORTH,TIGANIA WEST,MIATHENE,TIGANIA WEST,MERU,,0.16,37.77
NJERU JUNIOR ACADEMY PRI,PRIMARY SCHOOL,PRIVATE,EASTERN,MERU SOUTH,CHUKA,KIANG'ONDU,NITHI,THARAKA NITHI,,-0.33,37.64
OMEGA JUNIOR ACADEMY PRI,PRIMARY SCHOOL,PRIVATE,EASTERN,MBEERE,MWEA,MAKIMA,GACHOKA,EMBU,,-0.78,37.59
MILLENIUM LIGHT SCH,PRIMARY SCHOOL,PRIVATE,EASTERN,MERU SOUTH,CHUKA,KIANG'ONDU,NITHI,THARAKA NITHI,,-0.32,37.64
ATHOMI ACADEMY,PRIMARY SCHOOL,PRIVATE,EASTERN,MERU SOUTH,CHUKA,KIANG'ONDU,NITHI,THARAKA NITHI,,-0.33,37.65
KARIAKOMO HOLY TRINITY ACADEMY,PRIMARY SCHOOL,PRIVATE,EASTERN,MERU SOUTH,MWIMBI,GANGA,NITHI,THARAKA NITHI,,-0.24,37.67
MIATHANE  HEVER JUNIOR ACADEMY PRI. SCH.,PRIMARY SCHOOL,PRIVATE,EASTERN,MERU NORTH,TIGANIA WEST,MIATHENE,TIGANIA WEST,MERU,,0.15,37.79
WISEDOVE ACADEMY,PRIMARY SCHOOL,PRIVATE,EASTERN,MERU SOUTH,CHUKA,KIANG'ONDU,NITHI,THARAKA NITHI,,-0.32,37.66
COUNTY EDUCATION CENTRE,PRIMARY SCHOOL,PRIVATE,EASTERN,MERU SOUTH,CHUKA,KARINGANI,NITHI,THARAKA NITHI,,-0.33,37.67
KAKAWA PRI,PRIMARY SCHOOL,PRIVATE,EASTERN,MBEERE,MWEA,MAKIMA,GACHOKA,EMBU,,-0.74,37.49
LIONS PRIMARY SCH,PRIMARY SCHOOL,PRIVATE,EASTERN,EMBU,CENTRAL - EMBU,MUNICIPALITY,MANYATTA,EMBU,,-0.53,37.45
HAVARD JUNIOR PRI SCH,PRIMARY SCHOOL,PRIVATE,EASTERN,EMBU,CENTRAL - EMBU,MUNICIPALITY,MANYATTA,EMBU,,-0.54,37.45
VISION JUNIOR ACADEMY PRI SCH,PRIMARY SCHOOL,PRIVATE,EASTERN,EMBU,CENTRAL - EMBU,MUNICIPALITY,MANYATTA,EMBU,,-0.54,37.45
BONANZA PRI SCH,PRIMARY SCHOOL,PRIVATE,EASTERN,EMBU,CENTRAL - EMBU,MUNICIPALITY,MANYATTA,EMBU,,-0.54,37.46
MFARIJI  JUNIOR PRIM. SCH.,PRIMARY SCHOOL,PRIVATE,EASTERN,MBEERE,MWEA,MAKIMA,GACHOKA,EMBU,,-0.78,37.58
JEIENI  JUNIOR PRIM. SCH.,PRIMARY SCHOOL,PRIVATE,EASTERN,MERU NORTH,TIGANIA WEST,MITUNTU,TIGANIA WEST,MERU,,0.17,37.68
EMMANUEL PRI SCH,PRIMARY SCHOOL,PRIVATE,EASTERN,EMBU,CENTRAL - EMBU,MUNICIPALITY,MANYATTA,EMBU,,-0.54,37.46
DIPLOMAT ACADEMY PRI SCH,PRIMARY SCHOOL,PRIVATE,EASTERN,EMBU,CENTRAL - EMBU,MUNICIPALITY,MANYATTA,EMBU,,-0.54,37.46
FGCK HAPPYLAND ACADEMY PRI SCH,PRIMARY SCHOOL,PRIVATE,EASTERN,EMBU,CENTRAL - EMBU,MUNICIPALITY,MANYATTA,EMBU,,-0.54,37.45
MODERN GREEN JUNIOR ACADEMY PRI SCH,PRIMARY SCHOOL,PRIVATE,EASTERN,EMBU,CENTRAL - EMBU,MUNICIPALITY,MANYATTA,EMBU,,-0.53,37.46
BY GRACE ACADEMY PRI SCH,PRIMARY SCHOOL,PRIVATE,EASTERN,EMBU,CENTRAL - EMBU,MUNICIPALITY,MANYATTA,EMBU,,-0.53,37.45
NAIRIRI    EAPC ACADEMY PRIM. SCH.,PRIMARY SCHOOL,PRIVATE,EASTERN,MERU NORTH,TIGANIA WEST,KANJAI,TIGANIA WEST,MERU,,0.18,37.72
B.M. MFARIJI PRIM. SCH.,PRIMARY SCHOOL,PRIVATE,EASTERN,MBEERE,MWEA,MAKIMA,GACHOKA,EMBU,,-0.81,37.56
PCEA IGWANJAU ACADEMY,PRIMARY SCHOOL,PRIVATE,EASTERN,MERU SOUTH,MWIMBI,GANGA,NITHI,THARAKA NITHI,,-0.24,37.7
OUR LADY OF ASSUMPTION PRI SCH,PRIMARY SCHOOL,PRIVATE,EASTERN,EMBU,CENTRAL - EMBU,MUNICIPALITY,MANYATTA,EMBU,,-0.52,37.45
MAITEI PRI,PRIMARY SCHOOL,PRIVATE,EASTERN,MERU CENTRAL,BUURI,NAARI,NORTH IMENTI,MERU,,0.11,37.57
ST. MICHAEL KIANGUGI PRI,PRIMARY SCHOOL,PRIVATE,EASTERN,EMBU,KYENI,KYENI NORTH,RUNYENJES,EMBU,,-0.37,37.57
EVALYNE SCHOOLS COMPLEX PRI SCH,PRIMARY SCHOOL,PRIVATE,EASTERN,EMBU,CENTRAL - EMBU,MUNICIPALITY,MANYATTA,EMBU,,-0.48,37.46
NGERU ELITE ACADEMY,PRIMARY SCHOOL,PRIVATE,EASTERN,MERU SOUTH,MWIMBI,GANGA,NITHI,THARAKA NITHI,,-0.26,37.69
MERCY PRY SCH,PRIMARY SCHOOL,PRIVATE,EASTERN,MARSABIT,LAISAMIS,LAISAMIS,LAISAMIS,MARSABIT,,1.6,37.81
JOYRIDER ACADEMY PRI SCH,PRIMARY SCHOOL,PRIVATE,EASTERN,EMBU,KYENI,KARURUMO,RUNYENJES,EMBU,,-0.48,37.65
MARATHON ACADEMY PRI SCH,PRIMARY SCHOOL,PRIVATE,EASTERN,EMBU,KYENI,KARURUMO,RUNYENJES,EMBU,,-0.47,37.65
EMBU CHRISTIAN SCH PRI,PRIMARY SCHOOL,PRIVATE,EASTERN,EMBU,CENTRAL - EMBU,MUNICIPALITY,MANYATTA,EMBU,,-0.53,37.46
ACK ST . BARNABAS KARURUMO PRI SCH,PRIMARY SCHOOL,PRIVATE,EASTERN,EMBU,KYENI,KARURUMO,RUNYENJES,EMBU,,-0.47,37.64
VICTORY KAMIU ACADEMY,PRIMARY SCHOOL,PRIVATE,EASTERN,EMBU,CENTRAL - EMBU,MUNICIPALITY,MANYATTA,EMBU,,-0.52,37.46
MAGANA MEMORIAL PRI SCH,PRIMARY SCHOOL,PRIVATE,EASTERN,MERU CENTRAL,BUURI,NAARI,NORTH IMENTI,MERU,,0.07,37.59
THE TIRRIM PRY SCH,PRIMARY SCHOOL,PRIVATE,EASTERN,MARSABIT,LAISAMIS,KORR,LAISAMIS,MARSABIT,,2.01,37.5
ACK ST. JOHNS MILLENIUM ACADEMY PRI SCH,PRIMARY SCHOOL,PRIVATE,EASTERN,EMBU,CENTRAL - EMBU,MBETI NORTH,MANYATTA,EMBU,,-0.48,37.48
SUSANA KARURUMO CENTRE PRI SCH,PRIMARY SCHOOL,PRIVATE,EASTERN,EMBU,KYENI,KARURUMO,RUNYENJES,EMBU,,-0.47,37.65
TENRI ACADEMY PRI SCH,PRIMARY SCHOOL,PRIVATE,EASTERN,EMBU,CENTRAL - EMBU,MUNICIPALITY,MANYATTA,EMBU,,-0.54,37.47
ST CLARES PRI,PRIMARY SCHOOL,PRIVATE,EASTERN,MERU CENTRAL,BUURI,KIIRUA,NORTH IMENTI,MERU,,0.13,37.57
SHALOM ACADEMY PRI SCH,PRIMARY SCHOOL,PRIVATE,EASTERN,EMBU,KYENI,KARURUMO,RUNYENJES,EMBU,,-0.46,37.64
ST. PETER & PAUL PRI SCH,PRIMARY SCHOOL,PRIVATE,EASTERN,EMBU,CENTRAL - EMBU,MBETI NORTH,MANYATTA,EMBU,,-0.53,37.48
MAMA DAY PRI,PRIMARY SCHOOL,PRIVATE,EASTERN,MERU CENTRAL,BUURI,NAARI,NORTH IMENTI,MERU,,0.13,37.57
CARLO LIVIERO PRI SCH,PRIMARY SCHOOL,PRIVATE,EASTERN,EMBU,CENTRAL - EMBU,MBETI NORTH,MANYATTA,EMBU,,-0.53,37.48
KIIRUA SDA BOARDING PRI,PRIMARY SCHOOL,PRIVATE,EASTERN,MERU CENTRAL,BUURI,KIIRUA,NORTH IMENTI,MERU,,0.13,37.58
THAU PRI SCH,PRIMARY SCHOOL,PRIVATE,EASTERN,EMBU,KYENI,KARURUMO,RUNYENJES,EMBU,,-0.46,37.61
EMBU SHEPHERD ACADEMY PRI SCH,PRIMARY SCHOOL,PRIVATE,EASTERN,EMBU,CENTRAL - EMBU,MBETI NORTH,MANYATTA,EMBU,,-0.55,37.48
SILOAM ACADEMY PRI SCH,PRIMARY SCHOOL,PRIVATE,EASTERN,EMBU,KYENI,KYENI SOUTH,RUNYENJES,EMBU,,-0.42,37.61
EMBU KAWA ACADEMY PRI SCH,PRIMARY SCHOOL,PRIVATE,EASTERN,EMBU,CENTRAL - EMBU,MBETI NORTH,MANYATTA,EMBU,,-0.55,37.48
MILLENIUM FOCUS ACADEMY PRI SCH,PRIMARY SCHOOL,PRIVATE,EASTERN,EMBU,KYENI,KYENI SOUTH,RUNYENJES,EMBU,,-0.42,37.61
MUTHATARI ACADEMY PRI SCH,PRIMARY SCHOOL,PRIVATE,EASTERN,EMBU,CENTRAL - EMBU,MBETI NORTH,MANYATTA,EMBU,,-0.55,37.48
ST. JAMES KARUNGU JUNIOR PRI SCH,PRIMARY SCHOOL,PRIVATE,EASTERN,EMBU,KYENI,KYENI SOUTH,RUNYENJES,EMBU,,-0.42,37.61
WINNERS MILLENIUM PRI SCH,PRIMARY SCHOOL,PRIVATE,EASTERN,EMBU,RUNYENJES,RUNYENJES TOWN,RUNYENJES,EMBU,,-0.43,37.56
ST. JOSEPHS KATHUNGURI PRI SCH,PRIMARY SCHOOL,PRIVATE,EASTERN,EMBU,KYENI,KARURUMO,RUNYENJES,EMBU,,-0.43,37.64
ST MATHEWS ACADEMY,PRIMARY SCHOOL,PRIVATE,EASTERN,MERU CENTRAL,BUURI,KIIRUA,NORTH IMENTI,MERU,,0.26,37.54
ST. PAUL'S ACADEMY PRI SCH,PRIMARY SCHOOL,PRIVATE,EASTERN,EMBU,RUNYENJES,RUNYENJES TOWN,RUNYENJES,EMBU,,-0.45,37.56
ELYS SPRING ACADEMY PRI,PRIMARY SCHOOL,PRIVATE,EASTERN,MERU CENTRAL,BUURI,KIIRUA,NORTH IMENTI,MERU,,0.27,37.55
EMMACULATE PREP PRI SCH,PRIMARY SCHOOL,PRIVATE,EASTERN,EMBU,RUNYENJES,RUNYENJES TOWN,RUNYENJES,EMBU,,-0.47,37.56
JOYLAND KINGS ACADEMY PRI,PRIMARY SCHOOL,PRIVATE,EASTERN,EMBU,RUNYENJES,RUNYENJES TOWN,RUNYENJES,EMBU,,-0.49,37.57
ST TERESA PRI,PRIMARY SCHOOL,PRIVATE,EASTERN,MERU SOUTH,MUTHAMBI,MITHERU,NITHI,THARAKA NITHI,,-0.3,37.67
PCEA RUIRI COMPLEX ACADEMY,PRIMARY SCHOOL,PRIVATE,EASTERN,MERU CENTRAL,BUURI,RUIRI,NORTH IMENTI,MERU,,0.15,37.66
VICTORY JUNIOR ACADEMY PRI SCH,PRIMARY SCHOOL,PRIVATE,EASTERN,EMBU,KYENI,KYENI SOUTH,RUNYENJES,EMBU,,-0.4,37.62
MUGONA YMCA,PRIMARY SCHOOL,PRIVATE,EASTERN,MERU SOUTH,MUTHAMBI,MITHERU,NITHI,THARAKA NITHI,,-0.3,37.65
ACK NEMBURE PRIVATE PRI SCH,PRIMARY SCHOOL,PRIVATE,EASTERN,EMBU,NEMBURE,GATURI SOUTH,MANYATTA,EMBU,,-0.47,37.51
BETHANY JUNIOR ACADEMY,PRIMARY SCHOOL,PRIVATE,EASTERN,EMBU,NEMBURE,GATURI SOUTH,MANYATTA,EMBU,,-0.47,37.51
ST. JOSEPH OF TARBES PRI SCH,PRIMARY SCHOOL,PRIVATE,EASTERN,EMBU,NEMBURE,MAKENGI,RUNYENJES,EMBU,,-0.45,37.5
NICE ACADEMY PRI SCH,PRIMARY SCHOOL,PRIVATE,EASTERN,EMBU,RUNYENJES,KAGAARI SOUTH,RUNYENJES,EMBU,,-0.45,37.61
JOYLAND JUNIOR ACADEMY,PRIMARY SCHOOL,PRIVATE,EASTERN,EMBU,NEMBURE,MAKENGI,RUNYENJES,EMBU,,-0.45,37.52
SALOGATE PRI SCH,PRIMARY SCHOOL,PRIVATE,EASTERN,EMBU,RUNYENJES,RUNYENJES TOWN,RUNYENJES,EMBU,,-0.43,37.59
SA GICHICHE PRI SCH,PRIMARY SCHOOL,PRIVATE,EASTERN,EMBU,RUNYENJES,RAWANA,RUNYENJES,EMBU,,-0.43,37.59
UGWERI QUALITY ACADEMY PRI SCH,PRIMARY SCHOOL,PRIVATE,EASTERN,EMBU,RUNYENJES,KAGAARI NORTH,RUNYENJES,EMBU,,-0.47,37.6
LUCAS VISION PRI SCH,PRIMARY SCHOOL,PRIVATE,EASTERN,EMBU,RUNYENJES,RUNYENJES TOWN,RUNYENJES,EMBU,,-0.46,37.59
HELY'S ACADEMY,PRIMARY SCHOOL,PRIVATE,EASTERN,MERU SOUTH,MUTHAMBI,MUTHAMBI,NITHI,THARAKA NITHI,,-0.27,37.66
SAMURI ACADEMY,PRIMARY SCHOOL,PRIVATE,EASTERN,MERU CENTRAL,BUURI,KIIRUA,NORTH IMENTI,MERU,,0.17,37.58
DAVE PRI,PRIMARY SCHOOL,PRIVATE,EASTERN,MERU SOUTH,MUTHAMBI,MUTHAMBI,NITHI,THARAKA NITHI,,-0.27,37.66
ST. KELVIN'S JUNIOR ACADEMY PRI SCH,PRIMARY SCHOOL,PRIVATE,EASTERN,EMBU,RUNYENJES,RUNYENJES TOWN,RUNYENJES,EMBU,,-0.42,37.57
ST.PETERS PRI,PRIMARY SCHOOL,PRIVATE,EASTERN,MERU CENTRAL,BUURI,RUIRI,NORTH IMENTI,MERU,,0.15,37.62
ST. MARKS PRI SCH,PRIMARY SCHOOL,PRIVATE,EASTERN,EMBU,MANYATTA,NGANDORI,MANYATTA,EMBU,,-0.44,37.47
ST CHARLES LWANGA D/B PRI,PRIMARY SCHOOL,PRIVATE,EASTERN,MERU SOUTH,MUTHAMBI,MUTHAMBI,NITHI,THARAKA NITHI,,-0.27,37.66
FCGK VICTORY ACADEMY PRI SCH,PRIMARY SCHOOL,PRIVATE,EASTERN,EMBU,RUNYENJES,RUNYENJES TOWN,RUNYENJES,EMBU,,-0.42,37.57
JOMI STAR ACADEMY PRI,PRIMARY SCHOOL,PRIVATE,EASTERN,MERU NORTH,TIGANIA NORTH,MUTHARA,TIGANIA EAST,MERU,,0.21,37.8
SA KIGAA ACADEMY PRI SCH,PRIMARY SCHOOL,PRIVATE,EASTERN,EMBU,RUNYENJES,RUNYENJES TOWN,RUNYENJES,EMBU,,-0.44,37.57
WHITE HILL ACADEMY,PRIMARY SCHOOL,PRIVATE,EASTERN,MERU NORTH,TIGANIA NORTH,MUTHARA,TIGANIA EAST,MERU,,0.21,37.8
ALLSAINTS PRI SCH,PRIMARY SCHOOL,PRIVATE,EASTERN,EMBU,MANYATTA,NGANDORI,MANYATTA,EMBU,,-0.43,37.48
ST. TARCISIUS PRI SCH,PRIMARY SCHOOL,PRIVATE,EASTERN,EMBU,MANYATTA,NGANDORI,MANYATTA,EMBU,,-0.42,37.47
DOE OUR LADY OF CONSOLATION PRI SCH,PRIMARY SCHOOL,PRIVATE,EASTERN,EMBU,MANYATTA,RUGURU,MANYATTA,EMBU,,-0.4,37.48
THE PRECIOUS JUNIOR ACADEMY PRI SCH,PRIMARY SCHOOL,PRIVATE,EASTERN,EMBU,RUNYENJES,RUNYENJES TOWN,RUNYENJES,EMBU,,-0.41,37.57
MUTHARA JUNIOR ACADEMY,PRIMARY SCHOOL,PRIVATE,EASTERN,MERU NORTH,TIGANIA NORTH,MUTHARA,TIGANIA EAST,MERU,,0.22,37.79
LIKIUNDU COMPLEX PRI,PRIMARY SCHOOL,PRIVATE,EASTERN,MERU NORTH,TIGANIA NORTH,MUTHARA,TIGANIA EAST,MERU,,0.23,37.8
NICA VICTORS ACADEMY PRI SCH,PRIMARY SCHOOL,PRIVATE,EASTERN,EMBU,RUNYENJES,RUNYENJES TOWN,RUNYENJES,EMBU,,-0.39,37.56
ST. AMBROSE PRI SCH,PRIMARY SCHOOL,PRIVATE,EASTERN,EMBU,MANYATTA,RUGURU,MANYATTA,EMBU,,-0.36,37.47
OLA PRI SCH MBIRURI,PRIMARY SCHOOL,PRIVATE,EASTERN,EMBU,RUNYENJES,RUNYENJES TOWN,RUNYENJES,EMBU,,-0.42,37.56
SIX THIRTY ROYAL ACADEMY PRI,PRIMARY SCHOOL,PRIVATE,EASTERN,EMBU,MANYATTA,RUGURU,MANYATTA,EMBU,,-0.38,37.48
MCK MUTHARA CIRCUIT ACADEMY,PRIMARY SCHOOL,PRIVATE,EASTERN,MERU NORTH,TIGANIA NORTH,MUTHARA,TIGANIA EAST,MERU,,0.23,37.8
ST. STEPHEN MUKUURI ACADEMY PRI SCH,PRIMARY SCHOOL,PRIVATE,EASTERN,EMBU,RUNYENJES,KAGAARI,RUNYENJES,EMBU,,-0.41,37.54
OUR LADY OF MERCY PRI SCH,PRIMARY SCHOOL,PRIVATE,EASTERN,EMBU,RUNYENJES,KAGAARI,RUNYENJES,EMBU,,-0.4,37.54
DOE ST. JOSEPH KIANJOKOMA PRI SCH,PRIMARY SCHOOL,PRIVATE,EASTERN,EMBU,RUNYENJES,KAGAARI NORTH,RUNYENJES,EMBU,,-0.39,37.5
IRANGI VICTORY ACADEMY PRI SCH,PRIMARY SCHOOL,PRIVATE,EASTERN,EMBU,RUNYENJES,KAGAARI NORTH,RUNYENJES,EMBU,,-0.35,37.49
TUMAINI JUNIO ACADEMY,PRIMARY SCHOOL,PRIVATE,EASTERN,EMBU,MANYATTA,NGINDA,MANYATTA,EMBU,,-0.42,37.43
NICA ST.PAULS ACADEMY MUGUI PRI SCH,PRIMARY SCHOOL,PRIVATE,EASTERN,EMBU,RUNYENJES,KAGAARI NORTH,RUNYENJES,EMBU,,-0.36,37.5
WAMUGINA PROGRESSIVE ACADEMY PRI SCH,PRIMARY SCHOOL,PRIVATE,EASTERN,EMBU,MANYATTA,NGINDA,MANYATTA,EMBU,,-0.41,37.45
MBUINJERU BY FAITH ACADEMY,PRIMARY SCHOOL,PRIVATE,EASTERN,EMBU,RUNYENJES,KAGAARI NORTH,RUNYENJES,EMBU,,-0.38,37.51
ST. MONICA ACDEMY PRI SCH,PRIMARY SCHOOL,PRIVATE,EASTERN,EMBU,MANYATTA,NGINDA,MANYATTA,EMBU,,-0.42,37.45
ST. MARYS ACADEMY PRI SCH,PRIMARY SCHOOL,PRIVATE,EASTERN,EMBU,RUNYENJES,KAGAARI NORTH,RUNYENJES,EMBU,,-0.38,37.53
HOLY FAMILY PRI SCH,PRIMARY SCHOOL,PRIVATE,EASTERN,EMBU,MANYATTA,NGINDA,MANYATTA,EMBU,,-0.43,37.44
ELIMA EXCEPTIONAL KIDS ACADEMY PRI SCH,PRIMARY SCHOOL,PRIVATE,EASTERN,EMBU,KYENI,KYENI NORTH,RUNYENJES,EMBU,,-0.37,37.55
OUR LADY QUEEN OF WISDOM PRI SCH,PRIMARY SCHOOL,PRIVATE,EASTERN,EMBU,MANYATTA,NGINDA,MANYATTA,EMBU,,-0.37,37.45
AIPCK MBARANGA ACADEMY PRI,PRIMARY SCHOOL,PRIVATE,EASTERN,MERU NORTH,TIGANIA NORTH,KARAMA,TIGANIA EAST,MERU,,0.22,37.84
ST. MARYS PAROCIAL PRI SCH,PRIMARY SCHOOL,PRIVATE,EASTERN,EMBU,KYENI,KYENI NORTH,RUNYENJES,EMBU,,-0.41,37.59
ST. PHILLIPS JUNIOR ACADEMY PRI SCH,PRIMARY SCHOOL,PRIVATE,EASTERN,EMBU,MANYATTA,NGANDORI,MANYATTA,EMBU,,-0.47,37.44
LIGHTHOUSE ACADEMY PRI,PRIMARY SCHOOL,PRIVATE,EASTERN,EMBU,MANYATTA,NGANDORI,MANYATTA,EMBU,,-0.47,37.46
PCEA GANTARAKI ACADEMY,PRIMARY SCHOOL,PRIVATE,EASTERN,MERU SOUTH,MWIMBI,MURUGI,NITHI,THARAKA NITHI,,-0.26,37.61
ST. JOSEPHS HIGH VISION PRI SCH,PRIMARY SCHOOL,PRIVATE,EASTERN,EMBU,KYENI,KYENI NORTH,RUNYENJES,EMBU,,-0.39,37.58
KATHUNIRI STARLITE ACADEMY PRI SCH,PRIMARY SCHOOL,PRIVATE,EASTERN,EMBU,MANYATTA,NGINDA,MANYATTA,EMBU,,-0.37,37.46
ST. LUKES RURIRI PRIM SCH,PRIMARY SCHOOL,PRIVATE,EASTERN,EMBU,KYENI,KYENI NORTH,RUNYENJES,EMBU,,-0.38,37.55
GITWARA MWALIMU ACADEMY PRI SCH,PRIMARY SCHOOL,PRIVATE,EASTERN,EMBU,NEMBURE,GATURI NORTH,RUNYENJES,EMBU,,-0.4,37.5
CHOGORIA MILIMANI ACADEMY,PRIMARY SCHOOL,PRIVATE,EASTERN,MERU SOUTH,MWIMBI,MURUGI,NITHI,THARAKA NITHI,,-0.23,37.6
MT. KENYA PLAINS VIEW ACADEMY,PRIMARY SCHOOL,PRIVATE,EASTERN,EMBU,KYENI,KYENI NORTH,RUNYENJES,EMBU,,-0.38,37.59
LITTLE FRIENDS ACADEMY,PRIMARY SCHOOL,PRIVATE,EASTERN,MERU SOUTH,MWIMBI,CHOGORIA,NITHI,THARAKA NITHI,,-0.22,37.61
DOE ST. JOSEPH KIANJOKOMA PRI SCH,PRIMARY SCHOOL,PRIVATE,EASTERN,EMBU,RUNYENJES,KAGAARI NORTH,RUNYENJES,EMBU,,-0.39,37.5
EMMANUEL  ACADEMY PRI. SCH.,PRIMARY SCHOOL,PRIVATE,EASTERN,MERU NORTH,TIGANIA WEST,MIATHENE,TIGANIA WEST,MERU,,0.16,37.77
IRANGI VICTORY ACADEMY PRI SCH,PRIMARY SCHOOL,PRIVATE,EASTERN,EMBU,RUNYENJES,KAGAARI NORTH,RUNYENJES,EMBU,,-0.35,37.49
NICA ST.PAULS ACADEMY MUGUI PRI SCH,PRIMARY SCHOOL,PRIVATE,EASTERN,EMBU,RUNYENJES,KAGAARI NORTH,RUNYENJES,EMBU,,-0.36,37.5
MBUINJERU BY FAITH ACADEMY,PRIMARY SCHOOL,PRIVATE,EASTERN,EMBU,RUNYENJES,KAGAARI NORTH,RUNYENJES,EMBU,,-0.38,37.51
MIATHANE  HEVER JUNIOR ACADEMY PRI. SCH.,PRIMARY SCHOOL,PRIVATE,EASTERN,MERU NORTH,TIGANIA WEST,MIATHENE,TIGANIA WEST,MERU,,0.15,37.79
ST. MARYS ACADEMY PRI SCH,PRIMARY SCHOOL,PRIVATE,EASTERN,EMBU,RUNYENJES,KAGAARI NORTH,RUNYENJES,EMBU,,-0.38,37.53
ELIMA EXCEPTIONAL KIDS ACADEMY PRI SCH,PRIMARY SCHOOL,PRIVATE,EASTERN,EMBU,KYENI,KYENI NORTH,RUNYENJES,EMBU,,-0.37,37.55
JEIENI  JUNIOR PRIM. SCH.,PRIMARY SCHOOL,PRIVATE,EASTERN,MERU NORTH,TIGANIA WEST,MITUNTU,TIGANIA WEST,MERU,,0.17,37.68
ST. MARYS PAROCIAL PRI SCH,PRIMARY SCHOOL,PRIVATE,EASTERN,EMBU,KYENI,KYENI NORTH,RUNYENJES,EMBU,,-0.41,37.59
ST. JOSEPHS HIGH VISION PRI SCH,PRIMARY SCHOOL,PRIVATE,EASTERN,EMBU,KYENI,KYENI NORTH,RUNYENJES,EMBU,,-0.39,37.58
NAIRIRI    EAPC ACADEMY PRIM. SCH.,PRIMARY SCHOOL,PRIVATE,EASTERN,MERU NORTH,TIGANIA WEST,KANJAI,TIGANIA WEST,MERU,,0.18,37.72
ST. LUKES RURIRI PRIM SCH,PRIMARY SCHOOL,PRIVATE,EASTERN,EMBU,KYENI,KYENI NORTH,RUNYENJES,EMBU,,-0.38,37.55
MT. KENYA PLAINS VIEW ACADEMY,PRIMARY SCHOOL,PRIVATE,EASTERN,EMBU,KYENI,KYENI NORTH,RUNYENJES,EMBU,,-0.38,37.59
MAITEI PRI,PRIMARY SCHOOL,PRIVATE,EASTERN,MERU CENTRAL,BUURI,NAARI,NORTH IMENTI,MERU,,0.11,37.57
ST. MICHAEL KIANGUGI PRI,PRIMARY SCHOOL,PRIVATE,EASTERN,EMBU,KYENI,KYENI NORTH,RUNYENJES,EMBU,,-0.37,37.57
JOYRIDER ACADEMY PRI SCH,PRIMARY SCHOOL,PRIVATE,EASTERN,EMBU,KYENI,KARURUMO,RUNYENJES,EMBU,,-0.48,37.65
MARATHON ACADEMY PRI SCH,PRIMARY SCHOOL,PRIVATE,EASTERN,EMBU,KYENI,KARURUMO,RUNYENJES,EMBU,,-0.47,37.65
ACK ST . BARNABAS KARURUMO PRI SCH,PRIMARY SCHOOL,PRIVATE,EASTERN,EMBU,KYENI,KARURUMO,RUNYENJES,EMBU,,-0.47,37.64
MAGANA MEMORIAL PRI SCH,PRIMARY SCHOOL,PRIVATE,EASTERN,MERU CENTRAL,BUURI,NAARI,NORTH IMENTI,MERU,,0.07,37.59
ST CLARES PRI,PRIMARY SCHOOL,PRIVATE,EASTERN,MERU CENTRAL,BUURI,KIIRUA,NORTH IMENTI,MERU,,0.13,37.57
SUSANA KARURUMO CENTRE PRI SCH,PRIMARY SCHOOL,PRIVATE,EASTERN,EMBU,KYENI,KARURUMO,RUNYENJES,EMBU,,-0.47,37.65
MAMA DAY PRI,PRIMARY SCHOOL,PRIVATE,EASTERN,MERU CENTRAL,BUURI,NAARI,NORTH IMENTI,MERU,,0.13,37.57
SHALOM ACADEMY PRI SCH,PRIMARY SCHOOL,PRIVATE,EASTERN,EMBU,KYENI,KARURUMO,RUNYENJES,EMBU,,-0.46,37.64
KIIRUA SDA BOARDING PRI,PRIMARY SCHOOL,PRIVATE,EASTERN,MERU CENTRAL,BUURI,KIIRUA,NORTH IMENTI,MERU,,0.13,37.58
THAU PRI SCH,PRIMARY SCHOOL,PRIVATE,EASTERN,EMBU,KYENI,KARURUMO,RUNYENJES,EMBU,,-0.46,37.61
SILOAM ACADEMY PRI SCH,PRIMARY SCHOOL,PRIVATE,EASTERN,EMBU,KYENI,KYENI SOUTH,RUNYENJES,EMBU,,-0.42,37.61
MILLENIUM FOCUS ACADEMY PRI SCH,PRIMARY SCHOOL,PRIVATE,EASTERN,EMBU,KYENI,KYENI SOUTH,RUNYENJES,EMBU,,-0.42,37.61
ST. JAMES KARUNGU JUNIOR PRI SCH,PRIMARY SCHOOL,PRIVATE,EASTERN,EMBU,KYENI,KYENI SOUTH,RUNYENJES,EMBU,,-0.42,37.61
ST MATHEWS ACADEMY,PRIMARY SCHOOL,PRIVATE,EASTERN,MERU CENTRAL,BUURI,KIIRUA,NORTH IMENTI,MERU,,0.26,37.54
VIEWPOINT ACADEMY PRI SCH,PRIMARY SCHOOL,PRIVATE,EASTERN,MACHAKOS,MAVOKO,KATANI,KATHIANI,MACHAKOS,,-1.4,36.95
ST.ROBERTS &KIKI ACADEMY PRI,PRIMARY SCHOOL,PRIVATE,EASTERN,MBEERE,GACHOKA,MAVURIA,GACHOKA,EMBU,,-0.72,37.66
KIBUGUA BANANA ACADEMY,PRIMARY SCHOOL,PRIVATE,EASTERN,MERU SOUTH,MAGUMONI,THUITA,NITHI,THARAKA NITHI,,-0.37,37.62
LITTLE FLOWER PRI,PRIMARY SCHOOL,PRIVATE,EASTERN,MERU SOUTH,MAGUMONI,THUITA,NITHI,THARAKA NITHI,,-0.37,37.62
TUMAINI JUNIO ACADEMY,PRIMARY SCHOOL,PRIVATE,EASTERN,EMBU,MANYATTA,NGINDA,MANYATTA,EMBU,,-0.42,37.43
WAMUGINA PROGRESSIVE ACADEMY PRI SCH,PRIMARY SCHOOL,PRIVATE,EASTERN,EMBU,MANYATTA,NGINDA,MANYATTA,EMBU,,-0.41,37.45
ST. MONICA ACDEMY PRI SCH,PRIMARY SCHOOL,PRIVATE,EASTERN,EMBU,MANYATTA,NGINDA,MANYATTA,EMBU,,-0.42,37.45
HOLY FAMILY PRI SCH,PRIMARY SCHOOL,PRIVATE,EASTERN,EMBU,MANYATTA,NGINDA,MANYATTA,EMBU,,-0.43,37.44
OUR LADY OF BETHLEHEM ACADEMY,PRIMARY SCHOOL,PRIVATE,EASTERN,MERU SOUTH,MAGUMONI,MUKUUNI,NITHI,THARAKA NITHI,,-0.41,37.66
OUR LADY QUEEN OF WISDOM PRI SCH,PRIMARY SCHOOL,PRIVATE,EASTERN,EMBU,MANYATTA,NGINDA,MANYATTA,EMBU,,-0.37,37.45
KABINGORI SDA PRI.SCH.,PRIMARY SCHOOL,PRIVATE,EASTERN,MBEERE,GACHOKA,GICHICHE,GACHOKA,EMBU,,-0.71,37.72
KARAMANI BAPTIST ACADEMY,PRIMARY SCHOOL,PRIVATE,EASTERN,MERU SOUTH,MAGUMONI,MUKUUNI,NITHI,THARAKA NITHI,,-0.4,37.64
ST. PHILLIPS JUNIOR ACADEMY PRI SCH,PRIMARY SCHOOL,PRIVATE,EASTERN,EMBU,MANYATTA,NGANDORI,MANYATTA,EMBU,,-0.47,37.44
LIGHTHOUSE ACADEMY PRI,PRIMARY SCHOOL,PRIVATE,EASTERN,EMBU,MANYATTA,NGANDORI,MANYATTA,EMBU,,-0.47,37.46
BETTY ACADEMY  PRI. SCH.,PRIMARY SCHOOL,PRIVATE,EASTERN,MBEERE,GACHOKA,KITHUNTHIRI,GACHOKA,EMBU,,-0.68,37.65
FURAHA PATKA ACADEMY,PRIMARY SCHOOL,PRIVATE,EASTERN,MERU SOUTH,MAGUMONI,MWONGE,NITHI,THARAKA NITHI,,-0.36,37.63
KATHUNIRI STARLITE ACADEMY PRI SCH,PRIMARY SCHOOL,PRIVATE,EASTERN,EMBU,MANYATTA,NGINDA,MANYATTA,EMBU,,-0.37,37.46
GITWARA MWALIMU ACADEMY PRI SCH,PRIMARY SCHOOL,PRIVATE,EASTERN,EMBU,NEMBURE,GATURI NORTH,RUNYENJES,EMBU,,-0.4,37.5
IKUU ACHIEVERS ACADEMY,PRIMARY SCHOOL,PRIVATE,EASTERN,MERU SOUTH,MAGUMONI,KABUBONI,NITHI,THARAKA NITHI,,-0.37,37.65
RUBATE ACHIEVERS ACADEMY,PRIMARY SCHOOL,PRIVATE,EASTERN,MERU SOUTH,MAGUMONI,RUBATE,NITHI,THARAKA NITHI,,-0.39,37.68
ST.MARY'S MUNYIRI  PRI. SCH.,PRIMARY SCHOOL,PRIVATE,EASTERN,MBEERE,GACHOKA,KIANJURI,GACHOKA,EMBU,,-0.68,37.6
CHUKA JUNIOR SCH,PRIMARY SCHOOL,PRIVATE,EASTERN,MERU SOUTH,CHUKA,KARINGANI,NITHI,THARAKA NITHI,,-0.34,37.67
MOTHER ANGELINA PRI SCH,PRIMARY SCHOOL,PRIVATE,EASTERN,EMBU,NEMBURE,KITHIMU,MANYATTA,EMBU,,-0.51,37.52
ST. FRANCIS PROG ACADEMY PRI SCH,PRIMARY SCHOOL,PRIVATE,EASTERN,EMBU,NEMBURE,KIYHIMU,MANYATTA,EMBU,,-0.5,37.52
CAMP DAVID PRI ACADEMY,PRIMARY SCHOOL,PRIVATE,EASTERN,EMBU,NEMBURE,GATURI SOUTH,MANYATTA,EMBU,,-0.51,37.48
FAITH SPRINGS PRI SCH,PRIMARY SCHOOL,PRIVATE,EASTERN,EMBU,NEMBURE,GATURI SOUTH,MANYATTA,EMBU,,-0.49,37.5
ST. JOSEPHS KATHUNGURI PRI SCH,PRIMARY SCHOOL,PRIVATE,EASTERN,EMBU,KYENI,KARURUMO,RUNYENJES,EMBU,,-0.43,37.64
ELYS SPRING ACADEMY PRI,PRIMARY SCHOOL,PRIVATE,EASTERN,MERU CENTRAL,BUURI,KIIRUA,NORTH IMENTI,MERU,,0.27,37.55
VICTORY JUNIOR ACADEMY PRI SCH,PRIMARY SCHOOL,PRIVATE,EASTERN,EMBU,KYENI,KYENI SOUTH,RUNYENJES,EMBU,,-0.4,37.62
PCEA RUIRI COMPLEX ACADEMY,PRIMARY SCHOOL,PRIVATE,EASTERN,MERU CENTRAL,BUURI,RUIRI,NORTH IMENTI,MERU,,0.15,37.66
ACK NEMBURE PRIVATE PRI SCH,PRIMARY SCHOOL,PRIVATE,EASTERN,EMBU,NEMBURE,GATURI SOUTH,MANYATTA,EMBU,,-0.47,37.51
BETHANY JUNIOR ACADEMY,PRIMARY SCHOOL,PRIVATE,EASTERN,EMBU,NEMBURE,GATURI SOUTH,MANYATTA,EMBU,,-0.47,37.51
ST. JOSEPH OF TARBES PRI SCH,PRIMARY SCHOOL,PRIVATE,EASTERN,EMBU,NEMBURE,MAKENGI,RUNYENJES,EMBU,,-0.45,37.5
JOYLAND JUNIOR ACADEMY,PRIMARY SCHOOL,PRIVATE,EASTERN,EMBU,NEMBURE,MAKENGI,RUNYENJES,EMBU,,-0.45,37.52
SAMURI ACADEMY,PRIMARY SCHOOL,PRIVATE,EASTERN,MERU CENTRAL,BUURI,KIIRUA,NORTH IMENTI,MERU,,0.17,37.58
ST.PETERS PRI,PRIMARY SCHOOL,PRIVATE,EASTERN,MERU CENTRAL,BUURI,RUIRI,NORTH IMENTI,MERU,,0.15,37.62
ST. MARKS PRI SCH,PRIMARY SCHOOL,PRIVATE,EASTERN,EMBU,MANYATTA,NGANDORI,MANYATTA,EMBU,,-0.44,37.47
JOMI STAR ACADEMY PRI,PRIMARY SCHOOL,PRIVATE,EASTERN,MERU NORTH,TIGANIA NORTH,MUTHARA,TIGANIA EAST,MERU,,0.21,37.8
WHITE HILL ACADEMY,PRIMARY SCHOOL,PRIVATE,EASTERN,MERU NORTH,TIGANIA NORTH,MUTHARA,TIGANIA EAST,MERU,,0.21,37.8
ALLSAINTS PRI SCH,PRIMARY SCHOOL,PRIVATE,EASTERN,EMBU,MANYATTA,NGANDORI,MANYATTA,EMBU,,-0.43,37.48
ST. TARCISIUS PRI SCH,PRIMARY SCHOOL,PRIVATE,EASTERN,EMBU,MANYATTA,NGANDORI,MANYATTA,EMBU,,-0.42,37.47
DOE OUR LADY OF CONSOLATION PRI SCH,PRIMARY SCHOOL,PRIVATE,EASTERN,EMBU,MANYATTA,RUGURU,MANYATTA,EMBU,,-0.4,37.48
MUTHARA JUNIOR ACADEMY,PRIMARY SCHOOL,PRIVATE,EASTERN,MERU NORTH,TIGANIA NORTH,MUTHARA,TIGANIA EAST,MERU,,0.22,37.79
LIKIUNDU COMPLEX PRI,PRIMARY SCHOOL,PRIVATE,EASTERN,MERU NORTH,TIGANIA NORTH,MUTHARA,TIGANIA EAST,MERU,,0.23,37.8
ST. AMBROSE PRI SCH,PRIMARY SCHOOL,PRIVATE,EASTERN,EMBU,MANYATTA,RUGURU,MANYATTA,EMBU,,-0.36,37.47
SIX THIRTY ROYAL ACADEMY PRI,PRIMARY SCHOOL,PRIVATE,EASTERN,EMBU,MANYATTA,RUGURU,MANYATTA,EMBU,,-0.38,37.48
MCK MUTHARA CIRCUIT ACADEMY,PRIMARY SCHOOL,PRIVATE,EASTERN,MERU NORTH,TIGANIA NORTH,MUTHARA,TIGANIA EAST,MERU,,0.23,37.8
MILLENIUM LIGHT SCH MUTHIMI,PRIMARY SCHOOL,PRIVATE,EASTERN,MERU SOUTH,CHUKA,GITARENI,NITHI,THARAKA NITHI,,-0.38,37.7
NJERU JUNIOR ACADEMY PRI,PRIMARY SCHOOL,PRIVATE,EASTERN,MERU SOUTH,CHUKA,KIANG'ONDU,NITHI,THARAKA NITHI,,-0.33,37.64
MILLENIUM LIGHT SCH,PRIMARY SCHOOL,PRIVATE,EASTERN,MERU SOUTH,CHUKA,KIANG'ONDU,NITHI,THARAKA NITHI,,-0.32,37.64
AIPCK MBARANGA ACADEMY PRI,PRIMARY SCHOOL,PRIVATE,EASTERN,MERU NORTH,TIGANIA NORTH,KARAMA,TIGANIA EAST,MERU,,0.22,37.84
ATHOMI ACADEMY,PRIMARY SCHOOL,PRIVATE,EASTERN,MERU SOUTH,CHUKA,KIANG'ONDU,NITHI,THARAKA NITHI,,-0.33,37.65
WISEDOVE ACADEMY,PRIMARY SCHOOL,PRIVATE,EASTERN,MERU SOUTH,CHUKA,KIANG'ONDU,NITHI,THARAKA NITHI,,-0.32,37.66
COUNTY EDUCATION CENTRE,PRIMARY SCHOOL,PRIVATE,EASTERN,MERU SOUTH,CHUKA,KARINGANI,NITHI,THARAKA NITHI,,-0.33,37.67
LIONS PRIMARY SCH,PRIMARY SCHOOL,PRIVATE,EASTERN,EMBU,CENTRAL - EMBU,MUNICIPALITY,MANYATTA,EMBU,,-0.53,37.45
PCEA GANTARAKI ACADEMY,PRIMARY SCHOOL,PRIVATE,EASTERN,MERU SOUTH,MWIMBI,MURUGI,NITHI,THARAKA NITHI,,-0.26,37.61
HAVARD JUNIOR PRI SCH,PRIMARY SCHOOL,PRIVATE,EASTERN,EMBU,CENTRAL - EMBU,MUNICIPALITY,MANYATTA,EMBU,,-0.54,37.45
VISION JUNIOR ACADEMY PRI SCH,PRIMARY SCHOOL,PRIVATE,EASTERN,EMBU,CENTRAL - EMBU,MUNICIPALITY,MANYATTA,EMBU,,-0.54,37.45
BONANZA PRI SCH,PRIMARY SCHOOL,PRIVATE,EASTERN,EMBU,CENTRAL - EMBU,MUNICIPALITY,MANYATTA,EMBU,,-0.54,37.46
CHOGORIA MILIMANI ACADEMY,PRIMARY SCHOOL,PRIVATE,EASTERN,MERU SOUTH,MWIMBI,MURUGI,NITHI,THARAKA NITHI,,-0.23,37.6
EMMANUEL PRI SCH,PRIMARY SCHOOL,PRIVATE,EASTERN,EMBU,CENTRAL - EMBU,MUNICIPALITY,MANYATTA,EMBU,,-0.54,37.46
DIPLOMAT ACADEMY PRI SCH,PRIMARY SCHOOL,PRIVATE,EASTERN,EMBU,CENTRAL - EMBU,MUNICIPALITY,MANYATTA,EMBU,,-0.54,37.46
LITTLE FRIENDS ACADEMY,PRIMARY SCHOOL,PRIVATE,EASTERN,MERU SOUTH,MWIMBI,CHOGORIA,NITHI,THARAKA NITHI,,-0.22,37.61
FGCK HAPPYLAND ACADEMY PRI SCH,PRIMARY SCHOOL,PRIVATE,EASTERN,EMBU,CENTRAL - EMBU,MUNICIPALITY,MANYATTA,EMBU,,-0.54,37.45
MODERN GREEN JUNIOR ACADEMY PRI SCH,PRIMARY SCHOOL,PRIVATE,EASTERN,EMBU,CENTRAL - EMBU,MUNICIPALITY,MANYATTA,EMBU,,-0.53,37.46
BY GRACE ACADEMY PRI SCH,PRIMARY SCHOOL,PRIVATE,EASTERN,EMBU,CENTRAL - EMBU,MUNICIPALITY,MANYATTA,EMBU,,-0.53,37.45
SANTA RITZ ACADEMY,PRIMARY SCHOOL,PRIVATE,EASTERN,MERU SOUTH,MWIMBI,CHOGORIA,NITHI,THARAKA NITHI,,-0.22,37.63
OUR LADY OF ASSUMPTION PRI SCH,PRIMARY SCHOOL,PRIVATE,EASTERN,EMBU,CENTRAL - EMBU,MUNICIPALITY,MANYATTA,EMBU,,-0.52,37.45
ITIRI ACADEMY,PRIMARY SCHOOL,PRIVATE,EASTERN,MERU SOUTH,MWIMBI,CHOGORIA,NITHI,THARAKA NITHI,,-0.23,37.63
CHOGORIOR JUNIOR SCH,PRIMARY SCHOOL,PRIVATE,EASTERN,MERU SOUTH,MWIMBI,CHOGORIA,NITHI,THARAKA NITHI,,-0.23,37.64
GATEWAY PRI SCH,PRIMARY SCHOOL,PRIVATE,EASTERN,MERU SOUTH,MWIMBI,CHOGORIA,NITHI,THARAKA NITHI,,-0.23,37.63
EVALYNE SCHOOLS COMPLEX PRI SCH,PRIMARY SCHOOL,PRIVATE,EASTERN,EMBU,CENTRAL - EMBU,MUNICIPALITY,MANYATTA,EMBU,,-0.48,37.46
CHOGORIA ACADEMY,PRIMARY SCHOOL,PRIVATE,EASTERN,MERU SOUTH,MWIMBI,CHOGORIA,NITHI,THARAKA NITHI,,-0.23,37.63
EMBU CHRISTIAN SCH PRI,PRIMARY SCHOOL,PRIVATE,EASTERN,EMBU,CENTRAL - EMBU,MUNICIPALITY,MANYATTA,EMBU,,-0.53,37.46
KIRIANI JUNIOR ACADEMY,PRIMARY SCHOOL,PRIVATE,EASTERN,MERU SOUTH,MWIMBI,MURUGI,NITHI,THARAKA NITHI,,-0.26,37.64
VICTORY KAMIU ACADEMY,PRIMARY SCHOOL,PRIVATE,EASTERN,EMBU,CENTRAL - EMBU,MUNICIPALITY,MANYATTA,EMBU,,-0.52,37.46
ACK ST. JOHNS MILLENIUM ACADEMY PRI SCH,PRIMARY SCHOOL,PRIVATE,EASTERN,EMBU,CENTRAL - EMBU,MBETI NORTH,MANYATTA,EMBU,,-0.48,37.48
TENRI ACADEMY PRI SCH,PRIMARY SCHOOL,PRIVATE,EASTERN,EMBU,CENTRAL - EMBU,MUNICIPALITY,MANYATTA,EMBU,,-0.54,37.47
ST. PETER & PAUL PRI SCH,PRIMARY SCHOOL,PRIVATE,EASTERN,EMBU,CENTRAL - EMBU,MBETI NORTH,MANYATTA,EMBU,,-0.53,37.48
CARLO LIVIERO PRI SCH,PRIMARY SCHOOL,PRIVATE,EASTERN,EMBU,CENTRAL - EMBU,MBETI NORTH,MANYATTA,EMBU,,-0.53,37.48
KERIA VICTORS ACADEMY,PRIMARY SCHOOL,PRIVATE,EASTERN,MERU SOUTH,MWIMBI,MARAA,NITHI,THARAKA NITHI,,-0.22,37.67
KIERA ACADEMY PRI,PRIMARY SCHOOL,PRIVATE,EASTERN,MERU SOUTH,MWIMBI,MAARA,NITHI,THARAKA NITHI,,-0.22,37.68
EMBU SHEPHERD ACADEMY PRI SCH,PRIMARY SCHOOL,PRIVATE,EASTERN,EMBU,CENTRAL - EMBU,MBETI NORTH,MANYATTA,EMBU,,-0.55,37.48
EMBU KAWA ACADEMY PRI SCH,PRIMARY SCHOOL,PRIVATE,EASTERN,EMBU,CENTRAL - EMBU,MBETI NORTH,MANYATTA,EMBU,,-0.55,37.48
MUTHATARI ACADEMY PRI SCH,PRIMARY SCHOOL,PRIVATE,EASTERN,EMBU,CENTRAL - EMBU,MBETI NORTH,MANYATTA,EMBU,,-0.55,37.48
MSINGI BORA ACADEMY PRI. SCH.,PRIMARY SCHOOL,PRIVATE,EASTERN,MBEERE,GACHOKA,MBETI SOUTH,GACHOKA,EMBU,,-0.65,37.56
PCEA KAANWA TOWNSHIP PRI,PRIMARY SCHOOL,PRIVATE,EASTERN,MERU SOUTH,CHUKA,KARINGANI,NITHI,THARAKA NITHI,,-0.32,37.72
WERUS  ACADEMY PRI.SCH.,PRIMARY SCHOOL,PRIVATE,EASTERN,MBEERE,GACHOKA,MBETI SOUTH,GACHOKA,EMBU,,-0.59,37.49
CHUKA CATHOLIC PRI,PRIMARY SCHOOL,PRIVATE,EASTERN,MERU SOUTH,CHUKA,KIANGONDU,NITHI,THARAKA NITHI,,-0.34,37.65
BRIGHTEN SHINE PRI SCH,PRIMARY SCHOOL,PRIVATE,EASTERN,EMBU,MANYATTA,NGANDORI,MANYATTA,EMBU,,-0.46,37.47
ST.MARY'S KANGETA PRI.SCH.,PRIMARY SCHOOL,PRIVATE,EASTERN,MBEERE,GACHOKA,MBETI SOUTH,GACHOKA,EMBU,,-0.69,37.51
CHUKA TUMAINI ACADEMY,PRIMARY SCHOOL,PRIVATE,EASTERN,MERU SOUTH,CHUKA,KARINGANI,NITHI,THARAKA NITHI,,-0.32,37.66
NJERU JUNIOR PRI,PRIMARY SCHOOL,PRIVATE,EASTERN,MERU SOUTH,CHUKA,KARINGANI,NITHI,THARAKA NITHI,,-0.32,37.66
JANSTIFF JUNIOR SCH. PRI.,PRIMARY SCHOOL,PRIVATE,EASTERN,MBEERE,GACHOKA,MBETI SOUTH,GACHOKA,EMBU,,-0.68,37.49
FATHER AIRALDI PRI,PRIMARY SCHOOL,PRIVATE,EASTERN,MERU SOUTH,CHUKA,KIANG'ONDU,NITHI,THARAKA NITHI,,-0.32,37.61
FATHER JOHN MEMORIAL PRIMARY SCHOOL,PRIMARY SCHOOL,PRIVATE,EASTERN,MARSABIT,CENTRAL - MARSABIT,DAKABARICHA,SAKU,MARSABIT,,2.35,37.99
GAYA ACADEMY PRI. SCH.,PRIMARY SCHOOL,PRIVATE,EASTERN,MBEERE,GACHOKA,MBETI SOUTH,GACHOKA,EMBU,,-0.6,37.56
MARSABIT JAMIA PRY SCH,PRIMARY SCHOOL,PRIVATE,EASTERN,MARSABIT,CENTRAL - MARSABIT,MOUNTAIN,SAKU,MARSABIT,,2.33,37.99
PRECIOUS SUPER KIDS,PRIMARY SCHOOL,PRIVATE,EASTERN,MERU SOUTH,CHUKA,MUGWE,NITHI,THARAKA NITHI,,-0.34,37.63
MARSABIT JAMIA UPPER PRY SCH,PRIMARY SCHOOL,PRIVATE,EASTERN,MARSABIT,CENTRAL - MARSABIT,MOUNTAIN,SAKU,MARSABIT,,2.33,37.99
MUTUOBORE  KINGS ACADEMY PRIM. SCH.,PRIMARY SCHOOL,PRIVATE,EASTERN,MBEERE,GACHOKA,MUTUOBARE,GACHOKA,EMBU,,-0.75,37.81
MORNING STAR PREPARATORY SCH.,PRIMARY SCHOOL,PRIVATE,EASTERN,MBEERE,SIAKAGO,GITIBURI,SIAKAGO,EMBU,,-0.58,37.56
ST.PHILIPS BOARDING PRI SCH.,PRIMARY SCHOOL,PRIVATE,EASTERN,MBEERE,SIAKAGO,GITIBURI,SIAKAGO,EMBU,,-0.6,37.58
ST TERESA PRI,PRIMARY SCHOOL,PRIVATE,EASTERN,MERU SOUTH,MUTHAMBI,MITHERU,NITHI,THARAKA NITHI,,-0.3,37.67
ST.MATHEW GATETE PRI .SCH.,PRIMARY SCHOOL,PRIVATE,EASTERN,MBEERE,GACHOKA,MUTUOBARE,GACHOKA,EMBU,,-0.77,37.87
ST.ANNE  RUTUMBI  PRI.SCH.,PRIMARY SCHOOL,PRIVATE,EASTERN,MBEERE,GACHOKA,MUTUOBARE,GACHOKA,EMBU,,-0.73,37.86
MUGONA YMCA,PRIMARY SCHOOL,PRIVATE,EASTERN,MERU SOUTH,MUTHAMBI,MITHERU,NITHI,THARAKA NITHI,,-0.3,37.65
KAKAWA PRI,PRIMARY SCHOOL,PRIVATE,EASTERN,MBEERE,MWEA,MAKIMA,GACHOKA,EMBU,,-0.74,37.49
ELLAS JUNIOR ACADEMY PRI. SCH.,PRIMARY SCHOOL,PRIVATE,EASTERN,MBEERE,SIAKAGO,NTHAWA,SIAKAGO,EMBU,,-0.57,37.64
HILLSIDE JUNIOR ACADEMY PRI.,PRIMARY SCHOOL,PRIVATE,EASTERN,MBEERE,SIAKAGO,NTHAWA,SIAKAGO,EMBU,,-0.58,37.63
MFARIJI  JUNIOR PRIM. SCH.,PRIMARY SCHOOL,PRIVATE,EASTERN,MBEERE,MWEA,MAKIMA,GACHOKA,EMBU,,-0.78,37.58
HARMONY PREMIER ACADEMY PRI,PRIMARY SCHOOL,PRIVATE,EASTERN,MBEERE,SIAKAGO,NTHAWA,SIAKAGO,EMBU,,-0.57,37.64
MORNING  STAR ACADEMY PRI. CSH.,PRIMARY SCHOOL,PRIVATE,EASTERN,MBEERE,GACHOKA,KIAMBERE,GACHOKA,EMBU,,-0.7,37.78
HELY'S ACADEMY,PRIMARY SCHOOL,PRIVATE,EASTERN,MERU SOUTH,MUTHAMBI,MUTHAMBI,NITHI,THARAKA NITHI,,-0.27,37.66
DAVE PRI,PRIMARY SCHOOL,PRIVATE,EASTERN,MERU SOUTH,MUTHAMBI,MUTHAMBI,NITHI,THARAKA NITHI,,-0.27,37.66
ST CHARLES LWANGA D/B PRI,PRIMARY SCHOOL,PRIVATE,EASTERN,MERU SOUTH,MUTHAMBI,MUTHAMBI,NITHI,THARAKA NITHI,,-0.27,37.66
MUKORORIA  PRI. SCH.,PRIMARY SCHOOL,PRIVATE,EASTERN,MBEERE,SIAKAGO,MUTITU,SIAKAGO,EMBU,,-0.6,37.81
MASHARIKI  ACADEMY PRI. SCH.,PRIMARY SCHOOL,PRIVATE,EASTERN,MBEERE,SIAKAGO,NTHAWA,SIAKAGO,EMBU,,-0.53,37.64
B.M. MFARIJI PRIM. SCH.,PRIMARY SCHOOL,PRIVATE,EASTERN,MBEERE,MWEA,MAKIMA,GACHOKA,EMBU,,-0.81,37.56
SALESAN ACADEMY,PRIMARY SCHOOL,PRIVATE,EASTERN,MERU SOUTH,CHUKA,GITARENI,NITHI,THARAKA NITHI,,-0.37,37.68
MERCY PRY SCH,PRIMARY SCHOOL,PRIVATE,EASTERN,MARSABIT,LAISAMIS,LAISAMIS,LAISAMIS,MARSABIT,,1.6,37.81
CIAKAVIU  PRI. SCH.,PRIMARY SCHOOL,PRIVATE,EASTERN,MBEERE,SIAKAGO,MUTITU,SIAKAGO,EMBU,,-0.6,37.84
THE TIRRIM PRY SCH,PRIMARY SCHOOL,PRIVATE,EASTERN,MARSABIT,LAISAMIS,KORR,LAISAMIS,MARSABIT,,2.01,37.5
IRIGA EBENEZER ACADEMY,PRIMARY SCHOOL,PRIVATE,EASTERN,MERU SOUTH,MUTHAMBI,MUTHAMBI,NITHI,THARAKA NITHI,,-0.27,37.62
QUEEN OF LOVE ACADEMY PRI. SCH.,PRIMARY SCHOOL,PRIVATE,EASTERN,MBEERE,EVURORE,KANYUOMBORA,SIAKAGO,EMBU,,-0.46,37.73
GOD'S MERCY  ACADEMY PRI SCH.,PRIMARY SCHOOL,PRIVATE,EASTERN,MBEERE,EVURORE,KANYUOMBORA,SIAKAGO,EMBU,,-0.45,37.7
NICODEMUS JUNIOR ACADEMY PRI. SCH.,PRIMARY SCHOOL,PRIVATE,EASTERN,MBEERE,EVURORE,KANYUOMBORA,SIAKAGO,EMBU,,-0.47,37.72
WINNERS MILLENIUM PRI SCH,PRIMARY SCHOOL,PRIVATE,EASTERN,EMBU,RUNYENJES,RUNYENJES TOWN,RUNYENJES,EMBU,,-0.43,37.56
BARAKA ACADEMY,PRIMARY SCHOOL,PRIVATE,EASTERN,MERU SOUTH,MWIMBI,KIERA,NITHI,THARAKA NITHI,,-0.22,37.66
WANGO BOARDING,PRIMARY SCHOOL,PRIVATE,EASTERN,MBEERE,MWEA,KARABA,GACHOKA,EMBU,,-0.81,37.37
ST. PAUL'S ACADEMY PRI SCH,PRIMARY SCHOOL,PRIVATE,EASTERN,EMBU,RUNYENJES,RUNYENJES TOWN,RUNYENJES,EMBU,,-0.45,37.56
EMMACULATE PREP PRI SCH,PRIMARY SCHOOL,PRIVATE,EASTERN,EMBU,RUNYENJES,RUNYENJES TOWN,RUNYENJES,EMBU,,-0.47,37.56
ST.PAULS MINIMAX  PRI. SCH.,PRIMARY SCHOOL,PRIVATE,EASTERN,MBEERE,EVURORE,ISHIARA,SIAKAGO,EMBU,,-0.46,37.79
JOYLAND KINGS ACADEMY PRI,PRIMARY SCHOOL,PRIVATE,EASTERN,EMBU,RUNYENJES,RUNYENJES TOWN,RUNYENJES,EMBU,,-0.49,37.57
ST ALVINS ACADEMY,PRIMARY SCHOOL,PRIVATE,EASTERN,MERU SOUTH,MWIMBI,KIERA,NITHI,THARAKA NITHI,,-0.23,37.73
JEDIEL KIRATHE ACADEMY,PRIMARY SCHOOL,PRIVATE,EASTERN,MERU SOUTH,MWIMBI,MAARA,NITHI,THARAKA NITHI,,-0.22,37.72
ST.MARY'S CATHOLIC PR. SCH.,PRIMARY SCHOOL,PRIVATE,EASTERN,MBEERE,MWEA,KARABA,GACHOKA,EMBU,,-0.76,37.28
MAKUTANO  JUNIOR  ACADEMY PRI SCH,PRIMARY SCHOOL,PRIVATE,EASTERN,MBEERE,MWEA,KARABA,GACHOKA,EMBU,,-0.76,37.28
DESTINY SCHOOLS PRI,PRIMARY SCHOOL,PRIVATE,EASTERN,MERU SOUTH,MWIMBI,MAARA,NITHI,THARAKA NITHI,,-0.22,37.72
NICE ACADEMY PRI SCH,PRIMARY SCHOOL,PRIVATE,EASTERN,EMBU,RUNYENJES,KAGAARI SOUTH,RUNYENJES,EMBU,,-0.45,37.61
SALOGATE PRI SCH,PRIMARY SCHOOL,PRIVATE,EASTERN,EMBU,RUNYENJES,RUNYENJES TOWN,RUNYENJES,EMBU,,-0.43,37.59
KARIAKOMO HOLY TRINITY ACADEMY,PRIMARY SCHOOL,PRIVATE,EASTERN,MERU SOUTH,MWIMBI,GANGA,NITHI,THARAKA NITHI,,-0.24,37.67
SA GICHICHE PRI SCH,PRIMARY SCHOOL,PRIVATE,EASTERN,EMBU,RUNYENJES,RAWANA,RUNYENJES,EMBU,,-0.43,37.59
UGWERI QUALITY ACADEMY PRI SCH,PRIMARY SCHOOL,PRIVATE,EASTERN,EMBU,RUNYENJES,KAGAARI NORTH,RUNYENJES,EMBU,,-0.47,37.6
PCEA IGWANJAU ACADEMY,PRIMARY SCHOOL,PRIVATE,EASTERN,MERU SOUTH,MWIMBI,GANGA,NITHI,THARAKA NITHI,,-0.24,37.7
LUCAS VISION PRI SCH,PRIMARY SCHOOL,PRIVATE,EASTERN,EMBU,RUNYENJES,RUNYENJES TOWN,RUNYENJES,EMBU,,-0.46,37.59
ST. KELVIN'S JUNIOR ACADEMY PRI SCH,PRIMARY SCHOOL,PRIVATE,EASTERN,EMBU,RUNYENJES,RUNYENJES TOWN,RUNYENJES,EMBU,,-0.42,37.57
FCGK VICTORY ACADEMY PRI SCH,PRIMARY SCHOOL,PRIVATE,EASTERN,EMBU,RUNYENJES,RUNYENJES TOWN,RUNYENJES,EMBU,,-0.42,37.57
SA KIGAA ACADEMY PRI SCH,PRIMARY SCHOOL,PRIVATE,EASTERN,EMBU,RUNYENJES,RUNYENJES TOWN,RUNYENJES,EMBU,,-0.44,37.57
NGERU ELITE ACADEMY,PRIMARY SCHOOL,PRIVATE,EASTERN,MERU SOUTH,MWIMBI,GANGA,NITHI,THARAKA NITHI,,-0.26,37.69
THE PRECIOUS JUNIOR ACADEMY PRI SCH,PRIMARY SCHOOL,PRIVATE,EASTERN,EMBU,RUNYENJES,RUNYENJES TOWN,RUNYENJES,EMBU,,-0.41,37.57
NICA VICTORS ACADEMY PRI SCH,PRIMARY SCHOOL,PRIVATE,EASTERN,EMBU,RUNYENJES,RUNYENJES TOWN,RUNYENJES,EMBU,,-0.39,37.56
OLA PRI SCH MBIRURI,PRIMARY SCHOOL,PRIVATE,EASTERN,EMBU,RUNYENJES,RUNYENJES TOWN,RUNYENJES,EMBU,,-0.42,37.56
ST. STEPHEN MUKUURI ACADEMY PRI SCH,PRIMARY SCHOOL,PRIVATE,EASTERN,EMBU,RUNYENJES,KAGAARI,RUNYENJES,EMBU,,-0.41,37.54
OUR LADY OF MERCY PRI SCH,PRIMARY SCHOOL,PRIVATE,EASTERN,EMBU,RUNYENJES,KAGAARI,RUNYENJES,EMBU,,-0.4,37.54
ITUGURURU ACADEMY,PRIMARY SCHOOL,PRIVATE,EASTERN,MERU SOUTH,IGAMBANG'OMBE,ITUNGURURU,NITHI,THARAKA NITHI,,-0.42,37.71
TAMU ACADEMY PRI,PRIMARY SCHOOL,PRIVATE,EASTERN,MERU SOUTH,IGAMBANG'OMBE,ITUNGURURU,NITHI,THARAKA NITHI,,-0.45,37.74
ST.TERESA  FASCE ACADEMY PRI. SCH.,PRIMARY SCHOOL,PRIVATE,EASTERN,MBEERE,EVURORE,ISHIARA,SIAKAGO,EMBU,,-0.45,37.79
PRECIOUS  KIDS ACADEMY PRI. SCH.,PRIMARY SCHOOL,PRIVATE,EASTERN,MBEERE,EVURORE,ISHIARA,SIAKAGO,EMBU,,-0.45,37.79
ST PETERS PREPARATORY,PRIMARY SCHOOL,PRIVATE,EASTERN,MERU SOUTH,IGAMBANG'OMBE,KAJUKI,NITHI,THARAKA NITHI,,-0.33,37.83
ZABA  ACADEMY  PRI. SCH.,PRIMARY SCHOOL,PRIVATE,EASTERN,MBEERE,EVURORE,ISHIARA,SIAKAGO,EMBU,,-0.45,37.85
MARY MOTHER OF GOD PRI. SCH.,PRIMARY SCHOOL,PRIVATE,EASTERN,MERU CENTRAL,TIMAU,KISIMA,NORTH IMENTI,MERU,,0.12,37.38
EX-LEWA ACADEMY PRI. SCH,PRIMARY SCHOOL,PRIVATE,EASTERN,MERU CENTRAL,TIMAU,KISIMA,NORTH IMENTI,MERU,,0.13,37.4
JUBILEE ACADEMY PRI. SCH,PRIMARY SCHOOL,PRIVATE,EASTERN,MERU CENTRAL,TIMAU,ONTULILI,NORTH IMENTI,MERU,,0.04,37.13
MCK  KIRIMBA  PRI. SCH.,PRIMARY SCHOOL,PRIVATE,EASTERN,MERU CENTRAL,TIMAU,ONTULILI,NORTH IMENTI,MERU,,0.04,37.12
AIPCA ST.MATHEW PRI. SCH.,PRIMARY SCHOOL,PRIVATE,EASTERN,MERU CENTRAL,TIMAU,ONTULILI,NORTH IMENTI,MERU,,0.02,37.14
FEATHERS EDUCATION CENTRE,PRIMARY SCHOOL,PRIVATE,EASTERN,MBEERE,EVURORE,NDURUMORI,SIAKAGO,EMBU,,-0.51,37.78
OASIS MBETINI PRI,PRIMARY SCHOOL,PRIVATE,EASTERN,MERU SOUTH,IGAMBANG'OMBE,MUTINO,NITHI,THARAKA NITHI,,-0.3,37.82
KITHAENE  JUNIOR VICTORY ACADEMY PRIM SCH.,PRIMARY SCHOOL,PRIVATE,EASTERN,MERU CENTRAL,TIMAU,ONTULILI,NORTH IMENTI,MERU,,0.03,37.23
ST LYDIA STUTZIE CHRISTIAN ACADEMY PRI,PRIMARY SCHOOL,PRIVATE,EASTERN,MERU SOUTH,MAGUMONI,MAGUMONI,NITHI,THARAKA NITHI,,-0.38,37.61
BRIGHTROSE ACADEMY,PRIMARY SCHOOL,PRIVATE,EASTERN,MERU SOUTH,MAGUMONI,MAGUMONI,NITHI,THARAKA NITHI,,-0.38,37.61
HIGHLANDS ACADEMY PRI. SCH.,PRIMARY SCHOOL,PRIVATE,EASTERN,MERU CENTRAL,TIMAU,KISIMA,NORTH IMENTI,MERU,,0.07,37.22
ANNE'S JUNIOR ACADEMY PRI,PRIMARY SCHOOL,PRIVATE,EASTERN,MERU CENTRAL,TIMAU,NGUSISHI,NORTH IMENTI,MERU,,0.07,37.3
GREEN GATE ACADEMY PRI,PRIMARY SCHOOL,PRIVATE,EASTERN,MERU CENTRAL,TIMAU,NGUSISHI,NORTH IMENTI,MERU,,0.06,37.29
GODANS B ACADEMY,PRIMARY SCHOOL,PRIVATE,EASTERN,MERU CENTRAL,TIMAU,KIRIMARA,NORTH IMENTI,MERU,,0.06,37.29
FACING MT. KENYA PRIM. SCH.,PRIMARY SCHOOL,PRIVATE,EASTERN,MERU CENTRAL,TIMAU,KIRIMAMPIO,NORTH IMENTI,MERU,,0.04,37.28
OUR LADY OF VISITATION PRI. SCH.,PRIMARY SCHOOL,PRIVATE,EASTERN,MERU CENTRAL,TIMAU,KIAMBOGO,NORTH IMENTI,MERU,,0.09,37.23
ST.ELIZABETH  PRI. SCH.,PRIMARY SCHOOL,PRIVATE,EASTERN,MERU CENTRAL,TIMAU,KIRIMARA,NORTH IMENTI,MERU,,0.09,37.24
OMEGA JUNIOR ACADEMY PRI,PRIMARY SCHOOL,PRIVATE,EASTERN,MBEERE,MWEA,MAKIMA,GACHOKA,EMBU,,-0.78,37.59
TIMAU JUNIOR ACADEMY PRI. SCH.,PRIMARY SCHOOL,PRIVATE,EASTERN,MERU CENTRAL,TIMAU,KIRIMARA,NORTH IMENTI,MERU,,0.07,37.22
IGOJI BOYS BOARDING PRI,PRIMARY SCHOOL,PRIVATE,EASTERN,MERU CENTRAL,IGOJI,IGOJI,SOUTH IMENTI,MERU,,-0.19,37.69
ALLOMANO KANGETA PRY SCH,PRIMARY SCHOOL,PRIVATE,EASTERN,MERU NORTH,IGEMBE NORTH,KANGETA,IGEMBE,MERU,,0.28,37.89
GARDEN VIEW PRI,PRIMARY SCHOOL,PRIVATE,EASTERN,THARAKA,SOUTH THARAKA,TUNYAI,THARAKA,THARAKA NITHI,,-0.19,37.81
PCEA KARIENE PRI,PRIMARY SCHOOL,PRIVATE,EASTERN,MERU CENTRAL,ABOGETA,KITHANGARI,SOUTH IMENTI,MERU,,-0.11,37.57
ST. PATRICK'S ACADEMY PRY SCH,PRIMARY SCHOOL,PRIVATE,EASTERN,MERU NORTH,IGEMBE S/EAST,ATHIRU GAITI,IGEMBE,MERU,,0.21,37.98
SESSI ACADEMY PRI,PRIMARY SCHOOL,PRIVATE,EASTERN,MOYALE,CENTRAL - MOYALE,TOWNSHIP,MOYALE,MARSABIT,,3.53,39.04
TAMANI PRY SCH,PRIMARY SCHOOL,PRIVATE,EASTERN,MERU NORTH,MUTUATI,NAATHU,NTONYIRI,MERU,,0.39,37.98
KENROSA ACADEMY PRI SCH,PRIMARY SCHOOL,PRIVATE,EASTERN,MERU CENTRAL,IGOJI,IGOJI,SOUTH IMENTI,MERU,,-0.19,37.67
FULL GOSPEL PRI,PRIMARY SCHOOL,PRIVATE,EASTERN,MOYALE,CENTRAL - MOYALE,TOWNSHIP,MOYALE,MARSABIT,,3.53,39.05
EAPC IMANI DAY/BOARDING PRI,PRIMARY SCHOOL,PRIVATE,EASTERN,MERU CENTRAL,MIRIGA MIERU EAST,KIBURINE,NORTH IMENTI,MERU,,0,37.83
MUGUNA AANA PRI,PRIMARY SCHOOL,PRIVATE,EASTERN,THARAKA,THARAKA CENTRAL,KAROCHO,THARAKA,THARAKA NITHI,,-0.11,37.88
KITHANGARI UPPER PRI SCH,PRIMARY SCHOOL,PRIVATE,EASTERN,MERU CENTRAL,ABOGETA,KITHANGARI,SOUTH IMENTI,MERU,,-0.11,37.59
TUMAINI ACADEMY PRI,PRIMARY SCHOOL,PRIVATE,EASTERN,MERU CENTRAL,MIRIGA MIERU EAST,KIBURINE,NORTH IMENTI,MERU,,0.01,37.83
PCEA MWANGAZA ACADEMY PRI SCH,PRIMARY SCHOOL,PRIVATE,EASTERN,MERU CENTRAL,MIRIGA MIERU EAST,KIBURINE,NORTH IMENTI,MERU,,0.02,37.79
M.C.K NAATHU DAYBOARDING PRY SCH,PRIMARY SCHOOL,PRIVATE,EASTERN,MERU NORTH,MUTUATI,NAATHU,NTONYIRI,MERU,,0.38,37.95
ST. PETER'S ACADEMY PRY SCH,PRIMARY SCHOOL,PRIVATE,EASTERN,MERU NORTH,IGEMBE S/EAST,KIRIMAMPIO,IGEMBE,MERU,,0.22,37.98
S.D.A KAMBIA PRY SCH,PRIMARY SCHOOL,PRIVATE,EASTERN,MERU NORTH,MUTUATI,NAATHU,NTONYIRI,MERU,,0.38,37.95
MOYALE JUNIOR ACADEMY PRI,PRIMARY SCHOOL,PRIVATE,EASTERN,MOYALE,CENTRAL - MOYALE,MANYATTA,MOYALE,MARSABIT,,3.53,39.06
MACHIKINE ACADEMY PRI,PRIMARY SCHOOL,PRIVATE,EASTERN,MERU CENTRAL,ABOGETA,IGOKI,SOUTH IMENTI,MERU,,-0.09,37.61
BILAL ACADEMY PRI,PRIMARY SCHOOL,PRIVATE,EASTERN,MOYALE,CENTRAL - MOYALE,MANYATTA,MOYALE,MARSABIT,,3.53,39.06
BIDII ADVENTIST PRI,PRIMARY SCHOOL,PRIVATE,EASTERN,MOYALE,CENTRAL - MOYALE,MANYATTA,MOYALE,MARSABIT,,3.53,39.06
WINNERS PRY SCH,PRIMARY SCHOOL,PRIVATE,EASTERN,MERU NORTH,TIGANIA CENTRAL,KIGUCHWA,TIGANIA EAST,MERU,,0.15,37.85
MOYALE SOMENI ACADEMY PRI,PRIMARY SCHOOL,PRIVATE,EASTERN,MOYALE,CENTRAL - MOYALE,MANYATTA,MOYALE,MARSABIT,,3.52,39.07
KITHANGARI ACHIEVERS ACADEMY PRI SCH,PRIMARY SCHOOL,PRIVATE,EASTERN,MERU CENTRAL,ABOGETA,KITHANGARI,SOUTH IMENTI,MERU,,-0.1,37.6
MFARIJI ""B"" PRY SCH,PRIMARY SCHOOL,PRIVATE,EASTERN,MERU NORTH,MUTUATI,KABACHI,NTONYIRI,MERU,,0.38,37.98
GATUNGA JUNIOR PRI,PRIMARY SCHOOL,PRIVATE,EASTERN,THARAKA,NORTH THARAKA,GATUE,THARAKA,THARAKA NITHI,,-0.1,38.01
MWANGAZA ACADEMY PRUI SCH,PRIMARY SCHOOL,PRIVATE,EASTERN,MERU CENTRAL,IGOJI,KARIA,SOUTH IMENTI,MERU,,-0.2,37.64
BISHOP LAWRENCE BESSONE PRI SCH,PRIMARY SCHOOL,PRIVATE,EASTERN,MERU CENTRAL,MIRIGA MIERU EAST,NKABUNE,NORTH IMENTI,MERU,,0.03,37.69
LINYA COTTAGE PRI,PRIMARY SCHOOL,PRIVATE,EASTERN,MERU CENTRAL,NKUENE,MITUNGUU,SOUTH IMENTI,MERU,,-0.11,37.78
PAMOJA UNITY CHILDRENS HOPE CENTRE,PRIMARY SCHOOL,PRIVATE,EASTERN,MERU CENTRAL,IGOJI,IGOJI,SOUTH IMENTI,MERU,,-0.2,37.67
M.C.K. AMETHO JUNIOR PRY SCH,PRIMARY SCHOOL,PRIVATE,EASTERN,MERU NORTH,TIGANIA CENTRAL,AMICHIIMIKURU,TIGANIA EAST,MERU,,0.16,37.87
NEW VISION PRI SCH,PRIMARY SCHOOL,PRIVATE,EASTERN,MERU CENTRAL,NKUENE,MITUNGUU,SOUTH IMENTI,MERU,,-0.1,37.78
ST FRANCIS OF ASSIS MIXED DAY PRI SCH,PRIMARY SCHOOL,PRIVATE,EASTERN,MERU CENTRAL,NKUENE,MITUNGUU,SOUTH IMENTI,MERU,,-0.1,37.79
ST BAKTA PRI SCH,PRIMARY SCHOOL,PRIVATE,EASTERN,MERU CENTRAL,MIRIGA MIERU EAST,THUURA,NORTH IMENTI,MERU,,0.04,37.72
KIRIA GIEKUCHIA GREEN WOOD PRI SCH,PRIMARY SCHOOL,PRIVATE,EASTERN,MERU CENTRAL,ABOTHUGUCHI CENTRAL,KIRIA,CENTRAL IMENTI,MERU,,-0.04,37.66
WALTER OLSEN PRI,PRIMARY SCHOOL,PRIVATE,EASTERN,MERU CENTRAL,NKUENE,MITUNGUU,SOUTH IMENTI,MERU,,-0.11,37.78
KAUNGU PRY SCH,PRIMARY SCHOOL,PRIVATE,EASTERN,MERU NORTH,MUTUATI,KABACHI,NTONYIRI,MERU,,0.44,38.01
OUR LADY OF ANNUNCIATION PRI SCH,PRIMARY SCHOOL,PRIVATE,EASTERN,MERU CENTRAL,MIRIGA MIERU EAST,THUURA,NORTH IMENTI,MERU,,0.07,37.72
KIANGUA JEHOVAH JIREH PRI,PRIMARY SCHOOL,PRIVATE,EASTERN,MERU CENTRAL,IGOJI,KARIA,SOUTH IMENTI,MERU,,-0.18,37.6
ST. DOMNIC PRI SCH,PRIMARY SCHOOL,PRIVATE,EASTERN,MERU CENTRAL,ABOTHUGUCHI CENTRAL,MARIENE,CENTRAL IMENTI,MERU,,-0.01,37.66
KIEGOI FAIR ACADEMY PRY SCH,PRIMARY SCHOOL,PRIVATE,EASTERN,MERU NORTH,IGEMBE CENTRAL,KANTHIARI,IGEMBE,MERU,,0.22,37.92
ST PETERS PRY,PRIMARY SCHOOL,PRIVATE,EASTERN,MERU NORTH,MUTUATI,KABACHI,NTONYIRI,MERU,,0.41,38.01
YOUNGSTERS ACADEMY PRI,PRIMARY SCHOOL,PRIVATE,EASTERN,MERU CENTRAL,MIRIGA MIERU EAST,MUNITHU,NORTH IMENTI,MERU,,0.07,37.68
ST MARY IMMACULATE PRI SCH,PRIMARY SCHOOL,PRIVATE,EASTERN,MERU CENTRAL,ABOTHUGUCHI CENTRAL,RUIGA,CENTRAL IMENTI,MERU,,0,37.66
MFAT ACADEMY PRY SCH,PRIMARY SCHOOL,PRIVATE,EASTERN,MERU NORTH,TIGANIA CENTRAL,KIGUCHWA,TIGANIA EAST,MERU,,0.16,37.84
EAPC VICTORY ACADEMY PRI,PRIMARY SCHOOL,PRIVATE,EASTERN,MERU CENTRAL,MIRIGA MIERU EAST,MUNITHU,NORTH IMENTI,MERU,,0.08,37.69
ANCHENGE GOODSHEPHERD ACADEMY PRY SCH,PRIMARY SCHOOL,PRIVATE,EASTERN,MERU NORTH,IGEMBE CENTRAL,ANTUBOCHIU,IGEMBE,MERU,,0.2,37.95
MWEMA JUNIOR ACADEMY PRY SCH,PRIMARY SCHOOL,PRIVATE,EASTERN,MERU NORTH,TIGANIA CENTRAL,MIKINDURI EAST,TIGANIA EAST,MERU,,0.13,37.83
SPRING VIEW ACADEMY,PRIMARY SCHOOL,PRIVATE,EASTERN,MERU CENTRAL,IGOJI,KINORO,SOUTH IMENTI,MERU,,-0.18,37.62
MOUNT VERNON PRY SCH,PRIMARY SCHOOL,PRIVATE,EASTERN,MERU NORTH,TIGANIA CENTRAL,MIKINDURI WEST,TIGANIA EAST,MERU,,0.13,37.83
NTITUNE PRI SCH,PRIMARY SCHOOL,PRIVATE,EASTERN,MERU CENTRAL,NKUENE,MITUNGUU,SOUTH IMENTI,MERU,,-0.13,37.8
ST ANNE CHUGU PRI,PRIMARY SCHOOL,PRIVATE,EASTERN,MERU CENTRAL,MIRIGA MIERU EAST,CHUGU,NORTH IMENTI,MERU,,0.06,37.67
KINORO MIXED PRI,PRIMARY SCHOOL,PRIVATE,EASTERN,MERU CENTRAL,IGOJI,KINORO,SOUTH IMENTI,MERU,,-0.18,37.62
KAG CHURCH TAITA PRI SCH,PRIMARY SCHOOL,PRIVATE,EASTERN,MERU CENTRAL,NKUENE,KATHERI EAST,SOUTH IMENTI,MERU,,-0.07,37.67
KINGSWAY PREPARATORY SCH PRI,PRIMARY SCHOOL,PRIVATE,EASTERN,MERU CENTRAL,MIRIGA MIERU EAST,IGOKI,NORTH IMENTI,MERU,,0.06,37.67
STELLA MARIS PRI SCH,PRIMARY SCHOOL,PRIVATE,EASTERN,MERU CENTRAL,NKUENE,NKUENE,SOUTH IMENTI,MERU,,-0.06,37.67
KIANJAI IJUNIOR ACADEMY PRY SCH,PRIMARY SCHOOL,PRIVATE,EASTERN,MERU NORTH,TIGANIA WEST,KIANJAI,TIGANIA WEST,MERU,,0.17,37.75
KAORONENE METHODIST PRY,PRIMARY SCHOOL,PRIVATE,EASTERN,MERU NORTH,LAARE,ANTUAMBUI,NTONYIRI,MERU,,0.36,37.94
KIRUNG'A PRI SCH,PRIMARY SCHOOL,PRIVATE,EASTERN,MERU CENTRAL,MIRIGA MIERU EAST,MULATHANKARI,NORTH IMENTI,MERU,,0.05,37.67
RIGIRI GRAMMAR ACADEMY PRI,PRIMARY SCHOOL,PRIVATE,EASTERN,MERU CENTRAL,IGOJI,IGOJI,SOUTH IMENTI,MERU,,-0.18,37.64
MUGAMBO JUNIOR ACADEMY PRY SCH,PRIMARY SCHOOL,PRIVATE,EASTERN,MERU NORTH,AKITHI,KITHEO,TIGANIA WEST,MERU,,0.15,37.82
CHRISCO VICTORIAN ACADEMY PRY SCH,PRIMARY SCHOOL,PRIVATE,EASTERN,MERU NORTH,IGEMBE CENTRAL,MAUA,IGEMBE,MERU,,0.23,37.94
MUTONGA PRI SCH,PRIMARY SCHOOL,PRIVATE,EASTERN,MERU CENTRAL,IGOJI,IGOJI,SOUTH IMENTI,MERU,,-0.18,37.67
NKUBU WINNERS PRI,PRIMARY SCHOOL,PRIVATE,EASTERN,MERU CENTRAL,NKUENE,KIGANE,SOUTH IMENTI,MERU,,-0.08,37.67
FRED'S ACADEMY PRI SCH,PRIMARY SCHOOL,PRIVATE,EASTERN,MERU CENTRAL,MIRIGA MIERU EAST,NYAKI,NORTH IMENTI,MERU,,0.1,37.65
KINGSBRIDGE PRI,PRIMARY SCHOOL,PRIVATE,EASTERN,MERU CENTRAL,NKUENE,MIKUMBUNE,SOUTH IMENTI,MERU,,-0.08,37.66
ST. FRANCIS NCIIRU PRI SCH,PRIMARY SCHOOL,PRIVATE,EASTERN,MERU NORTH,URINGU,NKOMO,TIGANIA WEST,MERU,,0.12,37.72
MAUA JUNIOR ACADEMY PRY SCH,PRIMARY SCHOOL,PRIVATE,EASTERN,MERU NORTH,IGEMBE CENTRAL,MAUA,IGEMBE,MERU,,0.23,37.94
KENRAMA EDUCATION CENTRE PRI,PRIMARY SCHOOL,PRIVATE,EASTERN,MERU CENTRAL,NKUENE,KATHERA,SOUTH IMENTI,MERU,,-0.07,37.66
PLAINSVILLE ACADEMY PRI SCH,PRIMARY SCHOOL,PRIVATE,EASTERN,MERU CENTRAL,MIRIGA MIERU EAST,MUNITHU,NORTH IMENTI,MERU,,0.1,37.68
HEPTA PRY SCH,PRIMARY SCHOOL,PRIVATE,EASTERN,MERU NORTH,IGEMBE CENTRAL,MAUA,IGEMBE,MERU,,0.24,37.94
ALL SAINTS RUNOGONE PRI SCH,PRIMARY SCHOOL,PRIVATE,EASTERN,MERU CENTRAL,MIRIGA MIERU EAST,MULATHANKARI,NORTH IMENTI,MERU,,0.08,37.65
IMENTI BOARDING SCH,PRIMARY SCHOOL,PRIVATE,EASTERN,MERU CENTRAL,NKUENE,KATHERA,SOUTH IMENTI,MERU,,-0.06,37.63
ST. PAUL'S DAY&BOARDING PRY SCH,PRIMARY SCHOOL,PRIVATE,EASTERN,MERU NORTH,IGEMBE CENTRAL,MAUA,IGEMBE,MERU,,0.24,37.94
AIPC KATHELWA ST. MARY PRY SCH,PRIMARY SCHOOL,PRIVATE,EASTERN,MERU NORTH,LAARE,AKIRIANG'ONDU,NTONYIRI,MERU,,0.31,37.91
KANYOO RIVERSIDE PRI SCH,PRIMARY SCHOOL,PRIVATE,EASTERN,MERU CENTRAL,NKUENE,KATHERA,SOUTH IMENTI,MERU,,-0.05,37.63
MORNING JOY JUNIOR PRY SCH,PRIMARY SCHOOL,PRIVATE,EASTERN,MERU NORTH,IGEMBE CENTRAL,MAUA,IGEMBE,MERU,,0.24,37.94
MUTETHIA JUNIOR PRY SCH,PRIMARY SCHOOL,PRIVATE,EASTERN,MERU NORTH,URINGU,NKOMO,TIGANIA WEST,MERU,,0.15,37.74
PEACE JUNIOR COMPLEX PRI SCH,PRIMARY SCHOOL,PRIVATE,EASTERN,MERU CENTRAL,MIRIGA MIERU EAST,MULATHANKARI,NORTH IMENTI,MERU,,0.05,37.67
A.E.P.C HANNAH PRY SCH,PRIMARY SCHOOL,PRIVATE,EASTERN,MERU NORTH,IGEMBE CENTRAL,MAUA,IGEMBE,MERU,,0.24,37.94
MIIRU HIGHWAY ACADEMY PRI SCH,PRIMARY SCHOOL,PRIVATE,EASTERN,MERU CENTRAL,IGOJI,KIANJOGU,SOUTH IMENTI,MERU,,-0.15,37.68
KINANI INTERGARTED JUNIOR ACADEMY PRI SCH,PRIMARY SCHOOL,PRIVATE,EASTERN,MERU CENTRAL,MIRIGA MIERU EAST,MUNICIPALITY,NORTH IMENTI,MERU,,0.06,37.64
ST PETER AND PAUL PRY,PRIMARY SCHOOL,PRIVATE,EASTERN,MERU NORTH,LAARE,NTUNENE,NTONYIRI,MERU,,0.34,37.94
PCEA MIRURURI PRI,PRIMARY SCHOOL,PRIVATE,EASTERN,MERU CENTRAL,IGOJI,KIANJOGU,SOUTH IMENTI,MERU,,-0.15,37.67
MITHIARU PRY SCH,PRIMARY SCHOOL,PRIVATE,EASTERN,MERU NORTH,LAARE,ANTUAMBUI,NTONYIRI,MERU,,0.34,37.94
MARSTAN ACADEMY PRY SCH,PRIMARY SCHOOL,PRIVATE,EASTERN,MERU NORTH,NDOLELI,LUCIATI,NTONYIRI,MERU,,0.34,37.99
ST KAROLI LWANGA PRI SCH,PRIMARY SCHOOL,PRIVATE,EASTERN,MERU CENTRAL,ABOTHUGUCHI CENTRAL,KITHIRUNI WEST,CENTRAL IMENTI,MERU,,-0.01,37.56
KAAGA CENTRE ACADEMY PRI,PRIMARY SCHOOL,PRIVATE,EASTERN,MERU CENTRAL,MIRIGA MIERU EAST,MULATHANKARI,NORTH IMENTI,MERU,,0.07,37.65
ST. MARY'S DAY PRY SCH,PRIMARY SCHOOL,PRIVATE,EASTERN,MERU NORTH,NDOLELI,ANTUBETWE KIONGO,NTONYIRI,MERU,,0.34,37.98
NEEMA PRY SCH,PRIMARY SCHOOL,PRIVATE,EASTERN,MERU NORTH,LAARE,ANTUAMBUI,NTONYIRI,MERU,,0.34,37.94
KABIRU ACADEMY PRI SCH,PRIMARY SCHOOL,PRIVATE,EASTERN,MERU CENTRAL,ABOTHUGUCHI WEST,KITUIRUME WEST,CENTRAL IMENTI,MERU,,-0.01,37.56
MIRACULOUS ACADEMY MARIMBA PRI,PRIMARY SCHOOL,PRIVATE,EASTERN,MERU CENTRAL,NKUENE,KATHERA,SOUTH IMENTI,MERU,,-0.05,37.59
MERU JUNIOR SCH PRI,PRIMARY SCHOOL,PRIVATE,EASTERN,MERU CENTRAL,MIRIGA MIERU EAST,NTIMA,NORTH IMENTI,MERU,,0.05,37.64
ST. JOSEPH'S KAGARO PRY SCH,PRIMARY SCHOOL,PRIVATE,EASTERN,MERU NORTH,NDOLELI,ANTUBETWE KIONGO,NTONYIRI,MERU,,0.34,37.98
HOLY ANGELS ACADEMY PRI SCH,PRIMARY SCHOOL,PRIVATE,EASTERN,MERU CENTRAL,NKUENE,KATHERA,SOUTH IMENTI,MERU,,-0.06,37.57
ARI REUMEA PRY SCH,PRIMARY SCHOOL,PRIVATE,EASTERN,MERU NORTH,IGEMBE EAST,KIENGU,IGEMBE,MERU,,0.28,37.98
RAY OF HOPE KIANJOGU PRI SCH,PRIMARY SCHOOL,PRIVATE,EASTERN,MERU CENTRAL,IGOJI,KIANJOGU,SOUTH IMENTI,MERU,,-0.17,37.67
AMAKU ACADEMY PRY SCH,PRIMARY SCHOOL,PRIVATE,EASTERN,MERU NORTH,IGEMBE EAST,KIENGU,IGEMBE,MERU,,0.27,37.96
COTTOLENGO BOARDING PRY SCH,PRIMARY SCHOOL,PRIVATE,EASTERN,MERU NORTH,LAARE,NTUNENE,NTONYIRI,MERU,,0.33,37.93
M.C.K KIENGU ACADEMY PRY SCH,PRIMARY SCHOOL,PRIVATE,EASTERN,MERU NORTH,IGEMBE EAST,KIENGU,IGEMBE,MERU,,0.27,37.98
GREEN HILL ACADEMY PRI,PRIMARY SCHOOL,PRIVATE,EASTERN,MERU CENTRAL,NKUENE,URUKU,SOUTH IMENTI,MERU,,-0.03,37.58
SHALOM ACADEMY PRI,PRIMARY SCHOOL,PRIVATE,EASTERN,MERU CENTRAL,MIRIGA MIERU EAST,MUNICIPALITY,NORTH IMENTI,MERU,,0.05,37.66
EACH-ONE-FEED-ONE PRI,PRIMARY SCHOOL,PRIVATE,EASTERN,THARAKA,NORTH THARAKA,GIKINGO,THARAKA,THARAKA NITHI,,0.01,37.95
GITHONGO JUNIOR PRI SCH,PRIMARY SCHOOL,PRIVATE,EASTERN,MERU CENTRAL,ABOTHUGUCHI WEST,KIBARANYAKI,CENTRAL IMENTI,MERU,,0,37.59
ST THERESA PRI RIIJI,PRIMARY SCHOOL,PRIVATE,EASTERN,MERU CENTRAL,ABOTHUGUCHI WEST,KIBARANYAKI,CENTRAL IMENTI,MERU,,0,37.59
ISAAC'S PREPARATORY PRI,PRIMARY SCHOOL,PRIVATE,EASTERN,MERU CENTRAL,ABOTHUGUCHI WEST,KATHERI CENTRAL,CENTRAL IMENTI,MERU,,0.02,37.58
RARAMA MEMORIAL ACADEMY PRI,PRIMARY SCHOOL,PRIVATE,EASTERN,MERU CENTRAL,ABOTHUGUCHI WEST,KATHERI CENTRAL,CENTRAL IMENTI,MERU,,0.01,37.6
MCK KINJO ACADEMY PRI,PRIMARY SCHOOL,PRIVATE,EASTERN,MERU CENTRAL,ABOTHUGUCHI WEST,KATHERI EAST,CENTRAL IMENTI,MERU,,0.01,37.63
MCK MUTHANGENE WOMEN FELLOWSHIP ACADEMY PRI,PRIMARY SCHOOL,PRIVATE,EASTERN,MERU CENTRAL,ABOTHUGUCHI WEST,KATHERI CENTRAL,CENTRAL IMENTI,MERU,,0.03,37.58
RESLIK ACA PRY,PRIMARY SCHOOL,PRIVATE,EASTERN,MERU NORTH,URINGU,MBEU,TIGANIA WEST,MERU,,0.08,37.78
LINUS WARUIRU PRI,PRIMARY SCHOOL,PRIVATE,EASTERN,MERU CENTRAL,ABOGETA,KITHANGARI,SOUTH IMENTI,MERU,,-0.12,37.67
RED LION ACADEMY PRI,PRIMARY SCHOOL,PRIVATE,EASTERN,MERU CENTRAL,ABOTHUGUCHI WEST,KATHERI CENTRAL,CENTRAL IMENTI,MERU,,0.03,37.59
ST ALOISUS PRI,PRIMARY SCHOOL,PRIVATE,EASTERN,MERU CENTRAL,ABOGETA,KANYAKINE,SOUTH IMENTI,MERU,,-0.13,37.68
NKIRI N.A.C PRY SCH,PRIMARY SCHOOL,PRIVATE,EASTERN,MERU NORTH,IGEMBE EAST,NGUJUJU,IGEMBE,MERU,,0.25,38.06
WILLY'S ACADEMY PRI SCH,PRIMARY SCHOOL,PRIVATE,EASTERN,MERU CENTRAL,MIRIGA MIERU EAST,NTIMA,NORTH IMENTI,MERU,,0.07,37.64
MWANGAZA ACADEMY PRY SCH,PRIMARY SCHOOL,PRIVATE,EASTERN,MERU NORTH,IGEMBE EAST,NGUYUYU,IGEMBE,MERU,,0.25,38.07
ST MARTIN'S PRI SCH,PRIMARY SCHOOL,PRIVATE,EASTERN,MERU CENTRAL,ABOTHUGUCHI WEST,KATHERI EAST,CENTRAL IMENTI,MERU,,0.04,37.6
VICTORY ACADEMY PRI SCH,PRIMARY SCHOOL,PRIVATE,EASTERN,MERU CENTRAL,NKUENE,URUKU,SOUTH IMENTI,MERU,,-0.05,37.61
USHINDI ACADEMY PRY SCH,PRIMARY SCHOOL,PRIVATE,EASTERN,MERU NORTH,IGEMBE EAST,NGUJUJU,IGEMBE,MERU,,0.24,38.06
CONSOLATA PRI SCH,PRIMARY SCHOOL,PRIVATE,EASTERN,MERU CENTRAL,MIRIGA MIERU EAST,MUNICIPALITY,NORTH IMENTI,MERU,,0.06,37.63
ADRIANO MAANZO PRY SCH,PRIMARY SCHOOL,PRIVATE,EASTERN,MERU NORTH,MERU N.N PARK,MERU N.N PARK,NTONYIRI,MERU,,0.32,38.18
TREESHADE ACADEMY PRI SCH,PRIMARY SCHOOL,PRIVATE,EASTERN,MERU CENTRAL,MIRIGA MIERU EAST,MUNICIPALITY,NORTH IMENTI,MERU,,0.07,37.63
MBEU MWALIMU ACADEMY PRY SCH,PRIMARY SCHOOL,PRIVATE,EASTERN,MERU NORTH,URINGU,MBEU,TIGANIA WEST,MERU,,0.06,37.82
URUKU PRI SCH,PRIMARY SCHOOL,PRIVATE,EASTERN,MERU CENTRAL,NKUENE,URUKU,SOUTH IMENTI,MERU,,-0.04,37.59
MERU SALEEM ACADEMY PRI SCH,PRIMARY SCHOOL,PRIVATE,EASTERN,MERU CENTRAL,MIRIGA MIERU EAST,NTIMA,NORTH IMENTI,MERU,,0.06,37.63
E.A.P.C EBENEZZER ACADEMY PRY SCH,PRIMARY SCHOOL,PRIVATE,EASTERN,MERU NORTH,URINGU,KIORIMBA,TIGANIA WEST,MERU,,0.04,37.84
ELITE ACADEMY PRI,PRIMARY SCHOOL,PRIVATE,EASTERN,MERU CENTRAL,ABOGETA,KANYAKINE,SOUTH IMENTI,MERU,,-0.13,37.68
HAND OF GOD ACADEMY PRI SCH,PRIMARY SCHOOL,PRIVATE,EASTERN,MERU CENTRAL,MIRIGA MIERU WEST,NTIMA,NORTH IMENTI,MERU,,0.06,37.63
ST.PETER&PAUL ATHIRU RUJINE PRY SCH,PRIMARY SCHOOL,PRIVATE,EASTERN,MERU NORTH,LAARE,NTUNENE,NTONYIRI,MERU,,0.31,37.97
FATHER SOLDATI MEMORIAL ACA PRY SCH,PRIMARY SCHOOL,PRIVATE,EASTERN,MERU NORTH,IGEMBE EAST,NGUYUYU,IGEMBE,MERU,,0.25,38.02
MINORS PRI SCH,PRIMARY SCHOOL,PRIVATE,EASTERN,MERU CENTRAL,MIRIGA MIERU EAST,NTIMA,NORTH IMENTI,MERU,,0.06,37.63
ST. MARK'S PRY SCH,PRIMARY SCHOOL,PRIVATE,EASTERN,MERU NORTH,NDOLELI,KAWIRU,NTONYIRI,MERU,,0.3,38.06
ESSA MIOMPONI PRI,PRIMARY SCHOOL,PRIVATE,EASTERN,THARAKA,THARAKA CENTRAL,MWANYANI,THARAKA,THARAKA NITHI,,0,37.9
JEMAKEN PRI SCH,PRIMARY SCHOOL,PRIVATE,EASTERN,MERU CENTRAL,TIMAU,NTIRIMITI,NORTH IMENTI,MERU,,0.1,37.47
ST.JAMES ACA PRY,PRIMARY SCHOOL,PRIVATE,EASTERN,MERU NORTH,IGEMBE EAST,KIENGU,IGEMBE,MERU,,0.26,38.01
ARIF'S ACADEMY KUTINE PRY SCH,PRIMARY SCHOOL,PRIVATE,EASTERN,MERU NORTH,NDOLELI,KAWIRU,NTONYIRI,MERU,,0.3,38.06
B.E.P.C BETHEL ACADEMY PRY SCH,PRIMARY SCHOOL,PRIVATE,EASTERN,MERU NORTH,URINGU,NKOMO,TIGANIA WEST,MERU,,0.13,37.73
GEVA BIDII ACADEMY PRI SCH,PRIMARY SCHOOL,PRIVATE,EASTERN,MERU CENTRAL,ABOTHUGUCHI WEST,KIBIRICHIA,CENTRAL IMENTI,MERU,,0.08,37.49
KAITHE PRI SCH,PRIMARY SCHOOL,PRIVATE,EASTERN,MERU CENTRAL,MIRIGA MIERU EAST,NTIMA,NORTH IMENTI,MERU,,0.05,37.64
DIVINE MERCY ACADEMY,PRIMARY SCHOOL,PRIVATE,EASTERN,MERU CENTRAL,ABOGETA,KIRINGA,SOUTH IMENTI,MERU,,-0.14,37.7
GRACIOUS VISION ACADEMY-PRY SCH,PRIMARY SCHOOL,PRIVATE,EASTERN,MERU NORTH,IGEMBE EAST,KIENGU,IGEMBE,MERU,,0.27,38
KAG MWADANTE PRI SCH,PRIMARY SCHOOL,PRIVATE,EASTERN,MERU CENTRAL,MIRIGA MIERU EAST,NTIMA,NORTH IMENTI,MERU,,0.05,37.65
JARIMU ACADEMY PRI,PRIMARY SCHOOL,PRIVATE,EASTERN,MERU CENTRAL,ABOTHUGUCHI WEST,KIBIRICHIA,CENTRAL IMENTI,MERU,,0.1,37.51
ST PAUL'S ACADEMY PRI,PRIMARY SCHOOL,PRIVATE,EASTERN,MERU CENTRAL,MIRIGA MIERU EAST,NTIMA,NORTH IMENTI,MERU,,0.05,37.65
ST. JOHN'S BOARDING PRY SCH,PRIMARY SCHOOL,PRIVATE,EASTERN,MERU NORTH,AKACHIU,KABULINE,IGEMBE,MERU,,0.2,37.96
ST ANN MISSION PRI SCH,PRIMARY SCHOOL,PRIVATE,EASTERN,MERU CENTRAL,ABOTHUGUCHI CENTRAL,KARIENE,CENTRAL IMENTI,MERU,,-0.04,37.66
MATANGIGE PRI,PRIMARY SCHOOL,PRIVATE,EASTERN,THARAKA,THARAKA CENTRAL,NKONDI,THARAKA,THARAKA NITHI,,-0.08,37.95
LION'S PRI SCH,PRIMARY SCHOOL,PRIVATE,EASTERN,MERU CENTRAL,MIRIGA MIERU EAST,NTIMA,NORTH IMENTI,MERU,,0.05,37.65
MALLAI ACADEMY-PRY SCH,PRIMARY SCHOOL,PRIVATE,EASTERN,MERU NORTH,IGEMBE NORTH,ANTUBEIGA,IGEMBE,MERU,,0.27,37.93
RIMUKA KARIBU ACADEMY PRI,PRIMARY SCHOOL,PRIVATE,EASTERN,MERU CENTRAL,ABOTHUGUCHI WEST,KIAMIOGO,CENTRAL IMENTI,MERU,,0.09,37.52
BACKSTREET PREPARATORY PRI,PRIMARY SCHOOL,PRIVATE,EASTERN,MERU CENTRAL,MIRIGA MIERU EAST,NTIMA,NORTH IMENTI,MERU,,0.04,37.65
PIONEER EDUCATION CENTRE PRI,PRIMARY SCHOOL,PRIVATE,EASTERN,MERU CENTRAL,ABOGETA,ABOGETA,SOUTH IMENTI,MERU,,-0.12,37.63
MUMONE MURINGANE PRI,PRIMARY SCHOOL,PRIVATE,EASTERN,MERU NORTH,IGEMBE NORTH,MURINGENE,IGEMBE,MERU,,0.29,37.92
KIANDUGUI ACADEMY PRI SCH,PRIMARY SCHOOL,PRIVATE,EASTERN,MERU CENTRAL,ABOTHUGUCHI CENTRAL,KIAMIOGO,CENTRAL IMENTI,MERU,,0.11,37.51
IGEMBE CHARITY ACADEMY-PRY SCH,PRIMARY SCHOOL,PRIVATE,EASTERN,MERU NORTH,IGEMBE NORTH,ANTUBEIGA,IGEMBE,MERU,,0.28,37.92
ARIMA SENIOR ACADEMY PRI,PRIMARY SCHOOL,PRIVATE,EASTERN,MERU CENTRAL,MIRIGA MIERU EAST,NTHIMBIRI,NORTH IMENTI,MERU,,0.04,37.6
LITTLE ANGELS ACADEMY-PRY SCH,PRIMARY SCHOOL,PRIVATE,EASTERN,MERU NORTH,IGEMBE NORTH,ANTUBEIGA,IGEMBE,MERU,,0.27,37.93
MARIMANTI ACADEMY PRI,PRIMARY SCHOOL,PRIVATE,EASTERN,THARAKA,THARAKA CENTRAL,MARIMANTI,THARAKA,THARAKA NITHI,,-0.16,37.99
ST EUGINA PRI SCH,PRIMARY SCHOOL,PRIVATE,EASTERN,MERU CENTRAL,ABOTHUGUCHI EAST,KIIJA,CENTRAL IMENTI,MERU,,-0.07,37.7
ST. PETERS ACADEMY PRY SCH,PRIMARY SCHOOL,PRIVATE,EASTERN,MERU NORTH,IGEMBE S/WEST,AKACHIU,IGEMBE,MERU,,0.2,37.92
ST ANNEMONA ACADEMY PRI,PRIMARY SCHOOL,PRIVATE,EASTERN,MERU CENTRAL,MIRIGA MIERU EAST,NTHIMBIRI,NORTH IMENTI,MERU,,0.02,37.64
RODNENE PRI,PRIMARY SCHOOL,PRIVATE,EASTERN,MERU CENTRAL,ABOGETA,IGOKI,SOUTH IMENTI,MERU,,-0.1,37.7
KIAROTHIRU PRI SCH,PRIMARY SCHOOL,PRIVATE,EASTERN,MERU CENTRAL,MIRIGA MIERU WEST,NTHIMBIRI,NORTH IMENTI,MERU,,0.03,37.64
PROMISE ACADEMY PRI,PRIMARY SCHOOL,PRIVATE,EASTERN,MERU CENTRAL,MIRIGA MIERU EAST,NTAKIRA,NORTH IMENTI,MERU,,0.03,37.65
NTUGI JUJA HILLSIDE ACADEMY PRI,PRIMARY SCHOOL,PRIVATE,EASTERN,MERU CENTRAL,ABOTHUGUCHI CENTRAL,NTUGI,CENTRAL IMENTI,MERU,,0.15,37.52
KATHUMBI F.K. ACADEMY PRI,PRIMARY SCHOOL,PRIVATE,EASTERN,MERU CENTRAL,MIRIGA MIERU EAST,NTAKIRA,NORTH IMENTI,MERU,,0.04,37.65
SPRINGBOARD ACADEMY PRI,PRIMARY SCHOOL,PRIVATE,EASTERN,MERU CENTRAL,MIRIGA MIERU EAST,NTAKIRA,NORTH IMENTI,MERU,,0.02,37.66
KIBUBUNG'I PRI SCH,PRIMARY SCHOOL,PRIVATE,EASTERN,MERU CENTRAL,ABOTHUGUCHI CENTRAL,NTUMBIRI,CENTRAL IMENTI,MERU,,0.16,37.54
MIKUMBUNE MCK ACADEMY PRI,PRIMARY SCHOOL,PRIVATE,EASTERN,MERU CENTRAL,NKUENE,MIKUMBUNE,SOUTH IMENTI,MERU,,-0.07,37.62
HOLY FAMILY PRI SCH,PRIMARY SCHOOL,PRIVATE,EASTERN,MERU CENTRAL,ABOTHUGUCHI EAST,KIAGU,CENTRAL IMENTI,MERU,,-0.07,37.85
ST. THOMAS ATHURI PRY SCH,PRIMARY SCHOOL,PRIVATE,EASTERN,MERU NORTH,AKACHIU,ATHI,IGEMBE,MERU,,0.17,37.92
BABA BEN MEMORIAL SCH-PRI,PRIMARY SCHOOL,PRIVATE,EASTERN,MERU CENTRAL,ABOTHUGUCHI CENTRAL,NTUGI,CENTRAL IMENTI,MERU,,0.12,37.53
BROOKTOWERS ACADEMY,PRIMARY SCHOOL,PRIVATE,EASTERN,MERU CENTRAL,MIRIGA MIERU EAST,IGOKI,NORTH IMENTI,MERU,,0.04,37.66
MERU HARVESTER ACADEMY PRI,PRIMARY SCHOOL,PRIVATE,EASTERN,MERU CENTRAL,ABOTHUGUCHI CENTRAL,NTUGI,CENTRAL IMENTI,MERU,,0.12,37.55
ST. JOSEPH'S ACADEMY PRY SCH,PRIMARY SCHOOL,PRIVATE,EASTERN,MERU NORTH,IGEMBE S/WEST,NDUGUTO,IGEMBE,MERU,,0.16,37.94
BIDII ACADEMY PRI,PRIMARY SCHOOL,PRIVATE,EASTERN,MERU CENTRAL,ABOGETA,IGOKI,SOUTH IMENTI,MERU,,-0.08,37.59
BETHEL ACADEMY PRI,PRIMARY SCHOOL,PRIVATE,EASTERN,MERU CENTRAL,MIRIGA MIERU WEST,MUNICIPALITY,NORTH IMENTI,MERU,,0.06,37.65
KAMBEREU JUNIOR ACADEMY PRI,PRIMARY SCHOOL,PRIVATE,EASTERN,MERU CENTRAL,MIRIGA MIERU EAST,GIAKI,NORTH IMENTI,MERU,,0.03,37.76
REX MUKONO PRY,PRIMARY SCHOOL,PRIVATE,EASTERN,MERU NORTH,TIGANIA CENTRAL,MIKINDURI EAST,TIGANIA EAST,MERU,,0.11,37.87
EAPC EMMANUEL PRI SCH,PRIMARY SCHOOL,PRIVATE,EASTERN,MERU CENTRAL,MIRIGA MIERU EAST,GIAKI,NORTH IMENTI,MERU,,0.08,37.76
ST. DOMINIC PRY SCH,PRIMARY SCHOOL,PRIVATE,EASTERN,MERU NORTH,IGEMBE,NJIA,IGEMBE,MERU,,0.3,37.89
BRIGHT HILL ACA. PRY-AMUNJO MUTHORI,PRIMARY SCHOOL,PRIVATE,EASTERN,MERU NORTH,IGEMBE S/WEST,ATHI,IGEMBE,MERU,,0.17,37.94
GATAKENE EDUCATION ACADEMY,PRIMARY SCHOOL,PRIVATE,EASTERN,MERU CENTRAL,ABOGETA,IGOKI,SOUTH IMENTI,MERU,,-0.09,37.6
GLORY JNR SCH PRY,PRIMARY SCHOOL,PRIVATE,EASTERN,MERU NORTH,TIGANIA CENTRAL,MIKINDURI EAST,TIGANIA EAST,MERU,,0.13,37.84
M.C.K ST. MARKS THATHIMWENE PRY SCH,PRIMARY SCHOOL,PRIVATE,EASTERN,MERU NORTH,IGEMBE NORTH,NJIA,IGEMBE,MERU,,0.3,37.9
PARISETTI BOARDING SCHOOL,PRIMARY SCHOOL,PRIVATE,EASTERN,MERU NORTH,TIGANIA CENTRAL,KIGUCHWA,TIGANIA EAST,MERU,,0.14,37.85
KIBURINE NURU BOARDING PRI SCH,PRIMARY SCHOOL,PRIVATE,EASTERN,MERU CENTRAL,MIRIGA MIERU EAST,KIBURINE,NORTH IMENTI,MERU,,0.02,37.84
VISION ACADEMY PRI,PRIMARY SCHOOL,PRIVATE,EASTERN,MOYALE,CENTRAL - MOYALE,TOWNSHIP,MOYALE,MARSABIT,,3.52,39.06
MUUTINE S.D.A PRY SCH,PRIMARY SCHOOL,PRIVATE,EASTERN,MERU NORTH,IGEMBE,NJIA,IGEMBE,MERU,,0.29,37.9
ST ANDREW'S THE APOSTLE PRI SCH,PRIMARY SCHOOL,PRIVATE,EASTERN,MERU CENTRAL,ABOTHUGUCHI EAST,GAITU,CENTRAL IMENTI,MERU,,0,37.77
MOYALE GATEWAY ACADEMY PRI,PRIMARY SCHOOL,PRIVATE,EASTERN,MOYALE,CENTRAL - MOYALE,TOWNSHIP,MOYALE,MARSABIT,,3.52,39.05
MATERI GIRLS' PRI,PRIMARY SCHOOL,PRIVATE,EASTERN,THARAKA,SOUTH THARAKA,TUNYAI,THARAKA,THARAKA NITHI,,-0.19,37.81
ST. LUCY'S DAY&BOARDING PRY SCH,PRIMARY SCHOOL,PRIVATE,EASTERN,MERU NORTH,AKACHIU,ATHIRU GAITI,IGEMBE,MERU,,0.21,37.97
KARUMA KAIRA ACADEMY PRY SCH,PRIMARY SCHOOL,PRIVATE,EASTERN,MERU NORTH,AKACHIU,ATHIRU GAITI,IGEMBE,MERU,,0.21,37.97
GERAR SPRINGS PRI SCH,PRIMARY SCHOOL,PRIVATE,EASTERN,KITUI,MUTITU,MUTITU,MUTITO,KITUI,,-1.22,38.18
CHOSEN CHRISTIAN PRI,PRIMARY SCHOOL,PRIVATE,EASTERN,MAKUENI,WOTE,WOTE,MAKUENI,MAKUENI,,-1.98,37.67
KITAKANI PRI SCH,PRIMARY SCHOOL,PRIVATE,EASTERN,KITUI,MUTITU,MUTITU,MUTITO,KITUI,,-1.25,38.23
ZOMBE PRI SCH,PRIMARY SCHOOL,PRIVATE,EASTERN,KITUI,MUTITU,ZOMBE,MUTITO,KITUI,,-1.45,38.25
BASE PREPARATORY PRIMARY SCH,PRIMARY SCHOOL,PRIVATE,EASTERN,MWINGI,CENTRAL - MWINGI,MWINGI,MWINGI NORTH,KITUI,,-0.94,38.06
SALEM SCHOOL,PRIMARY SCHOOL,PRIVATE,EASTERN,MWINGI,CENTRAL - MWINGI,MWINGI,MWINGI NORTH,KITUI,,-0.94,38.06
KAMWELI EDUCATIONAL CENTRE,PRIMARY SCHOOL,PRIVATE,EASTERN,MAKUENI,WOTE,WOTE,MAKUENI,MAKUENI,,-1.77,37.64
MWINGI OXFORD PRI,PRIMARY SCHOOL,PRIVATE,EASTERN,MWINGI,CENTRAL - MWINGI,KAUTHA,MWINGI NORTH,KITUI,,-0.94,38.06
PREMESE MAKUENI ACADEMY,PRIMARY SCHOOL,PRIVATE,EASTERN,MAKUENI,WOTE,WOTE,MAKUENI,MAKUENI,,-1.78,37.63
KISEKO VALLEY PRI,PRIMARY SCHOOL,PRIVATE,EASTERN,MWINGI,CENTRAL - MWINGI,MWINGI,MWINGI NORTH,KITUI,,-0.95,38.06
ST. PETER'S JUNIOR ACADEMY,PRIMARY SCHOOL,PRIVATE,EASTERN,MAKUENI,WOTE,WOTE,MAKUENI,MAKUENI,,-1.79,37.62
DESTINY JUNIOR ACADEMY,PRIMARY SCHOOL,PRIVATE,EASTERN,MWINGI,CENTRAL - MWINGI,KANZANZU,MWINGI NORTH,KITUI,,-0.96,38.07
KWITU ACADEMY,PRIMARY SCHOOL,PRIVATE,EASTERN,MWINGI,CENTRAL - MWINGI,KANZANZU,MWINGI NORTH,KITUI,,-1,38.08
GATE WAY JUNIOR ACADEMY PRI,PRIMARY SCHOOL,PRIVATE,EASTERN,MACHAKOS,CENTRAL - MACHAKOS,MUMBUNI,MACHAKOS TOWN,MACHAKOS,,-1.48,37.26
ST PAUL'S NEEMA PRI,PRIMARY SCHOOL,PRIVATE,EASTERN,MWINGI,CENTRAL - MWINGI,MWINGI,MWINGI SOUTH,KITUI,,-0.94,38.06
VICTORS JUNIOR ACADEMY,PRIMARY SCHOOL,PRIVATE,EASTERN,MWINGI,CENTRAL - MWINGI,MWINGI,MWINGI SOUTH,KITUI,,-0.94,38.06
ST GABRIEL'S ACADEMY,PRIMARY SCHOOL,PRIVATE,EASTERN,MWINGI,CENTRAL - MWINGI,MWINGI,MWINGI NORTH,KITUI,,-0.93,38.06
J.J. PRIMARY SCHOOL,PRIMARY SCHOOL,PRIVATE,EASTERN,MAKUENI,WOTE,WOTE,MAKUENI,MAKUENI,,-1.78,37.63
MACHAKOS ACADEMY PRI,PRIMARY SCHOOL,PRIVATE,EASTERN,MACHAKOS,CENTRAL - MACHAKOS,MUMBUNI,MACHAKOS TOWN,MACHAKOS,,-1.5,37.26
MWINGI ACADEMY,PRIMARY SCHOOL,PRIVATE,EASTERN,MWINGI,CENTRAL - MWINGI,MWINGI,MWINGI NORTH,KITUI,,-0.93,38.06
ST.JOYCE JUNIOR ACADEMY PRI,PRIMARY SCHOOL,PRIVATE,EASTERN,MACHAKOS,CENTRAL - MACHAKOS,MUMBUNI,MACHAKOS TOWN,MACHAKOS,,-1.51,37.25
TIP-TOP ACADEMY PRI,PRIMARY SCHOOL,PRIVATE,EASTERN,MACHAKOS,CENTRAL - MACHAKOS,MUMBUNI,MACHAKOS TOWN,MACHAKOS,,-1.51,37.25
SHALOM PRI,PRIMARY SCHOOL,PRIVATE,EASTERN,MWINGI,CENTRAL - MWINGI,MWINGI,MWINGI NORTH,KITUI,,-0.93,38.07
MWINGI EAT VIEW ACADEMY,PRIMARY SCHOOL,PRIVATE,EASTERN,MWINGI,CENTRAL - MWINGI,MWINGI,MWINGI NORTH,KITUI,,-0.93,38.08
KAMUSILIU JUNIOR ACADEMY,PRIMARY SCHOOL,PRIVATE,EASTERN,MWINGI,NGOMENI,MITAMISYI,MWINGI NORTH,KITUI,,-0.6,38.3
ABC ACADEMY,PRIMARY SCHOOL,PRIVATE,EASTERN,MACHAKOS,CENTRAL - MACHAKOS,MUMBUNI,MACHAKOS TOWN,MACHAKOS,,-1.51,37.24
SHARON JUNIOR PRI,PRIMARY SCHOOL,PRIVATE,EASTERN,MWINGI,CENTRAL - MWINGI,MWINGI,MWINGI SOUTH,KITUI,,-0.93,38.06
ROCK VIEW PRI,PRIMARY SCHOOL,PRIVATE,EASTERN,MWINGI,CENTRAL - MWINGI,MWINGI,MWINGI NORTH,KITUI,,-0.94,38.05
NEW HOPE EDUCATION CENTER PRI SCH,PRIMARY SCHOOL,PRIVATE,EASTERN,KITUI,CHULUNI,MBITINI,KITUI CENTRAL,KITUI,,-1.59,38.12
KANGINGA OASIS ACADEMY,PRIMARY SCHOOL,PRIVATE,EASTERN,MWINGI,CENTRAL - MWINGI,KIOMO,MWINGI SOUTH,KITUI,,-0.94,38.04
ST ANN JOSTER ACADEMY,PRIMARY SCHOOL,PRIVATE,EASTERN,MACHAKOS,CENTRAL - MACHAKOS,MUMBUNI,MACHAKOS TOWN,MACHAKOS,,-1.51,37.25
BUSY BEE PRI,PRIMARY SCHOOL,PRIVATE,EASTERN,MWINGI,CENTRAL - MWINGI,MWINGI,MWINGI NORTH,KITUI,,-0.93,38.05
ST MARTINS DE PORES,PRIMARY SCHOOL,PRIVATE,EASTERN,MAKUENI,KATHONZWENI,KATHONZWENI,MAKUENI,MAKUENI,,-1.91,37.73
KILONZO M. MASEMBWA ACADEMY,PRIMARY SCHOOL,PRIVATE,EASTERN,MWINGI,CENTRAL - MWINGI,MWINGI,MWINGI NORTH,KITUI,,-0.85,38.08
KYUSO FGCK ACADEMY,PRIMARY SCHOOL,PRIVATE,EASTERN,MWINGI,KYUSO,KYUSO,MWINGI NORTH,KITUI,,-0.56,38.21
NGAALE CCI PRI,PRIMARY SCHOOL,PRIVATE,EASTERN,MWINGI,KYUSO,KYUSO,MWINGI NORTH,KITUI,,-0.66,38.23
DELIVERANCE PRI SCH,PRIMARY SCHOOL,PRIVATE,EASTERN,MAKUENI,MTITO ANDEI,NZAMBANI,KIBWEZI,MAKUENI,,-2.59,38.07
ONE HILLS ACADEMY,PRIMARY SCHOOL,PRIVATE,EASTERN,MACHAKOS,CENTRAL - MACHAKOS,KATHEKA KAI,MACHAKOS TOWN,MACHAKOS,,-1.57,37.24
"ST. JOSEPH'S ACADEMY, KAIMONI",PRIMARY SCHOOL,PRIVATE,EASTERN,MAKUENI,KAITI,KILALA,KAITI,MAKUENI,,-1.74,37.57
LITTLE ANGELS ACADEMY,PRIMARY SCHOOL,PRIVATE,EASTERN,MWINGI,CENTRAL - MWINGI,WAITA,MWINGI NORTH,KITUI,,-0.78,38.09
SAINT TERESAS MACHAKOS PRIMARY,PRIMARY SCHOOL,PRIVATE,EASTERN,MACHAKOS,CENTRAL - MACHAKOS,MUVUTI,MACHAKOS TOWN,MACHAKOS,,-1.51,37.26
GLOBAL VILLAGE ACADEMY,PRIMARY SCHOOL,PRIVATE,EASTERN,MAKUENI,MTITO ANDEI,KATHEKA KAI,KIBWEZI,MAKUENI,,-2.65,38.13
MTITO VICTORY HILL ACADEMY PRI,PRIMARY SCHOOL,PRIVATE,EASTERN,MAKUENI,MTITO ANDEI,MTITO ANDEI,KIBWEZI,MAKUENI,,-2.67,38.15
SWAMP VIEW SCH,PRIMARY SCHOOL,PRIVATE,EASTERN,MAKUENI,MTITO ANDEI,MTITO ANDEI,KIBWEZI,MAKUENI,,-2.68,38.16
THE BRIDGE ACADEMY,PRIMARY SCHOOL,PRIVATE,EASTERN,MWINGI,CENTRAL - MWINGI,WAITA,MWINGI NORTH,KITUI,,-0.82,38.11
OUR LADY QUEEN OF PEACE KATANGI,PRIMARY SCHOOL,PRIVATE,EASTERN,MACHAKOS,KATANGI,KATANGI,YATTA,MACHAKOS,,-1.4,37.69
MUTWANGOMBE ACADEMY,PRIMARY SCHOOL,PRIVATE,EASTERN,MWINGI,CENTRAL - MWINGI,ENDUI,MWINGI NORTH,KITUI,,-0.87,38.19
OUR LADY QUEEN OF PEACE PRI,PRIMARY SCHOOL,PRIVATE,EASTERN,MACHAKOS,KATANGI,KATANGI,YATTA,MACHAKOS,,-1.41,37.7
ST. TERESIA KILUNGU ACADEMY,PRIMARY SCHOOL,PRIVATE,EASTERN,MAKUENI,KILUNGU,KIKOKO,KAITI,MAKUENI,,-1.8,37.41
WAMUNYU REDEEMED ACADEMY,PRIMARY SCHOOL,PRIVATE,EASTERN,MACHAKOS,YATHUI,WAMUNYU,MWALA,MACHAKOS,,-1.4,37.56
ST PATRICK'S JUNIOUR ACADEMY,PRIMARY SCHOOL,PRIVATE,EASTERN,MWINGI,KYUSO,KYUSO,MWINGI NORTH,KITUI,,-0.55,38.22
NWANZILU ACADEMY,PRIMARY SCHOOL,PRIVATE,EASTERN,MWINGI,CENTRAL - MWINGI,NZERUNI,MWINGI SOUTH,KITUI,,-1.1,38.08
MAKENA ACADEMY,PRIMARY SCHOOL,PRIVATE,EASTERN,MWINGI,TSEIKURU,TSEIKURU,MWINGI NORTH,KITUI,,-0.3,38.21
NZELUNI ACADEMY PRI SCH,PRIMARY SCHOOL,PRIVATE,EASTERN,MWINGI,CENTRAL - MWINGI,NZERUNI,MWINGI SOUTH,KITUI,,-1.08,38.1
NGILUNI ACADEMY,PRIMARY SCHOOL,PRIVATE,EASTERN,MWINGI,TSEIKURU,TSEIKURU,MWINGI NORTH,KITUI,,-0.31,38.21
MOMBUNI COMPLEX ACADEMY,PRIMARY SCHOOL,PRIVATE,EASTERN,MWINGI,CENTRAL - MWINGI,MUMBUNI,MWINGI SOUTH,KITUI,,-1.04,38.1
MUMBUNI BARAKA PRI,PRIMARY SCHOOL,PRIVATE,EASTERN,MWINGI,CENTRAL - MWINGI,MUMBUNI,MWINGI SOUTH,KITUI,,-1.05,38.1
ST. LUCIA EDUCATIONAL COMPLEX,PRIMARY SCHOOL,PRIVATE,EASTERN,MACHAKOS,YATHUI,NGOMANO,MWALA,MACHAKOS,,-1.54,37.62
MUSYIMI PRI SCH,PRIMARY SCHOOL,PRIVATE,EASTERN,KITUI,MUTITU,ZOMBE,MUTITO,KITUI,,-1.44,38.25
ARC PRI SCH,PRIMARY SCHOOL,PRIVATE,EASTERN,KITUI,MUTITU,KALIKU,MUTITO,KITUI,,-1.29,38.3
SHINERS ACADEMY,PRIMARY SCHOOL,PRIVATE,EASTERN,MWINGI,NGOMENI,NGOMENI,MWINGI NORTH,KITUI,,-0.65,38.4
MTITO ANDEI CHRISTIAN PRI SCH,PRIMARY SCHOOL,PRIVATE,EASTERN,MAKUENI,MTITO ANDEI,MTITO ANDEI,KIBWEZI,MAKUENI,,-2.69,38.17
MASII ACADEMY,PRIMARY SCHOOL,PRIVATE,EASTERN,MACHAKOS,MWALA,MASII,MWALA,MACHAKOS,,-1.46,37.44
RAY PRI SCH,PRIMARY SCHOOL,PRIVATE,EASTERN,MACHAKOS,MWALA,MASII,MWALA,MACHAKOS,,-1.46,37.44
CHRISTOPHER KIAMBA MEMORIAL SCH,PRIMARY SCHOOL,PRIVATE,EASTERN,MAKUENI,KASIKEU,KIOU,KILOME,MAKUENI,,-1.99,37.36
TRAVELLERS OASIS CENTRE,PRIMARY SCHOOL,PRIVATE,EASTERN,MAKUENI,KASIKEU,KASIKEU,KILOME,MAKUENI,,-2.02,37.38
MWANGAZA PRI SCH MASII,PRIMARY SCHOOL,PRIVATE,EASTERN,MACHAKOS,MWALA,MASII,MWALA,MACHAKOS,,-1.48,37.45
MARIMANTI ACADEMY PRI,PRIMARY SCHOOL,PRIVATE,EASTERN,THARAKA,THARAKA CENTRAL,MARIMANTI,THARAKA,THARAKA NITHI,,-0.16,37.99
ST EUGINA PRI SCH,PRIMARY SCHOOL,PRIVATE,EASTERN,MERU CENTRAL,ABOTHUGUCHI EAST,KIIJA,CENTRAL IMENTI,MERU,,-0.07,37.7
HOLY FAMILY PRI SCH,PRIMARY SCHOOL,PRIVATE,EASTERN,MERU CENTRAL,ABOTHUGUCHI EAST,KIAGU,CENTRAL IMENTI,MERU,,-0.07,37.85
IGOJI BOYS BOARDING PRI,PRIMARY SCHOOL,PRIVATE,EASTERN,MERU CENTRAL,IGOJI,IGOJI,SOUTH IMENTI,MERU,,-0.19,37.69
ST ANDREW'S THE APOSTLE PRI SCH,PRIMARY SCHOOL,PRIVATE,EASTERN,MERU CENTRAL,ABOTHUGUCHI EAST,GAITU,CENTRAL IMENTI,MERU,,0,37.77
MUGUNA AANA PRI,PRIMARY SCHOOL,PRIVATE,EASTERN,THARAKA,THARAKA CENTRAL,KAROCHO,THARAKA,THARAKA NITHI,,-0.11,37.88
KENROSA ACADEMY PRI SCH,PRIMARY SCHOOL,PRIVATE,EASTERN,MERU CENTRAL,IGOJI,IGOJI,SOUTH IMENTI,MERU,,-0.19,37.67
MWANGAZA ACADEMY PRUI SCH,PRIMARY SCHOOL,PRIVATE,EASTERN,MERU CENTRAL,IGOJI,KARIA,SOUTH IMENTI,MERU,,-0.2,37.64
GATUNGA JUNIOR PRI,PRIMARY SCHOOL,PRIVATE,EASTERN,THARAKA,NORTH THARAKA,GATUE,THARAKA,THARAKA NITHI,,-0.1,38.01
PAMOJA UNITY CHILDRENS HOPE CENTRE,PRIMARY SCHOOL,PRIVATE,EASTERN,MERU CENTRAL,IGOJI,IGOJI,SOUTH IMENTI,MERU,,-0.2,37.67
KIANGUA JEHOVAH JIREH PRI,PRIMARY SCHOOL,PRIVATE,EASTERN,MERU CENTRAL,IGOJI,KARIA,SOUTH IMENTI,MERU,,-0.18,37.6
KIRIA GIEKUCHIA GREEN WOOD PRI SCH,PRIMARY SCHOOL,PRIVATE,EASTERN,MERU CENTRAL,ABOTHUGUCHI CENTRAL,KIRIA,CENTRAL IMENTI,MERU,,-0.04,37.66
ST. DOMNIC PRI SCH,PRIMARY SCHOOL,PRIVATE,EASTERN,MERU CENTRAL,ABOTHUGUCHI CENTRAL,MARIENE,CENTRAL IMENTI,MERU,,-0.01,37.66
ST MARY IMMACULATE PRI SCH,PRIMARY SCHOOL,PRIVATE,EASTERN,MERU CENTRAL,ABOTHUGUCHI CENTRAL,RUIGA,CENTRAL IMENTI,MERU,,0,37.66
RIMUKA KARIBU ACADEMY PRI,PRIMARY SCHOOL,PRIVATE,EASTERN,MERU CENTRAL,ABOTHUGUCHI WEST,KIAMIOGO,CENTRAL IMENTI,MERU,,0.09,37.52
ARIMA SENIOR ACADEMY PRI,PRIMARY SCHOOL,PRIVATE,EASTERN,MERU CENTRAL,MIRIGA MIERU EAST,NTHIMBIRI,NORTH IMENTI,MERU,,0.04,37.6
ST. PETERS ACADEMY PRY SCH,PRIMARY SCHOOL,PRIVATE,EASTERN,MERU NORTH,IGEMBE S/WEST,AKACHIU,IGEMBE,MERU,,0.2,37.92
KIANDUGUI ACADEMY PRI SCH,PRIMARY SCHOOL,PRIVATE,EASTERN,MERU CENTRAL,ABOTHUGUCHI CENTRAL,KIAMIOGO,CENTRAL IMENTI,MERU,,0.11,37.51
ST. THOMAS ATHURI PRY SCH,PRIMARY SCHOOL,PRIVATE,EASTERN,MERU NORTH,AKACHIU,ATHI,IGEMBE,MERU,,0.17,37.92
ST ANNEMONA ACADEMY PRI,PRIMARY SCHOOL,PRIVATE,EASTERN,MERU CENTRAL,MIRIGA MIERU EAST,NTHIMBIRI,NORTH IMENTI,MERU,,0.02,37.64
KIAROTHIRU PRI SCH,PRIMARY SCHOOL,PRIVATE,EASTERN,MERU CENTRAL,MIRIGA MIERU WEST,NTHIMBIRI,NORTH IMENTI,MERU,,0.03,37.64
ST. JOSEPH'S ACADEMY PRY SCH,PRIMARY SCHOOL,PRIVATE,EASTERN,MERU NORTH,IGEMBE S/WEST,NDUGUTO,IGEMBE,MERU,,0.16,37.94
PROMISE ACADEMY PRI,PRIMARY SCHOOL,PRIVATE,EASTERN,MERU CENTRAL,MIRIGA MIERU EAST,NTAKIRA,NORTH IMENTI,MERU,,0.03,37.65
KATHUMBI F.K. ACADEMY PRI,PRIMARY SCHOOL,PRIVATE,EASTERN,MERU CENTRAL,MIRIGA MIERU EAST,NTAKIRA,NORTH IMENTI,MERU,,0.04,37.65
NTUGI JUJA HILLSIDE ACADEMY PRI,PRIMARY SCHOOL,PRIVATE,EASTERN,MERU CENTRAL,ABOTHUGUCHI CENTRAL,NTUGI,CENTRAL IMENTI,MERU,,0.15,37.52
SPRINGBOARD ACADEMY PRI,PRIMARY SCHOOL,PRIVATE,EASTERN,MERU CENTRAL,MIRIGA MIERU EAST,NTAKIRA,NORTH IMENTI,MERU,,0.02,37.66
KIBUBUNG'I PRI SCH,PRIMARY SCHOOL,PRIVATE,EASTERN,MERU CENTRAL,ABOTHUGUCHI CENTRAL,NTUMBIRI,CENTRAL IMENTI,MERU,,0.16,37.54
BROOKTOWERS ACADEMY,PRIMARY SCHOOL,PRIVATE,EASTERN,MERU CENTRAL,MIRIGA MIERU EAST,IGOKI,NORTH IMENTI,MERU,,0.04,37.66
BRIGHT HILL ACA. PRY-AMUNJO MUTHORI,PRIMARY SCHOOL,PRIVATE,EASTERN,MERU NORTH,IGEMBE S/WEST,ATHI,IGEMBE,MERU,,0.17,37.94
BABA BEN MEMORIAL SCH-PRI,PRIMARY SCHOOL,PRIVATE,EASTERN,MERU CENTRAL,ABOTHUGUCHI CENTRAL,NTUGI,CENTRAL IMENTI,MERU,,0.12,37.53
REX MUKONO PRY,PRIMARY SCHOOL,PRIVATE,EASTERN,MERU NORTH,TIGANIA CENTRAL,MIKINDURI EAST,TIGANIA EAST,MERU,,0.11,37.87
MERU HARVESTER ACADEMY PRI,PRIMARY SCHOOL,PRIVATE,EASTERN,MERU CENTRAL,ABOTHUGUCHI CENTRAL,NTUGI,CENTRAL IMENTI,MERU,,0.12,37.55
BETHEL ACADEMY PRI,PRIMARY SCHOOL,PRIVATE,EASTERN,MERU CENTRAL,MIRIGA MIERU WEST,MUNICIPALITY,NORTH IMENTI,MERU,,0.06,37.65
GLORY JNR SCH PRY,PRIMARY SCHOOL,PRIVATE,EASTERN,MERU NORTH,TIGANIA CENTRAL,MIKINDURI EAST,TIGANIA EAST,MERU,,0.13,37.84
KAMBEREU JUNIOR ACADEMY PRI,PRIMARY SCHOOL,PRIVATE,EASTERN,MERU CENTRAL,MIRIGA MIERU EAST,GIAKI,NORTH IMENTI,MERU,,0.03,37.76
PARISETTI BOARDING SCHOOL,PRIMARY SCHOOL,PRIVATE,EASTERN,MERU NORTH,TIGANIA CENTRAL,KIGUCHWA,TIGANIA EAST,MERU,,0.14,37.85
EAPC EMMANUEL PRI SCH,PRIMARY SCHOOL,PRIVATE,EASTERN,MERU CENTRAL,MIRIGA MIERU EAST,GIAKI,NORTH IMENTI,MERU,,0.08,37.76
ST. LUCY'S DAY&BOARDING PRY SCH,PRIMARY SCHOOL,PRIVATE,EASTERN,MERU NORTH,AKACHIU,ATHIRU GAITI,IGEMBE,MERU,,0.21,37.97
VISION ACADEMY PRI,PRIMARY SCHOOL,PRIVATE,EASTERN,MOYALE,CENTRAL - MOYALE,TOWNSHIP,MOYALE,MARSABIT,,3.52,39.06
KARUMA KAIRA ACADEMY PRY SCH,PRIMARY SCHOOL,PRIVATE,EASTERN,MERU NORTH,AKACHIU,ATHIRU GAITI,IGEMBE,MERU,,0.21,37.97
MOYALE GATEWAY ACADEMY PRI,PRIMARY SCHOOL,PRIVATE,EASTERN,MOYALE,CENTRAL - MOYALE,TOWNSHIP,MOYALE,MARSABIT,,3.52,39.05
KIBURINE NURU BOARDING PRI SCH,PRIMARY SCHOOL,PRIVATE,EASTERN,MERU CENTRAL,MIRIGA MIERU EAST,KIBURINE,NORTH IMENTI,MERU,,0.02,37.84
ST. PATRICK'S ACADEMY PRY SCH,PRIMARY SCHOOL,PRIVATE,EASTERN,MERU NORTH,IGEMBE S/EAST,ATHIRU GAITI,IGEMBE,MERU,,0.21,37.98
EAPC IMANI DAY/BOARDING PRI,PRIMARY SCHOOL,PRIVATE,EASTERN,MERU CENTRAL,MIRIGA MIERU EAST,KIBURINE,NORTH IMENTI,MERU,,0,37.83
SESSI ACADEMY PRI,PRIMARY SCHOOL,PRIVATE,EASTERN,MOYALE,CENTRAL - MOYALE,TOWNSHIP,MOYALE,MARSABIT,,3.53,39.04
TUMAINI ACADEMY PRI,PRIMARY SCHOOL,PRIVATE,EASTERN,MERU CENTRAL,MIRIGA MIERU EAST,KIBURINE,NORTH IMENTI,MERU,,0.01,37.83
FULL GOSPEL PRI,PRIMARY SCHOOL,PRIVATE,EASTERN,MOYALE,CENTRAL - MOYALE,TOWNSHIP,MOYALE,MARSABIT,,3.53,39.05
PCEA MWANGAZA ACADEMY PRI SCH,PRIMARY SCHOOL,PRIVATE,EASTERN,MERU CENTRAL,MIRIGA MIERU EAST,KIBURINE,NORTH IMENTI,MERU,,0.02,37.79
ST. PETER'S ACADEMY PRY SCH,PRIMARY SCHOOL,PRIVATE,EASTERN,MERU NORTH,IGEMBE S/EAST,KIRIMAMPIO,IGEMBE,MERU,,0.22,37.98
BISHOP LAWRENCE BESSONE PRI SCH,PRIMARY SCHOOL,PRIVATE,EASTERN,MERU CENTRAL,MIRIGA MIERU EAST,NKABUNE,NORTH IMENTI,MERU,,0.03,37.69
MOYALE JUNIOR ACADEMY PRI,PRIMARY SCHOOL,PRIVATE,EASTERN,MOYALE,CENTRAL - MOYALE,MANYATTA,MOYALE,MARSABIT,,3.53,39.06
BILAL ACADEMY PRI,PRIMARY SCHOOL,PRIVATE,EASTERN,MOYALE,CENTRAL - MOYALE,MANYATTA,MOYALE,MARSABIT,,3.53,39.06
BIDII ADVENTIST PRI,PRIMARY SCHOOL,PRIVATE,EASTERN,MOYALE,CENTRAL - MOYALE,MANYATTA,MOYALE,MARSABIT,,3.53,39.06
MOYALE SOMENI ACADEMY PRI,PRIMARY SCHOOL,PRIVATE,EASTERN,MOYALE,CENTRAL - MOYALE,MANYATTA,MOYALE,MARSABIT,,3.52,39.07
ST BAKTA PRI SCH,PRIMARY SCHOOL,PRIVATE,EASTERN,MERU CENTRAL,MIRIGA MIERU EAST,THUURA,NORTH IMENTI,MERU,,0.04,37.72
OUR LADY OF ANNUNCIATION PRI SCH,PRIMARY SCHOOL,PRIVATE,EASTERN,MERU CENTRAL,MIRIGA MIERU EAST,THUURA,NORTH IMENTI,MERU,,0.07,37.72
WINNERS PRY SCH,PRIMARY SCHOOL,PRIVATE,EASTERN,MERU NORTH,TIGANIA CENTRAL,KIGUCHWA,TIGANIA EAST,MERU,,0.15,37.85
YOUNGSTERS ACADEMY PRI,PRIMARY SCHOOL,PRIVATE,EASTERN,MERU CENTRAL,MIRIGA MIERU EAST,MUNITHU,NORTH IMENTI,MERU,,0.07,37.68
M.C.K. AMETHO JUNIOR PRY SCH,PRIMARY SCHOOL,PRIVATE,EASTERN,MERU NORTH,TIGANIA CENTRAL,AMICHIIMIKURU,TIGANIA EAST,MERU,,0.16,37.87
EAPC VICTORY ACADEMY PRI,PRIMARY SCHOOL,PRIVATE,EASTERN,MERU CENTRAL,MIRIGA MIERU EAST,MUNITHU,NORTH IMENTI,MERU,,0.08,37.69
IGEMBE CHARITY ACADEMY-PRY SCH,PRIMARY SCHOOL,PRIVATE,EASTERN,MERU NORTH,IGEMBE NORTH,ANTUBEIGA,IGEMBE,MERU,,0.28,37.92
LITTLE ANGELS ACADEMY-PRY SCH,PRIMARY SCHOOL,PRIVATE,EASTERN,MERU NORTH,IGEMBE NORTH,ANTUBEIGA,IGEMBE,MERU,,0.27,37.93
ST ANNE CHUGU PRI,PRIMARY SCHOOL,PRIVATE,EASTERN,MERU CENTRAL,MIRIGA MIERU EAST,CHUGU,NORTH IMENTI,MERU,,0.06,37.67
KINGSWAY PREPARATORY SCH PRI,PRIMARY SCHOOL,PRIVATE,EASTERN,MERU CENTRAL,MIRIGA MIERU EAST,IGOKI,NORTH IMENTI,MERU,,0.06,37.67
KIRUNG'A PRI SCH,PRIMARY SCHOOL,PRIVATE,EASTERN,MERU CENTRAL,MIRIGA MIERU EAST,MULATHANKARI,NORTH IMENTI,MERU,,0.05,37.67
FRED'S ACADEMY PRI SCH,PRIMARY SCHOOL,PRIVATE,EASTERN,MERU CENTRAL,MIRIGA MIERU EAST,NYAKI,NORTH IMENTI,MERU,,0.1,37.65
MUGAMBO JUNIOR ACADEMY PRY SCH,PRIMARY SCHOOL,PRIVATE,EASTERN,MERU NORTH,AKITHI,KITHEO,TIGANIA WEST,MERU,,0.15,37.82
PLAINSVILLE ACADEMY PRI SCH,PRIMARY SCHOOL,PRIVATE,EASTERN,MERU CENTRAL,MIRIGA MIERU EAST,MUNITHU,NORTH IMENTI,MERU,,0.1,37.68
ALL SAINTS RUNOGONE PRI SCH,PRIMARY SCHOOL,PRIVATE,EASTERN,MERU CENTRAL,MIRIGA MIERU EAST,MULATHANKARI,NORTH IMENTI,MERU,,0.08,37.65
PEACE JUNIOR COMPLEX PRI SCH,PRIMARY SCHOOL,PRIVATE,EASTERN,MERU CENTRAL,MIRIGA MIERU EAST,MULATHANKARI,NORTH IMENTI,MERU,,0.05,37.67
KINANI INTERGARTED JUNIOR ACADEMY PRI SCH,PRIMARY SCHOOL,PRIVATE,EASTERN,MERU CENTRAL,MIRIGA MIERU EAST,MUNICIPALITY,NORTH IMENTI,MERU,,0.06,37.64
ST. DOMINIC PRY SCH,PRIMARY SCHOOL,PRIVATE,EASTERN,MERU NORTH,IGEMBE,NJIA,IGEMBE,MERU,,0.3,37.89
KAAGA CENTRE ACADEMY PRI,PRIMARY SCHOOL,PRIVATE,EASTERN,MERU CENTRAL,MIRIGA MIERU EAST,MULATHANKARI,NORTH IMENTI,MERU,,0.07,37.65
MERU JUNIOR SCH PRI,PRIMARY SCHOOL,PRIVATE,EASTERN,MERU CENTRAL,MIRIGA MIERU EAST,NTIMA,NORTH IMENTI,MERU,,0.05,37.64
M.C.K ST. MARKS THATHIMWENE PRY SCH,PRIMARY SCHOOL,PRIVATE,EASTERN,MERU NORTH,IGEMBE NORTH,NJIA,IGEMBE,MERU,,0.3,37.9
MARSTAN ACADEMY PRY SCH,PRIMARY SCHOOL,PRIVATE,EASTERN,MERU NORTH,NDOLELI,LUCIATI,NTONYIRI,MERU,,0.34,37.99
ST. MARY'S DAY PRY SCH,PRIMARY SCHOOL,PRIVATE,EASTERN,MERU NORTH,NDOLELI,ANTUBETWE KIONGO,NTONYIRI,MERU,,0.34,37.98
ST. JOSEPH'S KAGARO PRY SCH,PRIMARY SCHOOL,PRIVATE,EASTERN,MERU NORTH,NDOLELI,ANTUBETWE KIONGO,NTONYIRI,MERU,,0.34,37.98
MUUTINE S.D.A PRY SCH,PRIMARY SCHOOL,PRIVATE,EASTERN,MERU NORTH,IGEMBE,NJIA,IGEMBE,MERU,,0.29,37.9
SHALOM ACADEMY PRI,PRIMARY SCHOOL,PRIVATE,EASTERN,MERU CENTRAL,MIRIGA MIERU EAST,MUNICIPALITY,NORTH IMENTI,MERU,,0.05,37.66
WILLY'S ACADEMY PRI SCH,PRIMARY SCHOOL,PRIVATE,EASTERN,MERU CENTRAL,MIRIGA MIERU EAST,NTIMA,NORTH IMENTI,MERU,,0.07,37.64
ALLOMANO KANGETA PRY SCH,PRIMARY SCHOOL,PRIVATE,EASTERN,MERU NORTH,IGEMBE NORTH,KANGETA,IGEMBE,MERU,,0.28,37.89
ADRIANO MAANZO PRY SCH,PRIMARY SCHOOL,PRIVATE,EASTERN,MERU NORTH,MERU N.N PARK,MERU N.N PARK,NTONYIRI,MERU,,0.32,38.18
CONSOLATA PRI SCH,PRIMARY SCHOOL,PRIVATE,EASTERN,MERU CENTRAL,MIRIGA MIERU EAST,MUNICIPALITY,NORTH IMENTI,MERU,,0.06,37.63
TAMANI PRY SCH,PRIMARY SCHOOL,PRIVATE,EASTERN,MERU NORTH,MUTUATI,NAATHU,NTONYIRI,MERU,,0.39,37.98
TREESHADE ACADEMY PRI SCH,PRIMARY SCHOOL,PRIVATE,EASTERN,MERU CENTRAL,MIRIGA MIERU EAST,MUNICIPALITY,NORTH IMENTI,MERU,,0.07,37.63
MFAT ACADEMY PRY SCH,PRIMARY SCHOOL,PRIVATE,EASTERN,MERU NORTH,TIGANIA CENTRAL,KIGUCHWA,TIGANIA EAST,MERU,,0.16,37.84
MERU SALEEM ACADEMY PRI SCH,PRIMARY SCHOOL,PRIVATE,EASTERN,MERU CENTRAL,MIRIGA MIERU EAST,NTIMA,NORTH IMENTI,MERU,,0.06,37.63
ST. MARK'S PRY SCH,PRIMARY SCHOOL,PRIVATE,EASTERN,MERU NORTH,NDOLELI,KAWIRU,NTONYIRI,MERU,,0.3,38.06
HAND OF GOD ACADEMY PRI SCH,PRIMARY SCHOOL,PRIVATE,EASTERN,MERU CENTRAL,MIRIGA MIERU WEST,NTIMA,NORTH IMENTI,MERU,,0.06,37.63
MWEMA JUNIOR ACADEMY PRY SCH,PRIMARY SCHOOL,PRIVATE,EASTERN,MERU NORTH,TIGANIA CENTRAL,MIKINDURI EAST,TIGANIA EAST,MERU,,0.13,37.83
ARIF'S ACADEMY KUTINE PRY SCH,PRIMARY SCHOOL,PRIVATE,EASTERN,MERU NORTH,NDOLELI,KAWIRU,NTONYIRI,MERU,,0.3,38.06
MINORS PRI SCH,PRIMARY SCHOOL,PRIVATE,EASTERN,MERU CENTRAL,MIRIGA MIERU EAST,NTIMA,NORTH IMENTI,MERU,,0.06,37.63
MOUNT VERNON PRY SCH,PRIMARY SCHOOL,PRIVATE,EASTERN,MERU NORTH,TIGANIA CENTRAL,MIKINDURI WEST,TIGANIA EAST,MERU,,0.13,37.83
ESSA MIOMPONI PRI,PRIMARY SCHOOL,PRIVATE,EASTERN,THARAKA,THARAKA CENTRAL,MWANYANI,THARAKA,THARAKA NITHI,,0,37.9
M.C.K NAATHU DAYBOARDING PRY SCH,PRIMARY SCHOOL,PRIVATE,EASTERN,MERU NORTH,MUTUATI,NAATHU,NTONYIRI,MERU,,0.38,37.95
KAITHE PRI SCH,PRIMARY SCHOOL,PRIVATE,EASTERN,MERU CENTRAL,MIRIGA MIERU EAST,NTIMA,NORTH IMENTI,MERU,,0.05,37.64
KAG MWADANTE PRI SCH,PRIMARY SCHOOL,PRIVATE,EASTERN,MERU CENTRAL,MIRIGA MIERU EAST,NTIMA,NORTH IMENTI,MERU,,0.05,37.65
KIANJAI IJUNIOR ACADEMY PRY SCH,PRIMARY SCHOOL,PRIVATE,EASTERN,MERU NORTH,TIGANIA WEST,KIANJAI,TIGANIA WEST,MERU,,0.17,37.75
S.D.A KAMBIA PRY SCH,PRIMARY SCHOOL,PRIVATE,EASTERN,MERU NORTH,MUTUATI,NAATHU,NTONYIRI,MERU,,0.38,37.95
ST PAUL'S ACADEMY PRI,PRIMARY SCHOOL,PRIVATE,EASTERN,MERU CENTRAL,MIRIGA MIERU EAST,NTIMA,NORTH IMENTI,MERU,,0.05,37.65
LION'S PRI SCH,PRIMARY SCHOOL,PRIVATE,EASTERN,MERU CENTRAL,MIRIGA MIERU EAST,NTIMA,NORTH IMENTI,MERU,,0.05,37.65
BACKSTREET PREPARATORY PRI,PRIMARY SCHOOL,PRIVATE,EASTERN,MERU CENTRAL,MIRIGA MIERU EAST,NTIMA,NORTH IMENTI,MERU,,0.04,37.65
MFARIJI ""B"" PRY SCH,PRIMARY SCHOOL,PRIVATE,EASTERN,MERU NORTH,MUTUATI,KABACHI,NTONYIRI,MERU,,0.38,37.98
MATANGIGE PRI,PRIMARY SCHOOL,PRIVATE,EASTERN,THARAKA,THARAKA CENTRAL,NKONDI,THARAKA,THARAKA NITHI,,-0.08,37.95
ST. FRANCIS NCIIRU PRI SCH,PRIMARY SCHOOL,PRIVATE,EASTERN,MERU NORTH,URINGU,NKOMO,TIGANIA WEST,MERU,,0.12,37.72
KAUNGU PRY SCH,PRIMARY SCHOOL,PRIVATE,EASTERN,MERU NORTH,MUTUATI,KABACHI,NTONYIRI,MERU,,0.44,38.01
MUTETHIA JUNIOR PRY SCH,PRIMARY SCHOOL,PRIVATE,EASTERN,MERU NORTH,URINGU,NKOMO,TIGANIA WEST,MERU,,0.15,37.74
SPRING VIEW ACADEMY,PRIMARY SCHOOL,PRIVATE,EASTERN,MERU CENTRAL,IGOJI,KINORO,SOUTH IMENTI,MERU,,-0.18,37.62
KINORO MIXED PRI,PRIMARY SCHOOL,PRIVATE,EASTERN,MERU CENTRAL,IGOJI,KINORO,SOUTH IMENTI,MERU,,-0.18,37.62
RIGIRI GRAMMAR ACADEMY PRI,PRIMARY SCHOOL,PRIVATE,EASTERN,MERU CENTRAL,IGOJI,IGOJI,SOUTH IMENTI,MERU,,-0.18,37.64
ST PETERS PRY,PRIMARY SCHOOL,PRIVATE,EASTERN,MERU NORTH,MUTUATI,KABACHI,NTONYIRI,MERU,,0.41,38.01
MUTONGA PRI SCH,PRIMARY SCHOOL,PRIVATE,EASTERN,MERU CENTRAL,IGOJI,IGOJI,SOUTH IMENTI,MERU,,-0.18,37.67
RESLIK ACA PRY,PRIMARY SCHOOL,PRIVATE,EASTERN,MERU NORTH,URINGU,MBEU,TIGANIA WEST,MERU,,0.08,37.78
ST KAROLI LWANGA PRI SCH,PRIMARY SCHOOL,PRIVATE,EASTERN,MERU CENTRAL,ABOTHUGUCHI CENTRAL,KITHIRUNI WEST,CENTRAL IMENTI,MERU,,-0.01,37.56
KABIRU ACADEMY PRI SCH,PRIMARY SCHOOL,PRIVATE,EASTERN,MERU CENTRAL,ABOTHUGUCHI WEST,KITUIRUME WEST,CENTRAL IMENTI,MERU,,-0.01,37.56
MBEU MWALIMU ACADEMY PRY SCH,PRIMARY SCHOOL,PRIVATE,EASTERN,MERU NORTH,URINGU,MBEU,TIGANIA WEST,MERU,,0.06,37.82
MIIRU HIGHWAY ACADEMY PRI SCH,PRIMARY SCHOOL,PRIVATE,EASTERN,MERU CENTRAL,IGOJI,KIANJOGU,SOUTH IMENTI,MERU,,-0.15,37.68
E.A.P.C EBENEZZER ACADEMY PRY SCH,PRIMARY SCHOOL,PRIVATE,EASTERN,MERU NORTH,URINGU,KIORIMBA,TIGANIA WEST,MERU,,0.04,37.84
PCEA MIRURURI PRI,PRIMARY SCHOOL,PRIVATE,EASTERN,MERU CENTRAL,IGOJI,KIANJOGU,SOUTH IMENTI,MERU,,-0.15,37.67
GITHONGO JUNIOR PRI SCH,PRIMARY SCHOOL,PRIVATE,EASTERN,MERU CENTRAL,ABOTHUGUCHI WEST,KIBARANYAKI,CENTRAL IMENTI,MERU,,0,37.59
B.E.P.C BETHEL ACADEMY PRY SCH,PRIMARY SCHOOL,PRIVATE,EASTERN,MERU NORTH,URINGU,NKOMO,TIGANIA WEST,MERU,,0.13,37.73
ST THERESA PRI RIIJI,PRIMARY SCHOOL,PRIVATE,EASTERN,MERU CENTRAL,ABOTHUGUCHI WEST,KIBARANYAKI,CENTRAL IMENTI,MERU,,0,37.59
RAY OF HOPE KIANJOGU PRI SCH,PRIMARY SCHOOL,PRIVATE,EASTERN,MERU CENTRAL,IGOJI,KIANJOGU,SOUTH IMENTI,MERU,,-0.17,37.67
ISAAC'S PREPARATORY PRI,PRIMARY SCHOOL,PRIVATE,EASTERN,MERU CENTRAL,ABOTHUGUCHI WEST,KATHERI CENTRAL,CENTRAL IMENTI,MERU,,0.02,37.58
EACH-ONE-FEED-ONE PRI,PRIMARY SCHOOL,PRIVATE,EASTERN,THARAKA,NORTH THARAKA,GIKINGO,THARAKA,THARAKA NITHI,,0.01,37.95
LINUS WARUIRU PRI,PRIMARY SCHOOL,PRIVATE,EASTERN,MERU CENTRAL,ABOGETA,KITHANGARI,SOUTH IMENTI,MERU,,-0.12,37.67
RARAMA MEMORIAL ACADEMY PRI,PRIMARY SCHOOL,PRIVATE,EASTERN,MERU CENTRAL,ABOTHUGUCHI WEST,KATHERI CENTRAL,CENTRAL IMENTI,MERU,,0.01,37.6
ST ALOISUS PRI,PRIMARY SCHOOL,PRIVATE,EASTERN,MERU CENTRAL,ABOGETA,KANYAKINE,SOUTH IMENTI,MERU,,-0.13,37.68
MCK KINJO ACADEMY PRI,PRIMARY SCHOOL,PRIVATE,EASTERN,MERU CENTRAL,ABOTHUGUCHI WEST,KATHERI EAST,CENTRAL IMENTI,MERU,,0.01,37.63
MCK MUTHANGENE WOMEN FELLOWSHIP ACADEMY PRI,PRIMARY SCHOOL,PRIVATE,EASTERN,MERU CENTRAL,ABOTHUGUCHI WEST,KATHERI CENTRAL,CENTRAL IMENTI,MERU,,0.03,37.58
RED LION ACADEMY PRI,PRIMARY SCHOOL,PRIVATE,EASTERN,MERU CENTRAL,ABOTHUGUCHI WEST,KATHERI CENTRAL,CENTRAL IMENTI,MERU,,0.03,37.59
ELITE ACADEMY PRI,PRIMARY SCHOOL,PRIVATE,EASTERN,MERU CENTRAL,ABOGETA,KANYAKINE,SOUTH IMENTI,MERU,,-0.13,37.68
ST MARTIN'S PRI SCH,PRIMARY SCHOOL,PRIVATE,EASTERN,MERU CENTRAL,ABOTHUGUCHI WEST,KATHERI EAST,CENTRAL IMENTI,MERU,,0.04,37.6
DIVINE MERCY ACADEMY,PRIMARY SCHOOL,PRIVATE,EASTERN,MERU CENTRAL,ABOGETA,KIRINGA,SOUTH IMENTI,MERU,,-0.14,37.7
JEMAKEN PRI SCH,PRIMARY SCHOOL,PRIVATE,EASTERN,MERU CENTRAL,TIMAU,NTIRIMITI,NORTH IMENTI,MERU,,0.1,37.47
GEVA BIDII ACADEMY PRI SCH,PRIMARY SCHOOL,PRIVATE,EASTERN,MERU CENTRAL,ABOTHUGUCHI WEST,KIBIRICHIA,CENTRAL IMENTI,MERU,,0.08,37.49
JARIMU ACADEMY PRI,PRIMARY SCHOOL,PRIVATE,EASTERN,MERU CENTRAL,ABOTHUGUCHI WEST,KIBIRICHIA,CENTRAL IMENTI,MERU,,0.1,37.51
PIONEER EDUCATION CENTRE PRI,PRIMARY SCHOOL,PRIVATE,EASTERN,MERU CENTRAL,ABOGETA,ABOGETA,SOUTH IMENTI,MERU,,-0.12,37.63
RODNENE PRI,PRIMARY SCHOOL,PRIVATE,EASTERN,MERU CENTRAL,ABOGETA,IGOKI,SOUTH IMENTI,MERU,,-0.1,37.7
MIKUMBUNE MCK ACADEMY PRI,PRIMARY SCHOOL,PRIVATE,EASTERN,MERU CENTRAL,NKUENE,MIKUMBUNE,SOUTH IMENTI,MERU,,-0.07,37.62
MATERI GIRLS' PRI,PRIMARY SCHOOL,PRIVATE,EASTERN,THARAKA,SOUTH THARAKA,TUNYAI,THARAKA,THARAKA NITHI,,-0.19,37.81
BIDII ACADEMY PRI,PRIMARY SCHOOL,PRIVATE,EASTERN,MERU CENTRAL,ABOGETA,IGOKI,SOUTH IMENTI,MERU,,-0.08,37.59
GARDEN VIEW PRI,PRIMARY SCHOOL,PRIVATE,EASTERN,THARAKA,SOUTH THARAKA,TUNYAI,THARAKA,THARAKA NITHI,,-0.19,37.81
GATAKENE EDUCATION ACADEMY,PRIMARY SCHOOL,PRIVATE,EASTERN,MERU CENTRAL,ABOGETA,IGOKI,SOUTH IMENTI,MERU,,-0.09,37.6
PCEA KARIENE PRI,PRIMARY SCHOOL,PRIVATE,EASTERN,MERU CENTRAL,ABOGETA,KITHANGARI,SOUTH IMENTI,MERU,,-0.11,37.57
KITHANGARI UPPER PRI SCH,PRIMARY SCHOOL,PRIVATE,EASTERN,MERU CENTRAL,ABOGETA,KITHANGARI,SOUTH IMENTI,MERU,,-0.11,37.59
MACHIKINE ACADEMY PRI,PRIMARY SCHOOL,PRIVATE,EASTERN,MERU CENTRAL,ABOGETA,IGOKI,SOUTH IMENTI,MERU,,-0.09,37.61
KITHANGARI ACHIEVERS ACADEMY PRI SCH,PRIMARY SCHOOL,PRIVATE,EASTERN,MERU CENTRAL,ABOGETA,KITHANGARI,SOUTH IMENTI,MERU,,-0.1,37.6
LINYA COTTAGE PRI,PRIMARY SCHOOL,PRIVATE,EASTERN,MERU CENTRAL,NKUENE,MITUNGUU,SOUTH IMENTI,MERU,,-0.11,37.78
NEW VISION PRI SCH,PRIMARY SCHOOL,PRIVATE,EASTERN,MERU CENTRAL,NKUENE,MITUNGUU,SOUTH IMENTI,MERU,,-0.1,37.78
ST FRANCIS OF ASSIS MIXED DAY PRI SCH,PRIMARY SCHOOL,PRIVATE,EASTERN,MERU CENTRAL,NKUENE,MITUNGUU,SOUTH IMENTI,MERU,,-0.1,37.79
KIEGOI FAIR ACADEMY PRY SCH,PRIMARY SCHOOL,PRIVATE,EASTERN,MERU NORTH,IGEMBE CENTRAL,KANTHIARI,IGEMBE,MERU,,0.22,37.92
WALTER OLSEN PRI,PRIMARY SCHOOL,PRIVATE,EASTERN,MERU CENTRAL,NKUENE,MITUNGUU,SOUTH IMENTI,MERU,,-0.11,37.78
KAORONENE METHODIST PRY,PRIMARY SCHOOL,PRIVATE,EASTERN,MERU NORTH,LAARE,ANTUAMBUI,NTONYIRI,MERU,,0.36,37.94
AIPC KATHELWA ST. MARY PRY SCH,PRIMARY SCHOOL,PRIVATE,EASTERN,MERU NORTH,LAARE,AKIRIANG'ONDU,NTONYIRI,MERU,,0.31,37.91
ST PETER AND PAUL PRY,PRIMARY SCHOOL,PRIVATE,EASTERN,MERU NORTH,LAARE,NTUNENE,NTONYIRI,MERU,,0.34,37.94
MITHIARU PRY SCH,PRIMARY SCHOOL,PRIVATE,EASTERN,MERU NORTH,LAARE,ANTUAMBUI,NTONYIRI,MERU,,0.34,37.94
NEEMA PRY SCH,PRIMARY SCHOOL,PRIVATE,EASTERN,MERU NORTH,LAARE,ANTUAMBUI,NTONYIRI,MERU,,0.34,37.94
COTTOLENGO BOARDING PRY SCH,PRIMARY SCHOOL,PRIVATE,EASTERN,MERU NORTH,LAARE,NTUNENE,NTONYIRI,MERU,,0.33,37.93
ST.PETER&PAUL ATHIRU RUJINE PRY SCH,PRIMARY SCHOOL,PRIVATE,EASTERN,MERU NORTH,LAARE,NTUNENE,NTONYIRI,MERU,,0.31,37.97
ST. JOHN'S BOARDING PRY SCH,PRIMARY SCHOOL,PRIVATE,EASTERN,MERU NORTH,AKACHIU,KABULINE,IGEMBE,MERU,,0.2,37.96
ANCHENGE GOODSHEPHERD ACADEMY PRY SCH,PRIMARY SCHOOL,PRIVATE,EASTERN,MERU NORTH,IGEMBE CENTRAL,ANTUBOCHIU,IGEMBE,MERU,,0.2,37.95
NTITUNE PRI SCH,PRIMARY SCHOOL,PRIVATE,EASTERN,MERU CENTRAL,NKUENE,MITUNGUU,SOUTH IMENTI,MERU,,-0.13,37.8
KAG CHURCH TAITA PRI SCH,PRIMARY SCHOOL,PRIVATE,EASTERN,MERU CENTRAL,NKUENE,KATHERI EAST,SOUTH IMENTI,MERU,,-0.07,37.67
CHRISCO VICTORIAN ACADEMY PRY SCH,PRIMARY SCHOOL,PRIVATE,EASTERN,MERU NORTH,IGEMBE CENTRAL,MAUA,IGEMBE,MERU,,0.23,37.94
STELLA MARIS PRI SCH,PRIMARY SCHOOL,PRIVATE,EASTERN,MERU CENTRAL,NKUENE,NKUENE,SOUTH IMENTI,MERU,,-0.06,37.67
MAUA JUNIOR ACADEMY PRY SCH,PRIMARY SCHOOL,PRIVATE,EASTERN,MERU NORTH,IGEMBE CENTRAL,MAUA,IGEMBE,MERU,,0.23,37.94
NKUBU WINNERS PRI,PRIMARY SCHOOL,PRIVATE,EASTERN,MERU CENTRAL,NKUENE,KIGANE,SOUTH IMENTI,MERU,,-0.08,37.67
HEPTA PRY SCH,PRIMARY SCHOOL,PRIVATE,EASTERN,MERU NORTH,IGEMBE CENTRAL,MAUA,IGEMBE,MERU,,0.24,37.94
KINGSBRIDGE PRI,PRIMARY SCHOOL,PRIVATE,EASTERN,MERU CENTRAL,NKUENE,MIKUMBUNE,SOUTH IMENTI,MERU,,-0.08,37.66
ST. PAUL'S DAY&BOARDING PRY SCH,PRIMARY SCHOOL,PRIVATE,EASTERN,MERU NORTH,IGEMBE CENTRAL,MAUA,IGEMBE,MERU,,0.24,37.94
MORNING JOY JUNIOR PRY SCH,PRIMARY SCHOOL,PRIVATE,EASTERN,MERU NORTH,IGEMBE CENTRAL,MAUA,IGEMBE,MERU,,0.24,37.94
KENRAMA EDUCATION CENTRE PRI,PRIMARY SCHOOL,PRIVATE,EASTERN,MERU CENTRAL,NKUENE,KATHERA,SOUTH IMENTI,MERU,,-0.07,37.66
A.E.P.C HANNAH PRY SCH,PRIMARY SCHOOL,PRIVATE,EASTERN,MERU NORTH,IGEMBE CENTRAL,MAUA,IGEMBE,MERU,,0.24,37.94
IMENTI BOARDING SCH,PRIMARY SCHOOL,PRIVATE,EASTERN,MERU CENTRAL,NKUENE,KATHERA,SOUTH IMENTI,MERU,,-0.06,37.63
KANYOO RIVERSIDE PRI SCH,PRIMARY SCHOOL,PRIVATE,EASTERN,MERU CENTRAL,NKUENE,KATHERA,SOUTH IMENTI,MERU,,-0.05,37.63
ARI REUMEA PRY SCH,PRIMARY SCHOOL,PRIVATE,EASTERN,MERU NORTH,IGEMBE EAST,KIENGU,IGEMBE,MERU,,0.28,37.98
AMAKU ACADEMY PRY SCH,PRIMARY SCHOOL,PRIVATE,EASTERN,MERU NORTH,IGEMBE EAST,KIENGU,IGEMBE,MERU,,0.27,37.96
MIRACULOUS ACADEMY MARIMBA PRI,PRIMARY SCHOOL,PRIVATE,EASTERN,MERU CENTRAL,NKUENE,KATHERA,SOUTH IMENTI,MERU,,-0.05,37.59
M.C.K KIENGU ACADEMY PRY SCH,PRIMARY SCHOOL,PRIVATE,EASTERN,MERU NORTH,IGEMBE EAST,KIENGU,IGEMBE,MERU,,0.27,37.98
HOLY ANGELS ACADEMY PRI SCH,PRIMARY SCHOOL,PRIVATE,EASTERN,MERU CENTRAL,NKUENE,KATHERA,SOUTH IMENTI,MERU,,-0.06,37.57
NKIRI N.A.C PRY SCH,PRIMARY SCHOOL,PRIVATE,EASTERN,MERU NORTH,IGEMBE EAST,NGUJUJU,IGEMBE,MERU,,0.25,38.06
MWANGAZA ACADEMY PRY SCH,PRIMARY SCHOOL,PRIVATE,EASTERN,MERU NORTH,IGEMBE EAST,NGUYUYU,IGEMBE,MERU,,0.25,38.07
GREEN HILL ACADEMY PRI,PRIMARY SCHOOL,PRIVATE,EASTERN,MERU CENTRAL,NKUENE,URUKU,SOUTH IMENTI,MERU,,-0.03,37.58
USHINDI ACADEMY PRY SCH,PRIMARY SCHOOL,PRIVATE,EASTERN,MERU NORTH,IGEMBE EAST,NGUJUJU,IGEMBE,MERU,,0.24,38.06
VICTORY ACADEMY PRI SCH,PRIMARY SCHOOL,PRIVATE,EASTERN,MERU CENTRAL,NKUENE,URUKU,SOUTH IMENTI,MERU,,-0.05,37.61
URUKU PRI SCH,PRIMARY SCHOOL,PRIVATE,EASTERN,MERU CENTRAL,NKUENE,URUKU,SOUTH IMENTI,MERU,,-0.04,37.59
FATHER SOLDATI MEMORIAL ACA PRY SCH,PRIMARY SCHOOL,PRIVATE,EASTERN,MERU NORTH,IGEMBE EAST,NGUYUYU,IGEMBE,MERU,,0.25,38.02
ST.JAMES ACA PRY,PRIMARY SCHOOL,PRIVATE,EASTERN,MERU NORTH,IGEMBE EAST,KIENGU,IGEMBE,MERU,,0.26,38.01
GRACIOUS VISION ACADEMY-PRY SCH,PRIMARY SCHOOL,PRIVATE,EASTERN,MERU NORTH,IGEMBE EAST,KIENGU,IGEMBE,MERU,,0.27,38
MALLAI ACADEMY-PRY SCH,PRIMARY SCHOOL,PRIVATE,EASTERN,MERU NORTH,IGEMBE NORTH,ANTUBEIGA,IGEMBE,MERU,,0.27,37.93
MUMONE MURINGANE PRI,PRIMARY SCHOOL,PRIVATE,EASTERN,MERU NORTH,IGEMBE NORTH,MURINGENE,IGEMBE,MERU,,0.29,37.92
ST ANN MISSION PRI SCH,PRIMARY SCHOOL,PRIVATE,EASTERN,MERU CENTRAL,ABOTHUGUCHI CENTRAL,KARIENE,CENTRAL IMENTI,MERU,,-0.04,37.66
BASE PREPARATORY PRIMARY SCH,PRIMARY SCHOOL,PRIVATE,EASTERN,MWINGI,CENTRAL - MWINGI,MWINGI,MWINGI NORTH,KITUI,,-0.94,38.06
SHINERS ACADEMY,PRIMARY SCHOOL,PRIVATE,EASTERN,MWINGI,NGOMENI,NGOMENI,MWINGI NORTH,KITUI,,-0.65,38.4
SALEM SCHOOL,PRIMARY SCHOOL,PRIVATE,EASTERN,MWINGI,CENTRAL - MWINGI,MWINGI,MWINGI NORTH,KITUI,,-0.94,38.06
MWINGI OXFORD PRI,PRIMARY SCHOOL,PRIVATE,EASTERN,MWINGI,CENTRAL - MWINGI,KAUTHA,MWINGI NORTH,KITUI,,-0.94,38.06
KISEKO VALLEY PRI,PRIMARY SCHOOL,PRIVATE,EASTERN,MWINGI,CENTRAL - MWINGI,MWINGI,MWINGI NORTH,KITUI,,-0.95,38.06
DESTINY JUNIOR ACADEMY,PRIMARY SCHOOL,PRIVATE,EASTERN,MWINGI,CENTRAL - MWINGI,KANZANZU,MWINGI NORTH,KITUI,,-0.96,38.07
KWITU ACADEMY,PRIMARY SCHOOL,PRIVATE,EASTERN,MWINGI,CENTRAL - MWINGI,KANZANZU,MWINGI NORTH,KITUI,,-1,38.08
KAMUSILIU JUNIOR ACADEMY,PRIMARY SCHOOL,PRIVATE,EASTERN,MWINGI,NGOMENI,MITAMISYI,MWINGI NORTH,KITUI,,-0.6,38.3
ST PAUL'S NEEMA PRI,PRIMARY SCHOOL,PRIVATE,EASTERN,MWINGI,CENTRAL - MWINGI,MWINGI,MWINGI SOUTH,KITUI,,-0.94,38.06
VICTORS JUNIOR ACADEMY,PRIMARY SCHOOL,PRIVATE,EASTERN,MWINGI,CENTRAL - MWINGI,MWINGI,MWINGI SOUTH,KITUI,,-0.94,38.06
ST MARTINS DE PORES,PRIMARY SCHOOL,PRIVATE,EASTERN,MAKUENI,KATHONZWENI,KATHONZWENI,MAKUENI,MAKUENI,,-1.91,37.73
ST GABRIEL'S ACADEMY,PRIMARY SCHOOL,PRIVATE,EASTERN,MWINGI,CENTRAL - MWINGI,MWINGI,MWINGI NORTH,KITUI,,-0.93,38.06
MWINGI ACADEMY,PRIMARY SCHOOL,PRIVATE,EASTERN,MWINGI,CENTRAL - MWINGI,MWINGI,MWINGI NORTH,KITUI,,-0.93,38.06
SHALOM PRI,PRIMARY SCHOOL,PRIVATE,EASTERN,MWINGI,CENTRAL - MWINGI,MWINGI,MWINGI NORTH,KITUI,,-0.93,38.07
MWINGI EAT VIEW ACADEMY,PRIMARY SCHOOL,PRIVATE,EASTERN,MWINGI,CENTRAL - MWINGI,MWINGI,MWINGI NORTH,KITUI,,-0.93,38.08
GATE WAY JUNIOR ACADEMY PRI,PRIMARY SCHOOL,PRIVATE,EASTERN,MACHAKOS,CENTRAL - MACHAKOS,MUMBUNI,MACHAKOS TOWN,MACHAKOS,,-1.48,37.26
MACHAKOS ACADEMY PRI,PRIMARY SCHOOL,PRIVATE,EASTERN,MACHAKOS,CENTRAL - MACHAKOS,MUMBUNI,MACHAKOS TOWN,MACHAKOS,,-1.5,37.26
ST.JOYCE JUNIOR ACADEMY PRI,PRIMARY SCHOOL,PRIVATE,EASTERN,MACHAKOS,CENTRAL - MACHAKOS,MUMBUNI,MACHAKOS TOWN,MACHAKOS,,-1.51,37.25
TIP-TOP ACADEMY PRI,PRIMARY SCHOOL,PRIVATE,EASTERN,MACHAKOS,CENTRAL - MACHAKOS,MUMBUNI,MACHAKOS TOWN,MACHAKOS,,-1.51,37.25
ABC ACADEMY,PRIMARY SCHOOL,PRIVATE,EASTERN,MACHAKOS,CENTRAL - MACHAKOS,MUMBUNI,MACHAKOS TOWN,MACHAKOS,,-1.51,37.24
ST ANN JOSTER ACADEMY,PRIMARY SCHOOL,PRIVATE,EASTERN,MACHAKOS,CENTRAL - MACHAKOS,MUMBUNI,MACHAKOS TOWN,MACHAKOS,,-1.51,37.25
CHOSEN CHRISTIAN PRI,PRIMARY SCHOOL,PRIVATE,EASTERN,MAKUENI,WOTE,WOTE,MAKUENI,MAKUENI,,-1.98,37.67
SHARON JUNIOR PRI,PRIMARY SCHOOL,PRIVATE,EASTERN,MWINGI,CENTRAL - MWINGI,MWINGI,MWINGI SOUTH,KITUI,,-0.93,38.06
ROCK VIEW PRI,PRIMARY SCHOOL,PRIVATE,EASTERN,MWINGI,CENTRAL - MWINGI,MWINGI,MWINGI NORTH,KITUI,,-0.94,38.05
KANGINGA OASIS ACADEMY,PRIMARY SCHOOL,PRIVATE,EASTERN,MWINGI,CENTRAL - MWINGI,KIOMO,MWINGI SOUTH,KITUI,,-0.94,38.04
NWANZILU ACADEMY,PRIMARY SCHOOL,PRIVATE,EASTERN,MWINGI,CENTRAL - MWINGI,NZERUNI,MWINGI SOUTH,KITUI,,-1.1,38.08
BUSY BEE PRI,PRIMARY SCHOOL,PRIVATE,EASTERN,MWINGI,CENTRAL - MWINGI,MWINGI,MWINGI NORTH,KITUI,,-0.93,38.05
NZELUNI ACADEMY PRI SCH,PRIMARY SCHOOL,PRIVATE,EASTERN,MWINGI,CENTRAL - MWINGI,NZERUNI,MWINGI SOUTH,KITUI,,-1.08,38.1
KILONZO M. MASEMBWA ACADEMY,PRIMARY SCHOOL,PRIVATE,EASTERN,MWINGI,CENTRAL - MWINGI,MWINGI,MWINGI NORTH,KITUI,,-0.85,38.08
MOMBUNI COMPLEX ACADEMY,PRIMARY SCHOOL,PRIVATE,EASTERN,MWINGI,CENTRAL - MWINGI,MUMBUNI,MWINGI SOUTH,KITUI,,-1.04,38.1
MUMBUNI BARAKA PRI,PRIMARY SCHOOL,PRIVATE,EASTERN,MWINGI,CENTRAL - MWINGI,MUMBUNI,MWINGI SOUTH,KITUI,,-1.05,38.1
LITTLE ANGELS ACADEMY,PRIMARY SCHOOL,PRIVATE,EASTERN,MWINGI,CENTRAL - MWINGI,WAITA,MWINGI NORTH,KITUI,,-0.78,38.09
THE BRIDGE ACADEMY,PRIMARY SCHOOL,PRIVATE,EASTERN,MWINGI,CENTRAL - MWINGI,WAITA,MWINGI NORTH,KITUI,,-0.82,38.11
MUTWANGOMBE ACADEMY,PRIMARY SCHOOL,PRIVATE,EASTERN,MWINGI,CENTRAL - MWINGI,ENDUI,MWINGI NORTH,KITUI,,-0.87,38.19
ST. LUCIA EDUCATIONAL COMPLEX,PRIMARY SCHOOL,PRIVATE,EASTERN,MACHAKOS,YATHUI,NGOMANO,MWALA,MACHAKOS,,-1.54,37.62
MASII ACADEMY,PRIMARY SCHOOL,PRIVATE,EASTERN,MACHAKOS,MWALA,MASII,MWALA,MACHAKOS,,-1.46,37.44
MUSYIMI PRI SCH,PRIMARY SCHOOL,PRIVATE,EASTERN,KITUI,MUTITU,ZOMBE,MUTITO,KITUI,,-1.44,38.25
RAY PRI SCH,PRIMARY SCHOOL,PRIVATE,EASTERN,MACHAKOS,MWALA,MASII,MWALA,MACHAKOS,,-1.46,37.44
CHRISTOPHER KIAMBA MEMORIAL SCH,PRIMARY SCHOOL,PRIVATE,EASTERN,MAKUENI,KASIKEU,KIOU,KILOME,MAKUENI,,-1.99,37.36
TRAVELLERS OASIS CENTRE,PRIMARY SCHOOL,PRIVATE,EASTERN,MAKUENI,KASIKEU,KASIKEU,KILOME,MAKUENI,,-2.02,37.38
MWANGAZA PRI SCH MASII,PRIMARY SCHOOL,PRIVATE,EASTERN,MACHAKOS,MWALA,MASII,MWALA,MACHAKOS,,-1.48,37.45
ARC PRI SCH,PRIMARY SCHOOL,PRIVATE,EASTERN,KITUI,MUTITU,KALIKU,MUTITO,KITUI,,-1.29,38.3
ONE HILLS ACADEMY,PRIMARY SCHOOL,PRIVATE,EASTERN,MACHAKOS,CENTRAL - MACHAKOS,KATHEKA KAI,MACHAKOS TOWN,MACHAKOS,,-1.57,37.24
GERAR SPRINGS PRI SCH,PRIMARY SCHOOL,PRIVATE,EASTERN,KITUI,MUTITU,MUTITU,MUTITO,KITUI,,-1.22,38.18
KITAKANI PRI SCH,PRIMARY SCHOOL,PRIVATE,EASTERN,KITUI,MUTITU,MUTITU,MUTITO,KITUI,,-1.25,38.23
ZOMBE PRI SCH,PRIMARY SCHOOL,PRIVATE,EASTERN,KITUI,MUTITU,ZOMBE,MUTITO,KITUI,,-1.45,38.25
DELIVERANCE PRI SCH,PRIMARY SCHOOL,PRIVATE,EASTERN,MAKUENI,MTITO ANDEI,NZAMBANI,KIBWEZI,MAKUENI,,-2.59,38.07
KAMWELI EDUCATIONAL CENTRE,PRIMARY SCHOOL,PRIVATE,EASTERN,MAKUENI,WOTE,WOTE,MAKUENI,MAKUENI,,-1.77,37.64
PREMESE MAKUENI ACADEMY,PRIMARY SCHOOL,PRIVATE,EASTERN,MAKUENI,WOTE,WOTE,MAKUENI,MAKUENI,,-1.78,37.63
ST. PETER'S JUNIOR ACADEMY,PRIMARY SCHOOL,PRIVATE,EASTERN,MAKUENI,WOTE,WOTE,MAKUENI,MAKUENI,,-1.79,37.62
SAINT TERESAS MACHAKOS PRIMARY,PRIMARY SCHOOL,PRIVATE,EASTERN,MACHAKOS,CENTRAL - MACHAKOS,MUVUTI,MACHAKOS TOWN,MACHAKOS,,-1.51,37.26
J.J. PRIMARY SCHOOL,PRIMARY SCHOOL,PRIVATE,EASTERN,MAKUENI,WOTE,WOTE,MAKUENI,MAKUENI,,-1.78,37.63
OUR LADY QUEEN OF PEACE KATANGI,PRIMARY SCHOOL,PRIVATE,EASTERN,MACHAKOS,KATANGI,KATANGI,YATTA,MACHAKOS,,-1.4,37.69
OUR LADY QUEEN OF PEACE PRI,PRIMARY SCHOOL,PRIVATE,EASTERN,MACHAKOS,KATANGI,KATANGI,YATTA,MACHAKOS,,-1.41,37.7
"ST. JOSEPH'S ACADEMY, KAIMONI",PRIMARY SCHOOL,PRIVATE,EASTERN,MAKUENI,KAITI,KILALA,KAITI,MAKUENI,,-1.74,37.57
ST. TERESIA KILUNGU ACADEMY,PRIMARY SCHOOL,PRIVATE,EASTERN,MAKUENI,KILUNGU,KIKOKO,KAITI,MAKUENI,,-1.8,37.41
KYUSO FGCK ACADEMY,PRIMARY SCHOOL,PRIVATE,EASTERN,MWINGI,KYUSO,KYUSO,MWINGI NORTH,KITUI,,-0.56,38.21
NGAALE CCI PRI,PRIMARY SCHOOL,PRIVATE,EASTERN,MWINGI,KYUSO,KYUSO,MWINGI NORTH,KITUI,,-0.66,38.23
ST PATRICK'S JUNIOUR ACADEMY,PRIMARY SCHOOL,PRIVATE,EASTERN,MWINGI,KYUSO,KYUSO,MWINGI NORTH,KITUI,,-0.55,38.22
MAKENA ACADEMY,PRIMARY SCHOOL,PRIVATE,EASTERN,MWINGI,TSEIKURU,TSEIKURU,MWINGI NORTH,KITUI,,-0.3,38.21
NGILUNI ACADEMY,PRIMARY SCHOOL,PRIVATE,EASTERN,MWINGI,TSEIKURU,TSEIKURU,MWINGI NORTH,KITUI,,-0.31,38.21
GLOBAL VILLAGE ACADEMY,PRIMARY SCHOOL,PRIVATE,EASTERN,MAKUENI,MTITO ANDEI,KATHEKA KAI,KIBWEZI,MAKUENI,,-2.65,38.13
MTITO VICTORY HILL ACADEMY PRI,PRIMARY SCHOOL,PRIVATE,EASTERN,MAKUENI,MTITO ANDEI,MTITO ANDEI,KIBWEZI,MAKUENI,,-2.67,38.15
SWAMP VIEW SCH,PRIMARY SCHOOL,PRIVATE,EASTERN,MAKUENI,MTITO ANDEI,MTITO ANDEI,KIBWEZI,MAKUENI,,-2.68,38.16
MTITO ANDEI CHRISTIAN PRI SCH,PRIMARY SCHOOL,PRIVATE,EASTERN,MAKUENI,MTITO ANDEI,MTITO ANDEI,KIBWEZI,MAKUENI,,-2.69,38.17
NEW HOPE EDUCATION CENTER PRI SCH,PRIMARY SCHOOL,PRIVATE,EASTERN,KITUI,CHULUNI,MBITINI,KITUI CENTRAL,KITUI,,-1.59,38.12
WAMUNYU REDEEMED ACADEMY,PRIMARY SCHOOL,PRIVATE,EASTERN,MACHAKOS,YATHUI,WAMUNYU,MWALA,MACHAKOS,,-1.4,37.56
